ISO-10303-21;
HEADER;
FILE_DESCRIPTION(('Open CASCADE Model'),'2;1');
FILE_NAME('Open CASCADE Shape Model','2026-07-29T22:55:17',('Author'),(
    'Open CASCADE'),'Open CASCADE STEP processor 7.9','Open CASCADE 7.9'
  ,'Unknown');
FILE_SCHEMA(('AUTOMOTIVE_DESIGN { 1 0 10303 214 1 1 1 1 }'));
ENDSEC;
DATA;
#1 = APPLICATION_PROTOCOL_DEFINITION('international standard',
  'automotive_design',2000,#2);
#2 = APPLICATION_CONTEXT(
  'core data for automotive mechanical design processes');
#3 = SHAPE_DEFINITION_REPRESENTATION(#4,#10);
#4 = PRODUCT_DEFINITION_SHAPE('','',#5);
#5 = PRODUCT_DEFINITION('design','',#6,#9);
#6 = PRODUCT_DEFINITION_FORMATION('','',#7);
#7 = PRODUCT('stator_contraction_plate','stator_contraction_plate','',(
    #8));
#8 = PRODUCT_CONTEXT('',#2,'mechanical');
#9 = PRODUCT_DEFINITION_CONTEXT('part definition',#2,'design');
#10 = ADVANCED_BREP_SHAPE_REPRESENTATION('',(#11,#15),#9325);
#11 = AXIS2_PLACEMENT_3D('',#12,#13,#14);
#12 = CARTESIAN_POINT('',(0.,0.,0.));
#13 = DIRECTION('',(0.,0.,1.));
#14 = DIRECTION('',(1.,0.,-0.));
#15 = MANIFOLD_SOLID_BREP('',#16);
#16 = CLOSED_SHELL('',(#17,#137,#368,#417,#785,#812,#819,#1117,#1172,
    #1407,#1651,#1859,#3561,#3596,#3643,#3692,#3718,#3726,#3796,#3874,
    #4007,#4056,#4152,#4230,#4363,#4412,#4508,#4555,#4603,#4630,#4636,
    #4683,#4731,#4758,#4764,#4811,#4859,#4886,#4892,#4939,#4987,#5014,
    #5020,#5097,#5102,#6606,#6631,#6689,#6716,#6749,#6774,#6832,#6859,
    #6892,#6947,#7068,#7151,#7233,#7265,#7369,#7423,#7505,#7537,#7641,
    #7691,#7773,#7801,#7905,#7955,#8037,#8069,#8173,#8223,#8305,#8337,
    #8363,#8391,#8396,#8423,#8450,#8485,#8620,#9139,#9174,#9209,#9213,
    #9268,#9318));
#17 = ADVANCED_FACE('',(#18),#32,.F.);
#18 = FACE_BOUND('',#19,.F.);
#19 = EDGE_LOOP('',(#20,#55,#83,#111));
#20 = ORIENTED_EDGE('',*,*,#21,.F.);
#21 = EDGE_CURVE('',#22,#24,#26,.T.);
#22 = VERTEX_POINT('',#23);
#23 = CARTESIAN_POINT('',(-29.,160.,0.));
#24 = VERTEX_POINT('',#25);
#25 = CARTESIAN_POINT('',(-29.,160.,50.));
#26 = SURFACE_CURVE('',#27,(#31,#43),.PCURVE_S1.);
#27 = LINE('',#28,#29);
#28 = CARTESIAN_POINT('',(-29.,160.,0.));
#29 = VECTOR('',#30,1.);
#30 = DIRECTION('',(0.,0.,1.));
#31 = PCURVE('',#32,#37);
#32 = PLANE('',#33);
#33 = AXIS2_PLACEMENT_3D('',#34,#35,#36);
#34 = CARTESIAN_POINT('',(-29.,160.,0.));
#35 = DIRECTION('',(1.,0.,-0.));
#36 = DIRECTION('',(0.,0.,1.));
#37 = DEFINITIONAL_REPRESENTATION('',(#38),#42);
#38 = LINE('',#39,#40);
#39 = CARTESIAN_POINT('',(0.,0.));
#40 = VECTOR('',#41,1.);
#41 = DIRECTION('',(1.,0.));
#42 = ( GEOMETRIC_REPRESENTATION_CONTEXT(2) 
PARAMETRIC_REPRESENTATION_CONTEXT() REPRESENTATION_CONTEXT('2D SPACE',''
  ) );
#43 = PCURVE('',#44,#49);
#44 = PLANE('',#45);
#45 = AXIS2_PLACEMENT_3D('',#46,#47,#48);
#46 = CARTESIAN_POINT('',(-29.,160.,0.));
#47 = DIRECTION('',(-0.,1.,0.));
#48 = DIRECTION('',(0.,0.,1.));
#49 = DEFINITIONAL_REPRESENTATION('',(#50),#54);
#50 = LINE('',#51,#52);
#51 = CARTESIAN_POINT('',(0.,0.));
#52 = VECTOR('',#53,1.);
#53 = DIRECTION('',(1.,0.));
#54 = ( GEOMETRIC_REPRESENTATION_CONTEXT(2) 
PARAMETRIC_REPRESENTATION_CONTEXT() REPRESENTATION_CONTEXT('2D SPACE',''
  ) );
#55 = ORIENTED_EDGE('',*,*,#56,.T.);
#56 = EDGE_CURVE('',#22,#57,#59,.T.);
#57 = VERTEX_POINT('',#58);
#58 = CARTESIAN_POINT('',(-29.,164.,0.));
#59 = SURFACE_CURVE('',#60,(#64,#71),.PCURVE_S1.);
#60 = LINE('',#61,#62);
#61 = CARTESIAN_POINT('',(-29.,160.,0.));
#62 = VECTOR('',#63,1.);
#63 = DIRECTION('',(-0.,1.,0.));
#64 = PCURVE('',#32,#65);
#65 = DEFINITIONAL_REPRESENTATION('',(#66),#70);
#66 = LINE('',#67,#68);
#67 = CARTESIAN_POINT('',(0.,0.));
#68 = VECTOR('',#69,1.);
#69 = DIRECTION('',(0.,-1.));
#70 = ( GEOMETRIC_REPRESENTATION_CONTEXT(2) 
PARAMETRIC_REPRESENTATION_CONTEXT() REPRESENTATION_CONTEXT('2D SPACE',''
  ) );
#71 = PCURVE('',#72,#77);
#72 = PLANE('',#73);
#73 = AXIS2_PLACEMENT_3D('',#74,#75,#76);
#74 = CARTESIAN_POINT('',(-29.,160.,0.));
#75 = DIRECTION('',(0.,0.,1.));
#76 = DIRECTION('',(1.,0.,-0.));
#77 = DEFINITIONAL_REPRESENTATION('',(#78),#82);
#78 = LINE('',#79,#80);
#79 = CARTESIAN_POINT('',(0.,0.));
#80 = VECTOR('',#81,1.);
#81 = DIRECTION('',(0.,1.));
#82 = ( GEOMETRIC_REPRESENTATION_CONTEXT(2) 
PARAMETRIC_REPRESENTATION_CONTEXT() REPRESENTATION_CONTEXT('2D SPACE',''
  ) );
#83 = ORIENTED_EDGE('',*,*,#84,.T.);
#84 = EDGE_CURVE('',#57,#85,#87,.T.);
#85 = VERTEX_POINT('',#86);
#86 = CARTESIAN_POINT('',(-29.,164.,50.));
#87 = SURFACE_CURVE('',#88,(#92,#99),.PCURVE_S1.);
#88 = LINE('',#89,#90);
#89 = CARTESIAN_POINT('',(-29.,164.,0.));
#90 = VECTOR('',#91,1.);
#91 = DIRECTION('',(0.,0.,1.));
#92 = PCURVE('',#32,#93);
#93 = DEFINITIONAL_REPRESENTATION('',(#94),#98);
#94 = LINE('',#95,#96);
#95 = CARTESIAN_POINT('',(0.,-4.));
#96 = VECTOR('',#97,1.);
#97 = DIRECTION('',(1.,0.));
#98 = ( GEOMETRIC_REPRESENTATION_CONTEXT(2) 
PARAMETRIC_REPRESENTATION_CONTEXT() REPRESENTATION_CONTEXT('2D SPACE',''
  ) );
#99 = PCURVE('',#100,#105);
#100 = PLANE('',#101);
#101 = AXIS2_PLACEMENT_3D('',#102,#103,#104);
#102 = CARTESIAN_POINT('',(-29.,164.,0.));
#103 = DIRECTION('',(-0.,1.,0.));
#104 = DIRECTION('',(0.,0.,1.));
#105 = DEFINITIONAL_REPRESENTATION('',(#106),#110);
#106 = LINE('',#107,#108);
#107 = CARTESIAN_POINT('',(0.,0.));
#108 = VECTOR('',#109,1.);
#109 = DIRECTION('',(1.,0.));
#110 = ( GEOMETRIC_REPRESENTATION_CONTEXT(2) 
PARAMETRIC_REPRESENTATION_CONTEXT() REPRESENTATION_CONTEXT('2D SPACE',''
  ) );
#111 = ORIENTED_EDGE('',*,*,#112,.F.);
#112 = EDGE_CURVE('',#24,#85,#113,.T.);
#113 = SURFACE_CURVE('',#114,(#118,#125),.PCURVE_S1.);
#114 = LINE('',#115,#116);
#115 = CARTESIAN_POINT('',(-29.,160.,50.));
#116 = VECTOR('',#117,1.);
#117 = DIRECTION('',(-0.,1.,0.));
#118 = PCURVE('',#32,#119);
#119 = DEFINITIONAL_REPRESENTATION('',(#120),#124);
#120 = LINE('',#121,#122);
#121 = CARTESIAN_POINT('',(50.,0.));
#122 = VECTOR('',#123,1.);
#123 = DIRECTION('',(0.,-1.));
#124 = ( GEOMETRIC_REPRESENTATION_CONTEXT(2) 
PARAMETRIC_REPRESENTATION_CONTEXT() REPRESENTATION_CONTEXT('2D SPACE',''
  ) );
#125 = PCURVE('',#126,#131);
#126 = PLANE('',#127);
#127 = AXIS2_PLACEMENT_3D('',#128,#129,#130);
#128 = CARTESIAN_POINT('',(-29.,160.,50.));
#129 = DIRECTION('',(0.,0.,1.));
#130 = DIRECTION('',(1.,0.,-0.));
#131 = DEFINITIONAL_REPRESENTATION('',(#132),#136);
#132 = LINE('',#133,#134);
#133 = CARTESIAN_POINT('',(0.,0.));
#134 = VECTOR('',#135,1.);
#135 = DIRECTION('',(0.,1.));
#136 = ( GEOMETRIC_REPRESENTATION_CONTEXT(2) 
PARAMETRIC_REPRESENTATION_CONTEXT() REPRESENTATION_CONTEXT('2D SPACE',''
  ) );
#137 = ADVANCED_FACE('',(#138,#213,#244,#275,#306,#337),#44,.F.);
#138 = FACE_BOUND('',#139,.F.);
#139 = EDGE_LOOP('',(#140,#163,#164,#187));
#140 = ORIENTED_EDGE('',*,*,#141,.F.);
#141 = EDGE_CURVE('',#22,#142,#144,.T.);
#142 = VERTEX_POINT('',#143);
#143 = CARTESIAN_POINT('',(29.,160.,0.));
#144 = SURFACE_CURVE('',#145,(#149,#156),.PCURVE_S1.);
#145 = LINE('',#146,#147);
#146 = CARTESIAN_POINT('',(-29.,160.,0.));
#147 = VECTOR('',#148,1.);
#148 = DIRECTION('',(1.,0.,-0.));
#149 = PCURVE('',#44,#150);
#150 = DEFINITIONAL_REPRESENTATION('',(#151),#155);
#151 = LINE('',#152,#153);
#152 = CARTESIAN_POINT('',(0.,0.));
#153 = VECTOR('',#154,1.);
#154 = DIRECTION('',(0.,1.));
#155 = ( GEOMETRIC_REPRESENTATION_CONTEXT(2) 
PARAMETRIC_REPRESENTATION_CONTEXT() REPRESENTATION_CONTEXT('2D SPACE',''
  ) );
#156 = PCURVE('',#72,#157);
#157 = DEFINITIONAL_REPRESENTATION('',(#158),#162);
#158 = LINE('',#159,#160);
#159 = CARTESIAN_POINT('',(0.,0.));
#160 = VECTOR('',#161,1.);
#161 = DIRECTION('',(1.,0.));
#162 = ( GEOMETRIC_REPRESENTATION_CONTEXT(2) 
PARAMETRIC_REPRESENTATION_CONTEXT() REPRESENTATION_CONTEXT('2D SPACE',''
  ) );
#163 = ORIENTED_EDGE('',*,*,#21,.T.);
#164 = ORIENTED_EDGE('',*,*,#165,.T.);
#165 = EDGE_CURVE('',#24,#166,#168,.T.);
#166 = VERTEX_POINT('',#167);
#167 = CARTESIAN_POINT('',(29.,160.,50.));
#168 = SURFACE_CURVE('',#169,(#173,#180),.PCURVE_S1.);
#169 = LINE('',#170,#171);
#170 = CARTESIAN_POINT('',(-29.,160.,50.));
#171 = VECTOR('',#172,1.);
#172 = DIRECTION('',(1.,0.,-0.));
#173 = PCURVE('',#44,#174);
#174 = DEFINITIONAL_REPRESENTATION('',(#175),#179);
#175 = LINE('',#176,#177);
#176 = CARTESIAN_POINT('',(50.,0.));
#177 = VECTOR('',#178,1.);
#178 = DIRECTION('',(0.,1.));
#179 = ( GEOMETRIC_REPRESENTATION_CONTEXT(2) 
PARAMETRIC_REPRESENTATION_CONTEXT() REPRESENTATION_CONTEXT('2D SPACE',''
  ) );
#180 = PCURVE('',#126,#181);
#181 = DEFINITIONAL_REPRESENTATION('',(#182),#186);
#182 = LINE('',#183,#184);
#183 = CARTESIAN_POINT('',(0.,0.));
#184 = VECTOR('',#185,1.);
#185 = DIRECTION('',(1.,0.));
#186 = ( GEOMETRIC_REPRESENTATION_CONTEXT(2) 
PARAMETRIC_REPRESENTATION_CONTEXT() REPRESENTATION_CONTEXT('2D SPACE',''
  ) );
#187 = ORIENTED_EDGE('',*,*,#188,.F.);
#188 = EDGE_CURVE('',#142,#166,#189,.T.);
#189 = SURFACE_CURVE('',#190,(#194,#201),.PCURVE_S1.);
#190 = LINE('',#191,#192);
#191 = CARTESIAN_POINT('',(29.,160.,0.));
#192 = VECTOR('',#193,1.);
#193 = DIRECTION('',(0.,0.,1.));
#194 = PCURVE('',#44,#195);
#195 = DEFINITIONAL_REPRESENTATION('',(#196),#200);
#196 = LINE('',#197,#198);
#197 = CARTESIAN_POINT('',(0.,58.));
#198 = VECTOR('',#199,1.);
#199 = DIRECTION('',(1.,0.));
#200 = ( GEOMETRIC_REPRESENTATION_CONTEXT(2) 
PARAMETRIC_REPRESENTATION_CONTEXT() REPRESENTATION_CONTEXT('2D SPACE',''
  ) );
#201 = PCURVE('',#202,#207);
#202 = PLANE('',#203);
#203 = AXIS2_PLACEMENT_3D('',#204,#205,#206);
#204 = CARTESIAN_POINT('',(29.,160.,0.));
#205 = DIRECTION('',(1.,0.,-0.));
#206 = DIRECTION('',(0.,0.,1.));
#207 = DEFINITIONAL_REPRESENTATION('',(#208),#212);
#208 = LINE('',#209,#210);
#209 = CARTESIAN_POINT('',(0.,0.));
#210 = VECTOR('',#211,1.);
#211 = DIRECTION('',(1.,0.));
#212 = ( GEOMETRIC_REPRESENTATION_CONTEXT(2) 
PARAMETRIC_REPRESENTATION_CONTEXT() REPRESENTATION_CONTEXT('2D SPACE',''
  ) );
#213 = FACE_BOUND('',#214,.F.);
#214 = EDGE_LOOP('',(#215));
#215 = ORIENTED_EDGE('',*,*,#216,.F.);
#216 = EDGE_CURVE('',#217,#217,#219,.T.);
#217 = VERTEX_POINT('',#218);
#218 = CARTESIAN_POINT('',(-11.02792206135,160.,9.272077938642));
#219 = SURFACE_CURVE('',#220,(#225,#232),.PCURVE_S1.);
#220 = CIRCLE('',#221,1.7);
#221 = AXIS2_PLACEMENT_3D('',#222,#223,#224);
#222 = CARTESIAN_POINT('',(-12.72792206135,160.,9.272077938642));
#223 = DIRECTION('',(0.,1.,1.110223024625E-16));
#224 = DIRECTION('',(1.,0.,-0.));
#225 = PCURVE('',#44,#226);
#226 = DEFINITIONAL_REPRESENTATION('',(#227),#231);
#227 = CIRCLE('',#228,1.7);
#228 = AXIS2_PLACEMENT_2D('',#229,#230);
#229 = CARTESIAN_POINT('',(9.272077938642,16.272077938642));
#230 = DIRECTION('',(0.,1.));
#231 = ( GEOMETRIC_REPRESENTATION_CONTEXT(2) 
PARAMETRIC_REPRESENTATION_CONTEXT() REPRESENTATION_CONTEXT('2D SPACE',''
  ) );
#232 = PCURVE('',#233,#238);
#233 = CYLINDRICAL_SURFACE('',#234,1.7);
#234 = AXIS2_PLACEMENT_3D('',#235,#236,#237);
#235 = CARTESIAN_POINT('',(-12.72792206135,159.,9.272077938642));
#236 = DIRECTION('',(0.,1.,1.110223024625E-16));
#237 = DIRECTION('',(1.,0.,0.));
#238 = DEFINITIONAL_REPRESENTATION('',(#239),#243);
#239 = LINE('',#240,#241);
#240 = CARTESIAN_POINT('',(0.,1.));
#241 = VECTOR('',#242,1.);
#242 = DIRECTION('',(1.,0.));
#243 = ( GEOMETRIC_REPRESENTATION_CONTEXT(2) 
PARAMETRIC_REPRESENTATION_CONTEXT() REPRESENTATION_CONTEXT('2D SPACE',''
  ) );
#244 = FACE_BOUND('',#245,.F.);
#245 = EDGE_LOOP('',(#246));
#246 = ORIENTED_EDGE('',*,*,#247,.F.);
#247 = EDGE_CURVE('',#248,#248,#250,.T.);
#248 = VERTEX_POINT('',#249);
#249 = CARTESIAN_POINT('',(14.,160.,22.));
#250 = SURFACE_CURVE('',#251,(#256,#263),.PCURVE_S1.);
#251 = CIRCLE('',#252,14.);
#252 = AXIS2_PLACEMENT_3D('',#253,#254,#255);
#253 = CARTESIAN_POINT('',(0.,160.,22.));
#254 = DIRECTION('',(0.,1.,1.110223024625E-16));
#255 = DIRECTION('',(1.,0.,-0.));
#256 = PCURVE('',#44,#257);
#257 = DEFINITIONAL_REPRESENTATION('',(#258),#262);
#258 = CIRCLE('',#259,14.);
#259 = AXIS2_PLACEMENT_2D('',#260,#261);
#260 = CARTESIAN_POINT('',(22.,29.));
#261 = DIRECTION('',(0.,1.));
#262 = ( GEOMETRIC_REPRESENTATION_CONTEXT(2) 
PARAMETRIC_REPRESENTATION_CONTEXT() REPRESENTATION_CONTEXT('2D SPACE',''
  ) );
#263 = PCURVE('',#264,#269);
#264 = CYLINDRICAL_SURFACE('',#265,14.);
#265 = AXIS2_PLACEMENT_3D('',#266,#267,#268);
#266 = CARTESIAN_POINT('',(0.,159.,22.));
#267 = DIRECTION('',(0.,1.,1.110223024625E-16));
#268 = DIRECTION('',(1.,0.,0.));
#269 = DEFINITIONAL_REPRESENTATION('',(#270),#274);
#270 = LINE('',#271,#272);
#271 = CARTESIAN_POINT('',(0.,1.));
#272 = VECTOR('',#273,1.);
#273 = DIRECTION('',(1.,0.));
#274 = ( GEOMETRIC_REPRESENTATION_CONTEXT(2) 
PARAMETRIC_REPRESENTATION_CONTEXT() REPRESENTATION_CONTEXT('2D SPACE',''
  ) );
#275 = FACE_BOUND('',#276,.F.);
#276 = EDGE_LOOP('',(#277));
#277 = ORIENTED_EDGE('',*,*,#278,.F.);
#278 = EDGE_CURVE('',#279,#279,#281,.T.);
#279 = VERTEX_POINT('',#280);
#280 = CARTESIAN_POINT('',(-11.02792206135,160.,34.727922061358));
#281 = SURFACE_CURVE('',#282,(#287,#294),.PCURVE_S1.);
#282 = CIRCLE('',#283,1.7);
#283 = AXIS2_PLACEMENT_3D('',#284,#285,#286);
#284 = CARTESIAN_POINT('',(-12.72792206135,160.,34.727922061358));
#285 = DIRECTION('',(0.,1.,1.110223024625E-16));
#286 = DIRECTION('',(1.,0.,-0.));
#287 = PCURVE('',#44,#288);
#288 = DEFINITIONAL_REPRESENTATION('',(#289),#293);
#289 = CIRCLE('',#290,1.7);
#290 = AXIS2_PLACEMENT_2D('',#291,#292);
#291 = CARTESIAN_POINT('',(34.727922061358,16.272077938642));
#292 = DIRECTION('',(0.,1.));
#293 = ( GEOMETRIC_REPRESENTATION_CONTEXT(2) 
PARAMETRIC_REPRESENTATION_CONTEXT() REPRESENTATION_CONTEXT('2D SPACE',''
  ) );
#294 = PCURVE('',#295,#300);
#295 = CYLINDRICAL_SURFACE('',#296,1.7);
#296 = AXIS2_PLACEMENT_3D('',#297,#298,#299);
#297 = CARTESIAN_POINT('',(-12.72792206135,159.,34.727922061358));
#298 = DIRECTION('',(0.,1.,1.110223024625E-16));
#299 = DIRECTION('',(1.,0.,0.));
#300 = DEFINITIONAL_REPRESENTATION('',(#301),#305);
#301 = LINE('',#302,#303);
#302 = CARTESIAN_POINT('',(0.,1.));
#303 = VECTOR('',#304,1.);
#304 = DIRECTION('',(1.,0.));
#305 = ( GEOMETRIC_REPRESENTATION_CONTEXT(2) 
PARAMETRIC_REPRESENTATION_CONTEXT() REPRESENTATION_CONTEXT('2D SPACE',''
  ) );
#306 = FACE_BOUND('',#307,.F.);
#307 = EDGE_LOOP('',(#308));
#308 = ORIENTED_EDGE('',*,*,#309,.F.);
#309 = EDGE_CURVE('',#310,#310,#312,.T.);
#310 = VERTEX_POINT('',#311);
#311 = CARTESIAN_POINT('',(14.427922061358,160.,9.272077938642));
#312 = SURFACE_CURVE('',#313,(#318,#325),.PCURVE_S1.);
#313 = CIRCLE('',#314,1.7);
#314 = AXIS2_PLACEMENT_3D('',#315,#316,#317);
#315 = CARTESIAN_POINT('',(12.727922061358,160.,9.272077938642));
#316 = DIRECTION('',(0.,1.,1.110223024625E-16));
#317 = DIRECTION('',(1.,0.,-0.));
#318 = PCURVE('',#44,#319);
#319 = DEFINITIONAL_REPRESENTATION('',(#320),#324);
#320 = CIRCLE('',#321,1.7);
#321 = AXIS2_PLACEMENT_2D('',#322,#323);
#322 = CARTESIAN_POINT('',(9.272077938642,41.727922061358));
#323 = DIRECTION('',(0.,1.));
#324 = ( GEOMETRIC_REPRESENTATION_CONTEXT(2) 
PARAMETRIC_REPRESENTATION_CONTEXT() REPRESENTATION_CONTEXT('2D SPACE',''
  ) );
#325 = PCURVE('',#326,#331);
#326 = CYLINDRICAL_SURFACE('',#327,1.7);
#327 = AXIS2_PLACEMENT_3D('',#328,#329,#330);
#328 = CARTESIAN_POINT('',(12.727922061358,159.,9.272077938642));
#329 = DIRECTION('',(0.,1.,1.110223024625E-16));
#330 = DIRECTION('',(1.,0.,0.));
#331 = DEFINITIONAL_REPRESENTATION('',(#332),#336);
#332 = LINE('',#333,#334);
#333 = CARTESIAN_POINT('',(0.,1.));
#334 = VECTOR('',#335,1.);
#335 = DIRECTION('',(1.,0.));
#336 = ( GEOMETRIC_REPRESENTATION_CONTEXT(2) 
PARAMETRIC_REPRESENTATION_CONTEXT() REPRESENTATION_CONTEXT('2D SPACE',''
  ) );
#337 = FACE_BOUND('',#338,.F.);
#338 = EDGE_LOOP('',(#339));
#339 = ORIENTED_EDGE('',*,*,#340,.F.);
#340 = EDGE_CURVE('',#341,#341,#343,.T.);
#341 = VERTEX_POINT('',#342);
#342 = CARTESIAN_POINT('',(14.427922061358,160.,34.727922061358));
#343 = SURFACE_CURVE('',#344,(#349,#356),.PCURVE_S1.);
#344 = CIRCLE('',#345,1.7);
#345 = AXIS2_PLACEMENT_3D('',#346,#347,#348);
#346 = CARTESIAN_POINT('',(12.727922061358,160.,34.727922061358));
#347 = DIRECTION('',(0.,1.,1.110223024625E-16));
#348 = DIRECTION('',(1.,0.,-0.));
#349 = PCURVE('',#44,#350);
#350 = DEFINITIONAL_REPRESENTATION('',(#351),#355);
#351 = CIRCLE('',#352,1.7);
#352 = AXIS2_PLACEMENT_2D('',#353,#354);
#353 = CARTESIAN_POINT('',(34.727922061358,41.727922061358));
#354 = DIRECTION('',(0.,1.));
#355 = ( GEOMETRIC_REPRESENTATION_CONTEXT(2) 
PARAMETRIC_REPRESENTATION_CONTEXT() REPRESENTATION_CONTEXT('2D SPACE',''
  ) );
#356 = PCURVE('',#357,#362);
#357 = CYLINDRICAL_SURFACE('',#358,1.7);
#358 = AXIS2_PLACEMENT_3D('',#359,#360,#361);
#359 = CARTESIAN_POINT('',(12.727922061358,159.,34.727922061358));
#360 = DIRECTION('',(0.,1.,1.110223024625E-16));
#361 = DIRECTION('',(1.,0.,0.));
#362 = DEFINITIONAL_REPRESENTATION('',(#363),#367);
#363 = LINE('',#364,#365);
#364 = CARTESIAN_POINT('',(0.,1.));
#365 = VECTOR('',#366,1.);
#366 = DIRECTION('',(1.,0.));
#367 = ( GEOMETRIC_REPRESENTATION_CONTEXT(2) 
PARAMETRIC_REPRESENTATION_CONTEXT() REPRESENTATION_CONTEXT('2D SPACE',''
  ) );
#368 = ADVANCED_FACE('',(#369),#126,.T.);
#369 = FACE_BOUND('',#370,.T.);
#370 = EDGE_LOOP('',(#371,#372,#373,#396));
#371 = ORIENTED_EDGE('',*,*,#112,.F.);
#372 = ORIENTED_EDGE('',*,*,#165,.T.);
#373 = ORIENTED_EDGE('',*,*,#374,.T.);
#374 = EDGE_CURVE('',#166,#375,#377,.T.);
#375 = VERTEX_POINT('',#376);
#376 = CARTESIAN_POINT('',(29.,164.,50.));
#377 = SURFACE_CURVE('',#378,(#382,#389),.PCURVE_S1.);
#378 = LINE('',#379,#380);
#379 = CARTESIAN_POINT('',(29.,160.,50.));
#380 = VECTOR('',#381,1.);
#381 = DIRECTION('',(-0.,1.,0.));
#382 = PCURVE('',#126,#383);
#383 = DEFINITIONAL_REPRESENTATION('',(#384),#388);
#384 = LINE('',#385,#386);
#385 = CARTESIAN_POINT('',(58.,0.));
#386 = VECTOR('',#387,1.);
#387 = DIRECTION('',(0.,1.));
#388 = ( GEOMETRIC_REPRESENTATION_CONTEXT(2) 
PARAMETRIC_REPRESENTATION_CONTEXT() REPRESENTATION_CONTEXT('2D SPACE',''
  ) );
#389 = PCURVE('',#202,#390);
#390 = DEFINITIONAL_REPRESENTATION('',(#391),#395);
#391 = LINE('',#392,#393);
#392 = CARTESIAN_POINT('',(50.,0.));
#393 = VECTOR('',#394,1.);
#394 = DIRECTION('',(0.,-1.));
#395 = ( GEOMETRIC_REPRESENTATION_CONTEXT(2) 
PARAMETRIC_REPRESENTATION_CONTEXT() REPRESENTATION_CONTEXT('2D SPACE',''
  ) );
#396 = ORIENTED_EDGE('',*,*,#397,.F.);
#397 = EDGE_CURVE('',#85,#375,#398,.T.);
#398 = SURFACE_CURVE('',#399,(#403,#410),.PCURVE_S1.);
#399 = LINE('',#400,#401);
#400 = CARTESIAN_POINT('',(-29.,164.,50.));
#401 = VECTOR('',#402,1.);
#402 = DIRECTION('',(1.,0.,-0.));
#403 = PCURVE('',#126,#404);
#404 = DEFINITIONAL_REPRESENTATION('',(#405),#409);
#405 = LINE('',#406,#407);
#406 = CARTESIAN_POINT('',(0.,4.));
#407 = VECTOR('',#408,1.);
#408 = DIRECTION('',(1.,0.));
#409 = ( GEOMETRIC_REPRESENTATION_CONTEXT(2) 
PARAMETRIC_REPRESENTATION_CONTEXT() REPRESENTATION_CONTEXT('2D SPACE',''
  ) );
#410 = PCURVE('',#100,#411);
#411 = DEFINITIONAL_REPRESENTATION('',(#412),#416);
#412 = LINE('',#413,#414);
#413 = CARTESIAN_POINT('',(50.,0.));
#414 = VECTOR('',#415,1.);
#415 = DIRECTION('',(0.,1.));
#416 = ( GEOMETRIC_REPRESENTATION_CONTEXT(2) 
PARAMETRIC_REPRESENTATION_CONTEXT() REPRESENTATION_CONTEXT('2D SPACE',''
  ) );
#417 = ADVANCED_FACE('',(#418,#466),#100,.T.);
#418 = FACE_BOUND('',#419,.T.);
#419 = EDGE_LOOP('',(#420,#443,#444,#445));
#420 = ORIENTED_EDGE('',*,*,#421,.F.);
#421 = EDGE_CURVE('',#57,#422,#424,.T.);
#422 = VERTEX_POINT('',#423);
#423 = CARTESIAN_POINT('',(29.,164.,0.));
#424 = SURFACE_CURVE('',#425,(#429,#436),.PCURVE_S1.);
#425 = LINE('',#426,#427);
#426 = CARTESIAN_POINT('',(-29.,164.,0.));
#427 = VECTOR('',#428,1.);
#428 = DIRECTION('',(1.,0.,-0.));
#429 = PCURVE('',#100,#430);
#430 = DEFINITIONAL_REPRESENTATION('',(#431),#435);
#431 = LINE('',#432,#433);
#432 = CARTESIAN_POINT('',(0.,0.));
#433 = VECTOR('',#434,1.);
#434 = DIRECTION('',(0.,1.));
#435 = ( GEOMETRIC_REPRESENTATION_CONTEXT(2) 
PARAMETRIC_REPRESENTATION_CONTEXT() REPRESENTATION_CONTEXT('2D SPACE',''
  ) );
#436 = PCURVE('',#72,#437);
#437 = DEFINITIONAL_REPRESENTATION('',(#438),#442);
#438 = LINE('',#439,#440);
#439 = CARTESIAN_POINT('',(0.,4.));
#440 = VECTOR('',#441,1.);
#441 = DIRECTION('',(1.,0.));
#442 = ( GEOMETRIC_REPRESENTATION_CONTEXT(2) 
PARAMETRIC_REPRESENTATION_CONTEXT() REPRESENTATION_CONTEXT('2D SPACE',''
  ) );
#443 = ORIENTED_EDGE('',*,*,#84,.T.);
#444 = ORIENTED_EDGE('',*,*,#397,.T.);
#445 = ORIENTED_EDGE('',*,*,#446,.F.);
#446 = EDGE_CURVE('',#422,#375,#447,.T.);
#447 = SURFACE_CURVE('',#448,(#452,#459),.PCURVE_S1.);
#448 = LINE('',#449,#450);
#449 = CARTESIAN_POINT('',(29.,164.,0.));
#450 = VECTOR('',#451,1.);
#451 = DIRECTION('',(0.,0.,1.));
#452 = PCURVE('',#100,#453);
#453 = DEFINITIONAL_REPRESENTATION('',(#454),#458);
#454 = LINE('',#455,#456);
#455 = CARTESIAN_POINT('',(0.,58.));
#456 = VECTOR('',#457,1.);
#457 = DIRECTION('',(1.,0.));
#458 = ( GEOMETRIC_REPRESENTATION_CONTEXT(2) 
PARAMETRIC_REPRESENTATION_CONTEXT() REPRESENTATION_CONTEXT('2D SPACE',''
  ) );
#459 = PCURVE('',#202,#460);
#460 = DEFINITIONAL_REPRESENTATION('',(#461),#465);
#461 = LINE('',#462,#463);
#462 = CARTESIAN_POINT('',(0.,-4.));
#463 = VECTOR('',#464,1.);
#464 = DIRECTION('',(1.,0.));
#465 = ( GEOMETRIC_REPRESENTATION_CONTEXT(2) 
PARAMETRIC_REPRESENTATION_CONTEXT() REPRESENTATION_CONTEXT('2D SPACE',''
  ) );
#466 = FACE_BOUND('',#467,.T.);
#467 = EDGE_LOOP('',(#468,#499,#523,#547,#571,#595,#619,#643,#667,#691,
    #715,#739,#763));
#468 = ORIENTED_EDGE('',*,*,#469,.F.);
#469 = EDGE_CURVE('',#470,#472,#474,.T.);
#470 = VERTEX_POINT('',#471);
#471 = CARTESIAN_POINT('',(16.4,164.,22.));
#472 = VERTEX_POINT('',#473);
#473 = CARTESIAN_POINT('',(11.977743643277,164.,10.79760484468));
#474 = SURFACE_CURVE('',#475,(#480,#487),.PCURVE_S1.);
#475 = CIRCLE('',#476,16.4);
#476 = AXIS2_PLACEMENT_3D('',#477,#478,#479);
#477 = CARTESIAN_POINT('',(0.,164.,22.));
#478 = DIRECTION('',(-0.,1.,1.110223024625E-16));
#479 = DIRECTION('',(1.,0.,0.));
#480 = PCURVE('',#100,#481);
#481 = DEFINITIONAL_REPRESENTATION('',(#482),#486);
#482 = CIRCLE('',#483,16.4);
#483 = AXIS2_PLACEMENT_2D('',#484,#485);
#484 = CARTESIAN_POINT('',(22.,29.));
#485 = DIRECTION('',(0.,1.));
#486 = ( GEOMETRIC_REPRESENTATION_CONTEXT(2) 
PARAMETRIC_REPRESENTATION_CONTEXT() REPRESENTATION_CONTEXT('2D SPACE',''
  ) );
#487 = PCURVE('',#488,#493);
#488 = CONICAL_SURFACE('',#489,16.4,0.124354994547);
#489 = AXIS2_PLACEMENT_3D('',#490,#491,#492);
#490 = CARTESIAN_POINT('',(0.,164.,22.));
#491 = DIRECTION('',(-0.,-1.,-1.110223024625E-16));
#492 = DIRECTION('',(1.,0.,0.));
#493 = DEFINITIONAL_REPRESENTATION('',(#494),#498);
#494 = LINE('',#495,#496);
#495 = CARTESIAN_POINT('',(-0.,-0.));
#496 = VECTOR('',#497,1.);
#497 = DIRECTION('',(-1.,-0.));
#498 = ( GEOMETRIC_REPRESENTATION_CONTEXT(2) 
PARAMETRIC_REPRESENTATION_CONTEXT() REPRESENTATION_CONTEXT('2D SPACE',''
  ) );
#499 = ORIENTED_EDGE('',*,*,#500,.F.);
#500 = EDGE_CURVE('',#501,#470,#503,.T.);
#501 = VERTEX_POINT('',#502);
#502 = CARTESIAN_POINT('',(11.977743643277,164.,33.20239515532));
#503 = SURFACE_CURVE('',#504,(#509,#516),.PCURVE_S1.);
#504 = CIRCLE('',#505,16.4);
#505 = AXIS2_PLACEMENT_3D('',#506,#507,#508);
#506 = CARTESIAN_POINT('',(0.,164.,22.));
#507 = DIRECTION('',(-0.,1.,1.110223024625E-16));
#508 = DIRECTION('',(1.,0.,0.));
#509 = PCURVE('',#100,#510);
#510 = DEFINITIONAL_REPRESENTATION('',(#511),#515);
#511 = CIRCLE('',#512,16.4);
#512 = AXIS2_PLACEMENT_2D('',#513,#514);
#513 = CARTESIAN_POINT('',(22.,29.));
#514 = DIRECTION('',(0.,1.));
#515 = ( GEOMETRIC_REPRESENTATION_CONTEXT(2) 
PARAMETRIC_REPRESENTATION_CONTEXT() REPRESENTATION_CONTEXT('2D SPACE',''
  ) );
#516 = PCURVE('',#488,#517);
#517 = DEFINITIONAL_REPRESENTATION('',(#518),#522);
#518 = LINE('',#519,#520);
#519 = CARTESIAN_POINT('',(-0.,-0.));
#520 = VECTOR('',#521,1.);
#521 = DIRECTION('',(-1.,-0.));
#522 = ( GEOMETRIC_REPRESENTATION_CONTEXT(2) 
PARAMETRIC_REPRESENTATION_CONTEXT() REPRESENTATION_CONTEXT('2D SPACE',''
  ) );
#523 = ORIENTED_EDGE('',*,*,#524,.F.);
#524 = EDGE_CURVE('',#525,#501,#527,.T.);
#525 = VERTEX_POINT('',#526);
#526 = CARTESIAN_POINT('',(14.427922061358,164.,34.727922061358));
#527 = SURFACE_CURVE('',#528,(#533,#540),.PCURVE_S1.);
#528 = CIRCLE('',#529,1.7);
#529 = AXIS2_PLACEMENT_3D('',#530,#531,#532);
#530 = CARTESIAN_POINT('',(12.727922061358,164.,34.727922061358));
#531 = DIRECTION('',(0.,1.,1.110223024625E-16));
#532 = DIRECTION('',(1.,0.,-0.));
#533 = PCURVE('',#100,#534);
#534 = DEFINITIONAL_REPRESENTATION('',(#535),#539);
#535 = CIRCLE('',#536,1.7);
#536 = AXIS2_PLACEMENT_2D('',#537,#538);
#537 = CARTESIAN_POINT('',(34.727922061358,41.727922061358));
#538 = DIRECTION('',(0.,1.));
#539 = ( GEOMETRIC_REPRESENTATION_CONTEXT(2) 
PARAMETRIC_REPRESENTATION_CONTEXT() REPRESENTATION_CONTEXT('2D SPACE',''
  ) );
#540 = PCURVE('',#357,#541);
#541 = DEFINITIONAL_REPRESENTATION('',(#542),#546);
#542 = LINE('',#543,#544);
#543 = CARTESIAN_POINT('',(0.,5.));
#544 = VECTOR('',#545,1.);
#545 = DIRECTION('',(1.,0.));
#546 = ( GEOMETRIC_REPRESENTATION_CONTEXT(2) 
PARAMETRIC_REPRESENTATION_CONTEXT() REPRESENTATION_CONTEXT('2D SPACE',''
  ) );
#547 = ORIENTED_EDGE('',*,*,#548,.F.);
#548 = EDGE_CURVE('',#549,#525,#551,.T.);
#549 = VERTEX_POINT('',#550);
#550 = CARTESIAN_POINT('',(11.20239515532,164.,33.977743643277));
#551 = SURFACE_CURVE('',#552,(#557,#564),.PCURVE_S1.);
#552 = CIRCLE('',#553,1.7);
#553 = AXIS2_PLACEMENT_3D('',#554,#555,#556);
#554 = CARTESIAN_POINT('',(12.727922061358,164.,34.727922061358));
#555 = DIRECTION('',(0.,1.,1.110223024625E-16));
#556 = DIRECTION('',(1.,0.,-0.));
#557 = PCURVE('',#100,#558);
#558 = DEFINITIONAL_REPRESENTATION('',(#559),#563);
#559 = CIRCLE('',#560,1.7);
#560 = AXIS2_PLACEMENT_2D('',#561,#562);
#561 = CARTESIAN_POINT('',(34.727922061358,41.727922061358));
#562 = DIRECTION('',(0.,1.));
#563 = ( GEOMETRIC_REPRESENTATION_CONTEXT(2) 
PARAMETRIC_REPRESENTATION_CONTEXT() REPRESENTATION_CONTEXT('2D SPACE',''
  ) );
#564 = PCURVE('',#357,#565);
#565 = DEFINITIONAL_REPRESENTATION('',(#566),#570);
#566 = LINE('',#567,#568);
#567 = CARTESIAN_POINT('',(0.,5.));
#568 = VECTOR('',#569,1.);
#569 = DIRECTION('',(1.,0.));
#570 = ( GEOMETRIC_REPRESENTATION_CONTEXT(2) 
PARAMETRIC_REPRESENTATION_CONTEXT() REPRESENTATION_CONTEXT('2D SPACE',''
  ) );
#571 = ORIENTED_EDGE('',*,*,#572,.F.);
#572 = EDGE_CURVE('',#573,#549,#575,.T.);
#573 = VERTEX_POINT('',#574);
#574 = CARTESIAN_POINT('',(-11.20239515532,164.,33.977743643277));
#575 = SURFACE_CURVE('',#576,(#581,#588),.PCURVE_S1.);
#576 = CIRCLE('',#577,16.4);
#577 = AXIS2_PLACEMENT_3D('',#578,#579,#580);
#578 = CARTESIAN_POINT('',(0.,164.,22.));
#579 = DIRECTION('',(-0.,1.,1.110223024625E-16));
#580 = DIRECTION('',(1.,0.,0.));
#581 = PCURVE('',#100,#582);
#582 = DEFINITIONAL_REPRESENTATION('',(#583),#587);
#583 = CIRCLE('',#584,16.4);
#584 = AXIS2_PLACEMENT_2D('',#585,#586);
#585 = CARTESIAN_POINT('',(22.,29.));
#586 = DIRECTION('',(0.,1.));
#587 = ( GEOMETRIC_REPRESENTATION_CONTEXT(2) 
PARAMETRIC_REPRESENTATION_CONTEXT() REPRESENTATION_CONTEXT('2D SPACE',''
  ) );
#588 = PCURVE('',#488,#589);
#589 = DEFINITIONAL_REPRESENTATION('',(#590),#594);
#590 = LINE('',#591,#592);
#591 = CARTESIAN_POINT('',(-0.,-0.));
#592 = VECTOR('',#593,1.);
#593 = DIRECTION('',(-1.,-0.));
#594 = ( GEOMETRIC_REPRESENTATION_CONTEXT(2) 
PARAMETRIC_REPRESENTATION_CONTEXT() REPRESENTATION_CONTEXT('2D SPACE',''
  ) );
#595 = ORIENTED_EDGE('',*,*,#596,.F.);
#596 = EDGE_CURVE('',#597,#573,#599,.T.);
#597 = VERTEX_POINT('',#598);
#598 = CARTESIAN_POINT('',(-11.02792206135,164.,34.727922061358));
#599 = SURFACE_CURVE('',#600,(#605,#612),.PCURVE_S1.);
#600 = CIRCLE('',#601,1.7);
#601 = AXIS2_PLACEMENT_3D('',#602,#603,#604);
#602 = CARTESIAN_POINT('',(-12.72792206135,164.,34.727922061358));
#603 = DIRECTION('',(0.,1.,1.110223024625E-16));
#604 = DIRECTION('',(1.,0.,-0.));
#605 = PCURVE('',#100,#606);
#606 = DEFINITIONAL_REPRESENTATION('',(#607),#611);
#607 = CIRCLE('',#608,1.7);
#608 = AXIS2_PLACEMENT_2D('',#609,#610);
#609 = CARTESIAN_POINT('',(34.727922061358,16.272077938642));
#610 = DIRECTION('',(0.,1.));
#611 = ( GEOMETRIC_REPRESENTATION_CONTEXT(2) 
PARAMETRIC_REPRESENTATION_CONTEXT() REPRESENTATION_CONTEXT('2D SPACE',''
  ) );
#612 = PCURVE('',#295,#613);
#613 = DEFINITIONAL_REPRESENTATION('',(#614),#618);
#614 = LINE('',#615,#616);
#615 = CARTESIAN_POINT('',(0.,5.));
#616 = VECTOR('',#617,1.);
#617 = DIRECTION('',(1.,0.));
#618 = ( GEOMETRIC_REPRESENTATION_CONTEXT(2) 
PARAMETRIC_REPRESENTATION_CONTEXT() REPRESENTATION_CONTEXT('2D SPACE',''
  ) );
#619 = ORIENTED_EDGE('',*,*,#620,.F.);
#620 = EDGE_CURVE('',#621,#597,#623,.T.);
#621 = VERTEX_POINT('',#622);
#622 = CARTESIAN_POINT('',(-11.97774364327,164.,33.20239515532));
#623 = SURFACE_CURVE('',#624,(#629,#636),.PCURVE_S1.);
#624 = CIRCLE('',#625,1.7);
#625 = AXIS2_PLACEMENT_3D('',#626,#627,#628);
#626 = CARTESIAN_POINT('',(-12.72792206135,164.,34.727922061358));
#627 = DIRECTION('',(0.,1.,1.110223024625E-16));
#628 = DIRECTION('',(1.,0.,-0.));
#629 = PCURVE('',#100,#630);
#630 = DEFINITIONAL_REPRESENTATION('',(#631),#635);
#631 = CIRCLE('',#632,1.7);
#632 = AXIS2_PLACEMENT_2D('',#633,#634);
#633 = CARTESIAN_POINT('',(34.727922061358,16.272077938642));
#634 = DIRECTION('',(0.,1.));
#635 = ( GEOMETRIC_REPRESENTATION_CONTEXT(2) 
PARAMETRIC_REPRESENTATION_CONTEXT() REPRESENTATION_CONTEXT('2D SPACE',''
  ) );
#636 = PCURVE('',#295,#637);
#637 = DEFINITIONAL_REPRESENTATION('',(#638),#642);
#638 = LINE('',#639,#640);
#639 = CARTESIAN_POINT('',(0.,5.));
#640 = VECTOR('',#641,1.);
#641 = DIRECTION('',(1.,0.));
#642 = ( GEOMETRIC_REPRESENTATION_CONTEXT(2) 
PARAMETRIC_REPRESENTATION_CONTEXT() REPRESENTATION_CONTEXT('2D SPACE',''
  ) );
#643 = ORIENTED_EDGE('',*,*,#644,.F.);
#644 = EDGE_CURVE('',#645,#621,#647,.T.);
#645 = VERTEX_POINT('',#646);
#646 = CARTESIAN_POINT('',(-11.97774364327,164.,10.79760484468));
#647 = SURFACE_CURVE('',#648,(#653,#660),.PCURVE_S1.);
#648 = CIRCLE('',#649,16.4);
#649 = AXIS2_PLACEMENT_3D('',#650,#651,#652);
#650 = CARTESIAN_POINT('',(0.,164.,22.));
#651 = DIRECTION('',(-0.,1.,1.110223024625E-16));
#652 = DIRECTION('',(1.,0.,0.));
#653 = PCURVE('',#100,#654);
#654 = DEFINITIONAL_REPRESENTATION('',(#655),#659);
#655 = CIRCLE('',#656,16.4);
#656 = AXIS2_PLACEMENT_2D('',#657,#658);
#657 = CARTESIAN_POINT('',(22.,29.));
#658 = DIRECTION('',(0.,1.));
#659 = ( GEOMETRIC_REPRESENTATION_CONTEXT(2) 
PARAMETRIC_REPRESENTATION_CONTEXT() REPRESENTATION_CONTEXT('2D SPACE',''
  ) );
#660 = PCURVE('',#488,#661);
#661 = DEFINITIONAL_REPRESENTATION('',(#662),#666);
#662 = LINE('',#663,#664);
#663 = CARTESIAN_POINT('',(-0.,-0.));
#664 = VECTOR('',#665,1.);
#665 = DIRECTION('',(-1.,-0.));
#666 = ( GEOMETRIC_REPRESENTATION_CONTEXT(2) 
PARAMETRIC_REPRESENTATION_CONTEXT() REPRESENTATION_CONTEXT('2D SPACE',''
  ) );
#667 = ORIENTED_EDGE('',*,*,#668,.F.);
#668 = EDGE_CURVE('',#669,#645,#671,.T.);
#669 = VERTEX_POINT('',#670);
#670 = CARTESIAN_POINT('',(-11.02792206135,164.,9.272077938642));
#671 = SURFACE_CURVE('',#672,(#677,#684),.PCURVE_S1.);
#672 = CIRCLE('',#673,1.7);
#673 = AXIS2_PLACEMENT_3D('',#674,#675,#676);
#674 = CARTESIAN_POINT('',(-12.72792206135,164.,9.272077938642));
#675 = DIRECTION('',(0.,1.,1.110223024625E-16));
#676 = DIRECTION('',(1.,0.,-0.));
#677 = PCURVE('',#100,#678);
#678 = DEFINITIONAL_REPRESENTATION('',(#679),#683);
#679 = CIRCLE('',#680,1.7);
#680 = AXIS2_PLACEMENT_2D('',#681,#682);
#681 = CARTESIAN_POINT('',(9.272077938642,16.272077938642));
#682 = DIRECTION('',(0.,1.));
#683 = ( GEOMETRIC_REPRESENTATION_CONTEXT(2) 
PARAMETRIC_REPRESENTATION_CONTEXT() REPRESENTATION_CONTEXT('2D SPACE',''
  ) );
#684 = PCURVE('',#233,#685);
#685 = DEFINITIONAL_REPRESENTATION('',(#686),#690);
#686 = LINE('',#687,#688);
#687 = CARTESIAN_POINT('',(0.,5.));
#688 = VECTOR('',#689,1.);
#689 = DIRECTION('',(1.,0.));
#690 = ( GEOMETRIC_REPRESENTATION_CONTEXT(2) 
PARAMETRIC_REPRESENTATION_CONTEXT() REPRESENTATION_CONTEXT('2D SPACE',''
  ) );
#691 = ORIENTED_EDGE('',*,*,#692,.F.);
#692 = EDGE_CURVE('',#693,#669,#695,.T.);
#693 = VERTEX_POINT('',#694);
#694 = CARTESIAN_POINT('',(-11.20239515532,164.,10.022256356723));
#695 = SURFACE_CURVE('',#696,(#701,#708),.PCURVE_S1.);
#696 = CIRCLE('',#697,1.7);
#697 = AXIS2_PLACEMENT_3D('',#698,#699,#700);
#698 = CARTESIAN_POINT('',(-12.72792206135,164.,9.272077938642));
#699 = DIRECTION('',(0.,1.,1.110223024625E-16));
#700 = DIRECTION('',(1.,0.,-0.));
#701 = PCURVE('',#100,#702);
#702 = DEFINITIONAL_REPRESENTATION('',(#703),#707);
#703 = CIRCLE('',#704,1.7);
#704 = AXIS2_PLACEMENT_2D('',#705,#706);
#705 = CARTESIAN_POINT('',(9.272077938642,16.272077938642));
#706 = DIRECTION('',(0.,1.));
#707 = ( GEOMETRIC_REPRESENTATION_CONTEXT(2) 
PARAMETRIC_REPRESENTATION_CONTEXT() REPRESENTATION_CONTEXT('2D SPACE',''
  ) );
#708 = PCURVE('',#233,#709);
#709 = DEFINITIONAL_REPRESENTATION('',(#710),#714);
#710 = LINE('',#711,#712);
#711 = CARTESIAN_POINT('',(0.,5.));
#712 = VECTOR('',#713,1.);
#713 = DIRECTION('',(1.,0.));
#714 = ( GEOMETRIC_REPRESENTATION_CONTEXT(2) 
PARAMETRIC_REPRESENTATION_CONTEXT() REPRESENTATION_CONTEXT('2D SPACE',''
  ) );
#715 = ORIENTED_EDGE('',*,*,#716,.F.);
#716 = EDGE_CURVE('',#717,#693,#719,.T.);
#717 = VERTEX_POINT('',#718);
#718 = CARTESIAN_POINT('',(11.20239515532,164.,10.022256356723));
#719 = SURFACE_CURVE('',#720,(#725,#732),.PCURVE_S1.);
#720 = CIRCLE('',#721,16.4);
#721 = AXIS2_PLACEMENT_3D('',#722,#723,#724);
#722 = CARTESIAN_POINT('',(0.,164.,22.));
#723 = DIRECTION('',(-0.,1.,1.110223024625E-16));
#724 = DIRECTION('',(1.,0.,0.));
#725 = PCURVE('',#100,#726);
#726 = DEFINITIONAL_REPRESENTATION('',(#727),#731);
#727 = CIRCLE('',#728,16.4);
#728 = AXIS2_PLACEMENT_2D('',#729,#730);
#729 = CARTESIAN_POINT('',(22.,29.));
#730 = DIRECTION('',(0.,1.));
#731 = ( GEOMETRIC_REPRESENTATION_CONTEXT(2) 
PARAMETRIC_REPRESENTATION_CONTEXT() REPRESENTATION_CONTEXT('2D SPACE',''
  ) );
#732 = PCURVE('',#488,#733);
#733 = DEFINITIONAL_REPRESENTATION('',(#734),#738);
#734 = LINE('',#735,#736);
#735 = CARTESIAN_POINT('',(-0.,-0.));
#736 = VECTOR('',#737,1.);
#737 = DIRECTION('',(-1.,-0.));
#738 = ( GEOMETRIC_REPRESENTATION_CONTEXT(2) 
PARAMETRIC_REPRESENTATION_CONTEXT() REPRESENTATION_CONTEXT('2D SPACE',''
  ) );
#739 = ORIENTED_EDGE('',*,*,#740,.F.);
#740 = EDGE_CURVE('',#741,#717,#743,.T.);
#741 = VERTEX_POINT('',#742);
#742 = CARTESIAN_POINT('',(14.427922061358,164.,9.272077938642));
#743 = SURFACE_CURVE('',#744,(#749,#756),.PCURVE_S1.);
#744 = CIRCLE('',#745,1.7);
#745 = AXIS2_PLACEMENT_3D('',#746,#747,#748);
#746 = CARTESIAN_POINT('',(12.727922061358,164.,9.272077938642));
#747 = DIRECTION('',(0.,1.,1.110223024625E-16));
#748 = DIRECTION('',(1.,0.,-0.));
#749 = PCURVE('',#100,#750);
#750 = DEFINITIONAL_REPRESENTATION('',(#751),#755);
#751 = CIRCLE('',#752,1.7);
#752 = AXIS2_PLACEMENT_2D('',#753,#754);
#753 = CARTESIAN_POINT('',(9.272077938642,41.727922061358));
#754 = DIRECTION('',(0.,1.));
#755 = ( GEOMETRIC_REPRESENTATION_CONTEXT(2) 
PARAMETRIC_REPRESENTATION_CONTEXT() REPRESENTATION_CONTEXT('2D SPACE',''
  ) );
#756 = PCURVE('',#326,#757);
#757 = DEFINITIONAL_REPRESENTATION('',(#758),#762);
#758 = LINE('',#759,#760);
#759 = CARTESIAN_POINT('',(0.,5.));
#760 = VECTOR('',#761,1.);
#761 = DIRECTION('',(1.,0.));
#762 = ( GEOMETRIC_REPRESENTATION_CONTEXT(2) 
PARAMETRIC_REPRESENTATION_CONTEXT() REPRESENTATION_CONTEXT('2D SPACE',''
  ) );
#763 = ORIENTED_EDGE('',*,*,#764,.F.);
#764 = EDGE_CURVE('',#472,#741,#765,.T.);
#765 = SURFACE_CURVE('',#766,(#771,#778),.PCURVE_S1.);
#766 = CIRCLE('',#767,1.7);
#767 = AXIS2_PLACEMENT_3D('',#768,#769,#770);
#768 = CARTESIAN_POINT('',(12.727922061358,164.,9.272077938642));
#769 = DIRECTION('',(0.,1.,1.110223024625E-16));
#770 = DIRECTION('',(1.,0.,-0.));
#771 = PCURVE('',#100,#772);
#772 = DEFINITIONAL_REPRESENTATION('',(#773),#777);
#773 = CIRCLE('',#774,1.7);
#774 = AXIS2_PLACEMENT_2D('',#775,#776);
#775 = CARTESIAN_POINT('',(9.272077938642,41.727922061358));
#776 = DIRECTION('',(0.,1.));
#777 = ( GEOMETRIC_REPRESENTATION_CONTEXT(2) 
PARAMETRIC_REPRESENTATION_CONTEXT() REPRESENTATION_CONTEXT('2D SPACE',''
  ) );
#778 = PCURVE('',#326,#779);
#779 = DEFINITIONAL_REPRESENTATION('',(#780),#784);
#780 = LINE('',#781,#782);
#781 = CARTESIAN_POINT('',(0.,5.));
#782 = VECTOR('',#783,1.);
#783 = DIRECTION('',(1.,0.));
#784 = ( GEOMETRIC_REPRESENTATION_CONTEXT(2) 
PARAMETRIC_REPRESENTATION_CONTEXT() REPRESENTATION_CONTEXT('2D SPACE',''
  ) );
#785 = ADVANCED_FACE('',(#786),#72,.F.);
#786 = FACE_BOUND('',#787,.F.);
#787 = EDGE_LOOP('',(#788,#789,#790,#811));
#788 = ORIENTED_EDGE('',*,*,#56,.F.);
#789 = ORIENTED_EDGE('',*,*,#141,.T.);
#790 = ORIENTED_EDGE('',*,*,#791,.T.);
#791 = EDGE_CURVE('',#142,#422,#792,.T.);
#792 = SURFACE_CURVE('',#793,(#797,#804),.PCURVE_S1.);
#793 = LINE('',#794,#795);
#794 = CARTESIAN_POINT('',(29.,160.,0.));
#795 = VECTOR('',#796,1.);
#796 = DIRECTION('',(-0.,1.,0.));
#797 = PCURVE('',#72,#798);
#798 = DEFINITIONAL_REPRESENTATION('',(#799),#803);
#799 = LINE('',#800,#801);
#800 = CARTESIAN_POINT('',(58.,0.));
#801 = VECTOR('',#802,1.);
#802 = DIRECTION('',(0.,1.));
#803 = ( GEOMETRIC_REPRESENTATION_CONTEXT(2) 
PARAMETRIC_REPRESENTATION_CONTEXT() REPRESENTATION_CONTEXT('2D SPACE',''
  ) );
#804 = PCURVE('',#202,#805);
#805 = DEFINITIONAL_REPRESENTATION('',(#806),#810);
#806 = LINE('',#807,#808);
#807 = CARTESIAN_POINT('',(0.,0.));
#808 = VECTOR('',#809,1.);
#809 = DIRECTION('',(0.,-1.));
#810 = ( GEOMETRIC_REPRESENTATION_CONTEXT(2) 
PARAMETRIC_REPRESENTATION_CONTEXT() REPRESENTATION_CONTEXT('2D SPACE',''
  ) );
#811 = ORIENTED_EDGE('',*,*,#421,.F.);
#812 = ADVANCED_FACE('',(#813),#202,.T.);
#813 = FACE_BOUND('',#814,.T.);
#814 = EDGE_LOOP('',(#815,#816,#817,#818));
#815 = ORIENTED_EDGE('',*,*,#188,.F.);
#816 = ORIENTED_EDGE('',*,*,#791,.T.);
#817 = ORIENTED_EDGE('',*,*,#446,.T.);
#818 = ORIENTED_EDGE('',*,*,#374,.F.);
#819 = ADVANCED_FACE('',(#820),#233,.F.);
#820 = FACE_BOUND('',#821,.F.);
#821 = EDGE_LOOP('',(#822,#823,#844,#845,#846,#847));
#822 = ORIENTED_EDGE('',*,*,#668,.F.);
#823 = ORIENTED_EDGE('',*,*,#824,.F.);
#824 = EDGE_CURVE('',#217,#669,#825,.T.);
#825 = SEAM_CURVE('',#826,(#830,#837),.PCURVE_S1.);
#826 = LINE('',#827,#828);
#827 = CARTESIAN_POINT('',(-11.02792206135,159.,9.272077938642));
#828 = VECTOR('',#829,1.);
#829 = DIRECTION('',(0.,1.,1.110223024625E-16));
#830 = PCURVE('',#233,#831);
#831 = DEFINITIONAL_REPRESENTATION('',(#832),#836);
#832 = LINE('',#833,#834);
#833 = CARTESIAN_POINT('',(6.28318530718,-0.));
#834 = VECTOR('',#835,1.);
#835 = DIRECTION('',(0.,1.));
#836 = ( GEOMETRIC_REPRESENTATION_CONTEXT(2) 
PARAMETRIC_REPRESENTATION_CONTEXT() REPRESENTATION_CONTEXT('2D SPACE',''
  ) );
#837 = PCURVE('',#233,#838);
#838 = DEFINITIONAL_REPRESENTATION('',(#839),#843);
#839 = LINE('',#840,#841);
#840 = CARTESIAN_POINT('',(0.,-0.));
#841 = VECTOR('',#842,1.);
#842 = DIRECTION('',(0.,1.));
#843 = ( GEOMETRIC_REPRESENTATION_CONTEXT(2) 
PARAMETRIC_REPRESENTATION_CONTEXT() REPRESENTATION_CONTEXT('2D SPACE',''
  ) );
#844 = ORIENTED_EDGE('',*,*,#216,.T.);
#845 = ORIENTED_EDGE('',*,*,#824,.T.);
#846 = ORIENTED_EDGE('',*,*,#692,.F.);
#847 = ORIENTED_EDGE('',*,*,#848,.F.);
#848 = EDGE_CURVE('',#645,#693,#849,.T.);
#849 = SURFACE_CURVE('',#850,(#937,#1027),.PCURVE_S1.);
#850 = B_SPLINE_CURVE_WITH_KNOTS('',7,(#851,#852,#853,#854,#855,#856,
    #857,#858,#859,#860,#861,#862,#863,#864,#865,#866,#867,#868,#869,
    #870,#871,#872,#873,#874,#875,#876,#877,#878,#879,#880,#881,#882,
    #883,#884,#885,#886,#887,#888,#889,#890,#891,#892,#893,#894,#895,
    #896,#897,#898,#899,#900,#901,#902,#903,#904,#905,#906,#907,#908,
    #909,#910,#911,#912,#913,#914,#915,#916,#917,#918,#919,#920,#921,
    #922,#923,#924,#925,#926,#927,#928,#929,#930,#931,#932,#933,#934,
    #935,#936),.UNSPECIFIED.,.F.,.F.,(8,6,6,6,6,6,6,6,6,6,6,6,6,6,8),(0.
    ,0.251375886457,0.375939580928,0.442296826272,0.472352876864,
    0.48269980925,0.488513871466,0.500100759294,0.514216373579,
    0.522023742817,0.538719252072,0.568496302258,0.642666388769,
    0.784151540739,1.),.UNSPECIFIED.);
#851 = CARTESIAN_POINT('',(-11.97774364327,163.99999999999,
    10.79760484468));
#852 = CARTESIAN_POINT('',(-11.95746179498,164.0640012194,
    10.787631238309));
#853 = CARTESIAN_POINT('',(-11.93647794539,164.1278305611,
    10.776922080677));
#854 = CARTESIAN_POINT('',(-11.91467315965,164.19148009125,
    10.765357217221));
#855 = CARTESIAN_POINT('',(-11.89191583223,164.2549155157,
    10.752799574632));
#856 = CARTESIAN_POINT('',(-11.86798258559,164.31805137305,
    10.739012113058));
#857 = CARTESIAN_POINT('',(-11.84263745987,164.38077585879,
    10.723741012064));
#858 = CARTESIAN_POINT('',(-11.80166535617,164.47359469725,
    10.697668148745));
#859 = CARTESIAN_POINT('',(-11.78759704359,164.50416252529,
    10.688505216154));
#860 = CARTESIAN_POINT('',(-11.77294677457,164.53453431576,
    10.678727534729));
#861 = CARTESIAN_POINT('',(-11.75761895966,164.56467090126,
    10.66823325749));
#862 = CARTESIAN_POINT('',(-11.74146260867,164.5944789879,
    10.656856471652));
#863 = CARTESIAN_POINT('',(-11.72431941535,164.62383492534,
    10.644419100969));
#864 = CARTESIAN_POINT('',(-11.69589806319,164.66773265321,
    10.623032896228));
#865 = CARTESIAN_POINT('',(-11.68564177789,164.6827572999,
    10.615184160762));
#866 = CARTESIAN_POINT('',(-11.67492839024,164.69753664041,
    10.60683869471));
#867 = CARTESIAN_POINT('',(-11.66368046973,164.7120153649,
    10.597910222292));
#868 = CARTESIAN_POINT('',(-11.65179698288,164.72607363781,
    10.588278536912));
#869 = CARTESIAN_POINT('',(-11.63917663267,164.73954750903,
    10.577816117614));
#870 = CARTESIAN_POINT('',(-11.61942753485,164.75782679232,
    10.560994262143));
#871 = CARTESIAN_POINT('',(-11.613079544,164.76333433102,10.555528201488
    ));
#872 = CARTESIAN_POINT('',(-11.60651765055,164.76862475851,
    10.549813428956));
#873 = CARTESIAN_POINT('',(-11.59972357267,164.77365500054,
    10.543824771739));
#874 = CARTESIAN_POINT('',(-11.59268384222,164.77836601967,
    10.537539316315));
#875 = CARTESIAN_POINT('',(-11.58539037007,164.78268369235,
    10.530937114473));
#876 = CARTESIAN_POINT('',(-11.57524211016,164.78784024421,
    10.521614406492));
#877 = CARTESIAN_POINT('',(-11.57261363858,164.78910341661,
    10.519188163361));
#878 = CARTESIAN_POINT('',(-11.56995593806,164.79030531727,
    10.516722879725));
#879 = CARTESIAN_POINT('',(-11.56726977792,164.79144197171,
    10.514218689016));
#880 = CARTESIAN_POINT('',(-11.56455635534,164.79250931681,
    10.511676138325));
#881 = CARTESIAN_POINT('',(-11.56181729535,164.79350320081,
    10.509096188402));
#882 = CARTESIAN_POINT('',(-11.55750228856,164.79493419701,
    10.505010266882));
#883 = CARTESIAN_POINT('',(-11.55594250164,164.79542449732,
    10.503528970764));
#884 = CARTESIAN_POINT('',(-11.55437567803,164.79588954195,
    10.502036594516));
#885 = CARTESIAN_POINT('',(-11.55280225985,164.79632861713,
    10.500533466048));
#886 = CARTESIAN_POINT('',(-11.55122274335,164.79674103768,
    10.499019971978));
#887 = CARTESIAN_POINT('',(-11.5496376789,164.797126147,10.497496557627)
  );
#888 = CARTESIAN_POINT('',(-11.54487893244,164.79819512396,
    10.492908937502));
#889 = CARTESIAN_POINT('',(-11.54169023331,164.79879617548,
    10.489816456493));
#890 = CARTESIAN_POINT('',(-11.5384868272,164.79928119006,
    10.486690692513));
#891 = CARTESIAN_POINT('',(-11.53527437799,164.79964615913,
    10.483536668087));
#892 = CARTESIAN_POINT('',(-11.53205895993,164.79988834711,
    10.480360019743));
#893 = CARTESIAN_POINT('',(-11.52884705755,164.80000629141,
    10.477166998009));
#894 = CARTESIAN_POINT('',(-11.52174537919,164.79999189729,
    10.470063015427));
#895 = CARTESIAN_POINT('',(-11.51785985492,164.7997994815,10.46614668901
    ));
#896 = CARTESIAN_POINT('',(-11.51400186203,164.79942257202,
    10.462228360033));
#897 = CARTESIAN_POINT('',(-11.51018243827,164.79886480726,
    10.458319648376));
#898 = CARTESIAN_POINT('',(-11.5064109593,164.79813272501,
    10.454430975762));
#899 = CARTESIAN_POINT('',(-11.50269530811,164.79723504035,
    10.450571619588));
#900 = CARTESIAN_POINT('',(-11.49702141819,164.79559944291,
    10.444635893732));
#901 = CARTESIAN_POINT('',(-11.49501969015,164.79496933607,
    10.442533294045));
#902 = CARTESIAN_POINT('',(-11.49303778496,164.79429331228,
    10.440443165932));
#903 = CARTESIAN_POINT('',(-11.49107645652,164.79357310762,
    10.438366541046));
#904 = CARTESIAN_POINT('',(-11.48913628783,164.79281048492,
    10.436304284453));
#905 = CARTESIAN_POINT('',(-11.48721769103,164.79200723384,
    10.434257094631));
#906 = CARTESIAN_POINT('',(-11.48126476917,164.78936447837,
    10.427881088856));
#907 = CARTESIAN_POINT('',(-11.47730887198,164.78738638042,
    10.423608509443));
#908 = CARTESIAN_POINT('',(-11.47345488849,164.78524801383,
    10.419412179699));
#909 = CARTESIAN_POINT('',(-11.46970246376,164.78296577886,
    10.415294368634));
#910 = CARTESIAN_POINT('',(-11.46604959013,164.78055478733,
    10.411255486383));
#911 = CARTESIAN_POINT('',(-11.46249298212,164.7780283108,
    10.407294370788));
#912 = CARTESIAN_POINT('',(-11.45284933421,164.77070459783,
    10.396478113524));
#913 = CARTESIAN_POINT('',(-11.44696641973,164.76568198109,
    10.389790989726));
#914 = CARTESIAN_POINT('',(-11.44135310963,164.76039019781,
    10.383330334101));
#915 = CARTESIAN_POINT('',(-11.43598594009,164.75487777973,
    10.377080447078));
#916 = CARTESIAN_POINT('',(-11.43084350166,164.74918203196,
    10.371025887391));
#917 = CARTESIAN_POINT('',(-11.42590535933,164.74333009375,
    10.365150561471));
#918 = CARTESIAN_POINT('',(-11.40930852062,164.72241958865,
    10.345204737228));
#919 = CARTESIAN_POINT('',(-11.39863175579,164.70667398886,
    10.332005869121));
#920 = CARTESIAN_POINT('',(-11.38880815396,164.69039247886,
    10.319573951501));
#921 = CARTESIAN_POINT('',(-11.37970283041,164.67372369997,
    10.307797873569));
#922 = CARTESIAN_POINT('',(-11.37118986566,164.6567771413,
    10.296569232821));
#923 = CARTESIAN_POINT('',(-11.36318272365,164.63960241768,
    10.285809426556));
#924 = CARTESIAN_POINT('',(-11.34113984529,164.58903677794,
    10.255660907772));
#925 = CARTESIAN_POINT('',(-11.32827191113,164.55517466481,
    10.237363321744));
#926 = CARTESIAN_POINT('',(-11.31651689106,164.52087779937,
    10.220107265919));
#927 = CARTESIAN_POINT('',(-11.30568671544,164.48626437706,
    10.203723566137));
#928 = CARTESIAN_POINT('',(-11.2956074093,164.45142360179,
    10.188052514537));
#929 = CARTESIAN_POINT('',(-11.2861730936,164.41639302964,
    10.172994230562));
#930 = CARTESIAN_POINT('',(-11.26373839401,164.32746424271,
    10.136277988764));
#931 = CARTESIAN_POINT('',(-11.25148375967,164.27337796323,
    10.115333221134));
#932 = CARTESIAN_POINT('',(-11.24022015565,164.21903112855,
    10.095333405218));
#933 = CARTESIAN_POINT('',(-11.22978977126,164.16448481187,
    10.076130484268));
#934 = CARTESIAN_POINT('',(-11.22006548712,164.10978313065,
    10.057604387326));
#935 = CARTESIAN_POINT('',(-11.21095841488,164.05495094088,
    10.039670191287));
#936 = CARTESIAN_POINT('',(-11.20239515532,164.,10.022256356723));
#937 = PCURVE('',#233,#938);
#938 = DEFINITIONAL_REPRESENTATION('',(#939),#1026);
#939 = B_SPLINE_CURVE_WITH_KNOTS('',7,(#940,#941,#942,#943,#944,#945,
    #946,#947,#948,#949,#950,#951,#952,#953,#954,#955,#956,#957,#958,
    #959,#960,#961,#962,#963,#964,#965,#966,#967,#968,#969,#970,#971,
    #972,#973,#974,#975,#976,#977,#978,#979,#980,#981,#982,#983,#984,
    #985,#986,#987,#988,#989,#990,#991,#992,#993,#994,#995,#996,#997,
    #998,#999,#1000,#1001,#1002,#1003,#1004,#1005,#1006,#1007,#1008,
    #1009,#1010,#1011,#1012,#1013,#1014,#1015,#1016,#1017,#1018,#1019,
    #1020,#1021,#1022,#1023,#1024,#1025),.UNSPECIFIED.,.F.,.F.,(8,6,6,6,
    6,6,6,6,6,6,6,6,6,6,8),(0.,0.251375886457,0.375939580928,
    0.442296826272,0.472352876864,0.48269980925,0.488513871466,
    0.500100759294,0.514216373579,0.522023742817,0.538719252072,
    0.568496302258,0.642666388769,0.784151540739,1.),.UNSPECIFIED.);
#940 = CARTESIAN_POINT('',(5.169415130737,4.999999999999));
#941 = CARTESIAN_POINT('',(5.182710109812,5.064001219408));
#942 = CARTESIAN_POINT('',(5.196566554175,5.127830561102));
#943 = CARTESIAN_POINT('',(5.211082470217,5.191480091252));
#944 = CARTESIAN_POINT('',(5.22636755389,5.254915515702));
#945 = CARTESIAN_POINT('',(5.242610418476,5.318051373056));
#946 = CARTESIAN_POINT('',(5.260011254917,5.380775858798));
#947 = CARTESIAN_POINT('',(5.288578588616,5.473594697256));
#948 = CARTESIAN_POINT('',(5.298454018423,5.504162525298));
#949 = CARTESIAN_POINT('',(5.30881384022,5.534534315763));
#950 = CARTESIAN_POINT('',(5.319739366,5.564670901267));
#951 = CARTESIAN_POINT('',(5.33136124261,5.594478987905));
#952 = CARTESIAN_POINT('',(5.343817966593,5.623834925343));
#953 = CARTESIAN_POINT('',(5.364740818882,5.667732653212));
#954 = CARTESIAN_POINT('',(5.372337551783,5.6827572999));
#955 = CARTESIAN_POINT('',(5.380325468531,5.697536640415));
#956 = CARTESIAN_POINT('',(5.388772288144,5.712015364909));
#957 = CARTESIAN_POINT('',(5.397769500142,5.726073637812));
#958 = CARTESIAN_POINT('',(5.407411674794,5.739547509037));
#959 = CARTESIAN_POINT('',(5.422671837172,5.757826792323));
#960 = CARTESIAN_POINT('',(5.427599437084,5.763334331026));
#961 = CARTESIAN_POINT('',(5.432717866998,5.768624758513));
#962 = CARTESIAN_POINT('',(5.438045146572,5.773655000543));
#963 = CARTESIAN_POINT('',(5.44359636596,5.778366019679));
#964 = CARTESIAN_POINT('',(5.449383196629,5.782683692351));
#965 = CARTESIAN_POINT('',(5.457489327915,5.787840244211));
#966 = CARTESIAN_POINT('',(5.459593488016,5.789103416612));
#967 = CARTESIAN_POINT('',(5.461725860724,5.790305317277));
#968 = CARTESIAN_POINT('',(5.463886076121,5.791441971716));
#969 = CARTESIAN_POINT('',(5.466073416128,5.79250931681));
#970 = CARTESIAN_POINT('',(5.4682868145,5.793503200811));
#971 = CARTESIAN_POINT('',(5.471782438968,5.79493419701));
#972 = CARTESIAN_POINT('',(5.473047782652,5.795424497329));
#973 = CARTESIAN_POINT('',(5.474320616556,5.795889541958));
#974 = CARTESIAN_POINT('',(5.47560062264,5.796328617136));
#975 = CARTESIAN_POINT('',(5.476887436155,5.796741037684));
#976 = CARTESIAN_POINT('',(5.47818064564,5.797126147004));
#977 = CARTESIAN_POINT('',(5.482068873202,5.798195123969));
#978 = CARTESIAN_POINT('',(5.484681793841,5.798796175485));
#979 = CARTESIAN_POINT('',(5.487314560165,5.799281190063));
#980 = CARTESIAN_POINT('',(5.489962753493,5.799646159132));
#981 = CARTESIAN_POINT('',(5.492621531139,5.799888347112));
#982 = CARTESIAN_POINT('',(5.495285626412,5.800006291411));
#983 = CARTESIAN_POINT('',(5.501194402478,5.799991897291));
#984 = CARTESIAN_POINT('',(5.504439546453,5.799799481508));
#985 = CARTESIAN_POINT('',(5.507674130033,5.799422572026));
#986 = CARTESIAN_POINT('',(5.510888784039,5.798864807263));
#987 = CARTESIAN_POINT('',(5.514075325004,5.798132725016));
#988 = CARTESIAN_POINT('',(5.517226659563,5.797235040358));
#989 = CARTESIAN_POINT('',(5.522056851098,5.79559944291));
#990 = CARTESIAN_POINT('',(5.523764538375,5.794969336071));
#991 = CARTESIAN_POINT('',(5.525458873642,5.794293312288));
#992 = CARTESIAN_POINT('',(5.527139119541,5.793573107621));
#993 = CARTESIAN_POINT('',(5.52880467838,5.792810484924));
#994 = CARTESIAN_POINT('',(5.530455092138,5.792007233845));
#995 = CARTESIAN_POINT('',(5.535586268585,5.789364478374));
#996 = CARTESIAN_POINT('',(5.539011367647,5.787386380423));
#997 = CARTESIAN_POINT('',(5.542362840352,5.785248013833));
#998 = CARTESIAN_POINT('',(5.545639909982,5.782965778862));
#999 = CARTESIAN_POINT('',(5.548843250697,5.780554787332));
#1000 = CARTESIAN_POINT('',(5.551974715833,5.778028310803));
#1001 = CARTESIAN_POINT('',(5.560498879859,5.770704597833));
#1002 = CARTESIAN_POINT('',(5.565737901571,5.765681981096));
#1003 = CARTESIAN_POINT('',(5.570772212246,5.760390197811));
#1004 = CARTESIAN_POINT('',(5.575618064053,5.754877779739));
#1005 = CARTESIAN_POINT('',(5.580290728192,5.749182031968));
#1006 = CARTESIAN_POINT('',(5.584805342665,5.743330093753));
#1007 = CARTESIAN_POINT('',(5.600068784298,5.72241958865));
#1008 = CARTESIAN_POINT('',(5.610054037393,5.706673988864));
#1009 = CARTESIAN_POINT('',(5.61937358916,5.690392478864));
#1010 = CARTESIAN_POINT('',(5.628129049347,5.673723699976));
#1011 = CARTESIAN_POINT('',(5.636417275584,5.656777141307));
#1012 = CARTESIAN_POINT('',(5.644306534588,5.639602417688));
#1013 = CARTESIAN_POINT('',(5.666275541311,5.589036777941));
#1014 = CARTESIAN_POINT('',(5.679431727157,5.555174664817));
#1015 = CARTESIAN_POINT('',(5.691711792511,5.520877799376));
#1016 = CARTESIAN_POINT('',(5.703262677448,5.486264377068));
#1017 = CARTESIAN_POINT('',(5.714221818647,5.451423601794));
#1018 = CARTESIAN_POINT('',(5.724673850199,5.416393029646));
#1019 = CARTESIAN_POINT('',(5.749984365795,5.327464242714));
#1020 = CARTESIAN_POINT('',(5.76425613246,5.273377963238));
#1021 = CARTESIAN_POINT('',(5.7777554367,5.219031128553));
#1022 = CARTESIAN_POINT('',(5.790607472961,5.16448481187));
#1023 = CARTESIAN_POINT('',(5.80291339305,5.109783130651));
#1024 = CARTESIAN_POINT('',(5.814744192925,5.054950940889));
#1025 = CARTESIAN_POINT('',(5.826159156828,5.));
#1026 = ( GEOMETRIC_REPRESENTATION_CONTEXT(2) 
PARAMETRIC_REPRESENTATION_CONTEXT() REPRESENTATION_CONTEXT('2D SPACE',''
  ) );
#1027 = PCURVE('',#488,#1028);
#1028 = DEFINITIONAL_REPRESENTATION('',(#1029),#1116);
#1029 = B_SPLINE_CURVE_WITH_KNOTS('',7,(#1030,#1031,#1032,#1033,#1034,
    #1035,#1036,#1037,#1038,#1039,#1040,#1041,#1042,#1043,#1044,#1045,
    #1046,#1047,#1048,#1049,#1050,#1051,#1052,#1053,#1054,#1055,#1056,
    #1057,#1058,#1059,#1060,#1061,#1062,#1063,#1064,#1065,#1066,#1067,
    #1068,#1069,#1070,#1071,#1072,#1073,#1074,#1075,#1076,#1077,#1078,
    #1079,#1080,#1081,#1082,#1083,#1084,#1085,#1086,#1087,#1088,#1089,
    #1090,#1091,#1092,#1093,#1094,#1095,#1096,#1097,#1098,#1099,#1100,
    #1101,#1102,#1103,#1104,#1105,#1106,#1107,#1108,#1109,#1110,#1111,
    #1112,#1113,#1114,#1115),.UNSPECIFIED.,.F.,.F.,(8,6,6,6,6,6,6,6,6,6,
    6,6,6,6,8),(0.,0.251375886457,0.375939580928,0.442296826272,
    0.472352876864,0.48269980925,0.488513871466,0.500100759294,
    0.514216373579,0.522023742817,0.538719252072,0.568496302258,
    0.642666388769,0.784151540739,1.),.UNSPECIFIED.);
#1030 = CARTESIAN_POINT('',(-2.389630852637,7.944960928468E-13));
#1031 = CARTESIAN_POINT('',(-2.388341937633,-6.40012194083E-02));
#1032 = CARTESIAN_POINT('',(-2.386989560281,-0.127830561102));
#1033 = CARTESIAN_POINT('',(-2.385563286964,-0.191480091251));
#1034 = CARTESIAN_POINT('',(-2.384051379022,-0.254915515702));
#1035 = CARTESIAN_POINT('',(-2.382433750132,-0.318051373056));
#1036 = CARTESIAN_POINT('',(-2.380689016589,-0.380775858798));
#1037 = CARTESIAN_POINT('',(-2.37780377996,-0.473594697256));
#1038 = CARTESIAN_POINT('',(-2.376803262724,-0.504162525298));
#1039 = CARTESIAN_POINT('',(-2.375750389603,-0.534534315764));
#1040 = CARTESIAN_POINT('',(-2.37463656538,-0.564670901267));
#1041 = CARTESIAN_POINT('',(-2.373447999697,-0.594478987905));
#1042 = CARTESIAN_POINT('',(-2.372170047999,-0.623834925343));
#1043 = CARTESIAN_POINT('',(-2.370016469484,-0.667732653212));
#1044 = CARTESIAN_POINT('',(-2.369233346183,-0.6827572999));
#1045 = CARTESIAN_POINT('',(-2.368408654783,-0.697536640415));
#1046 = CARTESIAN_POINT('',(-2.367535280094,-0.712015364909));
#1047 = CARTESIAN_POINT('',(-2.366603605431,-0.726073637811));
#1048 = CARTESIAN_POINT('',(-2.36560368278,-0.739547509037));
#1049 = CARTESIAN_POINT('',(-2.36401889915,-0.757826792323));
#1050 = CARTESIAN_POINT('',(-2.36350686989,-0.763334331026));
#1051 = CARTESIAN_POINT('',(-2.362974716797,-0.768624758513));
#1052 = CARTESIAN_POINT('',(-2.362420552795,-0.773655000543));
#1053 = CARTESIAN_POINT('',(-2.361842798072,-0.778366019679));
#1054 = CARTESIAN_POINT('',(-2.361240236622,-0.782683692351));
#1055 = CARTESIAN_POINT('',(-2.360395824509,-0.787840244211));
#1056 = CARTESIAN_POINT('',(-2.360176605471,-0.789103416612));
#1057 = CARTESIAN_POINT('',(-2.359954418448,-0.790305317277));
#1058 = CARTESIAN_POINT('',(-2.359729302796,-0.791441971716));
#1059 = CARTESIAN_POINT('',(-2.359501334439,-0.79250931681));
#1060 = CARTESIAN_POINT('',(-2.359270625874,-0.793503200811));
#1061 = CARTESIAN_POINT('',(-2.358906232336,-0.79493419701));
#1062 = CARTESIAN_POINT('',(-2.358774322419,-0.795424497329));
#1063 = CARTESIAN_POINT('',(-2.358641624998,-0.795889541958));
#1064 = CARTESIAN_POINT('',(-2.358508173555,-0.796328617136));
#1065 = CARTESIAN_POINT('',(-2.358374006476,-0.796741037684));
#1066 = CARTESIAN_POINT('',(-2.358239167048,-0.797126147004));
#1067 = CARTESIAN_POINT('',(-2.357833737074,-0.798195123969));
#1068 = CARTESIAN_POINT('',(-2.357561264818,-0.798796175485));
#1069 = CARTESIAN_POINT('',(-2.357286706691,-0.799281190063));
#1070 = CARTESIAN_POINT('',(-2.357010527193,-0.799646159132));
#1071 = CARTESIAN_POINT('',(-2.356733235336,-0.799888347112));
#1072 = CARTESIAN_POINT('',(-2.356455384637,-0.800006291411));
#1073 = CARTESIAN_POINT('',(-2.35583913193,-0.799991897291));
#1074 = CARTESIAN_POINT('',(-2.355500681595,-0.799799481508));
#1075 = CARTESIAN_POINT('',(-2.355163340752,-0.799422572026));
#1076 = CARTESIAN_POINT('',(-2.354828094231,-0.798864807263));
#1077 = CARTESIAN_POINT('',(-2.354495802643,-0.798132725016));
#1078 = CARTESIAN_POINT('',(-2.354167211968,-0.797235040358));
#1079 = CARTESIAN_POINT('',(-2.35366362058,-0.79559944291));
#1080 = CARTESIAN_POINT('',(-2.353485589489,-0.794969336071));
#1081 = CARTESIAN_POINT('',(-2.353308962171,-0.794293312288));
#1082 = CARTESIAN_POINT('',(-2.353133816269,-0.793573107621));
#1083 = CARTESIAN_POINT('',(-2.352960214764,-0.792810484924));
#1084 = CARTESIAN_POINT('',(-2.35278820597,-0.792007233845));
#1085 = CARTESIAN_POINT('',(-2.352253472717,-0.789364478374));
#1086 = CARTESIAN_POINT('',(-2.351896602285,-0.787386380423));
#1087 = CARTESIAN_POINT('',(-2.351547477443,-0.785248013833));
#1088 = CARTESIAN_POINT('',(-2.351206181893,-0.782965778862));
#1089 = CARTESIAN_POINT('',(-2.350872646664,-0.780554787332));
#1090 = CARTESIAN_POINT('',(-2.350546678922,-0.778028310803));
#1091 = CARTESIAN_POINT('',(-2.349659598864,-0.770704597833));
#1092 = CARTESIAN_POINT('',(-2.349114669166,-0.765681981096));
#1093 = CARTESIAN_POINT('',(-2.348591316057,-0.760390197811));
#1094 = CARTESIAN_POINT('',(-2.348087839226,-0.754877779739));
#1095 = CARTESIAN_POINT('',(-2.347602638027,-0.749182031968));
#1096 = CARTESIAN_POINT('',(-2.347134125818,-0.743330093753));
#1097 = CARTESIAN_POINT('',(-2.345551091036,-0.72241958865));
#1098 = CARTESIAN_POINT('',(-2.344517233497,-0.706673988864));
#1099 = CARTESIAN_POINT('',(-2.343553939459,-0.690392478864));
#1100 = CARTESIAN_POINT('',(-2.342650511893,-0.673723699976));
#1101 = CARTESIAN_POINT('',(-2.341796763913,-0.656777141307));
#1102 = CARTESIAN_POINT('',(-2.340985516381,-0.639602417688));
#1103 = CARTESIAN_POINT('',(-2.338730396941,-0.589036777941));
#1104 = CARTESIAN_POINT('',(-2.337385062282,-0.555174664817));
#1105 = CARTESIAN_POINT('',(-2.336133861113,-0.520877799376));
#1106 = CARTESIAN_POINT('',(-2.334961234894,-0.486264377068));
#1107 = CARTESIAN_POINT('',(-2.333852657961,-0.451423601794));
#1108 = CARTESIAN_POINT('',(-2.332799168428,-0.416393029646));
#1109 = CARTESIAN_POINT('',(-2.330257198925,-0.327464242714));
#1110 = CARTESIAN_POINT('',(-2.328832660984,-0.273377963238));
#1111 = CARTESIAN_POINT('',(-2.327493154749,-0.219031128553));
#1112 = CARTESIAN_POINT('',(-2.326225332419,-0.16448481187));
#1113 = CARTESIAN_POINT('',(-2.325018405017,-0.109783130651));
#1114 = CARTESIAN_POINT('',(-2.323864779978,-5.495094088861E-02));
#1115 = CARTESIAN_POINT('',(-2.322758127748,3.970294178893E-13));
#1116 = ( GEOMETRIC_REPRESENTATION_CONTEXT(2) 
PARAMETRIC_REPRESENTATION_CONTEXT() REPRESENTATION_CONTEXT('2D SPACE',''
  ) );
#1117 = ADVANCED_FACE('',(#1118),#264,.F.);
#1118 = FACE_BOUND('',#1119,.F.);
#1119 = EDGE_LOOP('',(#1120,#1121,#1144,#1171));
#1120 = ORIENTED_EDGE('',*,*,#247,.T.);
#1121 = ORIENTED_EDGE('',*,*,#1122,.F.);
#1122 = EDGE_CURVE('',#1123,#248,#1125,.T.);
#1123 = VERTEX_POINT('',#1124);
#1124 = CARTESIAN_POINT('',(14.,164.2,22.));
#1125 = SEAM_CURVE('',#1126,(#1130,#1137),.PCURVE_S1.);
#1126 = LINE('',#1127,#1128);
#1127 = CARTESIAN_POINT('',(14.,164.2,22.));
#1128 = VECTOR('',#1129,1.);
#1129 = DIRECTION('',(0.,-1.,0.));
#1130 = PCURVE('',#264,#1131);
#1131 = DEFINITIONAL_REPRESENTATION('',(#1132),#1136);
#1132 = LINE('',#1133,#1134);
#1133 = CARTESIAN_POINT('',(6.28318530718,5.2));
#1134 = VECTOR('',#1135,1.);
#1135 = DIRECTION('',(-0.,-1.));
#1136 = ( GEOMETRIC_REPRESENTATION_CONTEXT(2) 
PARAMETRIC_REPRESENTATION_CONTEXT() REPRESENTATION_CONTEXT('2D SPACE',''
  ) );
#1137 = PCURVE('',#264,#1138);
#1138 = DEFINITIONAL_REPRESENTATION('',(#1139),#1143);
#1139 = LINE('',#1140,#1141);
#1140 = CARTESIAN_POINT('',(0.,5.2));
#1141 = VECTOR('',#1142,1.);
#1142 = DIRECTION('',(-0.,-1.));
#1143 = ( GEOMETRIC_REPRESENTATION_CONTEXT(2) 
PARAMETRIC_REPRESENTATION_CONTEXT() REPRESENTATION_CONTEXT('2D SPACE',''
  ) );
#1144 = ORIENTED_EDGE('',*,*,#1145,.F.);
#1145 = EDGE_CURVE('',#1123,#1123,#1146,.T.);
#1146 = SURFACE_CURVE('',#1147,(#1152,#1159),.PCURVE_S1.);
#1147 = CIRCLE('',#1148,14.);
#1148 = AXIS2_PLACEMENT_3D('',#1149,#1150,#1151);
#1149 = CARTESIAN_POINT('',(0.,164.2,22.));
#1150 = DIRECTION('',(-0.,1.,1.110223024625E-16));
#1151 = DIRECTION('',(1.,0.,0.));
#1152 = PCURVE('',#264,#1153);
#1153 = DEFINITIONAL_REPRESENTATION('',(#1154),#1158);
#1154 = LINE('',#1155,#1156);
#1155 = CARTESIAN_POINT('',(0.,5.2));
#1156 = VECTOR('',#1157,1.);
#1157 = DIRECTION('',(1.,0.));
#1158 = ( GEOMETRIC_REPRESENTATION_CONTEXT(2) 
PARAMETRIC_REPRESENTATION_CONTEXT() REPRESENTATION_CONTEXT('2D SPACE',''
  ) );
#1159 = PCURVE('',#1160,#1165);
#1160 = PLANE('',#1161);
#1161 = AXIS2_PLACEMENT_3D('',#1162,#1163,#1164);
#1162 = CARTESIAN_POINT('',(0.,164.2,22.));
#1163 = DIRECTION('',(0.,1.,1.110223024625E-16));
#1164 = DIRECTION('',(1.,0.,0.));
#1165 = DEFINITIONAL_REPRESENTATION('',(#1166),#1170);
#1166 = CIRCLE('',#1167,14.);
#1167 = AXIS2_PLACEMENT_2D('',#1168,#1169);
#1168 = CARTESIAN_POINT('',(0.,0.));
#1169 = DIRECTION('',(1.,0.));
#1170 = ( GEOMETRIC_REPRESENTATION_CONTEXT(2) 
PARAMETRIC_REPRESENTATION_CONTEXT() REPRESENTATION_CONTEXT('2D SPACE',''
  ) );
#1171 = ORIENTED_EDGE('',*,*,#1122,.T.);
#1172 = ADVANCED_FACE('',(#1173),#295,.F.);
#1173 = FACE_BOUND('',#1174,.F.);
#1174 = EDGE_LOOP('',(#1175,#1176,#1197,#1198,#1199,#1200));
#1175 = ORIENTED_EDGE('',*,*,#596,.F.);
#1176 = ORIENTED_EDGE('',*,*,#1177,.F.);
#1177 = EDGE_CURVE('',#279,#597,#1178,.T.);
#1178 = SEAM_CURVE('',#1179,(#1183,#1190),.PCURVE_S1.);
#1179 = LINE('',#1180,#1181);
#1180 = CARTESIAN_POINT('',(-11.02792206135,159.,34.727922061358));
#1181 = VECTOR('',#1182,1.);
#1182 = DIRECTION('',(0.,1.,1.110223024625E-16));
#1183 = PCURVE('',#295,#1184);
#1184 = DEFINITIONAL_REPRESENTATION('',(#1185),#1189);
#1185 = LINE('',#1186,#1187);
#1186 = CARTESIAN_POINT('',(6.28318530718,-0.));
#1187 = VECTOR('',#1188,1.);
#1188 = DIRECTION('',(0.,1.));
#1189 = ( GEOMETRIC_REPRESENTATION_CONTEXT(2) 
PARAMETRIC_REPRESENTATION_CONTEXT() REPRESENTATION_CONTEXT('2D SPACE',''
  ) );
#1190 = PCURVE('',#295,#1191);
#1191 = DEFINITIONAL_REPRESENTATION('',(#1192),#1196);
#1192 = LINE('',#1193,#1194);
#1193 = CARTESIAN_POINT('',(0.,-0.));
#1194 = VECTOR('',#1195,1.);
#1195 = DIRECTION('',(0.,1.));
#1196 = ( GEOMETRIC_REPRESENTATION_CONTEXT(2) 
PARAMETRIC_REPRESENTATION_CONTEXT() REPRESENTATION_CONTEXT('2D SPACE',''
  ) );
#1197 = ORIENTED_EDGE('',*,*,#278,.T.);
#1198 = ORIENTED_EDGE('',*,*,#1177,.T.);
#1199 = ORIENTED_EDGE('',*,*,#620,.F.);
#1200 = ORIENTED_EDGE('',*,*,#1201,.F.);
#1201 = EDGE_CURVE('',#573,#621,#1202,.T.);
#1202 = SURFACE_CURVE('',#1203,(#1269,#1338),.PCURVE_S1.);
#1203 = B_SPLINE_CURVE_WITH_KNOTS('',8,(#1204,#1205,#1206,#1207,#1208,
    #1209,#1210,#1211,#1212,#1213,#1214,#1215,#1216,#1217,#1218,#1219,
    #1220,#1221,#1222,#1223,#1224,#1225,#1226,#1227,#1228,#1229,#1230,
    #1231,#1232,#1233,#1234,#1235,#1236,#1237,#1238,#1239,#1240,#1241,
    #1242,#1243,#1244,#1245,#1246,#1247,#1248,#1249,#1250,#1251,#1252,
    #1253,#1254,#1255,#1256,#1257,#1258,#1259,#1260,#1261,#1262,#1263,
    #1264,#1265,#1266,#1267,#1268),.UNSPECIFIED.,.F.,.F.,(9,7,7,7,7,7,7,
    7,7,9),(0.,0.260305940668,0.383445805803,0.448800047808,
    0.500699824421,0.540205824759,0.586149128639,0.648321078266,
    0.795978765553,1.),.UNSPECIFIED.);
#1204 = CARTESIAN_POINT('',(-11.20239515532,164.,33.977743643277));
#1205 = CARTESIAN_POINT('',(-11.21141235705,164.0578639145,
    33.95940669366));
#1206 = CARTESIAN_POINT('',(-11.22101865394,164.11558667337,
    33.940508081343));
#1207 = CARTESIAN_POINT('',(-11.23129314484,164.17316699575,
    33.920968874078));
#1208 = CARTESIAN_POINT('',(-11.24234027596,164.23058230829,
    33.900688219287));
#1209 = CARTESIAN_POINT('',(-11.2542791214,164.28779250765,
    33.87955345002));
#1210 = CARTESIAN_POINT('',(-11.26730273816,164.34472270626,
    33.857383479241));
#1211 = CARTESIAN_POINT('',(-11.28163763315,164.40127512362,
    33.83396741799));
#1212 = CARTESIAN_POINT('',(-11.30544406556,164.4837439914,
    33.796924577944));
#1213 = CARTESIAN_POINT('',(-11.31349146294,164.51007963134,
    33.784651245196));
#1214 = CARTESIAN_POINT('',(-11.32200120332,164.53626201248,
    33.771941132169));
#1215 = CARTESIAN_POINT('',(-11.33103840893,164.56226983479,
    33.758732516373));
#1216 = CARTESIAN_POINT('',(-11.34069627501,164.5880543015,
    33.744940006264));
#1217 = CARTESIAN_POINT('',(-11.35108755124,164.61354313379,
    33.730462411726));
#1218 = CARTESIAN_POINT('',(-11.362366392,164.6386320223,33.715162255813
    ));
#1219 = CARTESIAN_POINT('',(-11.38146406163,164.67614090377,
    33.690053820367));
#1220 = CARTESIAN_POINT('',(-11.38840911511,164.6889543375,
    33.681055662532));
#1221 = CARTESIAN_POINT('',(-11.39573375318,164.70156956774,
    33.671709906978));
#1222 = CARTESIAN_POINT('',(-11.40349595088,164.71395460318,
    33.661963692965));
#1223 = CARTESIAN_POINT('',(-11.4117676521,164.72604212001,
    33.651755847461));
#1224 = CARTESIAN_POINT('',(-11.42063069407,164.73773283024,
    33.641020417213));
#1225 = CARTESIAN_POINT('',(-11.43018961357,164.74888723457,
    33.629675179042));
#1226 = CARTESIAN_POINT('',(-11.44892877088,164.76753462679,
    33.607949994193));
#1227 = CARTESIAN_POINT('',(-11.4577862882,164.77531230192,
    33.597847124871));
#1228 = CARTESIAN_POINT('',(-11.46730643281,164.78250537764,
    33.587175316448));
#1229 = CARTESIAN_POINT('',(-11.47755884791,164.78888892055,
    33.575900921542));
#1230 = CARTESIAN_POINT('',(-11.48856767644,164.79416285983,
    33.564047806107));
#1231 = CARTESIAN_POINT('',(-11.50030824619,164.79795883049,
    33.55169957341));
#1232 = CARTESIAN_POINT('',(-11.51266236826,164.79992462274,
    33.539030764893));
#1233 = CARTESIAN_POINT('',(-11.53488204504,164.80005448559,
    33.51679029952));
#1234 = CARTESIAN_POINT('',(-11.54456519293,164.79901370546,
    33.507273761084));
#1235 = CARTESIAN_POINT('',(-11.55414335943,164.7968797295,
    33.498037202955));
#1236 = CARTESIAN_POINT('',(-11.56349642026,164.7937706035,
    33.489181862501));
#1237 = CARTESIAN_POINT('',(-11.57255065068,164.78984891743,
    33.480755451116));
#1238 = CARTESIAN_POINT('',(-11.58126613625,164.78527472984,
    33.472772274715));
#1239 = CARTESIAN_POINT('',(-11.58962975226,164.78018120647,
    33.465224151526));
#1240 = CARTESIAN_POINT('',(-11.60698513555,164.76826720126,
    33.44977634594));
#1241 = CARTESIAN_POINT('',(-11.61587543466,164.76128765892,
    33.442003614345));
#1242 = CARTESIAN_POINT('',(-11.62437547947,164.7538662689,
    33.434691957917));
#1243 = CARTESIAN_POINT('',(-11.63252271943,164.74610105692,
    33.427788245643));
#1244 = CARTESIAN_POINT('',(-11.64034923512,164.73806461472,
    33.421248783643));
#1245 = CARTESIAN_POINT('',(-11.64788675228,164.72980922897,
    33.415033481175));
#1246 = CARTESIAN_POINT('',(-11.65516861759,164.72136867606,
    33.409103588951));
#1247 = CARTESIAN_POINT('',(-11.67178271575,164.70110265789,
    33.395735868166));
#1248 = CARTESIAN_POINT('',(-11.68091168785,164.68915858085,
    33.388520387074));
#1249 = CARTESIAN_POINT('',(-11.6896815864,164.67698755477,
    33.381700541176));
#1250 = CARTESIAN_POINT('',(-11.69813774847,164.66463472074,
    33.375223773859));
#1251 = CARTESIAN_POINT('',(-11.70631437208,164.65213294529,
    33.369050630378));
#1252 = CARTESIAN_POINT('',(-11.71424049546,164.63950636156,
    33.36314821276));
#1253 = CARTESIAN_POINT('',(-11.72194249805,164.6267717641,
    33.357487456455));
#1254 = CARTESIAN_POINT('',(-11.74725702475,164.58345747233,
    33.339116623561));
#1255 = CARTESIAN_POINT('',(-11.76391505329,164.55245371181,
    33.327430096862));
#1256 = CARTESIAN_POINT('',(-11.7797074836,164.52108856399,
    33.316668483686));
#1257 = CARTESIAN_POINT('',(-11.79478007257,164.48945427394,
    33.306671281842));
#1258 = CARTESIAN_POINT('',(-11.80923927752,164.45761481076,
    33.297321805291));
#1259 = CARTESIAN_POINT('',(-11.82317347758,164.42561358966,
    33.288524733404));
#1260 = CARTESIAN_POINT('',(-11.83664613136,164.39347045491,
    33.28021344179));
#1261 = CARTESIAN_POINT('',(-11.86777678327,164.31658973803,
    33.261431355825));
#1262 = CARTESIAN_POINT('',(-11.88505599976,164.27176038995,
    33.251355411589));
#1263 = CARTESIAN_POINT('',(-11.90169159737,164.22675380644,
    33.241954394377));
#1264 = CARTESIAN_POINT('',(-11.91777512855,164.18160536563,
    33.233131102376));
#1265 = CARTESIAN_POINT('',(-11.9333727044,164.1363402598,
    33.224815400909));
#1266 = CARTESIAN_POINT('',(-11.94853769118,164.0909768317,
    33.216950994761));
#1267 = CARTESIAN_POINT('',(-11.96331595337,164.04552788944,
    33.209489977144));
#1268 = CARTESIAN_POINT('',(-11.97774364327,164.,33.20239515532));
#1269 = PCURVE('',#295,#1270);
#1270 = DEFINITIONAL_REPRESENTATION('',(#1271),#1337);
#1271 = B_SPLINE_CURVE_WITH_KNOTS('',8,(#1272,#1273,#1274,#1275,#1276,
    #1277,#1278,#1279,#1280,#1281,#1282,#1283,#1284,#1285,#1286,#1287,
    #1288,#1289,#1290,#1291,#1292,#1293,#1294,#1295,#1296,#1297,#1298,
    #1299,#1300,#1301,#1302,#1303,#1304,#1305,#1306,#1307,#1308,#1309,
    #1310,#1311,#1312,#1313,#1314,#1315,#1316,#1317,#1318,#1319,#1320,
    #1321,#1322,#1323,#1324,#1325,#1326,#1327,#1328,#1329,#1330,#1331,
    #1332,#1333,#1334,#1335,#1336),.UNSPECIFIED.,.F.,.F.,(9,7,7,7,7,7,7,
    7,7,9),(0.,0.260305940668,0.383445805803,0.448800047808,
    0.500699824421,0.540205824759,0.586149128639,0.648321078266,
    0.795978765553,1.),.UNSPECIFIED.);
#1272 = CARTESIAN_POINT('',(0.457026150352,5.));
#1273 = CARTESIAN_POINT('',(0.469046226527,5.057863914509));
#1274 = CARTESIAN_POINT('',(0.481515707523,5.115586673372));
#1275 = CARTESIAN_POINT('',(0.494499380361,5.173166995758));
#1276 = CARTESIAN_POINT('',(0.508081276449,5.230582308299));
#1277 = CARTESIAN_POINT('',(0.522356044026,5.28779250765));
#1278 = CARTESIAN_POINT('',(0.537477034655,5.344722706268));
#1279 = CARTESIAN_POINT('',(0.553623432751,5.401275123628));
#1280 = CARTESIAN_POINT('',(0.579525285184,5.4837439914));
#1281 = CARTESIAN_POINT('',(0.58815806355,5.510079631348));
#1282 = CARTESIAN_POINT('',(0.597154938163,5.53626201248));
#1283 = CARTESIAN_POINT('',(0.606568202756,5.562269834795));
#1284 = CARTESIAN_POINT('',(0.616471481381,5.588054301506));
#1285 = CARTESIAN_POINT('',(0.626952941631,5.613543133796));
#1286 = CARTESIAN_POINT('',(0.638132908812,5.6386320223));
#1287 = CARTESIAN_POINT('',(0.656689420422,5.676140903777));
#1288 = CARTESIAN_POINT('',(0.663375512222,5.688954337505));
#1289 = CARTESIAN_POINT('',(0.670359940026,5.70156956774));
#1290 = CARTESIAN_POINT('',(0.677688600552,5.713954603182));
#1291 = CARTESIAN_POINT('',(0.685416556998,5.726042120012));
#1292 = CARTESIAN_POINT('',(0.693604916906,5.737732830244));
#1293 = CARTESIAN_POINT('',(0.702331004767,5.748887234578));
#1294 = CARTESIAN_POINT('',(0.719207717016,5.767534626794));
#1295 = CARTESIAN_POINT('',(0.727110939254,5.775312301928));
#1296 = CARTESIAN_POINT('',(0.735522776746,5.782505377643));
#1297 = CARTESIAN_POINT('',(0.744486003172,5.788888920551));
#1298 = CARTESIAN_POINT('',(0.754000613459,5.794162859833));
#1299 = CARTESIAN_POINT('',(0.764022131826,5.797958830493));
#1300 = CARTESIAN_POINT('',(0.774430355135,5.799924622747));
#1301 = CARTESIAN_POINT('',(0.79292333834,5.800054485592));
#1302 = CARTESIAN_POINT('',(0.800909316176,5.799013705461));
#1303 = CARTESIAN_POINT('',(0.808735935734,5.796879729508));
#1304 = CARTESIAN_POINT('',(0.816311853325,5.793770603508));
#1305 = CARTESIAN_POINT('',(0.82358704187,5.789848917439));
#1306 = CARTESIAN_POINT('',(0.830539140098,5.785274729842));
#1307 = CARTESIAN_POINT('',(0.837166073739,5.780181206477));
#1308 = CARTESIAN_POINT('',(0.85083345246,5.768267201266));
#1309 = CARTESIAN_POINT('',(0.857779657746,5.761287658929));
#1310 = CARTESIAN_POINT('',(0.864374663244,5.753866268905));
#1311 = CARTESIAN_POINT('',(0.870656043781,5.74610105692));
#1312 = CARTESIAN_POINT('',(0.876655172407,5.738064614725));
#1313 = CARTESIAN_POINT('',(0.882401779742,5.729809228979));
#1314 = CARTESIAN_POINT('',(0.88792575055,5.72136867606));
#1315 = CARTESIAN_POINT('',(0.900469435,5.701102657898));
#1316 = CARTESIAN_POINT('',(0.907314005775,5.68915858085));
#1317 = CARTESIAN_POINT('',(0.9138486859,5.67698755477));
#1318 = CARTESIAN_POINT('',(0.92011397647,5.664634720742));
#1319 = CARTESIAN_POINT('',(0.926140316197,5.652132945299));
#1320 = CARTESIAN_POINT('',(0.931953297563,5.639506361565));
#1321 = CARTESIAN_POINT('',(0.937575846624,5.626771764107));
#1322 = CARTESIAN_POINT('',(0.955974665261,5.583457472335));
#1323 = CARTESIAN_POINT('',(0.967942893909,5.552453711819));
#1324 = CARTESIAN_POINT('',(0.979182745362,5.521088563994));
#1325 = CARTESIAN_POINT('',(0.989820409278,5.489454273946));
#1326 = CARTESIAN_POINT('',(0.999947711932,5.457614810762));
#1327 = CARTESIAN_POINT('',(1.009640262579,5.425613589667));
#1328 = CARTESIAN_POINT('',(1.018951582548,5.393470454918));
#1329 = CARTESIAN_POINT('',(1.040338480211,5.316589738035));
#1330 = CARTESIAN_POINT('',(1.052103292842,5.271760389956));
#1331 = CARTESIAN_POINT('',(1.063341713601,5.226753806448));
#1332 = CARTESIAN_POINT('',(1.074131134404,5.181605365633));
#1333 = CARTESIAN_POINT('',(1.084527297138,5.136340259801));
#1334 = CARTESIAN_POINT('',(1.094575027724,5.090976831705));
#1335 = CARTESIAN_POINT('',(1.104312663865,5.045527889449));
#1336 = CARTESIAN_POINT('',(1.113770176443,5.));
#1337 = ( GEOMETRIC_REPRESENTATION_CONTEXT(2) 
PARAMETRIC_REPRESENTATION_CONTEXT() REPRESENTATION_CONTEXT('2D SPACE',''
  ) );
#1338 = PCURVE('',#488,#1339);
#1339 = DEFINITIONAL_REPRESENTATION('',(#1340),#1406);
#1340 = B_SPLINE_CURVE_WITH_KNOTS('',8,(#1341,#1342,#1343,#1344,#1345,
    #1346,#1347,#1348,#1349,#1350,#1351,#1352,#1353,#1354,#1355,#1356,
    #1357,#1358,#1359,#1360,#1361,#1362,#1363,#1364,#1365,#1366,#1367,
    #1368,#1369,#1370,#1371,#1372,#1373,#1374,#1375,#1376,#1377,#1378,
    #1379,#1380,#1381,#1382,#1383,#1384,#1385,#1386,#1387,#1388,#1389,
    #1390,#1391,#1392,#1393,#1394,#1395,#1396,#1397,#1398,#1399,#1400,
    #1401,#1402,#1403,#1404,#1405),.UNSPECIFIED.,.F.,.F.,(9,7,7,7,7,7,7,
    7,7,9),(0.,0.260305940668,0.383445805803,0.448800047808,
    0.500699824421,0.540205824759,0.586149128639,0.648321078266,
    0.795978765553,1.),.UNSPECIFIED.);
#1341 = CARTESIAN_POINT('',(-3.960427179432,3.970294178893E-13));
#1342 = CARTESIAN_POINT('',(-3.959261863079,-5.786391450864E-02));
#1343 = CARTESIAN_POINT('',(-3.958045743709,-0.115586673372));
#1344 = CARTESIAN_POINT('',(-3.956771924869,-0.173166995758));
#1345 = CARTESIAN_POINT('',(-3.955431445205,-0.230582308299));
#1346 = CARTESIAN_POINT('',(-3.954014182686,-0.28779250765));
#1347 = CARTESIAN_POINT('',(-3.952503818636,-0.344722706268));
#1348 = CARTESIAN_POINT('',(-3.950881272899,-0.401275123628));
#1349 = CARTESIAN_POINT('',(-3.948261809911,-0.4837439914));
#1350 = CARTESIAN_POINT('',(-3.947386459886,-0.510079631348));
#1351 = CARTESIAN_POINT('',(-3.946471777914,-0.53626201248));
#1352 = CARTESIAN_POINT('',(-3.945512243854,-0.562269834795));
#1353 = CARTESIAN_POINT('',(-3.944500086241,-0.588054301506));
#1354 = CARTESIAN_POINT('',(-3.943425994213,-0.613543133796));
#1355 = CARTESIAN_POINT('',(-3.942277280897,-0.6386320223));
#1356 = CARTESIAN_POINT('',(-3.940365441127,-0.676140903777));
#1357 = CARTESIAN_POINT('',(-3.939675703294,-0.688954337505));
#1358 = CARTESIAN_POINT('',(-3.938954278242,-0.70156956774));
#1359 = CARTESIAN_POINT('',(-3.938196350405,-0.713954603182));
#1360 = CARTESIAN_POINT('',(-3.937396134103,-0.726042120012));
#1361 = CARTESIAN_POINT('',(-3.936547205004,-0.737732830244));
#1362 = CARTESIAN_POINT('',(-3.93564144848,-0.748887234578));
#1363 = CARTESIAN_POINT('',(-3.933887666844,-0.767534626794));
#1364 = CARTESIAN_POINT('',(-3.933065733637,-0.775312301928));
#1365 = CARTESIAN_POINT('',(-3.932190247294,-0.782505377643));
#1366 = CARTESIAN_POINT('',(-3.931256720215,-0.788888920551));
#1367 = CARTESIAN_POINT('',(-3.93026513597,-0.794162859833));
#1368 = CARTESIAN_POINT('',(-3.929220211053,-0.797958830493));
#1369 = CARTESIAN_POINT('',(-3.928134698668,-0.799924622747));
#1370 = CARTESIAN_POINT('',(-3.92620598291,-0.800054485592));
#1371 = CARTESIAN_POINT('',(-3.925373084105,-0.799013705461));
#1372 = CARTESIAN_POINT('',(-3.924556911931,-0.796879729508));
#1373 = CARTESIAN_POINT('',(-3.923767094726,-0.793770603508));
#1374 = CARTESIAN_POINT('',(-3.923008917331,-0.789848917439));
#1375 = CARTESIAN_POINT('',(-3.922284738485,-0.785274729842));
#1376 = CARTESIAN_POINT('',(-3.92159477189,-0.780181206477));
#1377 = CARTESIAN_POINT('',(-3.920172547086,-0.768267201266));
#1378 = CARTESIAN_POINT('',(-3.91945022465,-0.761287658929));
#1379 = CARTESIAN_POINT('',(-3.918764934519,-0.753866268905));
#1380 = CARTESIAN_POINT('',(-3.918112743559,-0.74610105692));
#1381 = CARTESIAN_POINT('',(-3.917490359425,-0.738064614725));
#1382 = CARTESIAN_POINT('',(-3.916894661624,-0.729809228979));
#1383 = CARTESIAN_POINT('',(-3.91632251886,-0.72136867606));
#1384 = CARTESIAN_POINT('',(-3.915024414472,-0.701102657898));
#1385 = CARTESIAN_POINT('',(-3.914316981027,-0.68915858085));
#1386 = CARTESIAN_POINT('',(-3.913642425723,-0.67698755477));
#1387 = CARTESIAN_POINT('',(-3.912996494018,-0.664634720742));
#1388 = CARTESIAN_POINT('',(-3.912375983697,-0.652132945299));
#1389 = CARTESIAN_POINT('',(-3.911778201782,-0.639506361565));
#1390 = CARTESIAN_POINT('',(-3.911200738129,-0.626771764107));
#1391 = CARTESIAN_POINT('',(-3.909313503614,-0.583457472335));
#1392 = CARTESIAN_POINT('',(-3.908090039958,-0.552453711819));
#1393 = CARTESIAN_POINT('',(-3.906944799994,-0.521088563994));
#1394 = CARTESIAN_POINT('',(-3.905864453785,-0.489454273946));
#1395 = CARTESIAN_POINT('',(-3.904839284546,-0.457614810762));
#1396 = CARTESIAN_POINT('',(-3.903861293364,-0.425613589667));
#1397 = CARTESIAN_POINT('',(-3.90292481478,-0.393470454918));
#1398 = CARTESIAN_POINT('',(-3.900780823357,-0.316589738035));
#1399 = CARTESIAN_POINT('',(-3.89960722709,-0.271760389956));
#1400 = CARTESIAN_POINT('',(-3.898491534236,-0.226753806448));
#1401 = CARTESIAN_POINT('',(-3.897425513016,-0.181605365633));
#1402 = CARTESIAN_POINT('',(-3.896403216459,-0.136340259801));
#1403 = CARTESIAN_POINT('',(-3.895419855998,-9.097683170454E-02));
#1404 = CARTESIAN_POINT('',(-3.894471336758,-4.552788944891E-02));
#1405 = CARTESIAN_POINT('',(-3.893554454543,2.260619042388E-13));
#1406 = ( GEOMETRIC_REPRESENTATION_CONTEXT(2) 
PARAMETRIC_REPRESENTATION_CONTEXT() REPRESENTATION_CONTEXT('2D SPACE',''
  ) );
#1407 = ADVANCED_FACE('',(#1408),#326,.F.);
#1408 = FACE_BOUND('',#1409,.F.);
#1409 = EDGE_LOOP('',(#1410,#1411,#1432,#1433,#1434,#1435));
#1410 = ORIENTED_EDGE('',*,*,#740,.F.);
#1411 = ORIENTED_EDGE('',*,*,#1412,.F.);
#1412 = EDGE_CURVE('',#310,#741,#1413,.T.);
#1413 = SEAM_CURVE('',#1414,(#1418,#1425),.PCURVE_S1.);
#1414 = LINE('',#1415,#1416);
#1415 = CARTESIAN_POINT('',(14.427922061358,159.,9.272077938642));
#1416 = VECTOR('',#1417,1.);
#1417 = DIRECTION('',(0.,1.,1.110223024625E-16));
#1418 = PCURVE('',#326,#1419);
#1419 = DEFINITIONAL_REPRESENTATION('',(#1420),#1424);
#1420 = LINE('',#1421,#1422);
#1421 = CARTESIAN_POINT('',(6.28318530718,-0.));
#1422 = VECTOR('',#1423,1.);
#1423 = DIRECTION('',(0.,1.));
#1424 = ( GEOMETRIC_REPRESENTATION_CONTEXT(2) 
PARAMETRIC_REPRESENTATION_CONTEXT() REPRESENTATION_CONTEXT('2D SPACE',''
  ) );
#1425 = PCURVE('',#326,#1426);
#1426 = DEFINITIONAL_REPRESENTATION('',(#1427),#1431);
#1427 = LINE('',#1428,#1429);
#1428 = CARTESIAN_POINT('',(0.,-0.));
#1429 = VECTOR('',#1430,1.);
#1430 = DIRECTION('',(0.,1.));
#1431 = ( GEOMETRIC_REPRESENTATION_CONTEXT(2) 
PARAMETRIC_REPRESENTATION_CONTEXT() REPRESENTATION_CONTEXT('2D SPACE',''
  ) );
#1432 = ORIENTED_EDGE('',*,*,#309,.T.);
#1433 = ORIENTED_EDGE('',*,*,#1412,.T.);
#1434 = ORIENTED_EDGE('',*,*,#764,.F.);
#1435 = ORIENTED_EDGE('',*,*,#1436,.F.);
#1436 = EDGE_CURVE('',#717,#472,#1437,.T.);
#1437 = SURFACE_CURVE('',#1438,(#1507,#1579),.PCURVE_S1.);
#1438 = B_SPLINE_CURVE_WITH_KNOTS('',7,(#1439,#1440,#1441,#1442,#1443,
    #1444,#1445,#1446,#1447,#1448,#1449,#1450,#1451,#1452,#1453,#1454,
    #1455,#1456,#1457,#1458,#1459,#1460,#1461,#1462,#1463,#1464,#1465,
    #1466,#1467,#1468,#1469,#1470,#1471,#1472,#1473,#1474,#1475,#1476,
    #1477,#1478,#1479,#1480,#1481,#1482,#1483,#1484,#1485,#1486,#1487,
    #1488,#1489,#1490,#1491,#1492,#1493,#1494,#1495,#1496,#1497,#1498,
    #1499,#1500,#1501,#1502,#1503,#1504,#1505,#1506),.UNSPECIFIED.,.F.,
  .F.,(8,6,6,6,6,6,6,6,6,6,6,8),(0.,0.25307225981,0.376942276066,
    0.443201265812,0.472286754077,0.488583834695,0.514018489397,
    0.538794483116,0.568211909188,0.643315037575,0.786768003184,1.),
  .UNSPECIFIED.);
#1439 = CARTESIAN_POINT('',(11.20239515532,163.99999999999,
    10.022256356723));
#1440 = CARTESIAN_POINT('',(11.21243750065,164.06444232135,
    10.042677989272));
#1441 = CARTESIAN_POINT('',(11.223225410633,164.12870961851,
    10.063811048569));
#1442 = CARTESIAN_POINT('',(11.234881864987,164.19279448081,
    10.085777380428));
#1443 = CARTESIAN_POINT('',(11.247546332731,164.25666234421,
    10.108710943382));
#1444 = CARTESIAN_POINT('',(11.261463258511,164.32022492159,
    10.132842067528));
#1445 = CARTESIAN_POINT('',(11.276891046382,164.38336743055,
    10.158410820409));
#1446 = CARTESIAN_POINT('',(11.303171558126,164.47640445709,
    10.199625254411));
#1447 = CARTESIAN_POINT('',(11.312331589772,164.50679044637,
    10.213661381694));
#1448 = CARTESIAN_POINT('',(11.322106428808,164.53697956605,
    10.228279407014));
#1449 = CARTESIAN_POINT('',(11.332598055177,164.56693248544,
    10.243575026615));
#1450 = CARTESIAN_POINT('',(11.343972805267,164.59655517595,
    10.259699536669));
#1451 = CARTESIAN_POINT('',(11.356408809922,164.62572311127,
    10.27681115785));
#1452 = CARTESIAN_POINT('',(11.377826796111,164.66938740981,
    10.30522679068));
#1453 = CARTESIAN_POINT('',(11.385710019643,164.68436735881,
    10.315510371293));
#1454 = CARTESIAN_POINT('',(11.394095170077,164.69909818941,
    10.326255642179));
#1455 = CARTESIAN_POINT('',(11.4030699887,164.71352352647,10.33754132895
    ));
#1456 = CARTESIAN_POINT('',(11.412756793198,164.72752004102,
    10.349470017058));
#1457 = CARTESIAN_POINT('',(11.423284493405,164.74091913861,
    10.362143649475));
#1458 = CARTESIAN_POINT('',(11.44006035334,164.7588821722,
    10.381796079474));
#1459 = CARTESIAN_POINT('',(11.445389407307,164.76417837882,
    10.387973216147));
#1460 = CARTESIAN_POINT('',(11.450954289146,164.76926592099,
    10.394352727513));
#1461 = CARTESIAN_POINT('',(11.456777898187,164.77410457661,
    10.400951078187));
#1462 = CARTESIAN_POINT('',(11.46288095962,164.77863990406,
    10.407780283254));
#1463 = CARTESIAN_POINT('',(11.469281316297,164.78280412065,
    10.414847340975));
#1464 = CARTESIAN_POINT('',(11.479754011584,164.78859735809,
    10.426247520081));
#1465 = CARTESIAN_POINT('',(11.483611194298,164.79053522587,
    10.43041494472));
#1466 = CARTESIAN_POINT('',(11.48756550739,164.79231606428,
    10.434654355012));
#1467 = CARTESIAN_POINT('',(11.491615733047,164.79392342411,
    10.438961901328));
#1468 = CARTESIAN_POINT('',(11.495758026407,164.79534035675,
    10.44333102707));
#1469 = CARTESIAN_POINT('',(11.499985245047,164.7965508441,
    10.447752026932));
#1470 = CARTESIAN_POINT('',(11.510998848823,164.79908690883,
    10.459171614442));
#1471 = CARTESIAN_POINT('',(11.517904056983,164.80009979675,
    10.466238966281));
#1472 = CARTESIAN_POINT('',(11.524936422639,164.80051851825,
    10.473338360357));
#1473 = CARTESIAN_POINT('',(11.532030874516,164.80031798273,
    10.480400710768));
#1474 = CARTESIAN_POINT('',(11.539122466554,164.79950683511,
    10.487362454622));
#1475 = CARTESIAN_POINT('',(11.546146094072,164.79812490821,
    10.494164860621));
#1476 = CARTESIAN_POINT('',(11.559747897963,164.79440523653,
    10.507171198144));
#1477 = CARTESIAN_POINT('',(11.566343161858,164.79209012535,
    10.51339584094));
#1478 = CARTESIAN_POINT('',(11.572787543685,164.78934819625,
    10.519401264851));
#1479 = CARTESIAN_POINT('',(11.579062777268,164.78623961498,
    10.525178829867));
#1480 = CARTESIAN_POINT('',(11.585161868584,164.78282062206,
    10.530730540202));
#1481 = CARTESIAN_POINT('',(11.59108631485,164.77913738448,
    10.536065279579));
#1482 = CARTESIAN_POINT('',(11.603683504627,164.77057954399,
    10.547292260396));
#1483 = CARTESIAN_POINT('',(11.610284521547,164.7656137866,
    10.553098171408));
#1484 = CARTESIAN_POINT('',(11.616664766945,164.7603860169,
    10.558641321048));
#1485 = CARTESIAN_POINT('',(11.62283939101,164.75494290478,
    10.563944325903));
#1486 = CARTESIAN_POINT('',(11.628823299167,164.74932043478,
    10.569027848292));
#1487 = CARTESIAN_POINT('',(11.63463201101,164.7435449046,
    10.573911614642));
#1488 = CARTESIAN_POINT('',(11.654708351197,164.72254310068,
    10.590624354635));
#1489 = CARTESIAN_POINT('',(11.66807150514,164.70660222665,
    10.601434128989));
#1490 = CARTESIAN_POINT('',(11.680650076772,164.69011305304,
    10.611371114481));
#1491 = CARTESIAN_POINT('',(11.692557828059,164.67322880874,
    10.620573580701));
#1492 = CARTESIAN_POINT('',(11.703907044689,164.65606274595,
    10.629171932547));
#1493 = CARTESIAN_POINT('',(11.714778481948,164.63866515632,
    10.63725496679));
#1494 = CARTESIAN_POINT('',(11.745259143996,164.58739559938,
    10.659517077651));
#1495 = CARTESIAN_POINT('',(11.763753365668,164.55304509718,
    10.672503264244));
#1496 = CARTESIAN_POINT('',(11.781189032121,164.5182546394,
    10.684358627723));
#1497 = CARTESIAN_POINT('',(11.797738177841,164.48314426945,
    10.695274393381));
#1498 = CARTESIAN_POINT('',(11.813564433601,164.44780489448,
    10.705428731599));
#1499 = CARTESIAN_POINT('',(11.828769328054,164.41227423691,
    10.71492919587));
#1500 = CARTESIAN_POINT('',(11.865263856305,164.32347658553,
    10.737162737957));
#1501 = CARTESIAN_POINT('',(11.885894149016,164.27003925427,
    10.749206909116));
#1502 = CARTESIAN_POINT('',(11.905609543203,164.21635063048,
    10.760291691614));
#1503 = CARTESIAN_POINT('',(11.924552030898,164.16246882838,
    10.770568358698));
#1504 = CARTESIAN_POINT('',(11.942836192031,164.10843581641,
    10.780158195117));
#1505 = CARTESIAN_POINT('',(11.960543809001,164.05427564348,
    10.789146819838));
#1506 = CARTESIAN_POINT('',(11.977743643277,163.99999999999,
    10.79760484468));
#1507 = PCURVE('',#326,#1508);
#1508 = DEFINITIONAL_REPRESENTATION('',(#1509),#1578);
#1509 = B_SPLINE_CURVE_WITH_KNOTS('',7,(#1510,#1511,#1512,#1513,#1514,
    #1515,#1516,#1517,#1518,#1519,#1520,#1521,#1522,#1523,#1524,#1525,
    #1526,#1527,#1528,#1529,#1530,#1531,#1532,#1533,#1534,#1535,#1536,
    #1537,#1538,#1539,#1540,#1541,#1542,#1543,#1544,#1545,#1546,#1547,
    #1548,#1549,#1550,#1551,#1552,#1553,#1554,#1555,#1556,#1557,#1558,
    #1559,#1560,#1561,#1562,#1563,#1564,#1565,#1566,#1567,#1568,#1569,
    #1570,#1571,#1572,#1573,#1574,#1575,#1576,#1577),.UNSPECIFIED.,.F.,
  .F.,(8,6,6,6,6,6,6,6,6,6,6,8),(0.,0.25307225981,0.376942276066,
    0.443201265812,0.472286754077,0.488583834695,0.514018489397,
    0.538794483116,0.568211909188,0.643315037575,0.786768003184,1.),
  .UNSPECIFIED.);
#1510 = CARTESIAN_POINT('',(3.598618803942,4.999999999999));
#1511 = CARTESIAN_POINT('',(3.612005413164,5.064442321357));
#1512 = CARTESIAN_POINT('',(3.62596106004,5.128709618512));
#1513 = CARTESIAN_POINT('',(3.640586116288,5.192794480812));
#1514 = CARTESIAN_POINT('',(3.6559922113,5.25666234421));
#1515 = CARTESIAN_POINT('',(3.672373854181,5.320224921597));
#1516 = CARTESIAN_POINT('',(3.689934761535,5.383367430558));
#1517 = CARTESIAN_POINT('',(3.71868794621,5.476404457097));
#1518 = CARTESIAN_POINT('',(3.728546587342,5.506790446374));
#1519 = CARTESIAN_POINT('',(3.738889714594,5.536979566058));
#1520 = CARTESIAN_POINT('',(3.749798743574,5.566932485449));
#1521 = CARTESIAN_POINT('',(3.761404628468,5.596555175953));
#1522 = CARTESIAN_POINT('',(3.773845857802,5.625723111275));
#1523 = CARTESIAN_POINT('',(3.794777269285,5.669387409819));
#1524 = CARTESIAN_POINT('',(3.80239908234,5.684367358818));
#1525 = CARTESIAN_POINT('',(3.810416138803,5.69909818941));
#1526 = CARTESIAN_POINT('',(3.818897302426,5.713523526474));
#1527 = CARTESIAN_POINT('',(3.827935579682,5.727520041021));
#1528 = CARTESIAN_POINT('',(3.837626380945,5.740919138615));
#1529 = CARTESIAN_POINT('',(3.85282571941,5.758882172202));
#1530 = CARTESIAN_POINT('',(3.857624580736,5.764178378823));
#1531 = CARTESIAN_POINT('',(3.862604212445,5.769265920999));
#1532 = CARTESIAN_POINT('',(3.867780939494,5.774104576616));
#1533 = CARTESIAN_POINT('',(3.873168344013,5.778639904067));
#1534 = CARTESIAN_POINT('',(3.878776769226,5.782804120653));
#1535 = CARTESIAN_POINT('',(3.887882861149,5.788597358092));
#1536 = CARTESIAN_POINT('',(3.891223128385,5.79053522587));
#1537 = CARTESIAN_POINT('',(3.894633288545,5.792316064284));
#1538 = CARTESIAN_POINT('',(3.898111258921,5.793923424111));
#1539 = CARTESIAN_POINT('',(3.901652749819,5.795340356759));
#1540 = CARTESIAN_POINT('',(3.905250803724,5.796550844103));
#1541 = CARTESIAN_POINT('',(3.91458330909,5.799086908839));
#1542 = CARTESIAN_POINT('',(3.920395395798,5.800099796752));
#1543 = CARTESIAN_POINT('',(3.926273276832,5.800518518256));
#1544 = CARTESIAN_POINT('',(3.932161486902,5.800317982734));
#1545 = CARTESIAN_POINT('',(3.938006935132,5.79950683511));
#1546 = CARTESIAN_POINT('',(3.943758426999,5.798124908213));
#1547 = CARTESIAN_POINT('',(3.954828725877,5.794405236539));
#1548 = CARTESIAN_POINT('',(3.960163218062,5.79209012535));
#1549 = CARTESIAN_POINT('',(3.965344710629,5.789348196254));
#1550 = CARTESIAN_POINT('',(3.970362131143,5.786239614983));
#1551 = CARTESIAN_POINT('',(3.975213457524,5.782820622065));
#1552 = CARTESIAN_POINT('',(3.979903018584,5.779137384487));
#1553 = CARTESIAN_POINT('',(3.989828942988,5.770579543991));
#1554 = CARTESIAN_POINT('',(3.995000021048,5.765613786608));
#1555 = CARTESIAN_POINT('',(3.999971563414,5.760386016905));
#1556 = CARTESIAN_POINT('',(4.004759242665,5.754942904784));
#1557 = CARTESIAN_POINT('',(4.009377798712,5.749320434788));
#1558 = CARTESIAN_POINT('',(4.013841838273,5.743544904604));
#1559 = CARTESIAN_POINT('',(4.029207903357,5.722543100682));
#1560 = CARTESIAN_POINT('',(4.039317456147,5.706602226651));
#1561 = CARTESIAN_POINT('',(4.048746016385,5.690113053047));
#1562 = CARTESIAN_POINT('',(4.057597676735,5.673228808749));
#1563 = CARTESIAN_POINT('',(4.065972753134,5.656062745954));
#1564 = CARTESIAN_POINT('',(4.073941335249,5.638665156327));
#1565 = CARTESIAN_POINT('',(4.096144177572,5.587395599388));
#1566 = CARTESIAN_POINT('',(4.109434918734,5.553045097183));
#1567 = CARTESIAN_POINT('',(4.121835484365,5.518254639401));
#1568 = CARTESIAN_POINT('',(4.133495268934,5.483144269457));
#1569 = CARTESIAN_POINT('',(4.144555046579,5.447804894487));
#1570 = CARTESIAN_POINT('',(4.155100809281,5.41227423691));
#1571 = CARTESIAN_POINT('',(4.180238361567,5.323476585532));
#1572 = CARTESIAN_POINT('',(4.194288084886,5.270039254272));
#1573 = CARTESIAN_POINT('',(4.207590108945,5.216350630482));
#1574 = CARTESIAN_POINT('',(4.220264474885,5.162468828383));
#1575 = CARTESIAN_POINT('',(4.232407694397,5.108435816419));
#1576 = CARTESIAN_POINT('',(4.24408814572,5.054275643488));
#1577 = CARTESIAN_POINT('',(4.255362830033,4.999999999999));
#1578 = ( GEOMETRIC_REPRESENTATION_CONTEXT(2) 
PARAMETRIC_REPRESENTATION_CONTEXT() REPRESENTATION_CONTEXT('2D SPACE',''
  ) );
#1579 = PCURVE('',#488,#1580);
#1580 = DEFINITIONAL_REPRESENTATION('',(#1581),#1650);
#1581 = B_SPLINE_CURVE_WITH_KNOTS('',7,(#1582,#1583,#1584,#1585,#1586,
    #1587,#1588,#1589,#1590,#1591,#1592,#1593,#1594,#1595,#1596,#1597,
    #1598,#1599,#1600,#1601,#1602,#1603,#1604,#1605,#1606,#1607,#1608,
    #1609,#1610,#1611,#1612,#1613,#1614,#1615,#1616,#1617,#1618,#1619,
    #1620,#1621,#1622,#1623,#1624,#1625,#1626,#1627,#1628,#1629,#1630,
    #1631,#1632,#1633,#1634,#1635,#1636,#1637,#1638,#1639,#1640,#1641,
    #1642,#1643,#1644,#1645,#1646,#1647,#1648,#1649),.UNSPECIFIED.,.F.,
  .F.,(8,6,6,6,6,6,6,6,6,6,6,8),(0.,0.25307225981,0.376942276066,
    0.443201265812,0.472286754077,0.488583834695,0.514018489397,
    0.538794483116,0.568211909188,0.643315037575,0.786768003184,1.),
  .UNSPECIFIED.);
#1582 = CARTESIAN_POINT('',(-0.818834525842,9.374791541352E-13));
#1583 = CARTESIAN_POINT('',(-0.817536727524,-6.444232135657E-02));
#1584 = CARTESIAN_POINT('',(-0.816174608084,-0.128709618512));
#1585 = CARTESIAN_POINT('',(-0.814737484089,-0.192794480812));
#1586 = CARTESIAN_POINT('',(-0.813213409184,-0.25666234421));
#1587 = CARTESIAN_POINT('',(-0.811581671303,-0.320224921597));
#1588 = CARTESIAN_POINT('',(-0.809820506281,-0.383367430558));
#1589 = CARTESIAN_POINT('',(-0.806915708609,-0.476404457097));
#1590 = CARTESIAN_POINT('',(-0.80591663957,-0.506790446374));
#1591 = CARTESIAN_POINT('',(-0.804865217526,-0.536979566058));
#1592 = CARTESIAN_POINT('',(-0.803752837017,-0.566932485449));
#1593 = CARTESIAN_POINT('',(-0.802565676199,-0.596555175953));
#1594 = CARTESIAN_POINT('',(-0.801289092057,-0.625723111275));
#1595 = CARTESIAN_POINT('',(-0.799134304781,-0.669387409819));
#1596 = CARTESIAN_POINT('',(-0.798348480089,-0.684367358818));
#1597 = CARTESIAN_POINT('',(-0.797520662447,-0.69909818941));
#1598 = CARTESIAN_POINT('',(-0.796643616789,-0.713523526474));
#1599 = CARTESIAN_POINT('',(-0.795707567286,-0.727520041021));
#1600 = CARTESIAN_POINT('',(-0.794702477431,-0.740919138615));
#1601 = CARTESIAN_POINT('',(-0.793123831144,-0.758882172202));
#1602 = CARTESIAN_POINT('',(-0.792625133297,-0.764178378823));
#1603 = CARTESIAN_POINT('',(-0.792107373893,-0.769265920999));
#1604 = CARTESIAN_POINT('',(-0.791568843555,-0.774104576616));
#1605 = CARTESIAN_POINT('',(-0.791008120673,-0.778639904067));
#1606 = CARTESIAN_POINT('',(-0.790424127945,-0.782804120653));
#1607 = CARTESIAN_POINT('',(-0.789475550602,-0.788597358092));
#1608 = CARTESIAN_POINT('',(-0.789127523013,-0.79053522587));
#1609 = CARTESIAN_POINT('',(-0.788772143352,-0.792316064284));
#1610 = CARTESIAN_POINT('',(-0.788409632315,-0.793923424111));
#1611 = CARTESIAN_POINT('',(-0.788040442404,-0.795340356759));
#1612 = CARTESIAN_POINT('',(-0.787665306235,-0.796550844103));
#1613 = CARTESIAN_POINT('',(-0.786692190124,-0.799086908839));
#1614 = CARTESIAN_POINT('',(-0.786086058868,-0.800099796752));
#1615 = CARTESIAN_POINT('',(-0.785473006602,-0.800518518256));
#1616 = CARTESIAN_POINT('',(-0.784858864922,-0.800317982734));
#1617 = CARTESIAN_POINT('',(-0.784249221278,-0.79950683511));
#1618 = CARTESIAN_POINT('',(-0.783649458746,-0.798124908213));
#1619 = CARTESIAN_POINT('',(-0.782495273399,-0.794405236539));
#1620 = CARTESIAN_POINT('',(-0.781939209551,-0.79209012535));
#1621 = CARTESIAN_POINT('',(-0.781399233828,-0.789348196254));
#1622 = CARTESIAN_POINT('',(-0.780876517577,-0.786239614983));
#1623 = CARTESIAN_POINT('',(-0.780371279097,-0.782820622065));
#1624 = CARTESIAN_POINT('',(-0.779883068405,-0.779137384487));
#1625 = CARTESIAN_POINT('',(-0.778850127868,-0.770579543991));
#1626 = CARTESIAN_POINT('',(-0.778312270585,-0.765613786608));
#1627 = CARTESIAN_POINT('',(-0.777795444501,-0.760386016905));
#1628 = CARTESIAN_POINT('',(-0.777298009943,-0.754942904784));
#1629 = CARTESIAN_POINT('',(-0.776818422005,-0.749320434788));
#1630 = CARTESIAN_POINT('',(-0.776355149761,-0.743544904604));
#1631 = CARTESIAN_POINT('',(-0.774761429676,-0.722543100682));
#1632 = CARTESIAN_POINT('',(-0.773714697521,-0.706602226651));
#1633 = CARTESIAN_POINT('',(-0.772740152231,-0.690113053047));
#1634 = CARTESIAN_POINT('',(-0.771826833931,-0.673228808749));
#1635 = CARTESIAN_POINT('',(-0.770964191893,-0.656062745954));
#1636 = CARTESIAN_POINT('',(-0.770144855059,-0.638665156327));
#1637 = CARTESIAN_POINT('',(-0.767865970977,-0.587395599388));
#1638 = CARTESIAN_POINT('',(-0.766507098844,-0.553045097183));
#1639 = CARTESIAN_POINT('',(-0.765243891398,-0.518254639401));
#1640 = CARTESIAN_POINT('',(-0.764060527321,-0.483144269457));
#1641 = CARTESIAN_POINT('',(-0.762942127294,-0.447804894487));
#1642 = CARTESIAN_POINT('',(-0.761879584358,-0.41227423691));
#1643 = CARTESIAN_POINT('',(-0.759356051977,-0.323476585532));
#1644 = CARTESIAN_POINT('',(-0.757954157031,-0.270039254272));
#1645 = CARTESIAN_POINT('',(-0.756634588051,-0.216350630482));
#1646 = CARTESIAN_POINT('',(-0.755384547334,-0.162468828383));
#1647 = CARTESIAN_POINT('',(-0.754193739972,-0.108435816419));
#1648 = CARTESIAN_POINT('',(-0.753054853427,-5.427564348834E-02));
#1649 = CARTESIAN_POINT('',(-0.751961800953,7.944960928468E-13));
#1650 = ( GEOMETRIC_REPRESENTATION_CONTEXT(2) 
PARAMETRIC_REPRESENTATION_CONTEXT() REPRESENTATION_CONTEXT('2D SPACE',''
  ) );
#1651 = ADVANCED_FACE('',(#1652),#357,.F.);
#1652 = FACE_BOUND('',#1653,.F.);
#1653 = EDGE_LOOP('',(#1654,#1655,#1676,#1677,#1678,#1679));
#1654 = ORIENTED_EDGE('',*,*,#524,.F.);
#1655 = ORIENTED_EDGE('',*,*,#1656,.F.);
#1656 = EDGE_CURVE('',#341,#525,#1657,.T.);
#1657 = SEAM_CURVE('',#1658,(#1662,#1669),.PCURVE_S1.);
#1658 = LINE('',#1659,#1660);
#1659 = CARTESIAN_POINT('',(14.427922061358,159.,34.727922061358));
#1660 = VECTOR('',#1661,1.);
#1661 = DIRECTION('',(0.,1.,1.110223024625E-16));
#1662 = PCURVE('',#357,#1663);
#1663 = DEFINITIONAL_REPRESENTATION('',(#1664),#1668);
#1664 = LINE('',#1665,#1666);
#1665 = CARTESIAN_POINT('',(6.28318530718,-0.));
#1666 = VECTOR('',#1667,1.);
#1667 = DIRECTION('',(0.,1.));
#1668 = ( GEOMETRIC_REPRESENTATION_CONTEXT(2) 
PARAMETRIC_REPRESENTATION_CONTEXT() REPRESENTATION_CONTEXT('2D SPACE',''
  ) );
#1669 = PCURVE('',#357,#1670);
#1670 = DEFINITIONAL_REPRESENTATION('',(#1671),#1675);
#1671 = LINE('',#1672,#1673);
#1672 = CARTESIAN_POINT('',(0.,-0.));
#1673 = VECTOR('',#1674,1.);
#1674 = DIRECTION('',(0.,1.));
#1675 = ( GEOMETRIC_REPRESENTATION_CONTEXT(2) 
PARAMETRIC_REPRESENTATION_CONTEXT() REPRESENTATION_CONTEXT('2D SPACE',''
  ) );
#1676 = ORIENTED_EDGE('',*,*,#340,.T.);
#1677 = ORIENTED_EDGE('',*,*,#1656,.T.);
#1678 = ORIENTED_EDGE('',*,*,#548,.F.);
#1679 = ORIENTED_EDGE('',*,*,#1680,.F.);
#1680 = EDGE_CURVE('',#501,#549,#1681,.T.);
#1681 = SURFACE_CURVE('',#1682,(#1739,#1799),.PCURVE_S1.);
#1682 = B_SPLINE_CURVE_WITH_KNOTS('',7,(#1683,#1684,#1685,#1686,#1687,
    #1688,#1689,#1690,#1691,#1692,#1693,#1694,#1695,#1696,#1697,#1698,
    #1699,#1700,#1701,#1702,#1703,#1704,#1705,#1706,#1707,#1708,#1709,
    #1710,#1711,#1712,#1713,#1714,#1715,#1716,#1717,#1718,#1719,#1720,
    #1721,#1722,#1723,#1724,#1725,#1726,#1727,#1728,#1729,#1730,#1731,
    #1732,#1733,#1734,#1735,#1736,#1737,#1738),.UNSPECIFIED.,.F.,.F.,(8,
    6,6,6,6,6,6,6,6,8),(0.,0.254216933165,0.378923325572,0.443876605884,
    0.488595296239,0.522589052944,0.567896063611,0.64384866163,
    0.786973341785,1.),.UNSPECIFIED.);
#1683 = CARTESIAN_POINT('',(11.977743643277,164.,33.20239515532));
#1684 = CARTESIAN_POINT('',(11.957235114219,164.0647165312,
    33.21248023204));
#1685 = CARTESIAN_POINT('',(11.936009275015,164.1292560496,
    33.223317127837));
#1686 = CARTESIAN_POINT('',(11.913942435328,164.19361149111,
    33.235030610146));
#1687 = CARTESIAN_POINT('',(11.890899179667,164.25774814259,
    33.2477616285));
#1688 = CARTESIAN_POINT('',(11.866644735437,164.32157590795,
    33.261759359571));
#1689 = CARTESIAN_POINT('',(11.840936522881,164.38497813626,
    33.277285018263));
#1690 = CARTESIAN_POINT('',(11.799436395755,164.47845219745,
    33.303781285372));
#1691 = CARTESIAN_POINT('',(11.785277031083,164.50902203209,
    33.313035130687));
#1692 = CARTESIAN_POINT('',(11.770523223434,164.53939036037,
    33.322917087663));
#1693 = CARTESIAN_POINT('',(11.755076499761,164.56951718349,
    33.333532019636));
#1694 = CARTESIAN_POINT('',(11.738778786748,164.59930356844,
    33.34505382508));
#1695 = CARTESIAN_POINT('',(11.721467987346,164.62861951986,
    33.357665385839));
#1696 = CARTESIAN_POINT('',(11.692935098444,164.67205938158,
    33.379236756988));
#1697 = CARTESIAN_POINT('',(11.682789362127,164.6867025127,
    33.387036154195));
#1698 = CARTESIAN_POINT('',(11.672191320269,164.70109865475,
    33.395327737429));
#1699 = CARTESIAN_POINT('',(11.661064509073,164.71519178038,
    33.404196930698));
#1700 = CARTESIAN_POINT('',(11.649310473827,164.72886177929,
    33.413761405855));
#1701 = CARTESIAN_POINT('',(11.636830446741,164.74194397079,
    33.4241462717));
#1702 = CARTESIAN_POINT('',(11.614150678476,164.76252248553,
    33.443530649557));
#1703 = CARTESIAN_POINT('',(11.604482364696,164.77046113084,
    33.451927789941));
#1704 = CARTESIAN_POINT('',(11.594295322205,164.77787997363,
    33.460926980151));
#1705 = CARTESIAN_POINT('',(11.583531956803,164.78459473868,
    33.470615300775));
#1706 = CARTESIAN_POINT('',(11.572186669386,164.79033613478,
    33.48104143649));
#1707 = CARTESIAN_POINT('',(11.560299777609,164.79473099632,
    33.492224769466));
#1708 = CARTESIAN_POINT('',(11.538735156359,164.79957528608,
    33.513013896424));
#1709 = CARTESIAN_POINT('',(11.529210129556,164.80071905646,
    33.522355830804));
#1710 = CARTESIAN_POINT('',(11.519682379468,164.8007528343,
    33.531878174109));
#1711 = CARTESIAN_POINT('',(11.510316803552,164.7996542868,
    33.541419602724));
#1712 = CARTESIAN_POINT('',(11.501241604552,164.79750666456,
    33.550838594336));
#1713 = CARTESIAN_POINT('',(11.492555830741,164.79446507139,
    33.56001128371));
#1714 = CARTESIAN_POINT('',(11.473382714958,164.78573493237,
    33.580582029339));
#1715 = CARTESIAN_POINT('',(11.463209621914,164.77947995807,
    33.591756532429));
#1716 = CARTESIAN_POINT('',(11.45376836765,164.77228420477,
    33.602349877115));
#1717 = CARTESIAN_POINT('',(11.444991498512,164.76441064003,
    33.612387447476));
#1718 = CARTESIAN_POINT('',(11.436802423523,164.75604737274,
    33.621915737895));
#1719 = CARTESIAN_POINT('',(11.42911858391,164.74730399777,
    33.630999771515));
#1720 = CARTESIAN_POINT('',(11.409661599604,164.72298014114,
    33.654352390897));
#1721 = CARTESIAN_POINT('',(11.398710099276,164.70686561452,
    33.667885077391));
#1722 = CARTESIAN_POINT('',(11.388652655592,164.69018836653,
    33.680614232329));
#1723 = CARTESIAN_POINT('',(11.379347429323,164.67310693903,
    33.692656337587));
#1724 = CARTESIAN_POINT('',(11.370659061358,164.65573899306,
    33.70412792747));
#1725 = CARTESIAN_POINT('',(11.362496268188,164.63813559117,
    33.715112120828));
#1726 = CARTESIAN_POINT('',(11.340222347807,164.5867111754,
    33.745629463115));
#1727 = CARTESIAN_POINT('',(11.327282344968,164.55242375884,
    33.764067414138));
#1728 = CARTESIAN_POINT('',(11.315465683329,164.51769992335,
    33.781453718495));
#1729 = CARTESIAN_POINT('',(11.304582422406,164.48265847972,
    33.797959322966));
#1730 = CARTESIAN_POINT('',(11.294456346712,164.44738924185,
    33.813746078389));
#1731 = CARTESIAN_POINT('',(11.28498063429,164.41192977688,
    33.828914806642));
#1732 = CARTESIAN_POINT('',(11.262784364661,164.32324185466,
    33.865354469443));
#1733 = CARTESIAN_POINT('',(11.250752518801,164.26984273114,
    33.88596631282));
#1734 = CARTESIAN_POINT('',(11.239678221928,164.21619285523,
    33.9056650047));
#1735 = CARTESIAN_POINT('',(11.229410580127,164.16235016825,
    33.924592185401));
#1736 = CARTESIAN_POINT('',(11.219828644624,164.10835651593,
    33.942862118504));
#1737 = CARTESIAN_POINT('',(11.210846986447,164.05423589805,
    33.960556404243));
#1738 = CARTESIAN_POINT('',(11.20239515532,164.,33.977743643277));
#1739 = PCURVE('',#357,#1740);
#1740 = DEFINITIONAL_REPRESENTATION('',(#1741),#1798);
#1741 = B_SPLINE_CURVE_WITH_KNOTS('',7,(#1742,#1743,#1744,#1745,#1746,
    #1747,#1748,#1749,#1750,#1751,#1752,#1753,#1754,#1755,#1756,#1757,
    #1758,#1759,#1760,#1761,#1762,#1763,#1764,#1765,#1766,#1767,#1768,
    #1769,#1770,#1771,#1772,#1773,#1774,#1775,#1776,#1777,#1778,#1779,
    #1780,#1781,#1782,#1783,#1784,#1785,#1786,#1787,#1788,#1789,#1790,
    #1791,#1792,#1793,#1794,#1795,#1796,#1797),.UNSPECIFIED.,.F.,.F.,(8,
    6,6,6,6,6,6,6,6,8),(0.,0.254216933165,0.378923325572,0.443876605884,
    0.488595296239,0.522589052944,0.567896063611,0.64384866163,
    0.786973341785,1.),.UNSPECIFIED.);
#1742 = CARTESIAN_POINT('',(2.027822477147,5.));
#1743 = CARTESIAN_POINT('',(2.041266048006,5.064716531205));
#1744 = CARTESIAN_POINT('',(2.055283384184,5.129256049606));
#1745 = CARTESIAN_POINT('',(2.06997635553,5.19361149111));
#1746 = CARTESIAN_POINT('',(2.085457787136,5.257748142593));
#1747 = CARTESIAN_POINT('',(2.101925956009,5.321575907952));
#1748 = CARTESIAN_POINT('',(2.11958673646,5.384978136265));
#1749 = CARTESIAN_POINT('',(2.148549860146,5.478452197456));
#1750 = CARTESIAN_POINT('',(2.158499356134,5.509022032096));
#1751 = CARTESIAN_POINT('',(2.168943881995,5.539390360373));
#1752 = CARTESIAN_POINT('',(2.179967186645,5.56951718349));
#1753 = CARTESIAN_POINT('',(2.191706146266,5.599303568447));
#1754 = CARTESIAN_POINT('',(2.204302786481,5.628619519864));
#1755 = CARTESIAN_POINT('',(2.22534360858,5.672059381586));
#1756 = CARTESIAN_POINT('',(2.232871086346,5.686702512709));
#1757 = CARTESIAN_POINT('',(2.240786028188,5.701098654759));
#1758 = CARTESIAN_POINT('',(2.249155407752,5.715191780389));
#1759 = CARTESIAN_POINT('',(2.25806860562,5.728861779293));
#1760 = CARTESIAN_POINT('',(2.267618161853,5.74194397079));
#1761 = CARTESIAN_POINT('',(2.285168149712,5.762522485533));
#1762 = CARTESIAN_POINT('',(2.292700732326,5.770461130841));
#1763 = CARTESIAN_POINT('',(2.300695952846,5.777879973631));
#1764 = CARTESIAN_POINT('',(2.309213776844,5.784594738681));
#1765 = CARTESIAN_POINT('',(2.318276623127,5.790336134788));
#1766 = CARTESIAN_POINT('',(2.327876319381,5.794730996324));
#1767 = CARTESIAN_POINT('',(2.345496108992,5.799575286089));
#1768 = CARTESIAN_POINT('',(2.353343793783,5.800719056465));
#1769 = CARTESIAN_POINT('',(2.361267047522,5.800752834304));
#1770 = CARTESIAN_POINT('',(2.369131037453,5.799654286802));
#1771 = CARTESIAN_POINT('',(2.37682443084,5.797506664565));
#1772 = CARTESIAN_POINT('',(2.384255117942,5.794465071395));
#1773 = CARTESIAN_POINT('',(2.400796603427,5.785734932373));
#1774 = CARTESIAN_POINT('',(2.409685185734,5.77947995808));
#1775 = CARTESIAN_POINT('',(2.418031554731,5.772284204771));
#1776 = CARTESIAN_POINT('',(2.425874317276,5.764410640035));
#1777 = CARTESIAN_POINT('',(2.433264416486,5.756047372745));
#1778 = CARTESIAN_POINT('',(2.44026301229,5.747303997774));
#1779 = CARTESIAN_POINT('',(2.458143034103,5.722980141148));
#1780 = CARTESIAN_POINT('',(2.468382507468,5.706865614525));
#1781 = CARTESIAN_POINT('',(2.477924468076,5.69018836653));
#1782 = CARTESIAN_POINT('',(2.486875595348,5.673106939034));
#1783 = CARTESIAN_POINT('',(2.495340009035,5.655738993063));
#1784 = CARTESIAN_POINT('',(2.503389803065,5.638135591171));
#1785 = CARTESIAN_POINT('',(2.525614167865,5.586711175403));
#1786 = CARTESIAN_POINT('',(2.538862234975,5.552423758845));
#1787 = CARTESIAN_POINT('',(2.551226003784,5.517699923354));
#1788 = CARTESIAN_POINT('',(2.562853897429,5.482658479725));
#1789 = CARTESIAN_POINT('',(2.57388514932,5.447389241859));
#1790 = CARTESIAN_POINT('',(2.584405159902,5.41192977688));
#1791 = CARTESIAN_POINT('',(2.609503743455,5.323241854669));
#1792 = CARTESIAN_POINT('',(2.62354044688,5.269842731148));
#1793 = CARTESIAN_POINT('',(2.636830890495,5.216192855236));
#1794 = CARTESIAN_POINT('',(2.649494816496,5.162350168258));
#1795 = CARTESIAN_POINT('',(2.661628469321,5.108356515934));
#1796 = CARTESIAN_POINT('',(2.673300075247,5.054235898056));
#1797 = CARTESIAN_POINT('',(2.684566503238,5.));
#1798 = ( GEOMETRIC_REPRESENTATION_CONTEXT(2) 
PARAMETRIC_REPRESENTATION_CONTEXT() REPRESENTATION_CONTEXT('2D SPACE',''
  ) );
#1799 = PCURVE('',#488,#1800);
#1800 = DEFINITIONAL_REPRESENTATION('',(#1801),#1858);
#1801 = B_SPLINE_CURVE_WITH_KNOTS('',7,(#1802,#1803,#1804,#1805,#1806,
    #1807,#1808,#1809,#1810,#1811,#1812,#1813,#1814,#1815,#1816,#1817,
    #1818,#1819,#1820,#1821,#1822,#1823,#1824,#1825,#1826,#1827,#1828,
    #1829,#1830,#1831,#1832,#1833,#1834,#1835,#1836,#1837,#1838,#1839,
    #1840,#1841,#1842,#1843,#1844,#1845,#1846,#1847,#1848,#1849,#1850,
    #1851,#1852,#1853,#1854,#1855,#1856,#1857),.UNSPECIFIED.,.F.,.F.,(8,
    6,6,6,6,6,6,6,6,8),(0.,0.254216933165,0.378923325572,0.443876605884,
    0.488595296239,0.522589052944,0.567896063611,0.64384866163,
    0.786973341785,1.),.UNSPECIFIED.);
#1802 = CARTESIAN_POINT('',(-5.531223506227,2.260619042388E-13));
#1803 = CARTESIAN_POINT('',(-5.529920185621,-6.471653120491E-02));
#1804 = CARTESIAN_POINT('',(-5.528552007645,-0.129256049606));
#1805 = CARTESIAN_POINT('',(-5.527108130692,-0.19361149111));
#1806 = CARTESIAN_POINT('',(-5.525576479917,-0.257748142593));
#1807 = CARTESIAN_POINT('',(-5.523935943414,-0.321575907952));
#1808 = CARTESIAN_POINT('',(-5.522164523939,-0.384978136265));
#1809 = CARTESIAN_POINT('',(-5.519238022291,-0.478452197456));
#1810 = CARTESIAN_POINT('',(-5.518229557986,-0.509022032096));
#1811 = CARTESIAN_POINT('',(-5.517167612265,-0.539390360373));
#1812 = CARTESIAN_POINT('',(-5.51604333335,-0.56951718349));
#1813 = CARTESIAN_POINT('',(-5.514842275826,-0.599303568447));
#1814 = CARTESIAN_POINT('',(-5.513549420558,-0.628619519864));
#1815 = CARTESIAN_POINT('',(-5.511382784599,-0.672059381586));
#1816 = CARTESIAN_POINT('',(-5.51060650265,-0.686702512709));
#1817 = CARTESIAN_POINT('',(-5.509789063369,-0.701098654759));
#1818 = CARTESIAN_POINT('',(-5.508923430861,-0.715191780389));
#1819 = CARTESIAN_POINT('',(-5.50800021092,-0.728861779293));
#1820 = CARTESIAN_POINT('',(-5.507009670798,-0.74194397079));
#1821 = CARTESIAN_POINT('',(-5.505186760934,-0.762522485533));
#1822 = CARTESIAN_POINT('',(-5.50440370626,-0.770461130841));
#1823 = CARTESIAN_POINT('',(-5.503571908224,-0.777879973631));
#1824 = CARTESIAN_POINT('',(-5.502685083186,-0.784594738681));
#1825 = CARTESIAN_POINT('',(-5.501740870454,-0.790336134788));
#1826 = CARTESIAN_POINT('',(-5.500740196784,-0.794730996324));
#1827 = CARTESIAN_POINT('',(-5.498902961016,-0.799575286089));
#1828 = CARTESIAN_POINT('',(-5.498084499667,-0.800719056465));
#1829 = CARTESIAN_POINT('',(-5.497258072813,-0.800752834304));
#1830 = CARTESIAN_POINT('',(-5.496437862107,-0.799654286802));
#1831 = CARTESIAN_POINT('',(-5.495635598389,-0.797506664565));
#1832 = CARTESIAN_POINT('',(-5.494860973094,-0.794465071395));
#1833 = CARTESIAN_POINT('',(-5.493137209653,-0.785734932373));
#1834 = CARTESIAN_POINT('',(-5.492211453384,-0.77947995808));
#1835 = CARTESIAN_POINT('',(-5.491342792559,-0.772284204771));
#1836 = CARTESIAN_POINT('',(-5.490527199291,-0.764410640035));
#1837 = CARTESIAN_POINT('',(-5.489759324986,-0.756047372745));
#1838 = CARTESIAN_POINT('',(-5.489032759358,-0.747303997774));
#1839 = CARTESIAN_POINT('',(-5.487178203288,-0.722980141148));
#1840 = CARTESIAN_POINT('',(-5.486117984326,-0.706865614525));
#1841 = CARTESIAN_POINT('',(-5.485131704054,-0.69018836653));
#1842 = CARTESIAN_POINT('',(-5.4842081287,-0.673106939034));
#1843 = CARTESIAN_POINT('',(-5.483336307448,-0.655738993063));
#1844 = CARTESIAN_POINT('',(-5.482508658353,-0.638135591171));
#1845 = CARTESIAN_POINT('',(-5.480227717047,-0.586711175403));
#1846 = CARTESIAN_POINT('',(-5.478873287152,-0.552423758845));
#1847 = CARTESIAN_POINT('',(-5.477613893953,-0.517699923354));
#1848 = CARTESIAN_POINT('',(-5.476433819624,-0.482658479725));
#1849 = CARTESIAN_POINT('',(-5.475318347329,-0.447389241859));
#1850 = CARTESIAN_POINT('',(-5.474258432756,-0.41192977688));
#1851 = CARTESIAN_POINT('',(-5.471738875071,-0.323241854669));
#1852 = CARTESIAN_POINT('',(-5.470338307491,-0.269842731148));
#1853 = CARTESIAN_POINT('',(-5.469019908571,-0.216192855236));
#1854 = CARTESIAN_POINT('',(-5.467770912518,-0.162350168257));
#1855 = CARTESIAN_POINT('',(-5.466581052881,-0.108356515934));
#1856 = CARTESIAN_POINT('',(-5.465443033382,-5.423589805569E-02));
#1857 = CARTESIAN_POINT('',(-5.464350781338,0.));
#1858 = ( GEOMETRIC_REPRESENTATION_CONTEXT(2) 
PARAMETRIC_REPRESENTATION_CONTEXT() REPRESENTATION_CONTEXT('2D SPACE',''
  ) );
#1859 = ADVANCED_FACE('',(#1860,#2518,#2682,#2842,#3006,#3170),#488,.T.
  );
#1860 = FACE_BOUND('',#1861,.T.);
#1861 = EDGE_LOOP('',(#1862,#1898,#1931,#1954,#1983,#2015,#2047,#2076,
    #2108,#2135,#2159,#2191,#2223,#2252,#2284,#2311,#2333,#2334,#2362,
    #2396,#2457,#2478,#2479,#2480,#2481,#2482,#2483,#2484,#2485,#2486,
    #2487,#2488));
#1862 = ORIENTED_EDGE('',*,*,#1863,.F.);
#1863 = EDGE_CURVE('',#1864,#1866,#1868,.T.);
#1864 = VERTEX_POINT('',#1865);
#1865 = CARTESIAN_POINT('',(14.259032225225,181.,22.675));
#1866 = VERTEX_POINT('',#1867);
#1867 = CARTESIAN_POINT('',(14.483827234476,179.2958687942,
    22.348378916579));
#1868 = SURFACE_CURVE('',#1869,(#1875,#1884),.PCURVE_S1.);
#1869 = B_SPLINE_CURVE_WITH_KNOTS('',4,(#1870,#1871,#1872,#1873,#1874),
  .UNSPECIFIED.,.F.,.F.,(5,5),(0.,1.),.PIECEWISE_BEZIER_KNOTS.);
#1870 = CARTESIAN_POINT('',(14.259032225225,181.,22.675));
#1871 = CARTESIAN_POINT('',(14.316148999486,180.57395557763,
    22.594693468685));
#1872 = CARTESIAN_POINT('',(14.372664899813,180.14791990297,
    22.513476158206));
#1873 = CARTESIAN_POINT('',(14.428562934608,179.72189146813,
    22.431365097046));
#1874 = CARTESIAN_POINT('',(14.483827234476,179.2958687942,
    22.348378916579));
#1875 = PCURVE('',#488,#1876);
#1876 = DEFINITIONAL_REPRESENTATION('',(#1877),#1883);
#1877 = B_SPLINE_CURVE_WITH_KNOTS('',4,(#1878,#1879,#1880,#1881,#1882),
  .UNSPECIFIED.,.F.,.F.,(5,5),(0.,1.),.PIECEWISE_BEZIER_KNOTS.);
#1878 = CARTESIAN_POINT('',(-6.235882204281,-17.));
#1879 = CARTESIAN_POINT('',(-6.241690785364,-16.57395557763));
#1880 = CARTESIAN_POINT('',(-6.247503320397,-16.14791990297));
#1881 = CARTESIAN_POINT('',(-6.253318998572,-15.72189146813));
#1882 = CARTESIAN_POINT('',(-6.25913698418,-15.2958687942));
#1883 = ( GEOMETRIC_REPRESENTATION_CONTEXT(2) 
PARAMETRIC_REPRESENTATION_CONTEXT() REPRESENTATION_CONTEXT('2D SPACE',''
  ) );
#1884 = PCURVE('',#1885,#1890);
#1885 = B_SPLINE_SURFACE_WITH_KNOTS('',1,1,(
    (#1886,#1887)
    ,(#1888,#1889
    )),.UNSPECIFIED.,.F.,.F.,.F.,(2,2),(2,2),(-5.,5.),(0.,1.),
  .PIECEWISE_BEZIER_KNOTS.);
#1886 = CARTESIAN_POINT('',(14.36239023187,166.5,19.895867915867));
#1887 = CARTESIAN_POINT('',(14.5,181.,22.675));
#1888 = CARTESIAN_POINT('',(4.546118397394,166.5,21.803957869633));
#1889 = CARTESIAN_POINT('',(4.5,181.,22.675));
#1890 = DEFINITIONAL_REPRESENTATION('',(#1891),#1897);
#1891 = B_SPLINE_CURVE_WITH_KNOTS('',4,(#1892,#1893,#1894,#1895,#1896),
  .UNSPECIFIED.,.F.,.F.,(5,5),(0.,1.),.PIECEWISE_BEZIER_KNOTS.);
#1892 = CARTESIAN_POINT('',(-4.759032225225,1.));
#1893 = CARTESIAN_POINT('',(-4.820062217841,0.970617626044));
#1894 = CARTESIAN_POINT('',(-4.880579113003,0.941235855377));
#1895 = CARTESIAN_POINT('',(-4.94056426594,0.911854584009));
#1896 = CARTESIAN_POINT('',(-5.,0.882473709945));
#1897 = ( GEOMETRIC_REPRESENTATION_CONTEXT(2) 
PARAMETRIC_REPRESENTATION_CONTEXT() REPRESENTATION_CONTEXT('2D SPACE',''
  ) );
#1898 = ORIENTED_EDGE('',*,*,#1899,.T.);
#1899 = EDGE_CURVE('',#1864,#1900,#1902,.T.);
#1900 = VERTEX_POINT('',#1901);
#1901 = CARTESIAN_POINT('',(14.275,181.,22.));
#1902 = SURFACE_CURVE('',#1903,(#1908,#1915),.PCURVE_S1.);
#1903 = CIRCLE('',#1904,14.275);
#1904 = AXIS2_PLACEMENT_3D('',#1905,#1906,#1907);
#1905 = CARTESIAN_POINT('',(0.,181.,22.));
#1906 = DIRECTION('',(0.,1.,1.110223024625E-16));
#1907 = DIRECTION('',(1.,0.,-0.));
#1908 = PCURVE('',#488,#1909);
#1909 = DEFINITIONAL_REPRESENTATION('',(#1910),#1914);
#1910 = LINE('',#1911,#1912);
#1911 = CARTESIAN_POINT('',(-0.,-17.));
#1912 = VECTOR('',#1913,1.);
#1913 = DIRECTION('',(-1.,-0.));
#1914 = ( GEOMETRIC_REPRESENTATION_CONTEXT(2) 
PARAMETRIC_REPRESENTATION_CONTEXT() REPRESENTATION_CONTEXT('2D SPACE',''
  ) );
#1915 = PCURVE('',#1916,#1921);
#1916 = PLANE('',#1917);
#1917 = AXIS2_PLACEMENT_3D('',#1918,#1919,#1920);
#1918 = CARTESIAN_POINT('',(4.5,181.,21.325));
#1919 = DIRECTION('',(0.,-1.,0.));
#1920 = DIRECTION('',(0.991010194463,0.,0.133786376252));
#1921 = DEFINITIONAL_REPRESENTATION('',(#1922),#1930);
#1922 = ( BOUNDED_CURVE() B_SPLINE_CURVE(2,(#1923,#1924,#1925,#1926,
#1927,#1928,#1929),.UNSPECIFIED.,.T.,.F.) B_SPLINE_CURVE_WITH_KNOTS((1,2
    ,2,2,2,1),(-2.094395102393,0.,2.094395102393,4.188790204786,
6.28318530718,8.377580409573),.UNSPECIFIED.) CURVE() 
GEOMETRIC_REPRESENTATION_ITEM() RATIONAL_B_SPLINE_CURVE((1.,0.5,1.,0.5,
1.,0.5,1.)) REPRESENTATION_ITEM('') );
#1923 = CARTESIAN_POINT('',(9.777430454844,-0.638829946606));
#1924 = CARTESIAN_POINT('',(6.469558920144,-25.1415820555));
#1925 = CARTESIAN_POINT('',(-13.09651110144,-10.02550521954));
#1926 = CARTESIAN_POINT('',(-32.66258112302,5.090571616407));
#1927 = CARTESIAN_POINT('',(-9.78863956674,14.477246889348));
#1928 = CARTESIAN_POINT('',(13.085301989545,23.863922162289));
#1929 = CARTESIAN_POINT('',(9.777430454844,-0.638829946606));
#1930 = ( GEOMETRIC_REPRESENTATION_CONTEXT(2) 
PARAMETRIC_REPRESENTATION_CONTEXT() REPRESENTATION_CONTEXT('2D SPACE',''
  ) );
#1931 = ORIENTED_EDGE('',*,*,#1932,.T.);
#1932 = EDGE_CURVE('',#1900,#1933,#1935,.T.);
#1933 = VERTEX_POINT('',#1934);
#1934 = CARTESIAN_POINT('',(12.4,196.,22.));
#1935 = SEAM_CURVE('',#1936,(#1940,#1947),.PCURVE_S1.);
#1936 = LINE('',#1937,#1938);
#1937 = CARTESIAN_POINT('',(16.4,164.,22.));
#1938 = VECTOR('',#1939,1.);
#1939 = DIRECTION('',(-0.124034734589,0.992277876714,7.978522641581E-17)
  );
#1940 = PCURVE('',#488,#1941);
#1941 = DEFINITIONAL_REPRESENTATION('',(#1942),#1946);
#1942 = LINE('',#1943,#1944);
#1943 = CARTESIAN_POINT('',(0.,-0.));
#1944 = VECTOR('',#1945,1.);
#1945 = DIRECTION('',(-0.,-1.));
#1946 = ( GEOMETRIC_REPRESENTATION_CONTEXT(2) 
PARAMETRIC_REPRESENTATION_CONTEXT() REPRESENTATION_CONTEXT('2D SPACE',''
  ) );
#1947 = PCURVE('',#488,#1948);
#1948 = DEFINITIONAL_REPRESENTATION('',(#1949),#1953);
#1949 = LINE('',#1950,#1951);
#1950 = CARTESIAN_POINT('',(-6.28318530718,0.));
#1951 = VECTOR('',#1952,1.);
#1952 = DIRECTION('',(-0.,-1.));
#1953 = ( GEOMETRIC_REPRESENTATION_CONTEXT(2) 
PARAMETRIC_REPRESENTATION_CONTEXT() REPRESENTATION_CONTEXT('2D SPACE',''
  ) );
#1954 = ORIENTED_EDGE('',*,*,#1955,.F.);
#1955 = EDGE_CURVE('',#1956,#1933,#1958,.T.);
#1956 = VERTEX_POINT('',#1957);
#1957 = CARTESIAN_POINT('',(4.87852436706,196.,33.4));
#1958 = SURFACE_CURVE('',#1959,(#1964,#1971),.PCURVE_S1.);
#1959 = CIRCLE('',#1960,12.4);
#1960 = AXIS2_PLACEMENT_3D('',#1961,#1962,#1963);
#1961 = CARTESIAN_POINT('',(0.,196.,22.));
#1962 = DIRECTION('',(-0.,1.,1.110223024625E-16));
#1963 = DIRECTION('',(1.,0.,0.));
#1964 = PCURVE('',#488,#1965);
#1965 = DEFINITIONAL_REPRESENTATION('',(#1966),#1970);
#1966 = LINE('',#1967,#1968);
#1967 = CARTESIAN_POINT('',(-0.,-32.));
#1968 = VECTOR('',#1969,1.);
#1969 = DIRECTION('',(-1.,-0.));
#1970 = ( GEOMETRIC_REPRESENTATION_CONTEXT(2) 
PARAMETRIC_REPRESENTATION_CONTEXT() REPRESENTATION_CONTEXT('2D SPACE',''
  ) );
#1971 = PCURVE('',#1972,#1977);
#1972 = PLANE('',#1973);
#1973 = AXIS2_PLACEMENT_3D('',#1974,#1975,#1976);
#1974 = CARTESIAN_POINT('',(0.,196.,22.));
#1975 = DIRECTION('',(0.,1.,1.110223024625E-16));
#1976 = DIRECTION('',(1.,0.,0.));
#1977 = DEFINITIONAL_REPRESENTATION('',(#1978),#1982);
#1978 = CIRCLE('',#1979,12.4);
#1979 = AXIS2_PLACEMENT_2D('',#1980,#1981);
#1980 = CARTESIAN_POINT('',(0.,0.));
#1981 = DIRECTION('',(1.,0.));
#1982 = ( GEOMETRIC_REPRESENTATION_CONTEXT(2) 
PARAMETRIC_REPRESENTATION_CONTEXT() REPRESENTATION_CONTEXT('2D SPACE',''
  ) );
#1983 = ORIENTED_EDGE('',*,*,#1984,.T.);
#1984 = EDGE_CURVE('',#1956,#1985,#1987,.T.);
#1985 = VERTEX_POINT('',#1986);
#1986 = CARTESIAN_POINT('',(6.,192.13962934279,33.4));
#1987 = SURFACE_CURVE('',#1988,(#1993,#2003),.PCURVE_S1.);
#1988 = HYPERBOLA('',#1989,91.2,11.4);
#1989 = AXIS2_PLACEMENT_3D('',#1990,#1991,#1992);
#1990 = CARTESIAN_POINT('',(0.,295.2,33.4));
#1991 = DIRECTION('',(0.,0.,1.));
#1992 = DIRECTION('',(0.,-1.,0.));
#1993 = PCURVE('',#488,#1994);
#1994 = DEFINITIONAL_REPRESENTATION('',(#1995),#2002);
#1995 = B_SPLINE_CURVE_WITH_KNOTS('',5,(#1996,#1997,#1998,#1999,#2000,
    #2001),.UNSPECIFIED.,.F.,.F.,(6,6),(0.415851008904,0.580451980268),
  .PIECEWISE_BEZIER_KNOTS.);
#1996 = CARTESIAN_POINT('',(-5.116747816806,-32.));
#1997 = CARTESIAN_POINT('',(-5.147013156702,-30.71518424057));
#1998 = CARTESIAN_POINT('',(-5.176788516459,-29.29598488336));
#1999 = CARTESIAN_POINT('',(-5.206026670415,-27.73950067854));
#2000 = CARTESIAN_POINT('',(-5.234689613668,-26.04222536645));
#2001 = CARTESIAN_POINT('',(-5.262748695141,-24.2));
#2002 = ( GEOMETRIC_REPRESENTATION_CONTEXT(2) 
PARAMETRIC_REPRESENTATION_CONTEXT() REPRESENTATION_CONTEXT('2D SPACE',''
  ) );
#2003 = PCURVE('',#2004,#2009);
#2004 = PLANE('',#2005);
#2005 = AXIS2_PLACEMENT_3D('',#2006,#2007,#2008);
#2006 = CARTESIAN_POINT('',(-6.,189.,33.4));
#2007 = DIRECTION('',(0.,0.,1.));
#2008 = DIRECTION('',(1.,0.,-0.));
#2009 = DEFINITIONAL_REPRESENTATION('',(#2010),#2014);
#2010 = ( BOUNDED_CURVE() B_SPLINE_CURVE(2,(#2011,#2012,#2013),
.UNSPECIFIED.,.F.,.F.) B_SPLINE_CURVE_WITH_KNOTS((3,3),(0.415851008904,
0.580451980268),.PIECEWISE_BEZIER_KNOTS.) CURVE() 
GEOMETRIC_REPRESENTATION_ITEM() RATIONAL_B_SPLINE_CURVE((1.,
1.003388597009,1.)) REPRESENTATION_ITEM('') );
#2011 = CARTESIAN_POINT('',(10.87852436706,7.));
#2012 = CARTESIAN_POINT('',(11.896752481716,3.795193117049));
#2013 = CARTESIAN_POINT('',(12.995042887646,-0.8));
#2014 = ( GEOMETRIC_REPRESENTATION_CONTEXT(2) 
PARAMETRIC_REPRESENTATION_CONTEXT() REPRESENTATION_CONTEXT('2D SPACE',''
  ) );
#2015 = ORIENTED_EDGE('',*,*,#2016,.F.);
#2016 = EDGE_CURVE('',#2017,#1985,#2019,.T.);
#2017 = VERTEX_POINT('',#2018);
#2018 = CARTESIAN_POINT('',(6.,189.,33.841690124302));
#2019 = SURFACE_CURVE('',#2020,(#2025,#2035),.PCURVE_S1.);
#2020 = HYPERBOLA('',#2021,48.,6.);
#2021 = AXIS2_PLACEMENT_3D('',#2022,#2023,#2024);
#2022 = CARTESIAN_POINT('',(6.,295.2,22.));
#2023 = DIRECTION('',(1.,0.,0.));
#2024 = DIRECTION('',(0.,-1.,-1.110223024625E-16));
#2025 = PCURVE('',#488,#2026);
#2026 = DEFINITIONAL_REPRESENTATION('',(#2027),#2034);
#2027 = B_SPLINE_CURVE_WITH_KNOTS('',5,(#2028,#2029,#2030,#2031,#2032,
    #2033),.UNSPECIFIED.,.F.,.F.,(6,6),(-1.440178144638,-1.354619981463)
  ,.PIECEWISE_BEZIER_KNOTS.);
#2028 = CARTESIAN_POINT('',(-5.177585147082,-24.2));
#2029 = CARTESIAN_POINT('',(-5.185261393498,-25.83637675942));
#2030 = CARTESIAN_POINT('',(-5.1930843833,-27.43359045389));
#2031 = CARTESIAN_POINT('',(-5.201056914252,-28.9926392923));
#2032 = CARTESIAN_POINT('',(-5.209181747888,-30.51447373976));
#2033 = CARTESIAN_POINT('',(-5.217461570131,-32.));
#2034 = ( GEOMETRIC_REPRESENTATION_CONTEXT(2) 
PARAMETRIC_REPRESENTATION_CONTEXT() REPRESENTATION_CONTEXT('2D SPACE',''
  ) );
#2035 = PCURVE('',#2036,#2041);
#2036 = PLANE('',#2037);
#2037 = AXIS2_PLACEMENT_3D('',#2038,#2039,#2040);
#2038 = CARTESIAN_POINT('',(6.,189.,33.4));
#2039 = DIRECTION('',(1.,0.,-0.));
#2040 = DIRECTION('',(0.,0.,1.));
#2041 = DEFINITIONAL_REPRESENTATION('',(#2042),#2046);
#2042 = HYPERBOLA('',#2043,48.,6.);
#2043 = AXIS2_PLACEMENT_2D('',#2044,#2045);
#2044 = CARTESIAN_POINT('',(-11.4,-106.2));
#2045 = DIRECTION('',(-1.110223024625E-16,1.));
#2046 = ( GEOMETRIC_REPRESENTATION_CONTEXT(2) 
PARAMETRIC_REPRESENTATION_CONTEXT() REPRESENTATION_CONTEXT('2D SPACE',''
  ) );
#2047 = ORIENTED_EDGE('',*,*,#2048,.F.);
#2048 = EDGE_CURVE('',#2049,#2017,#2051,.T.);
#2049 = VERTEX_POINT('',#2050);
#2050 = CARTESIAN_POINT('',(-6.,189.,33.841690124302));
#2051 = SURFACE_CURVE('',#2052,(#2057,#2064),.PCURVE_S1.);
#2052 = CIRCLE('',#2053,13.275);
#2053 = AXIS2_PLACEMENT_3D('',#2054,#2055,#2056);
#2054 = CARTESIAN_POINT('',(0.,189.,22.));
#2055 = DIRECTION('',(0.,1.,1.110223024625E-16));
#2056 = DIRECTION('',(1.,0.,-0.));
#2057 = PCURVE('',#488,#2058);
#2058 = DEFINITIONAL_REPRESENTATION('',(#2059),#2063);
#2059 = LINE('',#2060,#2061);
#2060 = CARTESIAN_POINT('',(-0.,-25.));
#2061 = VECTOR('',#2062,1.);
#2062 = DIRECTION('',(-1.,-0.));
#2063 = ( GEOMETRIC_REPRESENTATION_CONTEXT(2) 
PARAMETRIC_REPRESENTATION_CONTEXT() REPRESENTATION_CONTEXT('2D SPACE',''
  ) );
#2064 = PCURVE('',#2065,#2070);
#2065 = PLANE('',#2066);
#2066 = AXIS2_PLACEMENT_3D('',#2067,#2068,#2069);
#2067 = CARTESIAN_POINT('',(-6.,189.,33.4));
#2068 = DIRECTION('',(-0.,1.,0.));
#2069 = DIRECTION('',(0.,0.,1.));
#2070 = DEFINITIONAL_REPRESENTATION('',(#2071),#2075);
#2071 = CIRCLE('',#2072,13.275);
#2072 = AXIS2_PLACEMENT_2D('',#2073,#2074);
#2073 = CARTESIAN_POINT('',(-11.4,6.));
#2074 = DIRECTION('',(0.,1.));
#2075 = ( GEOMETRIC_REPRESENTATION_CONTEXT(2) 
PARAMETRIC_REPRESENTATION_CONTEXT() REPRESENTATION_CONTEXT('2D SPACE',''
  ) );
#2076 = ORIENTED_EDGE('',*,*,#2077,.T.);
#2077 = EDGE_CURVE('',#2049,#2078,#2080,.T.);
#2078 = VERTEX_POINT('',#2079);
#2079 = CARTESIAN_POINT('',(-6.,192.13962934279,33.4));
#2080 = SURFACE_CURVE('',#2081,(#2086,#2096),.PCURVE_S1.);
#2081 = HYPERBOLA('',#2082,48.,6.);
#2082 = AXIS2_PLACEMENT_3D('',#2083,#2084,#2085);
#2083 = CARTESIAN_POINT('',(-6.,295.2,22.));
#2084 = DIRECTION('',(1.,0.,0.));
#2085 = DIRECTION('',(0.,-1.,-1.110223024625E-16));
#2086 = PCURVE('',#488,#2087);
#2087 = DEFINITIONAL_REPRESENTATION('',(#2088),#2095);
#2088 = B_SPLINE_CURVE_WITH_KNOTS('',5,(#2089,#2090,#2091,#2092,#2093,
    #2094),.UNSPECIFIED.,.F.,.F.,(6,6),(-1.440178144638,-1.354619981463)
  ,.PIECEWISE_BEZIER_KNOTS.);
#2089 = CARTESIAN_POINT('',(-4.247192813687,-24.2));
#2090 = CARTESIAN_POINT('',(-4.239516567272,-25.83637675942));
#2091 = CARTESIAN_POINT('',(-4.231693577469,-27.43359045389));
#2092 = CARTESIAN_POINT('',(-4.223721046517,-28.9926392923));
#2093 = CARTESIAN_POINT('',(-4.215596212882,-30.51447373976));
#2094 = CARTESIAN_POINT('',(-4.207316390639,-32.));
#2095 = ( GEOMETRIC_REPRESENTATION_CONTEXT(2) 
PARAMETRIC_REPRESENTATION_CONTEXT() REPRESENTATION_CONTEXT('2D SPACE',''
  ) );
#2096 = PCURVE('',#2097,#2102);
#2097 = PLANE('',#2098);
#2098 = AXIS2_PLACEMENT_3D('',#2099,#2100,#2101);
#2099 = CARTESIAN_POINT('',(-6.,189.,33.4));
#2100 = DIRECTION('',(1.,0.,-0.));
#2101 = DIRECTION('',(0.,0.,1.));
#2102 = DEFINITIONAL_REPRESENTATION('',(#2103),#2107);
#2103 = HYPERBOLA('',#2104,48.,6.);
#2104 = AXIS2_PLACEMENT_2D('',#2105,#2106);
#2105 = CARTESIAN_POINT('',(-11.4,-106.2));
#2106 = DIRECTION('',(-1.110223024625E-16,1.));
#2107 = ( GEOMETRIC_REPRESENTATION_CONTEXT(2) 
PARAMETRIC_REPRESENTATION_CONTEXT() REPRESENTATION_CONTEXT('2D SPACE',''
  ) );
#2108 = ORIENTED_EDGE('',*,*,#2109,.T.);
#2109 = EDGE_CURVE('',#2078,#2110,#2112,.T.);
#2110 = VERTEX_POINT('',#2111);
#2111 = CARTESIAN_POINT('',(-4.87852436706,196.,33.4));
#2112 = SURFACE_CURVE('',#2113,(#2118,#2128),.PCURVE_S1.);
#2113 = HYPERBOLA('',#2114,91.2,11.4);
#2114 = AXIS2_PLACEMENT_3D('',#2115,#2116,#2117);
#2115 = CARTESIAN_POINT('',(0.,295.2,33.4));
#2116 = DIRECTION('',(0.,0.,1.));
#2117 = DIRECTION('',(0.,-1.,0.));
#2118 = PCURVE('',#488,#2119);
#2119 = DEFINITIONAL_REPRESENTATION('',(#2120),#2127);
#2120 = B_SPLINE_CURVE_WITH_KNOTS('',5,(#2121,#2122,#2123,#2124,#2125,
    #2126),.UNSPECIFIED.,.F.,.F.,(6,6),(-0.580451980268,-0.415851008904)
  ,.PIECEWISE_BEZIER_KNOTS.);
#2121 = CARTESIAN_POINT('',(-4.162029265628,-24.2));
#2122 = CARTESIAN_POINT('',(-4.190088347102,-26.04222536645));
#2123 = CARTESIAN_POINT('',(-4.218751290354,-27.73950067854));
#2124 = CARTESIAN_POINT('',(-4.247989444311,-29.29598488336));
#2125 = CARTESIAN_POINT('',(-4.277764804067,-30.71518424057));
#2126 = CARTESIAN_POINT('',(-4.308030143963,-32.));
#2127 = ( GEOMETRIC_REPRESENTATION_CONTEXT(2) 
PARAMETRIC_REPRESENTATION_CONTEXT() REPRESENTATION_CONTEXT('2D SPACE',''
  ) );
#2128 = PCURVE('',#2004,#2129);
#2129 = DEFINITIONAL_REPRESENTATION('',(#2130),#2134);
#2130 = ( BOUNDED_CURVE() B_SPLINE_CURVE(2,(#2131,#2132,#2133),
.UNSPECIFIED.,.F.,.F.) B_SPLINE_CURVE_WITH_KNOTS((3,3),(-0.580451980268,
-0.415851008904),.PIECEWISE_BEZIER_KNOTS.) CURVE() 
GEOMETRIC_REPRESENTATION_ITEM() RATIONAL_B_SPLINE_CURVE((1.,
1.003388597009,1.)) REPRESENTATION_ITEM('') );
#2131 = CARTESIAN_POINT('',(-0.995042887646,-0.8));
#2132 = CARTESIAN_POINT('',(0.103247518284,3.795193117048));
#2133 = CARTESIAN_POINT('',(1.12147563294,7.));
#2134 = ( GEOMETRIC_REPRESENTATION_CONTEXT(2) 
PARAMETRIC_REPRESENTATION_CONTEXT() REPRESENTATION_CONTEXT('2D SPACE',''
  ) );
#2135 = ORIENTED_EDGE('',*,*,#2136,.F.);
#2136 = EDGE_CURVE('',#2137,#2110,#2139,.T.);
#2137 = VERTEX_POINT('',#2138);
#2138 = CARTESIAN_POINT('',(-4.87852436706,196.,10.6));
#2139 = SURFACE_CURVE('',#2140,(#2145,#2152),.PCURVE_S1.);
#2140 = CIRCLE('',#2141,12.4);
#2141 = AXIS2_PLACEMENT_3D('',#2142,#2143,#2144);
#2142 = CARTESIAN_POINT('',(0.,196.,22.));
#2143 = DIRECTION('',(-0.,1.,1.110223024625E-16));
#2144 = DIRECTION('',(1.,0.,0.));
#2145 = PCURVE('',#488,#2146);
#2146 = DEFINITIONAL_REPRESENTATION('',(#2147),#2151);
#2147 = LINE('',#2148,#2149);
#2148 = CARTESIAN_POINT('',(-0.,-32.));
#2149 = VECTOR('',#2150,1.);
#2150 = DIRECTION('',(-1.,-0.));
#2151 = ( GEOMETRIC_REPRESENTATION_CONTEXT(2) 
PARAMETRIC_REPRESENTATION_CONTEXT() REPRESENTATION_CONTEXT('2D SPACE',''
  ) );
#2152 = PCURVE('',#1972,#2153);
#2153 = DEFINITIONAL_REPRESENTATION('',(#2154),#2158);
#2154 = CIRCLE('',#2155,12.4);
#2155 = AXIS2_PLACEMENT_2D('',#2156,#2157);
#2156 = CARTESIAN_POINT('',(0.,0.));
#2157 = DIRECTION('',(1.,0.));
#2158 = ( GEOMETRIC_REPRESENTATION_CONTEXT(2) 
PARAMETRIC_REPRESENTATION_CONTEXT() REPRESENTATION_CONTEXT('2D SPACE',''
  ) );
#2159 = ORIENTED_EDGE('',*,*,#2160,.F.);
#2160 = EDGE_CURVE('',#2161,#2137,#2163,.T.);
#2161 = VERTEX_POINT('',#2162);
#2162 = CARTESIAN_POINT('',(-6.,192.13962934279,10.6));
#2163 = SURFACE_CURVE('',#2164,(#2169,#2179),.PCURVE_S1.);
#2164 = HYPERBOLA('',#2165,91.2,11.4);
#2165 = AXIS2_PLACEMENT_3D('',#2166,#2167,#2168);
#2166 = CARTESIAN_POINT('',(0.,295.2,10.6));
#2167 = DIRECTION('',(0.,0.,1.));
#2168 = DIRECTION('',(0.,-1.,0.));
#2169 = PCURVE('',#488,#2170);
#2170 = DEFINITIONAL_REPRESENTATION('',(#2171),#2178);
#2171 = B_SPLINE_CURVE_WITH_KNOTS('',5,(#2172,#2173,#2174,#2175,#2176,
    #2177),.UNSPECIFIED.,.F.,.F.,(6,6),(-0.580451980268,-0.415851008904)
  ,.PIECEWISE_BEZIER_KNOTS.);
#2172 = CARTESIAN_POINT('',(-2.121156041552,-24.2));
#2173 = CARTESIAN_POINT('',(-2.093096960078,-26.04222536645));
#2174 = CARTESIAN_POINT('',(-2.064434016825,-27.73950067854));
#2175 = CARTESIAN_POINT('',(-2.035195862869,-29.29598488336));
#2176 = CARTESIAN_POINT('',(-2.005420503112,-30.71518424057));
#2177 = CARTESIAN_POINT('',(-1.975155163216,-32.));
#2178 = ( GEOMETRIC_REPRESENTATION_CONTEXT(2) 
PARAMETRIC_REPRESENTATION_CONTEXT() REPRESENTATION_CONTEXT('2D SPACE',''
  ) );
#2179 = PCURVE('',#2180,#2185);
#2180 = PLANE('',#2181);
#2181 = AXIS2_PLACEMENT_3D('',#2182,#2183,#2184);
#2182 = CARTESIAN_POINT('',(-6.,189.,10.6));
#2183 = DIRECTION('',(0.,0.,1.));
#2184 = DIRECTION('',(1.,0.,-0.));
#2185 = DEFINITIONAL_REPRESENTATION('',(#2186),#2190);
#2186 = ( BOUNDED_CURVE() B_SPLINE_CURVE(2,(#2187,#2188,#2189),
.UNSPECIFIED.,.F.,.F.) B_SPLINE_CURVE_WITH_KNOTS((3,3),(-0.580451980268,
-0.415851008904),.PIECEWISE_BEZIER_KNOTS.) CURVE() 
GEOMETRIC_REPRESENTATION_ITEM() RATIONAL_B_SPLINE_CURVE((1.,
1.003388597009,1.)) REPRESENTATION_ITEM('') );
#2187 = CARTESIAN_POINT('',(-0.995042887646,-0.8));
#2188 = CARTESIAN_POINT('',(0.103247518284,3.795193117048));
#2189 = CARTESIAN_POINT('',(1.12147563294,7.));
#2190 = ( GEOMETRIC_REPRESENTATION_CONTEXT(2) 
PARAMETRIC_REPRESENTATION_CONTEXT() REPRESENTATION_CONTEXT('2D SPACE',''
  ) );
#2191 = ORIENTED_EDGE('',*,*,#2192,.T.);
#2192 = EDGE_CURVE('',#2161,#2193,#2195,.T.);
#2193 = VERTEX_POINT('',#2194);
#2194 = CARTESIAN_POINT('',(-6.,189.,10.158309875698));
#2195 = SURFACE_CURVE('',#2196,(#2201,#2211),.PCURVE_S1.);
#2196 = HYPERBOLA('',#2197,48.,6.);
#2197 = AXIS2_PLACEMENT_3D('',#2198,#2199,#2200);
#2198 = CARTESIAN_POINT('',(-6.,295.2,22.));
#2199 = DIRECTION('',(1.,0.,0.));
#2200 = DIRECTION('',(0.,-1.,-1.110223024625E-16));
#2201 = PCURVE('',#488,#2202);
#2202 = DEFINITIONAL_REPRESENTATION('',(#2203),#2210);
#2203 = B_SPLINE_CURVE_WITH_KNOTS('',5,(#2204,#2205,#2206,#2207,#2208,
    #2209),.UNSPECIFIED.,.F.,.F.,(6,6),(1.354619981463,1.440178144638),
  .PIECEWISE_BEZIER_KNOTS.);
#2204 = CARTESIAN_POINT('',(-2.075868916541,-32.));
#2205 = CARTESIAN_POINT('',(-2.067589094298,-30.51447373976));
#2206 = CARTESIAN_POINT('',(-2.059464260663,-28.9926392923));
#2207 = CARTESIAN_POINT('',(-2.05149172971,-27.43359045389));
#2208 = CARTESIAN_POINT('',(-2.043668739908,-25.83637675942));
#2209 = CARTESIAN_POINT('',(-2.035992493492,-24.2));
#2210 = ( GEOMETRIC_REPRESENTATION_CONTEXT(2) 
PARAMETRIC_REPRESENTATION_CONTEXT() REPRESENTATION_CONTEXT('2D SPACE',''
  ) );
#2211 = PCURVE('',#2212,#2217);
#2212 = PLANE('',#2213);
#2213 = AXIS2_PLACEMENT_3D('',#2214,#2215,#2216);
#2214 = CARTESIAN_POINT('',(-6.,189.,3.5));
#2215 = DIRECTION('',(1.,0.,-0.));
#2216 = DIRECTION('',(0.,0.,1.));
#2217 = DEFINITIONAL_REPRESENTATION('',(#2218),#2222);
#2218 = HYPERBOLA('',#2219,48.,6.);
#2219 = AXIS2_PLACEMENT_2D('',#2220,#2221);
#2220 = CARTESIAN_POINT('',(18.5,-106.2));
#2221 = DIRECTION('',(-1.110223024625E-16,1.));
#2222 = ( GEOMETRIC_REPRESENTATION_CONTEXT(2) 
PARAMETRIC_REPRESENTATION_CONTEXT() REPRESENTATION_CONTEXT('2D SPACE',''
  ) );
#2223 = ORIENTED_EDGE('',*,*,#2224,.F.);
#2224 = EDGE_CURVE('',#2225,#2193,#2227,.T.);
#2225 = VERTEX_POINT('',#2226);
#2226 = CARTESIAN_POINT('',(6.,189.,10.158309875698));
#2227 = SURFACE_CURVE('',#2228,(#2233,#2240),.PCURVE_S1.);
#2228 = CIRCLE('',#2229,13.275);
#2229 = AXIS2_PLACEMENT_3D('',#2230,#2231,#2232);
#2230 = CARTESIAN_POINT('',(0.,189.,22.));
#2231 = DIRECTION('',(0.,1.,1.110223024625E-16));
#2232 = DIRECTION('',(1.,0.,-0.));
#2233 = PCURVE('',#488,#2234);
#2234 = DEFINITIONAL_REPRESENTATION('',(#2235),#2239);
#2235 = LINE('',#2236,#2237);
#2236 = CARTESIAN_POINT('',(-0.,-25.));
#2237 = VECTOR('',#2238,1.);
#2238 = DIRECTION('',(-1.,-0.));
#2239 = ( GEOMETRIC_REPRESENTATION_CONTEXT(2) 
PARAMETRIC_REPRESENTATION_CONTEXT() REPRESENTATION_CONTEXT('2D SPACE',''
  ) );
#2240 = PCURVE('',#2241,#2246);
#2241 = PLANE('',#2242);
#2242 = AXIS2_PLACEMENT_3D('',#2243,#2244,#2245);
#2243 = CARTESIAN_POINT('',(-6.,189.,3.5));
#2244 = DIRECTION('',(-0.,1.,0.));
#2245 = DIRECTION('',(0.,0.,1.));
#2246 = DEFINITIONAL_REPRESENTATION('',(#2247),#2251);
#2247 = CIRCLE('',#2248,13.275);
#2248 = AXIS2_PLACEMENT_2D('',#2249,#2250);
#2249 = CARTESIAN_POINT('',(18.5,6.));
#2250 = DIRECTION('',(0.,1.));
#2251 = ( GEOMETRIC_REPRESENTATION_CONTEXT(2) 
PARAMETRIC_REPRESENTATION_CONTEXT() REPRESENTATION_CONTEXT('2D SPACE',''
  ) );
#2252 = ORIENTED_EDGE('',*,*,#2253,.F.);
#2253 = EDGE_CURVE('',#2254,#2225,#2256,.T.);
#2254 = VERTEX_POINT('',#2255);
#2255 = CARTESIAN_POINT('',(6.,192.13962934279,10.6));
#2256 = SURFACE_CURVE('',#2257,(#2262,#2272),.PCURVE_S1.);
#2257 = HYPERBOLA('',#2258,48.,6.);
#2258 = AXIS2_PLACEMENT_3D('',#2259,#2260,#2261);
#2259 = CARTESIAN_POINT('',(6.,295.2,22.));
#2260 = DIRECTION('',(1.,0.,0.));
#2261 = DIRECTION('',(0.,-1.,-1.110223024625E-16));
#2262 = PCURVE('',#488,#2263);
#2263 = DEFINITIONAL_REPRESENTATION('',(#2264),#2271);
#2264 = B_SPLINE_CURVE_WITH_KNOTS('',5,(#2265,#2266,#2267,#2268,#2269,
    #2270),.UNSPECIFIED.,.F.,.F.,(6,6),(1.354619981463,1.440178144638),
  .PIECEWISE_BEZIER_KNOTS.);
#2265 = CARTESIAN_POINT('',(-1.065723737049,-32.));
#2266 = CARTESIAN_POINT('',(-1.074003559292,-30.51447373976));
#2267 = CARTESIAN_POINT('',(-1.082128392927,-28.9926392923));
#2268 = CARTESIAN_POINT('',(-1.090100923879,-27.43359045389));
#2269 = CARTESIAN_POINT('',(-1.097923913682,-25.83637675942));
#2270 = CARTESIAN_POINT('',(-1.105600160098,-24.2));
#2271 = ( GEOMETRIC_REPRESENTATION_CONTEXT(2) 
PARAMETRIC_REPRESENTATION_CONTEXT() REPRESENTATION_CONTEXT('2D SPACE',''
  ) );
#2272 = PCURVE('',#2273,#2278);
#2273 = PLANE('',#2274);
#2274 = AXIS2_PLACEMENT_3D('',#2275,#2276,#2277);
#2275 = CARTESIAN_POINT('',(6.,189.,3.5));
#2276 = DIRECTION('',(1.,0.,-0.));
#2277 = DIRECTION('',(0.,0.,1.));
#2278 = DEFINITIONAL_REPRESENTATION('',(#2279),#2283);
#2279 = HYPERBOLA('',#2280,48.,6.);
#2280 = AXIS2_PLACEMENT_2D('',#2281,#2282);
#2281 = CARTESIAN_POINT('',(18.5,-106.2));
#2282 = DIRECTION('',(-1.110223024625E-16,1.));
#2283 = ( GEOMETRIC_REPRESENTATION_CONTEXT(2) 
PARAMETRIC_REPRESENTATION_CONTEXT() REPRESENTATION_CONTEXT('2D SPACE',''
  ) );
#2284 = ORIENTED_EDGE('',*,*,#2285,.F.);
#2285 = EDGE_CURVE('',#2286,#2254,#2288,.T.);
#2286 = VERTEX_POINT('',#2287);
#2287 = CARTESIAN_POINT('',(4.87852436706,196.,10.6));
#2288 = SURFACE_CURVE('',#2289,(#2294,#2304),.PCURVE_S1.);
#2289 = HYPERBOLA('',#2290,91.2,11.4);
#2290 = AXIS2_PLACEMENT_3D('',#2291,#2292,#2293);
#2291 = CARTESIAN_POINT('',(0.,295.2,10.6));
#2292 = DIRECTION('',(0.,0.,1.));
#2293 = DIRECTION('',(0.,-1.,0.));
#2294 = PCURVE('',#488,#2295);
#2295 = DEFINITIONAL_REPRESENTATION('',(#2296),#2303);
#2296 = B_SPLINE_CURVE_WITH_KNOTS('',5,(#2297,#2298,#2299,#2300,#2301,
    #2302),.UNSPECIFIED.,.F.,.F.,(6,6),(0.415851008904,0.580451980268),
  .PIECEWISE_BEZIER_KNOTS.);
#2297 = CARTESIAN_POINT('',(-1.166437490374,-32.));
#2298 = CARTESIAN_POINT('',(-1.136172150478,-30.71518424057));
#2299 = CARTESIAN_POINT('',(-1.106396790721,-29.29598488336));
#2300 = CARTESIAN_POINT('',(-1.077158636765,-27.73950067854));
#2301 = CARTESIAN_POINT('',(-1.048495693512,-26.04222536645));
#2302 = CARTESIAN_POINT('',(-1.020436612038,-24.2));
#2303 = ( GEOMETRIC_REPRESENTATION_CONTEXT(2) 
PARAMETRIC_REPRESENTATION_CONTEXT() REPRESENTATION_CONTEXT('2D SPACE',''
  ) );
#2304 = PCURVE('',#2180,#2305);
#2305 = DEFINITIONAL_REPRESENTATION('',(#2306),#2310);
#2306 = ( BOUNDED_CURVE() B_SPLINE_CURVE(2,(#2307,#2308,#2309),
.UNSPECIFIED.,.F.,.F.) B_SPLINE_CURVE_WITH_KNOTS((3,3),(0.415851008904,
0.580451980268),.PIECEWISE_BEZIER_KNOTS.) CURVE() 
GEOMETRIC_REPRESENTATION_ITEM() RATIONAL_B_SPLINE_CURVE((1.,
1.003388597009,1.)) REPRESENTATION_ITEM('') );
#2307 = CARTESIAN_POINT('',(10.87852436706,7.));
#2308 = CARTESIAN_POINT('',(11.896752481716,3.795193117048));
#2309 = CARTESIAN_POINT('',(12.995042887646,-0.8));
#2310 = ( GEOMETRIC_REPRESENTATION_CONTEXT(2) 
PARAMETRIC_REPRESENTATION_CONTEXT() REPRESENTATION_CONTEXT('2D SPACE',''
  ) );
#2311 = ORIENTED_EDGE('',*,*,#2312,.F.);
#2312 = EDGE_CURVE('',#1933,#2286,#2313,.T.);
#2313 = SURFACE_CURVE('',#2314,(#2319,#2326),.PCURVE_S1.);
#2314 = CIRCLE('',#2315,12.4);
#2315 = AXIS2_PLACEMENT_3D('',#2316,#2317,#2318);
#2316 = CARTESIAN_POINT('',(0.,196.,22.));
#2317 = DIRECTION('',(-0.,1.,1.110223024625E-16));
#2318 = DIRECTION('',(1.,0.,0.));
#2319 = PCURVE('',#488,#2320);
#2320 = DEFINITIONAL_REPRESENTATION('',(#2321),#2325);
#2321 = LINE('',#2322,#2323);
#2322 = CARTESIAN_POINT('',(-0.,-32.));
#2323 = VECTOR('',#2324,1.);
#2324 = DIRECTION('',(-1.,-0.));
#2325 = ( GEOMETRIC_REPRESENTATION_CONTEXT(2) 
PARAMETRIC_REPRESENTATION_CONTEXT() REPRESENTATION_CONTEXT('2D SPACE',''
  ) );
#2326 = PCURVE('',#1972,#2327);
#2327 = DEFINITIONAL_REPRESENTATION('',(#2328),#2332);
#2328 = CIRCLE('',#2329,12.4);
#2329 = AXIS2_PLACEMENT_2D('',#2330,#2331);
#2330 = CARTESIAN_POINT('',(0.,0.));
#2331 = DIRECTION('',(1.,0.));
#2332 = ( GEOMETRIC_REPRESENTATION_CONTEXT(2) 
PARAMETRIC_REPRESENTATION_CONTEXT() REPRESENTATION_CONTEXT('2D SPACE',''
  ) );
#2333 = ORIENTED_EDGE('',*,*,#1932,.F.);
#2334 = ORIENTED_EDGE('',*,*,#2335,.T.);
#2335 = EDGE_CURVE('',#1900,#2336,#2338,.T.);
#2336 = VERTEX_POINT('',#2337);
#2337 = CARTESIAN_POINT('',(14.259032225225,181.,21.325));
#2338 = SURFACE_CURVE('',#2339,(#2344,#2351),.PCURVE_S1.);
#2339 = CIRCLE('',#2340,14.275);
#2340 = AXIS2_PLACEMENT_3D('',#2341,#2342,#2343);
#2341 = CARTESIAN_POINT('',(0.,181.,22.));
#2342 = DIRECTION('',(0.,1.,1.110223024625E-16));
#2343 = DIRECTION('',(1.,0.,-0.));
#2344 = PCURVE('',#488,#2345);
#2345 = DEFINITIONAL_REPRESENTATION('',(#2346),#2350);
#2346 = LINE('',#2347,#2348);
#2347 = CARTESIAN_POINT('',(-0.,-17.));
#2348 = VECTOR('',#2349,1.);
#2349 = DIRECTION('',(-1.,-0.));
#2350 = ( GEOMETRIC_REPRESENTATION_CONTEXT(2) 
PARAMETRIC_REPRESENTATION_CONTEXT() REPRESENTATION_CONTEXT('2D SPACE',''
  ) );
#2351 = PCURVE('',#1916,#2352);
#2352 = DEFINITIONAL_REPRESENTATION('',(#2353),#2361);
#2353 = ( BOUNDED_CURVE() B_SPLINE_CURVE(2,(#2354,#2355,#2356,#2357,
#2358,#2359,#2360),.UNSPECIFIED.,.T.,.F.) B_SPLINE_CURVE_WITH_KNOTS((1,2
    ,2,2,2,1),(-2.094395102393,0.,2.094395102393,4.188790204786,
6.28318530718,8.377580409573),.UNSPECIFIED.) CURVE() 
GEOMETRIC_REPRESENTATION_ITEM() RATIONAL_B_SPLINE_CURVE((1.,0.5,1.,0.5,
1.,0.5,1.)) REPRESENTATION_ITEM('') );
#2354 = CARTESIAN_POINT('',(9.777430454844,-0.638829946606));
#2355 = CARTESIAN_POINT('',(6.469558920144,-25.1415820555));
#2356 = CARTESIAN_POINT('',(-13.09651110144,-10.02550521954));
#2357 = CARTESIAN_POINT('',(-32.66258112302,5.090571616407));
#2358 = CARTESIAN_POINT('',(-9.78863956674,14.477246889348));
#2359 = CARTESIAN_POINT('',(13.085301989545,23.863922162289));
#2360 = CARTESIAN_POINT('',(9.777430454844,-0.638829946606));
#2361 = ( GEOMETRIC_REPRESENTATION_CONTEXT(2) 
PARAMETRIC_REPRESENTATION_CONTEXT() REPRESENTATION_CONTEXT('2D SPACE',''
  ) );
#2362 = ORIENTED_EDGE('',*,*,#2363,.F.);
#2363 = EDGE_CURVE('',#2364,#2336,#2366,.T.);
#2364 = VERTEX_POINT('',#2365);
#2365 = CARTESIAN_POINT('',(14.453553385473,179.2958687942,
    21.001293956684));
#2366 = SURFACE_CURVE('',#2367,(#2373,#2382),.PCURVE_S1.);
#2367 = B_SPLINE_CURVE_WITH_KNOTS('',4,(#2368,#2369,#2370,#2371,#2372),
  .UNSPECIFIED.,.F.,.F.,(5,5),(0.,1.),.PIECEWISE_BEZIER_KNOTS.);
#2368 = CARTESIAN_POINT('',(14.453553385473,179.2958687942,
    21.001293956684));
#2369 = CARTESIAN_POINT('',(14.405858144352,179.7218845332,
    21.083550055436));
#2370 = CARTESIAN_POINT('',(14.357528762508,180.14791075591,
    21.164931965464));
#2371 = CARTESIAN_POINT('',(14.308581119717,180.57394879396,
    21.245420981517));
#2372 = CARTESIAN_POINT('',(14.259032225225,181.,21.325));
#2373 = PCURVE('',#488,#2374);
#2374 = DEFINITIONAL_REPRESENTATION('',(#2375),#2381);
#2375 = B_SPLINE_CURVE_WITH_KNOTS('',4,(#2376,#2377,#2378,#2379,#2380),
  .UNSPECIFIED.,.F.,.F.,(5,5),(0.,1.),.PIECEWISE_BEZIER_KNOTS.);
#2376 = CARTESIAN_POINT('',(-6.898795890659E-02,-15.2958687942));
#2377 = CARTESIAN_POINT('',(-6.355086911111E-02,-15.7218845332));
#2378 = CARTESIAN_POINT('',(-5.812369978259E-02,-16.14791075591));
#2379 = CARTESIAN_POINT('',(-5.270745037747E-02,-16.57394879396));
#2380 = CARTESIAN_POINT('',(-4.730310289865E-02,-17.));
#2381 = ( GEOMETRIC_REPRESENTATION_CONTEXT(2) 
PARAMETRIC_REPRESENTATION_CONTEXT() REPRESENTATION_CONTEXT('2D SPACE',''
  ) );
#2382 = PCURVE('',#2383,#2388);
#2383 = B_SPLINE_SURFACE_WITH_KNOTS('',1,1,(
    (#2384,#2385)
    ,(#2386,#2387
    )),.UNSPECIFIED.,.F.,.F.,.F.,(2,2),(2,2),(-5.,5.),(0.,1.),
  .PIECEWISE_BEZIER_KNOTS.);
#2384 = CARTESIAN_POINT('',(4.288526253635,166.5,20.478761171978));
#2385 = CARTESIAN_POINT('',(4.5,181.,21.325));
#2386 = CARTESIAN_POINT('',(14.104798088112,166.5,18.570671218213));
#2387 = CARTESIAN_POINT('',(14.5,181.,21.325));
#2388 = DEFINITIONAL_REPRESENTATION('',(#2389),#2395);
#2389 = B_SPLINE_CURVE_WITH_KNOTS('',4,(#2390,#2391,#2392,#2393,#2394),
  .UNSPECIFIED.,.F.,.F.,(5,5),(0.,1.),.PIECEWISE_BEZIER_KNOTS.);
#2390 = CARTESIAN_POINT('',(5.,0.882473709945));
#2391 = CARTESIAN_POINT('',(4.940565233454,0.911854105738));
#2392 = CARTESIAN_POINT('',(4.880580407,0.941235224546));
#2393 = CARTESIAN_POINT('',(4.820063189588,0.970617158205));
#2394 = CARTESIAN_POINT('',(4.759032225225,1.));
#2395 = ( GEOMETRIC_REPRESENTATION_CONTEXT(2) 
PARAMETRIC_REPRESENTATION_CONTEXT() REPRESENTATION_CONTEXT('2D SPACE',''
  ) );
#2396 = ORIENTED_EDGE('',*,*,#2397,.F.);
#2397 = EDGE_CURVE('',#2398,#2364,#2400,.T.);
#2398 = VERTEX_POINT('',#2399);
#2399 = CARTESIAN_POINT('',(14.47688916633,179.38488666935,22.));
#2400 = SURFACE_CURVE('',#2401,(#2416,#2434),.PCURVE_S1.);
#2401 = B_SPLINE_CURVE_WITH_KNOTS('',5,(#2402,#2403,#2404,#2405,#2406,
    #2407,#2408,#2409,#2410,#2411,#2412,#2413,#2414,#2415),
  .UNSPECIFIED.,.F.,.F.,(6,4,4,6),(0.,0.115985001225,0.547708341834,1.),
  .UNSPECIFIED.);
#2402 = CARTESIAN_POINT('',(14.47688916633,179.38488666935,22.));
#2403 = CARTESIAN_POINT('',(14.476443024247,179.38845580602,
    21.977336061043));
#2404 = CARTESIAN_POINT('',(14.475994398964,179.39169000344,
    21.954587257855));
#2405 = CARTESIAN_POINT('',(14.475542888324,179.39458709029,
    21.931759862896));
#2406 = CARTESIAN_POINT('',(14.475088095391,179.39714565652,
    21.908860369897));
#2407 = CARTESIAN_POINT('',(14.472923107138,179.40762616843,
    21.800414846436));
#2408 = CARTESIAN_POINT('',(14.47116557514,179.41118872312,
    21.714021987441));
#2409 = CARTESIAN_POINT('',(14.469337189311,179.41001628849,
    21.627081008313));
#2410 = CARTESIAN_POINT('',(14.467419141459,179.40423534142,
    21.539936787277));
#2411 = CARTESIAN_POINT('',(14.463281364944,179.38343544912,
    21.361737016378));
#2412 = CARTESIAN_POINT('',(14.461051421903,179.36798828132,
    21.270684300041));
#2413 = CARTESIAN_POINT('',(14.458692894887,179.34799952881,
    21.18010319541));
#2414 = CARTESIAN_POINT('',(14.456195442778,179.32383829781,
    21.090249005353));
#2415 = CARTESIAN_POINT('',(14.453553385473,179.2958687942,
    21.001293956684));
#2416 = PCURVE('',#488,#2417);
#2417 = DEFINITIONAL_REPRESENTATION('',(#2418),#2433);
#2418 = B_SPLINE_CURVE_WITH_KNOTS('',5,(#2419,#2420,#2421,#2422,#2423,
    #2424,#2425,#2426,#2427,#2428,#2429,#2430,#2431,#2432),
  .UNSPECIFIED.,.F.,.F.,(6,4,4,6),(0.,0.115985001225,0.547708341834,1.),
  .UNSPECIFIED.);
#2419 = CARTESIAN_POINT('',(0.,-15.38488666935));
#2420 = CARTESIAN_POINT('',(-1.565525486661E-03,-15.38845580602));
#2421 = CARTESIAN_POINT('',(-3.137033648354E-03,-15.39169000344));
#2422 = CARTESIAN_POINT('',(-4.714077440257E-03,-15.39458709029));
#2423 = CARTESIAN_POINT('',(-6.296194241254E-03,-15.39714565652));
#2424 = CARTESIAN_POINT('',(-1.378901811653E-02,-15.40762616843));
#2425 = CARTESIAN_POINT('',(-1.975922936734E-02,-15.41118872312));
#2426 = CARTESIAN_POINT('',(-2.576764971916E-02,-15.41001628849));
#2427 = CARTESIAN_POINT('',(-3.178969290339E-02,-15.40423534142));
#2428 = CARTESIAN_POINT('',(-4.410193645903E-02,-15.38343544912));
#2429 = CARTESIAN_POINT('',(-5.039183953201E-02,-15.36798828132));
#2430 = CARTESIAN_POINT('',(-5.664728941509E-02,-15.34799952881));
#2431 = CARTESIAN_POINT('',(-6.285008798256E-02,-15.32383829781));
#2432 = CARTESIAN_POINT('',(-6.898795890659E-02,-15.2958687942));
#2433 = ( GEOMETRIC_REPRESENTATION_CONTEXT(2) 
PARAMETRIC_REPRESENTATION_CONTEXT() REPRESENTATION_CONTEXT('2D SPACE',''
  ) );
#2434 = PCURVE('',#2435,#2440);
#2435 = B_SPLINE_SURFACE_WITH_KNOTS('',1,1,(
    (#2436,#2437)
    ,(#2438,#2439
  )),.UNSPECIFIED.,.F.,.F.,.F.,(2,2),(2,2),(-0.675,0.675),(0.,1.),
  .PIECEWISE_BEZIER_KNOTS.);
#2436 = CARTESIAN_POINT('',(14.104798088112,166.5,18.570671218213));
#2437 = CARTESIAN_POINT('',(14.5,181.,21.325));
#2438 = CARTESIAN_POINT('',(14.36239023187,166.5,19.895867915867));
#2439 = CARTESIAN_POINT('',(14.5,181.,22.675));
#2440 = DEFINITIONAL_REPRESENTATION('',(#2441),#2456);
#2441 = B_SPLINE_CURVE_WITH_KNOTS('',5,(#2442,#2443,#2444,#2445,#2446,
    #2447,#2448,#2449,#2450,#2451,#2452,#2453,#2454,#2455),
  .UNSPECIFIED.,.F.,.F.,(6,4,4,6),(0.,0.115985001225,0.547708341834,1.),
  .UNSPECIFIED.);
#2442 = CARTESIAN_POINT('',(0.3088101305,0.888612873749));
#2443 = CARTESIAN_POINT('',(0.285415895401,0.888859021105));
#2444 = CARTESIAN_POINT('',(0.262001058929,0.889082069203));
#2445 = CARTESIAN_POINT('',(0.23857227297,0.889281868296));
#2446 = CARTESIAN_POINT('',(0.215136264579,0.88945832114));
#2447 = CARTESIAN_POINT('',(0.104463959426,0.890181115064));
#2448 = CARTESIAN_POINT('',(1.721579934769E-02,0.890426808491));
#2449 = CARTESIAN_POINT('',(-6.967544808214E-02,0.89034595093));
#2450 = CARTESIAN_POINT('',(-0.155891072339,0.889947264926));
#2451 = CARTESIAN_POINT('',(-0.330483662135,0.888512789595));
#2452 = CARTESIAN_POINT('',(-0.418776311395,0.887447467677));
#2453 = CARTESIAN_POINT('',(-0.50573512044,0.886068933022));
#2454 = CARTESIAN_POINT('',(-0.591176863911,0.884402641228));
#2455 = CARTESIAN_POINT('',(-0.675,0.882473709945));
#2456 = ( GEOMETRIC_REPRESENTATION_CONTEXT(2) 
PARAMETRIC_REPRESENTATION_CONTEXT() REPRESENTATION_CONTEXT('2D SPACE',''
  ) );
#2457 = ORIENTED_EDGE('',*,*,#2458,.F.);
#2458 = EDGE_CURVE('',#470,#2398,#2459,.T.);
#2459 = SEAM_CURVE('',#2460,(#2464,#2471),.PCURVE_S1.);
#2460 = LINE('',#2461,#2462);
#2461 = CARTESIAN_POINT('',(16.4,164.,22.));
#2462 = VECTOR('',#2463,1.);
#2463 = DIRECTION('',(-0.124034734589,0.992277876714,7.978522641581E-17)
  );
#2464 = PCURVE('',#488,#2465);
#2465 = DEFINITIONAL_REPRESENTATION('',(#2466),#2470);
#2466 = LINE('',#2467,#2468);
#2467 = CARTESIAN_POINT('',(-6.28318530718,0.));
#2468 = VECTOR('',#2469,1.);
#2469 = DIRECTION('',(-0.,-1.));
#2470 = ( GEOMETRIC_REPRESENTATION_CONTEXT(2) 
PARAMETRIC_REPRESENTATION_CONTEXT() REPRESENTATION_CONTEXT('2D SPACE',''
  ) );
#2471 = PCURVE('',#488,#2472);
#2472 = DEFINITIONAL_REPRESENTATION('',(#2473),#2477);
#2473 = LINE('',#2474,#2475);
#2474 = CARTESIAN_POINT('',(0.,-0.));
#2475 = VECTOR('',#2476,1.);
#2476 = DIRECTION('',(-0.,-1.));
#2477 = ( GEOMETRIC_REPRESENTATION_CONTEXT(2) 
PARAMETRIC_REPRESENTATION_CONTEXT() REPRESENTATION_CONTEXT('2D SPACE',''
  ) );
#2478 = ORIENTED_EDGE('',*,*,#469,.T.);
#2479 = ORIENTED_EDGE('',*,*,#1436,.F.);
#2480 = ORIENTED_EDGE('',*,*,#716,.T.);
#2481 = ORIENTED_EDGE('',*,*,#848,.F.);
#2482 = ORIENTED_EDGE('',*,*,#644,.T.);
#2483 = ORIENTED_EDGE('',*,*,#1201,.F.);
#2484 = ORIENTED_EDGE('',*,*,#572,.T.);
#2485 = ORIENTED_EDGE('',*,*,#1680,.F.);
#2486 = ORIENTED_EDGE('',*,*,#500,.T.);
#2487 = ORIENTED_EDGE('',*,*,#2458,.T.);
#2488 = ORIENTED_EDGE('',*,*,#2489,.F.);
#2489 = EDGE_CURVE('',#1866,#2398,#2490,.T.);
#2490 = SURFACE_CURVE('',#2491,(#2498,#2508),.PCURVE_S1.);
#2491 = B_SPLINE_CURVE_WITH_KNOTS('',5,(#2492,#2493,#2494,#2495,#2496,
    #2497),.UNSPECIFIED.,.F.,.F.,(6,6),(0.,1.),
  .PIECEWISE_BEZIER_KNOTS.);
#2492 = CARTESIAN_POINT('',(14.483827234476,179.2958687942,
    22.348378916579));
#2493 = CARTESIAN_POINT('',(14.48243945326,179.31991361068,22.2810819952
    ));
#2494 = CARTESIAN_POINT('',(14.481063604706,179.34099730712,
    22.21245730814));
#2495 = CARTESIAN_POINT('',(14.479688564501,179.35893681199,
    22.142623061626));
#2496 = CARTESIAN_POINT('',(14.478301285745,179.37358971403,
    22.071735412459));
#2497 = CARTESIAN_POINT('',(14.47688916633,179.38488666935,22.));
#2498 = PCURVE('',#488,#2499);
#2499 = DEFINITIONAL_REPRESENTATION('',(#2500),#2507);
#2500 = B_SPLINE_CURVE_WITH_KNOTS('',5,(#2501,#2502,#2503,#2504,#2505,
    #2506),.UNSPECIFIED.,.F.,.F.,(6,6),(0.,1.),
  .PIECEWISE_BEZIER_KNOTS.);
#2501 = CARTESIAN_POINT('',(-6.25913698418,-15.2958687942));
#2502 = CARTESIAN_POINT('',(-6.263778343647,-15.31991361068));
#2503 = CARTESIAN_POINT('',(-6.268513749226,-15.34099730712));
#2504 = CARTESIAN_POINT('',(-6.273334739892,-15.35893681199));
#2505 = CARTESIAN_POINT('',(-6.278230139558,-15.37358971403));
#2506 = CARTESIAN_POINT('',(-6.28318530718,-15.38488666935));
#2507 = ( GEOMETRIC_REPRESENTATION_CONTEXT(2) 
PARAMETRIC_REPRESENTATION_CONTEXT() REPRESENTATION_CONTEXT('2D SPACE',''
  ) );
#2508 = PCURVE('',#2435,#2509);
#2509 = DEFINITIONAL_REPRESENTATION('',(#2510),#2517);
#2510 = B_SPLINE_CURVE_WITH_KNOTS('',5,(#2511,#2512,#2513,#2514,#2515,
    #2516),.UNSPECIFIED.,.F.,.F.,(6,6),(0.,1.),
  .PIECEWISE_BEZIER_KNOTS.);
#2511 = CARTESIAN_POINT('',(0.675,0.882473709945));
#2512 = CARTESIAN_POINT('',(0.602938945503,0.88413197315));
#2513 = CARTESIAN_POINT('',(0.530121546325,0.885586012391));
#2514 = CARTESIAN_POINT('',(0.456700073513,0.886823243834));
#2515 = CARTESIAN_POINT('',(0.382857078003,0.887833767351));
#2516 = CARTESIAN_POINT('',(0.308810147758,0.888612867719));
#2517 = ( GEOMETRIC_REPRESENTATION_CONTEXT(2) 
PARAMETRIC_REPRESENTATION_CONTEXT() REPRESENTATION_CONTEXT('2D SPACE',''
  ) );
#2518 = FACE_BOUND('',#2519,.T.);
#2519 = EDGE_LOOP('',(#2520,#2556,#2617,#2651));
#2520 = ORIENTED_EDGE('',*,*,#2521,.F.);
#2521 = EDGE_CURVE('',#2522,#2524,#2526,.T.);
#2522 = VERTEX_POINT('',#2523);
#2523 = CARTESIAN_POINT('',(3.516567734858,179.2958687942,7.945236729356
    ));
#2524 = VERTEX_POINT('',#2525);
#2525 = CARTESIAN_POINT('',(3.764320132435,181.,8.230268014934));
#2526 = SURFACE_CURVE('',#2527,(#2533,#2542),.PCURVE_S1.);
#2527 = B_SPLINE_CURVE_WITH_KNOTS('',4,(#2528,#2529,#2530,#2531,#2532),
  .UNSPECIFIED.,.F.,.F.,(5,5),(0.,1.),.PIECEWISE_BEZIER_KNOTS.);
#2528 = CARTESIAN_POINT('',(3.516567734858,179.2958687942,7.945236729356
    ));
#2529 = CARTESIAN_POINT('',(3.580059293524,179.7218845332,8.016016131626
    ));
#2530 = CARTESIAN_POINT('',(3.642523489046,180.14791075591,
    8.087128498391));
#2531 = CARTESIAN_POINT('',(3.703947438798,180.57394879396,
    8.158552946845));
#2532 = CARTESIAN_POINT('',(3.764320132435,181.,8.230268014934));
#2533 = PCURVE('',#488,#2534);
#2534 = DEFINITIONAL_REPRESENTATION('',(#2535),#2541);
#2535 = B_SPLINE_CURVE_WITH_KNOTS('',4,(#2536,#2537,#2538,#2539,#2540),
  .UNSPECIFIED.,.F.,.F.,(5,5),(0.,1.),.PIECEWISE_BEZIER_KNOTS.);
#2536 = CARTESIAN_POINT('',(-1.325625020343,-15.2958687942));
#2537 = CARTESIAN_POINT('',(-1.320187930547,-15.7218845332));
#2538 = CARTESIAN_POINT('',(-1.314760761219,-16.14791075591));
#2539 = CARTESIAN_POINT('',(-1.309344511813,-16.57394879396));
#2540 = CARTESIAN_POINT('',(-1.303940164335,-17.));
#2541 = ( GEOMETRIC_REPRESENTATION_CONTEXT(2) 
PARAMETRIC_REPRESENTATION_CONTEXT() REPRESENTATION_CONTEXT('2D SPACE',''
  ) );
#2542 = PCURVE('',#2543,#2548);
#2543 = B_SPLINE_SURFACE_WITH_KNOTS('',1,1,(
    (#2544,#2545)
    ,(#2546,#2547
    )),.UNSPECIFIED.,.F.,.F.,.F.,(2,2),(2,2),(-5.,5.),(0.,1.),
  .PIECEWISE_BEZIER_KNOTS.);
#2544 = CARTESIAN_POINT('',(-0.121556607035,166.5,17.451280510816));
#2545 = CARTESIAN_POINT('',(0.748613326188,181.,17.511659205469));
#2546 = CARTESIAN_POINT('',(1.097136827017,166.5,7.525818994402));
#2547 = CARTESIAN_POINT('',(3.838783269938,181.,8.001094042517));
#2548 = DEFINITIONAL_REPRESENTATION('',(#2549),#2555);
#2549 = B_SPLINE_CURVE_WITH_KNOTS('',4,(#2550,#2551,#2552,#2553,#2554),
  .UNSPECIFIED.,.F.,.F.,(5,5),(0.,1.),.PIECEWISE_BEZIER_KNOTS.);
#2550 = CARTESIAN_POINT('',(5.,0.882473709945));
#2551 = CARTESIAN_POINT('',(4.940565233454,0.911854105738));
#2552 = CARTESIAN_POINT('',(4.880580407,0.941235224546));
#2553 = CARTESIAN_POINT('',(4.820063189588,0.970617158205));
#2554 = CARTESIAN_POINT('',(4.759032225225,1.));
#2555 = ( GEOMETRIC_REPRESENTATION_CONTEXT(2) 
PARAMETRIC_REPRESENTATION_CONTEXT() REPRESENTATION_CONTEXT('2D SPACE',''
  ) );
#2556 = ORIENTED_EDGE('',*,*,#2557,.F.);
#2557 = EDGE_CURVE('',#2558,#2522,#2560,.T.);
#2558 = VERTEX_POINT('',#2559);
#2559 = CARTESIAN_POINT('',(4.807076797796,179.2958687942,8.332716733463
    ));
#2560 = SURFACE_CURVE('',#2561,(#2576,#2594),.PCURVE_S1.);
#2561 = B_SPLINE_CURVE_WITH_KNOTS('',5,(#2562,#2563,#2564,#2565,#2566,
    #2567,#2568,#2569,#2570,#2571,#2572,#2573,#2574,#2575),
  .UNSPECIFIED.,.F.,.F.,(6,4,4,6),(0.,0.353369231512,0.778057957102,1.),
  .UNSPECIFIED.);
#2562 = CARTESIAN_POINT('',(4.807076797796,179.2958687942,8.332716733463
    ));
#2563 = CARTESIAN_POINT('',(4.722290276549,179.32750952546,
    8.307088092933));
#2564 = CARTESIAN_POINT('',(4.635316919276,179.3540252213,8.280727346884
    ));
#2565 = CARTESIAN_POINT('',(4.54641760713,179.3749920638,8.253745516403)
  );
#2566 = CARTESIAN_POINT('',(4.455946604828,179.39012101336,
    8.226290715704));
#2567 = CARTESIAN_POINT('',(4.254347541777,179.41047479142,
    8.165208120229));
#2568 = CARTESIAN_POINT('',(4.142700403114,179.41308787945,8.13144200232
    ));
#2569 = CARTESIAN_POINT('',(4.030299296235,179.40711052965,
    8.097578639255));
#2570 = CARTESIAN_POINT('',(3.917899589543,179.39299958758,
    8.063909894825));
#2571 = CARTESIAN_POINT('',(3.747746246858,179.36019616666,
    8.013299229324));
#2572 = CARTESIAN_POINT('',(3.689513926917,179.34690548253,
    7.996043109605));
#2573 = CARTESIAN_POINT('',(3.631533337606,179.33168043994,
    7.978932606464));
#2574 = CARTESIAN_POINT('',(3.573868657617,179.31463162677,
    7.961991341289));
#2575 = CARTESIAN_POINT('',(3.516567734858,179.2958687942,7.945236729356
    ));
#2576 = PCURVE('',#488,#2577);
#2577 = DEFINITIONAL_REPRESENTATION('',(#2578),#2593);
#2578 = B_SPLINE_CURVE_WITH_KNOTS('',5,(#2579,#2580,#2581,#2582,#2583,
    #2584,#2585,#2586,#2587,#2588,#2589,#2590,#2591,#2592),
  .UNSPECIFIED.,.F.,.F.,(6,4,4,6),(0.,0.353369231512,0.778057957102,1.),
  .UNSPECIFIED.);
#2579 = CARTESIAN_POINT('',(-1.232588738436,-15.2958687942));
#2580 = CARTESIAN_POINT('',(-1.238696333715,-15.32750952546));
#2581 = CARTESIAN_POINT('',(-1.2449672532,-15.3540252213));
#2582 = CARTESIAN_POINT('',(-1.251381319597,-15.3749920638));
#2583 = CARTESIAN_POINT('',(-1.257911133241,-15.39012101336));
#2584 = CARTESIAN_POINT('',(-1.272462643277,-15.41047479142));
#2585 = CARTESIAN_POINT('',(-1.280522001697,-15.41308787945));
#2586 = CARTESIAN_POINT('',(-1.288633125774,-15.40711052965));
#2587 = CARTESIAN_POINT('',(-1.296738308981,-15.39299958758));
#2588 = CARTESIAN_POINT('',(-1.308995967171,-15.36019616666));
#2589 = CARTESIAN_POINT('',(-1.313188763897,-15.34690548253));
#2590 = CARTESIAN_POINT('',(-1.317360912275,-15.33168043994));
#2591 = CARTESIAN_POINT('',(-1.321507541316,-15.31463162677));
#2592 = CARTESIAN_POINT('',(-1.325625020343,-15.2958687942));
#2593 = ( GEOMETRIC_REPRESENTATION_CONTEXT(2) 
PARAMETRIC_REPRESENTATION_CONTEXT() REPRESENTATION_CONTEXT('2D SPACE',''
  ) );
#2594 = PCURVE('',#2595,#2600);
#2595 = B_SPLINE_SURFACE_WITH_KNOTS('',1,1,(
    (#2596,#2597)
    ,(#2598,#2599
  )),.UNSPECIFIED.,.F.,.F.,.F.,(2,2),(2,2),(-0.675,0.675),(0.,1.),
  .PIECEWISE_BEZIER_KNOTS.);
#2596 = CARTESIAN_POINT('',(1.097136827017,166.5,7.525818994402));
#2597 = CARTESIAN_POINT('',(3.838783269938,181.,8.001094042517));
#2598 = CARTESIAN_POINT('',(2.437074131733,166.5,7.690342607999));
#2599 = CARTESIAN_POINT('',(5.122709566936,181.,8.418266984923));
#2600 = DEFINITIONAL_REPRESENTATION('',(#2601),#2616);
#2601 = B_SPLINE_CURVE_WITH_KNOTS('',5,(#2602,#2603,#2604,#2605,#2606,
    #2607,#2608,#2609,#2610,#2611,#2612,#2613,#2614,#2615),
  .UNSPECIFIED.,.F.,.F.,(6,4,4,6),(0.,0.353369231512,0.778057957102,1.),
  .UNSPECIFIED.);
#2602 = CARTESIAN_POINT('',(0.675,0.882473709945));
#2603 = CARTESIAN_POINT('',(0.580174387078,0.884655829343));
#2604 = CARTESIAN_POINT('',(0.484031680356,0.886484498021));
#2605 = CARTESIAN_POINT('',(0.386933513606,0.887930487159));
#2606 = CARTESIAN_POINT('',(0.289315222476,0.888973862991));
#2607 = CARTESIAN_POINT('',(7.438301720985E-02,0.890377571822));
#2608 = CARTESIAN_POINT('',(-4.296712756294E-02,0.89055778479));
#2609 = CARTESIAN_POINT('',(-0.159423587896,0.890145553769));
#2610 = CARTESIAN_POINT('',(-0.274270005187,0.88917238535));
#2611 = CARTESIAN_POINT('',(-0.445845951647,0.88691008046));
#2612 = CARTESIAN_POINT('',(-0.50415356643,0.885993481554));
#2613 = CARTESIAN_POINT('',(-0.561810102886,0.884943478617));
#2614 = CARTESIAN_POINT('',(-0.618768774374,0.883767698398));
#2615 = CARTESIAN_POINT('',(-0.675,0.882473709945));
#2616 = ( GEOMETRIC_REPRESENTATION_CONTEXT(2) 
PARAMETRIC_REPRESENTATION_CONTEXT() REPRESENTATION_CONTEXT('2D SPACE',''
  ) );
#2617 = ORIENTED_EDGE('',*,*,#2618,.F.);
#2618 = EDGE_CURVE('',#2619,#2558,#2621,.T.);
#2619 = VERTEX_POINT('',#2620);
#2620 = CARTESIAN_POINT('',(5.048246429434,181.,8.64744095734));
#2621 = SURFACE_CURVE('',#2622,(#2628,#2637),.PCURVE_S1.);
#2622 = B_SPLINE_CURVE_WITH_KNOTS('',4,(#2623,#2624,#2625,#2626,#2627),
  .UNSPECIFIED.,.F.,.F.,(5,5),(0.,1.),.PIECEWISE_BEZIER_KNOTS.);
#2623 = CARTESIAN_POINT('',(5.048246429434,181.,8.64744095734));
#2624 = CARTESIAN_POINT('',(4.989520433436,180.57395557763,
    8.568303594053));
#2625 = CARTESIAN_POINT('',(4.929742554722,180.14791990297,
    8.489456249598));
#2626 = CARTESIAN_POINT('',(4.868923737651,179.72189146813,
    8.410920346034));
#2627 = CARTESIAN_POINT('',(4.807076797796,179.2958687942,8.332716733463
    ));
#2628 = PCURVE('',#488,#2629);
#2629 = DEFINITIONAL_REPRESENTATION('',(#2630),#2636);
#2630 = B_SPLINE_CURVE_WITH_KNOTS('',4,(#2631,#2632,#2633,#2634,#2635),
  .UNSPECIFIED.,.F.,.F.,(5,5),(0.,1.),.PIECEWISE_BEZIER_KNOTS.);
#2631 = CARTESIAN_POINT('',(-1.209333958537,-17.));
#2632 = CARTESIAN_POINT('',(-1.21514253962,-16.57395557763));
#2633 = CARTESIAN_POINT('',(-1.220955074654,-16.14791990297));
#2634 = CARTESIAN_POINT('',(-1.226770752828,-15.72189146813));
#2635 = CARTESIAN_POINT('',(-1.232588738436,-15.2958687942));
#2636 = ( GEOMETRIC_REPRESENTATION_CONTEXT(2) 
PARAMETRIC_REPRESENTATION_CONTEXT() REPRESENTATION_CONTEXT('2D SPACE',''
  ) );
#2637 = PCURVE('',#2638,#2643);
#2638 = B_SPLINE_SURFACE_WITH_KNOTS('',1,1,(
    (#2639,#2640)
    ,(#2641,#2642
    )),.UNSPECIFIED.,.F.,.F.,.F.,(2,2),(2,2),(-5.,5.),(0.,1.),
  .PIECEWISE_BEZIER_KNOTS.);
#2639 = CARTESIAN_POINT('',(2.437074131733,166.5,7.690342607999));
#2640 = CARTESIAN_POINT('',(5.122709566936,181.,8.418266984923));
#2641 = CARTESIAN_POINT('',(1.218380697681,166.5,17.615804124413));
#2642 = CARTESIAN_POINT('',(2.032539623186,181.,17.928832147875));
#2643 = DEFINITIONAL_REPRESENTATION('',(#2644),#2650);
#2644 = B_SPLINE_CURVE_WITH_KNOTS('',4,(#2645,#2646,#2647,#2648,#2649),
  .UNSPECIFIED.,.F.,.F.,(5,5),(0.,1.),.PIECEWISE_BEZIER_KNOTS.);
#2645 = CARTESIAN_POINT('',(-4.759032225225,1.));
#2646 = CARTESIAN_POINT('',(-4.820062217841,0.970617626044));
#2647 = CARTESIAN_POINT('',(-4.880579113003,0.941235855377));
#2648 = CARTESIAN_POINT('',(-4.94056426594,0.911854584009));
#2649 = CARTESIAN_POINT('',(-5.,0.882473709945));
#2650 = ( GEOMETRIC_REPRESENTATION_CONTEXT(2) 
PARAMETRIC_REPRESENTATION_CONTEXT() REPRESENTATION_CONTEXT('2D SPACE',''
  ) );
#2651 = ORIENTED_EDGE('',*,*,#2652,.T.);
#2652 = EDGE_CURVE('',#2619,#2524,#2653,.T.);
#2653 = SURFACE_CURVE('',#2654,(#2659,#2666),.PCURVE_S1.);
#2654 = CIRCLE('',#2655,14.275);
#2655 = AXIS2_PLACEMENT_3D('',#2656,#2657,#2658);
#2656 = CARTESIAN_POINT('',(0.,181.,22.));
#2657 = DIRECTION('',(0.,1.,1.110223024625E-16));
#2658 = DIRECTION('',(1.,0.,-0.));
#2659 = PCURVE('',#488,#2660);
#2660 = DEFINITIONAL_REPRESENTATION('',(#2661),#2665);
#2661 = LINE('',#2662,#2663);
#2662 = CARTESIAN_POINT('',(-0.,-17.));
#2663 = VECTOR('',#2664,1.);
#2664 = DIRECTION('',(-1.,-0.));
#2665 = ( GEOMETRIC_REPRESENTATION_CONTEXT(2) 
PARAMETRIC_REPRESENTATION_CONTEXT() REPRESENTATION_CONTEXT('2D SPACE',''
  ) );
#2666 = PCURVE('',#2667,#2672);
#2667 = PLANE('',#2668);
#2668 = AXIS2_PLACEMENT_3D('',#2669,#2670,#2671);
#2669 = CARTESIAN_POINT('',(0.748613326188,181.,17.511659205469));
#2670 = DIRECTION('',(0.,-1.,0.));
#2671 = DIRECTION('',(0.433477396614,0.,-0.901164439281));
#2672 = DEFINITIONAL_REPRESENTATION('',(#2673),#2681);
#2673 = ( BOUNDED_CURVE() B_SPLINE_CURVE(2,(#2674,#2675,#2676,#2677,
#2678,#2679,#2680),.UNSPECIFIED.,.T.,.F.) B_SPLINE_CURVE_WITH_KNOTS((1,2
    ,2,2,2,1),(-2.094395102393,0.,2.094395102393,4.188790204786,
6.28318530718,8.377580409573),.UNSPECIFIED.) CURVE() 
GEOMETRIC_REPRESENTATION_ITEM() RATIONAL_B_SPLINE_CURVE((1.,0.5,1.,0.5,
1.,0.5,1.)) REPRESENTATION_ITEM('') );
#2674 = CARTESIAN_POINT('',(1.818649765556,14.135092945134));
#2675 = CARTESIAN_POINT('',(24.099963306453,3.417353356385));
#2676 = CARTESIAN_POINT('',(3.677471781002,-10.51996040534));
#2677 = CARTESIAN_POINT('',(-16.74501974445,-24.45727416707));
#2678 = CARTESIAN_POINT('',(-18.60384175989,0.197779183406));
#2679 = CARTESIAN_POINT('',(-20.46266377534,24.852832533883));
#2680 = CARTESIAN_POINT('',(1.818649765556,14.135092945134));
#2681 = ( GEOMETRIC_REPRESENTATION_CONTEXT(2) 
PARAMETRIC_REPRESENTATION_CONTEXT() REPRESENTATION_CONTEXT('2D SPACE',''
  ) );
#2682 = FACE_BOUND('',#2683,.T.);
#2683 = EDGE_LOOP('',(#2684,#2720,#2781,#2815));
#2684 = ORIENTED_EDGE('',*,*,#2685,.F.);
#2685 = EDGE_CURVE('',#2686,#2688,#2690,.T.);
#2686 = VERTEX_POINT('',#2687);
#2687 = CARTESIAN_POINT('',(-12.28019500159,179.2958687942,
    14.312384638224));
#2688 = VERTEX_POINT('',#2689);
#2689 = CARTESIAN_POINT('',(-11.93255443884,181.,14.164837617253));
#2690 = SURFACE_CURVE('',#2691,(#2697,#2706),.PCURVE_S1.);
#2691 = B_SPLINE_CURVE_WITH_KNOTS('',4,(#2692,#2693,#2694,#2695,#2696),
  .UNSPECIFIED.,.F.,.F.,(5,5),(0.,1.),.PIECEWISE_BEZIER_KNOTS.);
#2692 = CARTESIAN_POINT('',(-12.28019500159,179.2958687942,
    14.312384638224));
#2693 = CARTESIAN_POINT('',(-12.19325981921,179.7218845332,
    14.273872615778));
#2694 = CARTESIAN_POINT('',(-12.10632544145,180.14791075591,
    14.236440565432));
#2695 = CARTESIAN_POINT('',(-12.01941570999,180.57394879396,
    14.200094286151));
#2696 = CARTESIAN_POINT('',(-11.93255443884,181.,14.164837617253));
#2697 = PCURVE('',#488,#2698);
#2698 = DEFINITIONAL_REPRESENTATION('',(#2699),#2705);
#2699 = B_SPLINE_CURVE_WITH_KNOTS('',4,(#2700,#2701,#2702,#2703,#2704),
  .UNSPECIFIED.,.F.,.F.,(5,5),(0.,1.),.PIECEWISE_BEZIER_KNOTS.);
#2700 = CARTESIAN_POINT('',(-2.582262081778,-15.2958687942));
#2701 = CARTESIAN_POINT('',(-2.576824991983,-15.7218845332));
#2702 = CARTESIAN_POINT('',(-2.571397822654,-16.14791075591));
#2703 = CARTESIAN_POINT('',(-2.565981573249,-16.57394879396));
#2704 = CARTESIAN_POINT('',(-2.56057722577,-17.));
#2705 = ( GEOMETRIC_REPRESENTATION_CONTEXT(2) 
PARAMETRIC_REPRESENTATION_CONTEXT() REPRESENTATION_CONTEXT('2D SPACE',''
  ) );
#2706 = PCURVE('',#2707,#2712);
#2707 = B_SPLINE_SURFACE_WITH_KNOTS('',1,1,(
    (#2708,#2709)
    ,(#2710,#2711
    )),.UNSPECIFIED.,.F.,.F.,.F.,(2,2),(2,2),(-5.,5.),(0.,1.),
  .PIECEWISE_BEZIER_KNOTS.);
#2708 = CARTESIAN_POINT('',(-4.36365236834,166.5,20.709975578417));
#2709 = CARTESIAN_POINT('',(-4.037331519985,181.,19.901052835887));
#2710 = CARTESIAN_POINT('',(-13.4267302387,166.5,16.48379296101));
#2711 = CARTESIAN_POINT('',(-12.12750146373,181.,14.023200312962));
#2712 = DEFINITIONAL_REPRESENTATION('',(#2713),#2719);
#2713 = B_SPLINE_CURVE_WITH_KNOTS('',4,(#2714,#2715,#2716,#2717,#2718),
  .UNSPECIFIED.,.F.,.F.,(5,5),(0.,1.),.PIECEWISE_BEZIER_KNOTS.);
#2714 = CARTESIAN_POINT('',(5.,0.882473709945));
#2715 = CARTESIAN_POINT('',(4.940565233454,0.911854105738));
#2716 = CARTESIAN_POINT('',(4.880580407,0.941235224546));
#2717 = CARTESIAN_POINT('',(4.820063189588,0.970617158205));
#2718 = CARTESIAN_POINT('',(4.759032225225,1.));
#2719 = ( GEOMETRIC_REPRESENTATION_CONTEXT(2) 
PARAMETRIC_REPRESENTATION_CONTEXT() REPRESENTATION_CONTEXT('2D SPACE',''
  ) );
#2720 = ORIENTED_EDGE('',*,*,#2721,.F.);
#2721 = EDGE_CURVE('',#2722,#2686,#2724,.T.);
#2722 = VERTEX_POINT('',#2723);
#2723 = CARTESIAN_POINT('',(-11.5128903869,179.2958687942,
    13.204775490829));
#2724 = SURFACE_CURVE('',#2725,(#2740,#2758),.PCURVE_S1.);
#2725 = B_SPLINE_CURVE_WITH_KNOTS('',5,(#2726,#2727,#2728,#2729,#2730,
    #2731,#2732,#2733,#2734,#2735,#2736,#2737,#2738,#2739),
  .UNSPECIFIED.,.F.,.F.,(6,4,4,6),(0.,0.353369231512,0.778057957047,1.),
  .UNSPECIFIED.);
#2726 = CARTESIAN_POINT('',(-11.5128903869,179.2958687942,
    13.204775490829));
#2727 = CARTESIAN_POINT('',(-11.56346514844,179.32750952546,
    13.277492578888));
#2728 = CARTESIAN_POINT('',(-11.6154119532,179.3540252213,
    13.352063238553));
#2729 = CARTESIAN_POINT('',(-11.66854459714,179.3749920638,
    13.428273664505));
#2730 = CARTESIAN_POINT('',(-11.72261274146,179.39012101336,
    13.505832700787));
#2731 = CARTESIAN_POINT('',(-11.84300327844,179.41047479142,
    13.678689243307));
#2732 = CARTESIAN_POINT('',(-11.90961762812,179.41308787945,
    13.774437677778));
#2733 = CARTESIAN_POINT('',(-11.97655745243,179.40711052965,
    13.870873128227));
#2734 = CARTESIAN_POINT('',(-12.04331175074,179.39299958758,
    13.967367387486));
#2735 = CARTESIAN_POINT('',(-12.1440256285,179.36019616667,
    14.11355327708));
#2736 = CARTESIAN_POINT('',(-12.1784319501,179.34690548254,
    14.163603070181));
#2737 = CARTESIAN_POINT('',(-12.21262199305,179.33168043995,
    14.213458451223));
#2738 = CARTESIAN_POINT('',(-12.24655345979,179.31463162677,
    14.263065682054));
#2739 = CARTESIAN_POINT('',(-12.28019500159,179.2958687942,
    14.312384638224));
#2740 = PCURVE('',#488,#2741);
#2741 = DEFINITIONAL_REPRESENTATION('',(#2742),#2757);
#2742 = B_SPLINE_CURVE_WITH_KNOTS('',5,(#2743,#2744,#2745,#2746,#2747,
    #2748,#2749,#2750,#2751,#2752,#2753,#2754,#2755,#2756),
  .UNSPECIFIED.,.F.,.F.,(6,4,4,6),(0.,0.353369231512,0.778057957047,1.),
  .UNSPECIFIED.);
#2743 = CARTESIAN_POINT('',(-2.489225799872,-15.2958687942));
#2744 = CARTESIAN_POINT('',(-2.495333395151,-15.32750952546));
#2745 = CARTESIAN_POINT('',(-2.501604314636,-15.3540252213));
#2746 = CARTESIAN_POINT('',(-2.508018381033,-15.3749920638));
#2747 = CARTESIAN_POINT('',(-2.514548194677,-15.39012101336));
#2748 = CARTESIAN_POINT('',(-2.529099704712,-15.41047479142));
#2749 = CARTESIAN_POINT('',(-2.53715906313,-15.41308787945));
#2750 = CARTESIAN_POINT('',(-2.545270187207,-15.40711052965));
#2751 = CARTESIAN_POINT('',(-2.553375370413,-15.39299958758));
#2752 = CARTESIAN_POINT('',(-2.565633028603,-15.36019616667));
#2753 = CARTESIAN_POINT('',(-2.56982582533,-15.34690548254));
#2754 = CARTESIAN_POINT('',(-2.573997973709,-15.33168043995));
#2755 = CARTESIAN_POINT('',(-2.578144602751,-15.31463162677));
#2756 = CARTESIAN_POINT('',(-2.582262081778,-15.2958687942));
#2757 = ( GEOMETRIC_REPRESENTATION_CONTEXT(2) 
PARAMETRIC_REPRESENTATION_CONTEXT() REPRESENTATION_CONTEXT('2D SPACE',''
  ) );
#2758 = PCURVE('',#2759,#2764);
#2759 = B_SPLINE_SURFACE_WITH_KNOTS('',1,1,(
    (#2760,#2761)
    ,(#2762,#2763
  )),.UNSPECIFIED.,.F.,.F.,.F.,(2,2),(2,2),(-0.675,0.675),(0.,1.),
  .PIECEWISE_BEZIER_KNOTS.);
#2760 = CARTESIAN_POINT('',(-13.4267302387,166.5,16.48379296101));
#2761 = CARTESIAN_POINT('',(-12.12750146373,181.,14.023200312962));
#2762 = CARTESIAN_POINT('',(-12.85619558535,166.5,15.26027744851));
#2763 = CARTESIAN_POINT('',(-11.33399137313,181.,12.931027370556));
#2764 = DEFINITIONAL_REPRESENTATION('',(#2765),#2780);
#2765 = B_SPLINE_CURVE_WITH_KNOTS('',5,(#2766,#2767,#2768,#2769,#2770,
    #2771,#2772,#2773,#2774,#2775,#2776,#2777,#2778,#2779),
  .UNSPECIFIED.,.F.,.F.,(6,4,4,6),(0.,0.353369231512,0.778057957047,1.),
  .UNSPECIFIED.);
#2766 = CARTESIAN_POINT('',(0.675,0.882473709945));
#2767 = CARTESIAN_POINT('',(0.580174387078,0.884655829343));
#2768 = CARTESIAN_POINT('',(0.484031680356,0.886484498021));
#2769 = CARTESIAN_POINT('',(0.386933513606,0.887930487159));
#2770 = CARTESIAN_POINT('',(0.289315222476,0.888973862991));
#2771 = CARTESIAN_POINT('',(7.438301722492E-02,0.890377571822));
#2772 = CARTESIAN_POINT('',(-4.296712753292E-02,0.89055778479));
#2773 = CARTESIAN_POINT('',(-0.159423587851,0.890145553769));
#2774 = CARTESIAN_POINT('',(-0.274270005128,0.889172385351));
#2775 = CARTESIAN_POINT('',(-0.44584595159,0.88691008046));
#2776 = CARTESIAN_POINT('',(-0.504153566388,0.885993481555));
#2777 = CARTESIAN_POINT('',(-0.561810102858,0.884943478618));
#2778 = CARTESIAN_POINT('',(-0.61876877436,0.883767698399));
#2779 = CARTESIAN_POINT('',(-0.675,0.882473709945));
#2780 = ( GEOMETRIC_REPRESENTATION_CONTEXT(2) 
PARAMETRIC_REPRESENTATION_CONTEXT() REPRESENTATION_CONTEXT('2D SPACE',''
  ) );
#2781 = ORIENTED_EDGE('',*,*,#2782,.F.);
#2782 = EDGE_CURVE('',#2783,#2722,#2785,.T.);
#2783 = VERTEX_POINT('',#2784);
#2784 = CARTESIAN_POINT('',(-11.13904434824,181.,13.072664674847));
#2785 = SURFACE_CURVE('',#2786,(#2792,#2801),.PCURVE_S1.);
#2786 = B_SPLINE_CURVE_WITH_KNOTS('',4,(#2787,#2788,#2789,#2790,#2791),
  .UNSPECIFIED.,.F.,.F.,(5,5),(0.,1.),.PIECEWISE_BEZIER_KNOTS.);
#2787 = CARTESIAN_POINT('',(-11.13904434824,181.,13.072664674847));
#2788 = CARTESIAN_POINT('',(-11.23245578406,180.57395557763,
    13.104061625871));
#2789 = CARTESIAN_POINT('',(-11.3259164452,180.14791990297,
    13.136548597553));
#2790 = CARTESIAN_POINT('',(-11.4194025761,179.72189146813,
    13.170121800973));
#2791 = CARTESIAN_POINT('',(-11.5128903869,179.2958687942,
    13.204775490829));
#2792 = PCURVE('',#488,#2793);
#2793 = DEFINITIONAL_REPRESENTATION('',(#2794),#2800);
#2794 = B_SPLINE_CURVE_WITH_KNOTS('',4,(#2795,#2796,#2797,#2798,#2799),
  .UNSPECIFIED.,.F.,.F.,(5,5),(0.,1.),.PIECEWISE_BEZIER_KNOTS.);
#2795 = CARTESIAN_POINT('',(-2.465971019973,-17.));
#2796 = CARTESIAN_POINT('',(-2.471779601056,-16.57395557763));
#2797 = CARTESIAN_POINT('',(-2.47759213609,-16.14791990297));
#2798 = CARTESIAN_POINT('',(-2.483407814264,-15.72189146813));
#2799 = CARTESIAN_POINT('',(-2.489225799872,-15.2958687942));
#2800 = ( GEOMETRIC_REPRESENTATION_CONTEXT(2) 
PARAMETRIC_REPRESENTATION_CONTEXT() REPRESENTATION_CONTEXT('2D SPACE',''
  ) );
#2801 = PCURVE('',#2802,#2807);
#2802 = B_SPLINE_SURFACE_WITH_KNOTS('',1,1,(
    (#2803,#2804)
    ,(#2805,#2806
    )),.UNSPECIFIED.,.F.,.F.,.F.,(2,2),(2,2),(-5.,5.),(0.,1.),
  .PIECEWISE_BEZIER_KNOTS.);
#2803 = CARTESIAN_POINT('',(-12.85619558535,166.5,15.26027744851));
#2804 = CARTESIAN_POINT('',(-11.33399137313,181.,12.931027370556));
#2805 = CARTESIAN_POINT('',(-3.79311771499,166.5,19.486460065917));
#2806 = CARTESIAN_POINT('',(-3.24382142939,181.,18.808879893481));
#2807 = DEFINITIONAL_REPRESENTATION('',(#2808),#2814);
#2808 = B_SPLINE_CURVE_WITH_KNOTS('',4,(#2809,#2810,#2811,#2812,#2813),
  .UNSPECIFIED.,.F.,.F.,(5,5),(0.,1.),.PIECEWISE_BEZIER_KNOTS.);
#2809 = CARTESIAN_POINT('',(-4.759032225225,1.));
#2810 = CARTESIAN_POINT('',(-4.820062217841,0.970617626044));
#2811 = CARTESIAN_POINT('',(-4.880579113003,0.941235855377));
#2812 = CARTESIAN_POINT('',(-4.94056426594,0.911854584009));
#2813 = CARTESIAN_POINT('',(-5.,0.882473709945));
#2814 = ( GEOMETRIC_REPRESENTATION_CONTEXT(2) 
PARAMETRIC_REPRESENTATION_CONTEXT() REPRESENTATION_CONTEXT('2D SPACE',''
  ) );
#2815 = ORIENTED_EDGE('',*,*,#2816,.T.);
#2816 = EDGE_CURVE('',#2783,#2688,#2817,.T.);
#2817 = SURFACE_CURVE('',#2818,(#2823,#2830),.PCURVE_S1.);
#2818 = CIRCLE('',#2819,14.275);
#2819 = AXIS2_PLACEMENT_3D('',#2820,#2821,#2822);
#2820 = CARTESIAN_POINT('',(0.,181.,22.));
#2821 = DIRECTION('',(0.,1.,1.110223024625E-16));
#2822 = DIRECTION('',(1.,0.,-0.));
#2823 = PCURVE('',#488,#2824);
#2824 = DEFINITIONAL_REPRESENTATION('',(#2825),#2829);
#2825 = LINE('',#2826,#2827);
#2826 = CARTESIAN_POINT('',(-0.,-17.));
#2827 = VECTOR('',#2828,1.);
#2828 = DIRECTION('',(-1.,-0.));
#2829 = ( GEOMETRIC_REPRESENTATION_CONTEXT(2) 
PARAMETRIC_REPRESENTATION_CONTEXT() REPRESENTATION_CONTEXT('2D SPACE',''
  ) );
#2830 = PCURVE('',#2831,#2836);
#2831 = PLANE('',#2832);
#2832 = AXIS2_PLACEMENT_3D('',#2833,#2834,#2835);
#2833 = CARTESIAN_POINT('',(-4.037331519985,181.,19.901052835887));
#2834 = DIRECTION('',(0.,1.,0.));
#2835 = DIRECTION('',(-0.72310643,0.,-0.690736629181));
#2836 = DEFINITIONAL_REPRESENTATION('',(#2837),#2841);
#2837 = CIRCLE('',#2838,14.275);
#2838 = AXIS2_PLACEMENT_2D('',#2839,#2840);
#2839 = CARTESIAN_POINT('',(-4.369240071112,-1.270970574399));
#2840 = DIRECTION('',(-0.72310643,-0.690736629181));
#2841 = ( GEOMETRIC_REPRESENTATION_CONTEXT(2) 
PARAMETRIC_REPRESENTATION_CONTEXT() REPRESENTATION_CONTEXT('2D SPACE',''
  ) );
#2842 = FACE_BOUND('',#2843,.T.);
#2843 = EDGE_LOOP('',(#2844,#2880,#2941,#2975));
#2844 = ORIENTED_EDGE('',*,*,#2845,.F.);
#2845 = EDGE_CURVE('',#2846,#2848,#2850,.T.);
#2846 = VERTEX_POINT('',#2847);
#2847 = CARTESIAN_POINT('',(-11.10614563431,179.2958687942,
    31.30355568463));
#2848 = VERTEX_POINT('',#2849);
#2849 = CARTESIAN_POINT('',(-11.13904434824,181.,30.927335325153));
#2850 = SURFACE_CURVE('',#2851,(#2857,#2866),.PCURVE_S1.);
#2851 = B_SPLINE_CURVE_WITH_KNOTS('',4,(#2852,#2853,#2854,#2855,#2856),
  .UNSPECIFIED.,.F.,.F.,(5,5),(0.,1.),.PIECEWISE_BEZIER_KNOTS.);
#2852 = CARTESIAN_POINT('',(-11.10614563431,179.2958687942,
    31.30355568463));
#2853 = CARTESIAN_POINT('',(-11.11590829545,179.7218845332,
    31.208974543513));
#2854 = CARTESIAN_POINT('',(-11.12464409073,180.14791075591,
    31.114727897366));
#2855 = CARTESIAN_POINT('',(-11.13235487249,180.57394879396,
    31.020840212952));
#2856 = CARTESIAN_POINT('',(-11.13904434824,181.,30.927335325153));
#2857 = PCURVE('',#488,#2858);
#2858 = DEFINITIONAL_REPRESENTATION('',(#2859),#2865);
#2859 = B_SPLINE_CURVE_WITH_KNOTS('',4,(#2860,#2861,#2862,#2863,#2864),
  .UNSPECIFIED.,.F.,.F.,(5,5),(0.,1.),.PIECEWISE_BEZIER_KNOTS.);
#2860 = CARTESIAN_POINT('',(-3.838899143214,-15.2958687942));
#2861 = CARTESIAN_POINT('',(-3.833462053419,-15.7218845332));
#2862 = CARTESIAN_POINT('',(-3.82803488409,-16.14791075591));
#2863 = CARTESIAN_POINT('',(-3.822618634685,-16.57394879396));
#2864 = CARTESIAN_POINT('',(-3.817214287206,-17.));
#2865 = ( GEOMETRIC_REPRESENTATION_CONTEXT(2) 
PARAMETRIC_REPRESENTATION_CONTEXT() REPRESENTATION_CONTEXT('2D SPACE',''
  ) );
#2866 = PCURVE('',#2867,#2872);
#2867 = B_SPLINE_SURFACE_WITH_KNOTS('',1,1,(
    (#2868,#2869)
    ,(#2870,#2871
    )),.UNSPECIFIED.,.F.,.F.,.F.,(2,2),(2,2),(-5.,5.),(0.,1.),
  .PIECEWISE_BEZIER_KNOTS.);
#2868 = CARTESIAN_POINT('',(-2.575328871688,166.5,25.751440550328));
#2869 = CARTESIAN_POINT('',(-3.24382142939,181.,25.191120106519));
#2870 = CARTESIAN_POINT('',(-9.395312472313,166.5,33.06497756652));
#2871 = CARTESIAN_POINT('',(-11.33399137313,181.,31.068972629444));
#2872 = DEFINITIONAL_REPRESENTATION('',(#2873),#2879);
#2873 = B_SPLINE_CURVE_WITH_KNOTS('',4,(#2874,#2875,#2876,#2877,#2878),
  .UNSPECIFIED.,.F.,.F.,(5,5),(0.,1.),.PIECEWISE_BEZIER_KNOTS.);
#2874 = CARTESIAN_POINT('',(5.,0.882473709945));
#2875 = CARTESIAN_POINT('',(4.940565233454,0.911854105738));
#2876 = CARTESIAN_POINT('',(4.880580407,0.941235224546));
#2877 = CARTESIAN_POINT('',(4.820063189588,0.970617158205));
#2878 = CARTESIAN_POINT('',(4.759032225225,1.));
#2879 = ( GEOMETRIC_REPRESENTATION_CONTEXT(2) 
PARAMETRIC_REPRESENTATION_CONTEXT() REPRESENTATION_CONTEXT('2D SPACE',''
  ) );
#2880 = ORIENTED_EDGE('',*,*,#2881,.F.);
#2881 = EDGE_CURVE('',#2882,#2846,#2884,.T.);
#2882 = VERTEX_POINT('',#2883);
#2883 = CARTESIAN_POINT('',(-11.92243436565,179.2958687942,
    30.231535581183));
#2884 = SURFACE_CURVE('',#2885,(#2900,#2918),.PCURVE_S1.);
#2885 = B_SPLINE_CURVE_WITH_KNOTS('',5,(#2886,#2887,#2888,#2889,#2890,
    #2891,#2892,#2893,#2894,#2895,#2896,#2897,#2898,#2899),
  .UNSPECIFIED.,.F.,.F.,(6,4,4,6),(0.,0.353369231512,0.77805795717,1.),
  .UNSPECIFIED.);
#2886 = CARTESIAN_POINT('',(-11.92243436565,179.2958687942,
    30.231535581183));
#2887 = CARTESIAN_POINT('',(-11.86890476601,179.32750952546,
    30.302105853697));
#2888 = CARTESIAN_POINT('',(-11.81403629968,179.3540252213,
    30.374553801982));
#2889 = CARTESIAN_POINT('',(-11.75797476741,179.3749920638,
    30.448636265999));
#2890 = CARTESIAN_POINT('',(-11.700919716,179.39012101336,
    30.524025187255));
#2891 = CARTESIAN_POINT('',(-11.57372609672,179.41047479142,
    30.691939001207));
#2892 = CARTESIAN_POINT('',(-11.50324889029,179.41308787945,
    30.784880906011));
#2893 = CARTESIAN_POINT('',(-11.43221887003,179.40711052965,
    30.878344655198));
#2894 = CARTESIAN_POINT('',(-11.36107558859,179.39299958757,
    30.971650131592));
#2895 = CARTESIAN_POINT('',(-11.25316684549,179.36019616664,
    31.112608645536));
#2896 = CARTESIAN_POINT('',(-11.21619880173,179.34690548252,
    31.160797238499));
#2897 = CARTESIAN_POINT('',(-11.17934882105,179.33168043993,
    31.208720061623));
#2898 = CARTESIAN_POINT('',(-11.1426549408,179.31463162676,
    31.256320281516));
#2899 = CARTESIAN_POINT('',(-11.10614563431,179.2958687942,
    31.30355568463));
#2900 = PCURVE('',#488,#2901);
#2901 = DEFINITIONAL_REPRESENTATION('',(#2902),#2917);
#2902 = B_SPLINE_CURVE_WITH_KNOTS('',5,(#2903,#2904,#2905,#2906,#2907,
    #2908,#2909,#2910,#2911,#2912,#2913,#2914,#2915,#2916),
  .UNSPECIFIED.,.F.,.F.,(6,4,4,6),(0.,0.353369231512,0.77805795717,1.),
  .UNSPECIFIED.);
#2903 = CARTESIAN_POINT('',(-3.745862861308,-15.2958687942));
#2904 = CARTESIAN_POINT('',(-3.751970456587,-15.32750952546));
#2905 = CARTESIAN_POINT('',(-3.758241376071,-15.3540252213));
#2906 = CARTESIAN_POINT('',(-3.764655442468,-15.3749920638));
#2907 = CARTESIAN_POINT('',(-3.771185256113,-15.39012101336));
#2908 = CARTESIAN_POINT('',(-3.785736766151,-15.41047479142));
#2909 = CARTESIAN_POINT('',(-3.793796124571,-15.41308787945));
#2910 = CARTESIAN_POINT('',(-3.80190724865,-15.40711052965));
#2911 = CARTESIAN_POINT('',(-3.810012431858,-15.39299958757));
#2912 = CARTESIAN_POINT('',(-3.822270090048,-15.36019616664));
#2913 = CARTESIAN_POINT('',(-3.826462886773,-15.34690548252));
#2914 = CARTESIAN_POINT('',(-3.83063503515,-15.33168043993));
#2915 = CARTESIAN_POINT('',(-3.834781664189,-15.31463162676));
#2916 = CARTESIAN_POINT('',(-3.838899143214,-15.2958687942));
#2917 = ( GEOMETRIC_REPRESENTATION_CONTEXT(2) 
PARAMETRIC_REPRESENTATION_CONTEXT() REPRESENTATION_CONTEXT('2D SPACE',''
  ) );
#2918 = PCURVE('',#2919,#2924);
#2919 = B_SPLINE_SURFACE_WITH_KNOTS('',1,1,(
    (#2920,#2921)
    ,(#2922,#2923
  )),.UNSPECIFIED.,.F.,.F.,.F.,(2,2),(2,2),(-0.675,0.675),(0.,1.),
  .PIECEWISE_BEZIER_KNOTS.);
#2920 = CARTESIAN_POINT('',(-9.395312472313,166.5,33.06497756652));
#2921 = CARTESIAN_POINT('',(-11.33399137313,181.,31.068972629444));
#2922 = CARTESIAN_POINT('',(-10.38263996949,166.5,32.144279780436));
#2923 = CARTESIAN_POINT('',(-12.12750146373,181.,29.976799687038));
#2924 = DEFINITIONAL_REPRESENTATION('',(#2925),#2940);
#2925 = B_SPLINE_CURVE_WITH_KNOTS('',5,(#2926,#2927,#2928,#2929,#2930,
    #2931,#2932,#2933,#2934,#2935,#2936,#2937,#2938,#2939),
  .UNSPECIFIED.,.F.,.F.,(6,4,4,6),(0.,0.353369231512,0.77805795717,1.),
  .UNSPECIFIED.);
#2926 = CARTESIAN_POINT('',(0.675,0.882473709945));
#2927 = CARTESIAN_POINT('',(0.580174387078,0.884655829343));
#2928 = CARTESIAN_POINT('',(0.484031680356,0.886484498021));
#2929 = CARTESIAN_POINT('',(0.386933513606,0.887930487159));
#2930 = CARTESIAN_POINT('',(0.289315222476,0.888973862991));
#2931 = CARTESIAN_POINT('',(7.438301719095E-02,0.890377571823));
#2932 = CARTESIAN_POINT('',(-4.296712760085E-02,0.89055778479));
#2933 = CARTESIAN_POINT('',(-0.159423587952,0.890145553769));
#2934 = CARTESIAN_POINT('',(-0.274270005261,0.88917238535));
#2935 = CARTESIAN_POINT('',(-0.445845951719,0.886910080458));
#2936 = CARTESIAN_POINT('',(-0.504153566483,0.885993481553));
#2937 = CARTESIAN_POINT('',(-0.561810102921,0.884943478616));
#2938 = CARTESIAN_POINT('',(-0.618768774391,0.883767698398));
#2939 = CARTESIAN_POINT('',(-0.675,0.882473709945));
#2940 = ( GEOMETRIC_REPRESENTATION_CONTEXT(2) 
PARAMETRIC_REPRESENTATION_CONTEXT() REPRESENTATION_CONTEXT('2D SPACE',''
  ) );
#2941 = ORIENTED_EDGE('',*,*,#2942,.F.);
#2942 = EDGE_CURVE('',#2943,#2882,#2945,.T.);
#2943 = VERTEX_POINT('',#2944);
#2944 = CARTESIAN_POINT('',(-11.93255443884,181.,29.835162382747));
#2945 = SURFACE_CURVE('',#2946,(#2952,#2961),.PCURVE_S1.);
#2946 = B_SPLINE_CURVE_WITH_KNOTS('',4,(#2947,#2948,#2949,#2950,#2951),
  .UNSPECIFIED.,.F.,.F.,(5,5),(0.,1.),.PIECEWISE_BEZIER_KNOTS.);
#2947 = CARTESIAN_POINT('',(-11.93255443884,181.,29.835162382747));
#2948 = CARTESIAN_POINT('',(-11.93155988511,180.57395557763,
    29.93370412891));
#2949 = CARTESIAN_POINT('',(-11.9295438716,180.14791990297,
    30.032629526057));
#2950 = CARTESIAN_POINT('',(-11.9265026609,179.72189146813,
    30.131914810446));
#2951 = CARTESIAN_POINT('',(-11.92243436565,179.2958687942,
    30.231535581183));
#2952 = PCURVE('',#488,#2953);
#2953 = DEFINITIONAL_REPRESENTATION('',(#2954),#2960);
#2954 = B_SPLINE_CURVE_WITH_KNOTS('',4,(#2955,#2956,#2957,#2958,#2959),
  .UNSPECIFIED.,.F.,.F.,(5,5),(0.,1.),.PIECEWISE_BEZIER_KNOTS.);
#2955 = CARTESIAN_POINT('',(-3.722608081409,-17.));
#2956 = CARTESIAN_POINT('',(-3.728416662492,-16.57395557763));
#2957 = CARTESIAN_POINT('',(-3.734229197526,-16.14791990297));
#2958 = CARTESIAN_POINT('',(-3.7400448757,-15.72189146813));
#2959 = CARTESIAN_POINT('',(-3.745862861308,-15.2958687942));
#2960 = ( GEOMETRIC_REPRESENTATION_CONTEXT(2) 
PARAMETRIC_REPRESENTATION_CONTEXT() REPRESENTATION_CONTEXT('2D SPACE',''
  ) );
#2961 = PCURVE('',#2962,#2967);
#2962 = B_SPLINE_SURFACE_WITH_KNOTS('',1,1,(
    (#2963,#2964)
    ,(#2965,#2966
    )),.UNSPECIFIED.,.F.,.F.,.F.,(2,2),(2,2),(-5.,5.),(0.,1.),
  .PIECEWISE_BEZIER_KNOTS.);
#2963 = CARTESIAN_POINT('',(-10.38263996949,166.5,32.144279780436));
#2964 = CARTESIAN_POINT('',(-12.12750146373,181.,29.976799687038));
#2965 = CARTESIAN_POINT('',(-3.562656368874,166.5,24.830742764244));
#2966 = CARTESIAN_POINT('',(-4.037331519985,181.,24.098947164113));
#2967 = DEFINITIONAL_REPRESENTATION('',(#2968),#2974);
#2968 = B_SPLINE_CURVE_WITH_KNOTS('',4,(#2969,#2970,#2971,#2972,#2973),
  .UNSPECIFIED.,.F.,.F.,(5,5),(0.,1.),.PIECEWISE_BEZIER_KNOTS.);
#2969 = CARTESIAN_POINT('',(-4.759032225225,1.));
#2970 = CARTESIAN_POINT('',(-4.820062217841,0.970617626044));
#2971 = CARTESIAN_POINT('',(-4.880579113003,0.941235855377));
#2972 = CARTESIAN_POINT('',(-4.94056426594,0.911854584009));
#2973 = CARTESIAN_POINT('',(-5.,0.882473709945));
#2974 = ( GEOMETRIC_REPRESENTATION_CONTEXT(2) 
PARAMETRIC_REPRESENTATION_CONTEXT() REPRESENTATION_CONTEXT('2D SPACE',''
  ) );
#2975 = ORIENTED_EDGE('',*,*,#2976,.T.);
#2976 = EDGE_CURVE('',#2943,#2848,#2977,.T.);
#2977 = SURFACE_CURVE('',#2978,(#2983,#2990),.PCURVE_S1.);
#2978 = CIRCLE('',#2979,14.275);
#2979 = AXIS2_PLACEMENT_3D('',#2980,#2981,#2982);
#2980 = CARTESIAN_POINT('',(0.,181.,22.));
#2981 = DIRECTION('',(0.,1.,1.110223024625E-16));
#2982 = DIRECTION('',(1.,0.,-0.));
#2983 = PCURVE('',#488,#2984);
#2984 = DEFINITIONAL_REPRESENTATION('',(#2985),#2989);
#2985 = LINE('',#2986,#2987);
#2986 = CARTESIAN_POINT('',(-0.,-17.));
#2987 = VECTOR('',#2988,1.);
#2988 = DIRECTION('',(-1.,-0.));
#2989 = ( GEOMETRIC_REPRESENTATION_CONTEXT(2) 
PARAMETRIC_REPRESENTATION_CONTEXT() REPRESENTATION_CONTEXT('2D SPACE',''
  ) );
#2990 = PCURVE('',#2991,#2996);
#2991 = PLANE('',#2992);
#2992 = AXIS2_PLACEMENT_3D('',#2993,#2994,#2995);
#2993 = CARTESIAN_POINT('',(-3.24382142939,181.,25.191120106519));
#2994 = DIRECTION('',(-0.,-1.,0.));
#2995 = DIRECTION('',(-0.880381747838,0.,0.474265725173));
#2996 = DEFINITIONAL_REPRESENTATION('',(#2997),#3005);
#2997 = ( BOUNDED_CURVE() B_SPLINE_CURVE(2,(#2998,#2999,#3000,#3001,
#3002,#3003,#3004),.UNSPECIFIED.,.T.,.F.) B_SPLINE_CURVE_WITH_KNOTS((1,2
    ,2,2,2,1),(-2.094395102393,0.,2.094395102393,4.188790204786,
6.28318530718,8.377580409573),.UNSPECIFIED.) CURVE() 
GEOMETRIC_REPRESENTATION_ITEM() RATIONAL_B_SPLINE_CURVE((1.,0.5,1.,0.5,
1.,0.5,1.)) REPRESENTATION_ITEM('') );
#2998 = CARTESIAN_POINT('',(-16.9366895215,-5.499172652441));
#2999 = CARTESIAN_POINT('',(-28.6629215649,16.268288317186));
#3000 = CARTESIAN_POINT('',(-3.94863136762,15.539772672632));
#3001 = CARTESIAN_POINT('',(20.765658829665,14.811257028077));
#3002 = CARTESIAN_POINT('',(7.777600675784,-6.227688296995));
#3003 = CARTESIAN_POINT('',(-5.210457478097,-27.26663362206));
#3004 = CARTESIAN_POINT('',(-16.9366895215,-5.499172652441));
#3005 = ( GEOMETRIC_REPRESENTATION_CONTEXT(2) 
PARAMETRIC_REPRESENTATION_CONTEXT() REPRESENTATION_CONTEXT('2D SPACE',''
  ) );
#3006 = FACE_BOUND('',#3007,.T.);
#3007 = EDGE_LOOP('',(#3008,#3044,#3105,#3139));
#3008 = ORIENTED_EDGE('',*,*,#3009,.F.);
#3009 = EDGE_CURVE('',#3010,#3012,#3014,.T.);
#3010 = VERTEX_POINT('',#3011);
#3011 = CARTESIAN_POINT('',(5.416219515575,179.2958687942,
    35.437528991105));
#3012 = VERTEX_POINT('',#3013);
#3013 = CARTESIAN_POINT('',(5.048246429434,181.,35.35255904266));
#3014 = SURFACE_CURVE('',#3015,(#3021,#3030),.PCURVE_S1.);
#3015 = B_SPLINE_CURVE_WITH_KNOTS('',4,(#3016,#3017,#3018,#3019,#3020),
  .UNSPECIFIED.,.F.,.F.,(5,5),(0.,1.),.PIECEWISE_BEZIER_KNOTS.);
#3016 = CARTESIAN_POINT('',(5.416219515575,179.2958687942,
    35.437528991105));
#3017 = CARTESIAN_POINT('',(5.323250676795,179.7218845332,
    35.417586653645));
#3018 = CARTESIAN_POINT('',(5.230917280638,180.14791075591,
    35.396771073347));
#3019 = CARTESIAN_POINT('',(5.139242023973,180.57394879396,
    35.375091572535));
#3020 = CARTESIAN_POINT('',(5.048246429434,181.,35.35255904266));
#3021 = PCURVE('',#488,#3022);
#3022 = DEFINITIONAL_REPRESENTATION('',(#3023),#3029);
#3023 = B_SPLINE_CURVE_WITH_KNOTS('',4,(#3024,#3025,#3026,#3027,#3028),
  .UNSPECIFIED.,.F.,.F.,(5,5),(0.,1.),.PIECEWISE_BEZIER_KNOTS.);
#3024 = CARTESIAN_POINT('',(-5.09553620465,-15.2958687942));
#3025 = CARTESIAN_POINT('',(-5.090099114855,-15.7218845332));
#3026 = CARTESIAN_POINT('',(-5.084671945526,-16.14791075591));
#3027 = CARTESIAN_POINT('',(-5.079255696121,-16.57394879396));
#3028 = CARTESIAN_POINT('',(-5.073851348642,-17.));
#3029 = ( GEOMETRIC_REPRESENTATION_CONTEXT(2) 
PARAMETRIC_REPRESENTATION_CONTEXT() REPRESENTATION_CONTEXT('2D SPACE',''
  ) );
#3030 = PCURVE('',#3031,#3036);
#3031 = B_SPLINE_SURFACE_WITH_KNOTS('',1,1,(
    (#3032,#3033)
    ,(#3034,#3035
    )),.UNSPECIFIED.,.F.,.F.,.F.,(2,2),(2,2),(-5.,5.),(0.,1.),
  .PIECEWISE_BEZIER_KNOTS.);
#3032 = CARTESIAN_POINT('',(2.772011593428,166.5,25.608542188461));
#3033 = CARTESIAN_POINT('',(2.032539623186,181.,26.071167852125));
#3034 = CARTESIAN_POINT('',(7.620107795891,166.5,34.354739259855));
#3035 = CARTESIAN_POINT('',(5.122709566936,181.,35.581733015077));
#3036 = DEFINITIONAL_REPRESENTATION('',(#3037),#3043);
#3037 = B_SPLINE_CURVE_WITH_KNOTS('',4,(#3038,#3039,#3040,#3041,#3042),
  .UNSPECIFIED.,.F.,.F.,(5,5),(0.,1.),.PIECEWISE_BEZIER_KNOTS.);
#3038 = CARTESIAN_POINT('',(5.,0.882473709945));
#3039 = CARTESIAN_POINT('',(4.940565233454,0.911854105738));
#3040 = CARTESIAN_POINT('',(4.880580407,0.941235224546));
#3041 = CARTESIAN_POINT('',(4.820063189588,0.970617158205));
#3042 = CARTESIAN_POINT('',(4.759032225225,1.));
#3043 = ( GEOMETRIC_REPRESENTATION_CONTEXT(2) 
PARAMETRIC_REPRESENTATION_CONTEXT() REPRESENTATION_CONTEXT('2D SPACE',''
  ) );
#3044 = ORIENTED_EDGE('',*,*,#3045,.F.);
#3045 = EDGE_CURVE('',#3046,#3010,#3048,.T.);
#3046 = VERTEX_POINT('',#3047);
#3047 = CARTESIAN_POINT('',(4.144420720292,179.2958687942,
    35.882593277947));
#3048 = SURFACE_CURVE('',#3049,(#3064,#3082),.PCURVE_S1.);
#3049 = B_SPLINE_CURVE_WITH_KNOTS('',5,(#3050,#3051,#3052,#3053,#3054,
    #3055,#3056,#3057,#3058,#3059,#3060,#3061,#3062,#3063),
  .UNSPECIFIED.,.F.,.F.,(6,4,4,6),(0.,0.353369231512,0.77805795706,1.),
  .UNSPECIFIED.);
#3050 = CARTESIAN_POINT('',(4.144420720292,179.2958687942,
    35.882593277947));
#3051 = CARTESIAN_POINT('',(4.228078593814,179.32750952546,
    35.853491016896));
#3052 = CARTESIAN_POINT('',(4.313935975673,179.3540252213,
    35.823695651687));
#3053 = CARTESIAN_POINT('',(4.401716552024,179.3749920638,
    35.793270706467));
#3054 = CARTESIAN_POINT('',(4.49104665734,179.39012101336,
    35.762304585897));
#3055 = CARTESIAN_POINT('',(4.69004717418,179.41047479142,
    35.693224487562));
#3056 = CARTESIAN_POINT('',(4.800218832854,179.41308787945,
    35.654917309222));
#3057 = CARTESIAN_POINT('',(4.911057623897,179.40711052965,
    35.616245632467));
#3058 = CARTESIAN_POINT('',(5.021780888203,179.39299958758,
    35.577417328939));
#3059 = CARTESIAN_POINT('',(5.189186036875,179.36019616667,
    35.518348591966));
#3060 = CARTESIAN_POINT('',(5.246439866023,179.34690548254,
    35.498080987205));
#3061 = CARTESIAN_POINT('',(5.303404449535,179.33168043995,
    35.477843539708));
#3062 = CARTESIAN_POINT('',(5.360013981457,179.31463162677,
    35.457654862661));
#3063 = CARTESIAN_POINT('',(5.416219515575,179.2958687942,
    35.437528991105));
#3064 = PCURVE('',#488,#3065);
#3065 = DEFINITIONAL_REPRESENTATION('',(#3066),#3081);
#3066 = B_SPLINE_CURVE_WITH_KNOTS('',5,(#3067,#3068,#3069,#3070,#3071,
    #3072,#3073,#3074,#3075,#3076,#3077,#3078,#3079,#3080),
  .UNSPECIFIED.,.F.,.F.,(6,4,4,6),(0.,0.353369231512,0.77805795706,1.),
  .UNSPECIFIED.);
#3067 = CARTESIAN_POINT('',(-5.002499922744,-15.2958687942));
#3068 = CARTESIAN_POINT('',(-5.008607518023,-15.32750952546));
#3069 = CARTESIAN_POINT('',(-5.014878437507,-15.3540252213));
#3070 = CARTESIAN_POINT('',(-5.021292503904,-15.3749920638));
#3071 = CARTESIAN_POINT('',(-5.027822317549,-15.39012101336));
#3072 = CARTESIAN_POINT('',(-5.042373827584,-15.41047479142));
#3073 = CARTESIAN_POINT('',(-5.050433186003,-15.41308787945));
#3074 = CARTESIAN_POINT('',(-5.058544310079,-15.40711052965));
#3075 = CARTESIAN_POINT('',(-5.066649493286,-15.39299958758));
#3076 = CARTESIAN_POINT('',(-5.078907151475,-15.36019616667));
#3077 = CARTESIAN_POINT('',(-5.083099948202,-15.34690548254));
#3078 = CARTESIAN_POINT('',(-5.087272096581,-15.33168043995));
#3079 = CARTESIAN_POINT('',(-5.091418725623,-15.31463162677));
#3080 = CARTESIAN_POINT('',(-5.09553620465,-15.2958687942));
#3081 = ( GEOMETRIC_REPRESENTATION_CONTEXT(2) 
PARAMETRIC_REPRESENTATION_CONTEXT() REPRESENTATION_CONTEXT('2D SPACE',''
  ) );
#3082 = PCURVE('',#3083,#3088);
#3083 = B_SPLINE_SURFACE_WITH_KNOTS('',1,1,(
    (#3084,#3085)
    ,(#3086,#3087
  )),.UNSPECIFIED.,.F.,.F.,.F.,(2,2),(2,2),(-0.675,0.675),(0.,1.),
  .PIECEWISE_BEZIER_KNOTS.);
#3084 = CARTESIAN_POINT('',(7.620107795891,166.5,34.354739259855));
#3085 = CARTESIAN_POINT('',(5.122709566936,181.,35.581733015077));
#3086 = CARTESIAN_POINT('',(6.439371191253,166.5,35.009232247188));
#3087 = CARTESIAN_POINT('',(3.838783269938,181.,35.998905957483));
#3088 = DEFINITIONAL_REPRESENTATION('',(#3089),#3104);
#3089 = B_SPLINE_CURVE_WITH_KNOTS('',5,(#3090,#3091,#3092,#3093,#3094,
    #3095,#3096,#3097,#3098,#3099,#3100,#3101,#3102,#3103),
  .UNSPECIFIED.,.F.,.F.,(6,4,4,6),(0.,0.353369231512,0.77805795706,1.),
  .UNSPECIFIED.);
#3090 = CARTESIAN_POINT('',(0.675,0.882473709945));
#3091 = CARTESIAN_POINT('',(0.580174387078,0.884655829343));
#3092 = CARTESIAN_POINT('',(0.484031680356,0.886484498021));
#3093 = CARTESIAN_POINT('',(0.386933513606,0.887930487159));
#3094 = CARTESIAN_POINT('',(0.289315222476,0.888973862991));
#3095 = CARTESIAN_POINT('',(7.438301722144E-02,0.890377571822));
#3096 = CARTESIAN_POINT('',(-4.296712753972E-02,0.89055778479));
#3097 = CARTESIAN_POINT('',(-0.159423587861,0.890145553769));
#3098 = CARTESIAN_POINT('',(-0.274270005142,0.889172385351));
#3099 = CARTESIAN_POINT('',(-0.445845951603,0.88691008046));
#3100 = CARTESIAN_POINT('',(-0.504153566397,0.885993481555));
#3101 = CARTESIAN_POINT('',(-0.561810102865,0.884943478618));
#3102 = CARTESIAN_POINT('',(-0.618768774363,0.883767698398));
#3103 = CARTESIAN_POINT('',(-0.675,0.882473709945));
#3104 = ( GEOMETRIC_REPRESENTATION_CONTEXT(2) 
PARAMETRIC_REPRESENTATION_CONTEXT() REPRESENTATION_CONTEXT('2D SPACE',''
  ) );
#3105 = ORIENTED_EDGE('',*,*,#3106,.F.);
#3106 = EDGE_CURVE('',#3107,#3046,#3109,.T.);
#3107 = VERTEX_POINT('',#3108);
#3108 = CARTESIAN_POINT('',(3.764320132435,181.,35.769731985066));
#3109 = SURFACE_CURVE('',#3110,(#3116,#3125),.PCURVE_S1.);
#3110 = B_SPLINE_CURVE_WITH_KNOTS('',4,(#3111,#3112,#3113,#3114,#3115),
  .UNSPECIFIED.,.F.,.F.,(5,5),(0.,1.),.PIECEWISE_BEZIER_KNOTS.);
#3111 = CARTESIAN_POINT('',(3.764320132435,181.,35.769731985066));
#3112 = CARTESIAN_POINT('',(3.858346236255,180.57395557763,
    35.799237182481));
#3113 = CARTESIAN_POINT('',(3.953052862275,180.14791990297,
    35.827889468586));
#3114 = CARTESIAN_POINT('',(4.048418564754,179.72189146813,
    35.855677945501));
#3115 = CARTESIAN_POINT('',(4.144420720292,179.2958687942,
    35.882593277947));
#3116 = PCURVE('',#488,#3117);
#3117 = DEFINITIONAL_REPRESENTATION('',(#3118),#3124);
#3118 = B_SPLINE_CURVE_WITH_KNOTS('',4,(#3119,#3120,#3121,#3122,#3123),
  .UNSPECIFIED.,.F.,.F.,(5,5),(0.,1.),.PIECEWISE_BEZIER_KNOTS.);
#3119 = CARTESIAN_POINT('',(-4.979245142845,-17.));
#3120 = CARTESIAN_POINT('',(-4.985053723928,-16.57395557763));
#3121 = CARTESIAN_POINT('',(-4.990866258962,-16.14791990297));
#3122 = CARTESIAN_POINT('',(-4.996681937136,-15.72189146813));
#3123 = CARTESIAN_POINT('',(-5.002499922744,-15.2958687942));
#3124 = ( GEOMETRIC_REPRESENTATION_CONTEXT(2) 
PARAMETRIC_REPRESENTATION_CONTEXT() REPRESENTATION_CONTEXT('2D SPACE',''
  ) );
#3125 = PCURVE('',#3126,#3131);
#3126 = B_SPLINE_SURFACE_WITH_KNOTS('',1,1,(
    (#3127,#3128)
    ,(#3129,#3130
    )),.UNSPECIFIED.,.F.,.F.,.F.,(2,2),(2,2),(-5.,5.),(0.,1.),
  .PIECEWISE_BEZIER_KNOTS.);
#3127 = CARTESIAN_POINT('',(6.439371191253,166.5,35.009232247188));
#3128 = CARTESIAN_POINT('',(3.838783269938,181.,35.998905957483));
#3129 = CARTESIAN_POINT('',(1.591274988789,166.5,26.263035175794));
#3130 = CARTESIAN_POINT('',(0.748613326188,181.,26.488340794531));
#3131 = DEFINITIONAL_REPRESENTATION('',(#3132),#3138);
#3132 = B_SPLINE_CURVE_WITH_KNOTS('',4,(#3133,#3134,#3135,#3136,#3137),
  .UNSPECIFIED.,.F.,.F.,(5,5),(0.,1.),.PIECEWISE_BEZIER_KNOTS.);
#3133 = CARTESIAN_POINT('',(-4.759032225225,1.));
#3134 = CARTESIAN_POINT('',(-4.820062217841,0.970617626044));
#3135 = CARTESIAN_POINT('',(-4.880579113003,0.941235855377));
#3136 = CARTESIAN_POINT('',(-4.94056426594,0.911854584009));
#3137 = CARTESIAN_POINT('',(-5.,0.882473709945));
#3138 = ( GEOMETRIC_REPRESENTATION_CONTEXT(2) 
PARAMETRIC_REPRESENTATION_CONTEXT() REPRESENTATION_CONTEXT('2D SPACE',''
  ) );
#3139 = ORIENTED_EDGE('',*,*,#3140,.T.);
#3140 = EDGE_CURVE('',#3107,#3012,#3141,.T.);
#3141 = SURFACE_CURVE('',#3142,(#3147,#3154),.PCURVE_S1.);
#3142 = CIRCLE('',#3143,14.275);
#3143 = AXIS2_PLACEMENT_3D('',#3144,#3145,#3146);
#3144 = CARTESIAN_POINT('',(0.,181.,22.));
#3145 = DIRECTION('',(0.,1.,1.110223024625E-16));
#3146 = DIRECTION('',(1.,0.,-0.));
#3147 = PCURVE('',#488,#3148);
#3148 = DEFINITIONAL_REPRESENTATION('',(#3149),#3153);
#3149 = LINE('',#3150,#3151);
#3150 = CARTESIAN_POINT('',(-0.,-17.));
#3151 = VECTOR('',#3152,1.);
#3152 = DIRECTION('',(-1.,-0.));
#3153 = ( GEOMETRIC_REPRESENTATION_CONTEXT(2) 
PARAMETRIC_REPRESENTATION_CONTEXT() REPRESENTATION_CONTEXT('2D SPACE',''
  ) );
#3154 = PCURVE('',#3155,#3160);
#3155 = PLANE('',#3156);
#3156 = AXIS2_PLACEMENT_3D('',#3157,#3158,#3159);
#3157 = CARTESIAN_POINT('',(2.032539623186,181.,26.071167852125));
#3158 = DIRECTION('',(0.,-1.,0.));
#3159 = DIRECTION('',(0.179000586761,0.,0.983848967037));
#3160 = DEFINITIONAL_REPRESENTATION('',(#3161),#3169);
#3161 = ( BOUNDED_CURVE() B_SPLINE_CURVE(2,(#3162,#3163,#3164,#3165,
#3166,#3167,#3168),.UNSPECIFIED.,.T.,.F.) B_SPLINE_CURVE_WITH_KNOTS((1,2
    ,2,2,2,1),(-2.094395102393,0.,2.094395102393,4.188790204786,
6.28318530718,8.377580409573),.UNSPECIFIED.) CURVE() 
GEOMETRIC_REPRESENTATION_ITEM() RATIONAL_B_SPLINE_CURVE((1.,0.5,1.,0.5,
1.,0.5,1.)) REPRESENTATION_ITEM('') );
#3162 = CARTESIAN_POINT('',(-1.814006695093,-12.77347343005));
#3163 = CARTESIAN_POINT('',(-26.13969727485,-17.19926746251));
#3164 = CARTESIAN_POINT('',(-17.809702049,6.080295560392));
#3165 = CARTESIAN_POINT('',(-9.47970682315,29.359858583295));
#3166 = CARTESIAN_POINT('',(6.515988530758,10.506089592853));
#3167 = CARTESIAN_POINT('',(22.511683884667,-8.347679397589));
#3168 = CARTESIAN_POINT('',(-1.814006695093,-12.77347343005));
#3169 = ( GEOMETRIC_REPRESENTATION_CONTEXT(2) 
PARAMETRIC_REPRESENTATION_CONTEXT() REPRESENTATION_CONTEXT('2D SPACE',''
  ) );
#3170 = FACE_BOUND('',#3171,.T.);
#3171 = EDGE_LOOP('',(#3172,#3346,#3531));
#3172 = ORIENTED_EDGE('',*,*,#3173,.F.);
#3173 = EDGE_CURVE('',#3174,#3176,#3178,.T.);
#3174 = VERTEX_POINT('',#3175);
#3175 = CARTESIAN_POINT('',(-2.5,184.,35.67333170811));
#3176 = VERTEX_POINT('',#3177);
#3177 = CARTESIAN_POINT('',(-8.90521601216,188.07678205782,32.));
#3178 = SURFACE_CURVE('',#3179,(#3231,#3286),.PCURVE_S1.);
#3179 = B_SPLINE_CURVE_WITH_KNOTS('',8,(#3180,#3181,#3182,#3183,#3184,
    #3185,#3186,#3187,#3188,#3189,#3190,#3191,#3192,#3193,#3194,#3195,
    #3196,#3197,#3198,#3199,#3200,#3201,#3202,#3203,#3204,#3205,#3206,
    #3207,#3208,#3209,#3210,#3211,#3212,#3213,#3214,#3215,#3216,#3217,
    #3218,#3219,#3220,#3221,#3222,#3223,#3224,#3225,#3226,#3227,#3228,
    #3229,#3230),.UNSPECIFIED.,.F.,.F.,(9,7,7,7,7,7,7,9),(0.,
    0.380902402892,0.468225878149,0.516874625808,0.616146811467,
    0.748750238245,0.820639026703,1.),.UNSPECIFIED.);
#3180 = CARTESIAN_POINT('',(-2.5,184.,35.67333170811));
#3181 = CARTESIAN_POINT('',(-2.5,184.40585339751,35.621759034146));
#3182 = CARTESIAN_POINT('',(-2.541832614251,184.81012970235,
    35.562731018361));
#3183 = CARTESIAN_POINT('',(-2.624931242142,185.21117627049,
    35.496445611583));
#3184 = CARTESIAN_POINT('',(-2.749943237007,185.60626584411,
    35.422277448147));
#3185 = CARTESIAN_POINT('',(-2.917688425524,185.99176425898,
    35.338953284087));
#3186 = CARTESIAN_POINT('',(-3.128960844942,186.36311829905,
    35.244363371957));
#3187 = CARTESIAN_POINT('',(-3.384097361753,186.7149206175,
    35.135541640041));
#3188 = CARTESIAN_POINT('',(-3.751424692687,187.11561163678,
    34.979491037487));
#3189 = CARTESIAN_POINT('',(-3.822181687289,187.18893274965,
    34.949454241259));
#3190 = CARTESIAN_POINT('',(-3.895167513988,187.26075816699,
    34.918445542821));
#3191 = CARTESIAN_POINT('',(-3.970352314624,187.3309948293,
    34.886426671049));
#3192 = CARTESIAN_POINT('',(-4.047697322773,187.39954625943,
    34.85336040393));
#3193 = CARTESIAN_POINT('',(-4.127153687631,187.46631371406,
    34.819211562413));
#3194 = CARTESIAN_POINT('',(-4.208661297899,187.5311973351,
    34.783948004263));
#3195 = CARTESIAN_POINT('',(-4.338658630414,187.62913947707,
    34.727259270035));
#3196 = CARTESIAN_POINT('',(-4.385783695691,187.66356605245,
    34.70662233403));
#3197 = CARTESIAN_POINT('',(-4.43351019171,187.69735951242,
    34.685625898769));
#3198 = CARTESIAN_POINT('',(-4.481824288602,187.73050261443,
    34.664265589946));
#3199 = CARTESIAN_POINT('',(-4.530710936401,187.76297838833,
    34.642537570077));
#3200 = CARTESIAN_POINT('',(-4.580153865054,187.79477013636,
    34.620438538502));
#3201 = CARTESIAN_POINT('',(-4.630135584414,187.82586143312,
    34.597965731385));
#3202 = CARTESIAN_POINT('',(-4.783690891056,187.91821844293,
    34.528491851483));
#3203 = CARTESIAN_POINT('',(-4.888916217008,187.97722099649,
    34.480298514519));
#3204 = CARTESIAN_POINT('',(-4.996146519672,188.03310293612,
    34.430522537624));
#3205 = CARTESIAN_POINT('',(-5.105199597368,188.08573733193,
    34.379158412589));
#3206 = CARTESIAN_POINT('',(-5.215878363735,188.13501301492,
    34.326211697119));
#3207 = CARTESIAN_POINT('',(-5.32797132232,188.1808364176,
    34.271701215767));
#3208 = CARTESIAN_POINT('',(-5.441253041157,188.22313341461,
    34.215661260867));
#3209 = CARTESIAN_POINT('',(-5.708070164534,188.31356863199,
    34.081314485961));
#3210 = CARTESIAN_POINT('',(-5.862380699171,188.35891012264,
    34.001833804971));
#3211 = CARTESIAN_POINT('',(-6.017835303114,188.39774125662,
    33.919830218477));
#3212 = CARTESIAN_POINT('',(-6.173878672258,188.43002236313,
    33.835455324259));
#3213 = CARTESIAN_POINT('',(-6.329988046423,188.45579153266,
    33.748883725004));
#3214 = CARTESIAN_POINT('',(-6.485677803245,188.47515002672,
    33.66031168625));
#3215 = CARTESIAN_POINT('',(-6.640501726057,188.48825004389,
    33.569954577174));
#3216 = CARTESIAN_POINT('',(-6.877298239033,188.49909864326,
    33.428214780442));
#3217 = CARTESIAN_POINT('',(-6.960177758675,188.50113017502,
    33.377924673486));
#3218 = CARTESIAN_POINT('',(-7.042631927373,188.50140992914,
    33.327206173304));
#3219 = CARTESIAN_POINT('',(-7.124606841456,188.49997128471,
    33.276092436483));
#3220 = CARTESIAN_POINT('',(-7.20605403164,188.49684980213,
    33.224616195549));
#3221 = CARTESIAN_POINT('',(-7.286930223772,188.49208251708,
    33.172809578294));
#3222 = CARTESIAN_POINT('',(-7.367197099574,188.48570723457,
    33.120703927098));
#3223 = CARTESIAN_POINT('',(-7.645481111027,188.45793819254,
    32.937656849752));
#3224 = CARTESIAN_POINT('',(-7.840097119257,188.42834468003,
    32.805339301533));
#3225 = CARTESIAN_POINT('',(-8.030205274896,188.38957354489,
    32.671813712746));
#3226 = CARTESIAN_POINT('',(-8.215478350093,188.34220844994,
    32.537503096035));
#3227 = CARTESIAN_POINT('',(-8.395701539486,188.28679767362,
    32.402808495345));
#3228 = CARTESIAN_POINT('',(-8.570752373644,188.22383092866,
    32.268103271857));
#3229 = CARTESIAN_POINT('',(-8.740584702787,188.15371978724,
    32.133729918068));
#3230 = CARTESIAN_POINT('',(-8.905216750804,188.07678171263,31.9999994)
  );
#3231 = PCURVE('',#488,#3232);
#3232 = DEFINITIONAL_REPRESENTATION('',(#3233),#3285);
#3233 = B_SPLINE_CURVE_WITH_KNOTS('',8,(#3234,#3235,#3236,#3237,#3238,
    #3239,#3240,#3241,#3242,#3243,#3244,#3245,#3246,#3247,#3248,#3249,
    #3250,#3251,#3252,#3253,#3254,#3255,#3256,#3257,#3258,#3259,#3260,
    #3261,#3262,#3263,#3264,#3265,#3266,#3267,#3268,#3269,#3270,#3271,
    #3272,#3273,#3274,#3275,#3276,#3277,#3278,#3279,#3280,#3281,#3282,
    #3283,#3284),.UNSPECIFIED.,.F.,.F.,(9,7,7,7,7,7,7,9),(0.,
    0.380902402892,0.468225878149,0.516874625808,0.616146811467,
    0.748750238245,0.820639026703,1.),.UNSPECIFIED.);
#3234 = CARTESIAN_POINT('',(-4.531548801224,-20.));
#3235 = CARTESIAN_POINT('',(-4.530881487499,-20.40585339751));
#3236 = CARTESIAN_POINT('',(-4.527151675219,-20.81012970235));
#3237 = CARTESIAN_POINT('',(-4.520357359175,-21.21117627049));
#3238 = CARTESIAN_POINT('',(-4.510400419937,-21.60626584411));
#3239 = CARTESIAN_POINT('',(-4.49716021251,-21.99176425898));
#3240 = CARTESIAN_POINT('',(-4.480505080016,-22.36311829905));
#3241 = CARTESIAN_POINT('',(-4.460319055816,-22.7149206175));
#3242 = CARTESIAN_POINT('',(-4.431032937288,-23.11561163678));
#3243 = CARTESIAN_POINT('',(-4.425383484782,-23.18893274965));
#3244 = CARTESIAN_POINT('',(-4.419546721403,-23.26075816699));
#3245 = CARTESIAN_POINT('',(-4.413523504292,-23.3309948293));
#3246 = CARTESIAN_POINT('',(-4.407315332698,-23.39954625943));
#3247 = CARTESIAN_POINT('',(-4.400924454178,-23.46631371406));
#3248 = CARTESIAN_POINT('',(-4.394353970799,-23.5311973351));
#3249 = CARTESIAN_POINT('',(-4.383849669708,-23.62913947707));
#3250 = CARTESIAN_POINT('',(-4.380036920211,-23.66356605245));
#3251 = CARTESIAN_POINT('',(-4.376170402574,-23.69735951242));
#3252 = CARTESIAN_POINT('',(-4.372250920743,-23.73050261443));
#3253 = CARTESIAN_POINT('',(-4.368279376896,-23.76297838833));
#3254 = CARTESIAN_POINT('',(-4.364256771441,-23.79477013636));
#3255 = CARTESIAN_POINT('',(-4.360184203015,-23.82586143312));
#3256 = CARTESIAN_POINT('',(-4.347652911274,-23.91821844293));
#3257 = CARTESIAN_POINT('',(-4.339039389727,-23.97722099649));
#3258 = CARTESIAN_POINT('',(-4.33023314689,-24.03310293612));
#3259 = CARTESIAN_POINT('',(-4.321246311287,-24.08573733193));
#3260 = CARTESIAN_POINT('',(-4.312092333946,-24.13501301492));
#3261 = CARTESIAN_POINT('',(-4.302786025428,-24.1808364176));
#3262 = CARTESIAN_POINT('',(-4.293343592855,-24.22313341461));
#3263 = CARTESIAN_POINT('',(-4.27101162525,-24.31356863199));
#3264 = CARTESIAN_POINT('',(-4.258026647601,-24.35891012264));
#3265 = CARTESIAN_POINT('',(-4.244870727823,-24.39774125662));
#3266 = CARTESIAN_POINT('',(-4.231585757071,-24.43002236313));
#3267 = CARTESIAN_POINT('',(-4.218212086531,-24.45579153266));
#3268 = CARTESIAN_POINT('',(-4.204788219462,-24.47515002672));
#3269 = CARTESIAN_POINT('',(-4.191350642548,-24.48825004389));
#3270 = CARTESIAN_POINT('',(-4.170660072039,-24.49909864326));
#3271 = CARTESIAN_POINT('',(-4.163391716753,-24.50113017502));
#3272 = CARTESIAN_POINT('',(-4.156133750119,-24.50140992914));
#3273 = CARTESIAN_POINT('',(-4.148890807253,-24.49997128471));
#3274 = CARTESIAN_POINT('',(-4.141667150915,-24.49684980213));
#3275 = CARTESIAN_POINT('',(-4.134466683422,-24.49208251708));
#3276 = CARTESIAN_POINT('',(-4.127292958568,-24.48570723457));
#3277 = CARTESIAN_POINT('',(-4.102325654193,-24.45793819254));
#3278 = CARTESIAN_POINT('',(-4.084692375711,-24.42834468003));
#3279 = CARTESIAN_POINT('',(-4.067294230414,-24.38957354489));
#3280 = CARTESIAN_POINT('',(-4.050166920863,-24.34220844994));
#3281 = CARTESIAN_POINT('',(-4.033338458027,-24.28679767362));
#3282 = CARTESIAN_POINT('',(-4.016830400662,-24.22383092866));
#3283 = CARTESIAN_POINT('',(-4.00065885588,-24.15371978724));
#3284 = CARTESIAN_POINT('',(-3.984835240912,-24.07678171263));
#3285 = ( GEOMETRIC_REPRESENTATION_CONTEXT(2) 
PARAMETRIC_REPRESENTATION_CONTEXT() REPRESENTATION_CONTEXT('2D SPACE',''
  ) );
#3286 = PCURVE('',#3287,#3292);
#3287 = CYLINDRICAL_SURFACE('',#3288,4.5);
#3288 = AXIS2_PLACEMENT_3D('',#3289,#3290,#3291);
#3289 = CARTESIAN_POINT('',(-7.,184.,32.));
#3290 = DIRECTION('',(0.,0.,1.));
#3291 = DIRECTION('',(1.,0.,-0.));
#3292 = DEFINITIONAL_REPRESENTATION('',(#3293),#3345);
#3293 = B_SPLINE_CURVE_WITH_KNOTS('',8,(#3294,#3295,#3296,#3297,#3298,
    #3299,#3300,#3301,#3302,#3303,#3304,#3305,#3306,#3307,#3308,#3309,
    #3310,#3311,#3312,#3313,#3314,#3315,#3316,#3317,#3318,#3319,#3320,
    #3321,#3322,#3323,#3324,#3325,#3326,#3327,#3328,#3329,#3330,#3331,
    #3332,#3333,#3334,#3335,#3336,#3337,#3338,#3339,#3340,#3341,#3342,
    #3343,#3344),.UNSPECIFIED.,.F.,.F.,(9,7,7,7,7,7,7,9),(0.,
    0.380902402892,0.468225878149,0.516874625808,0.616146811467,
    0.748750238245,0.820639026703,1.),.UNSPECIFIED.);
#3294 = CARTESIAN_POINT('',(0.,3.67333170811));
#3295 = CARTESIAN_POINT('',(9.018964389117E-02,3.621759034146));
#3296 = CARTESIAN_POINT('',(0.18002892568,3.562731018361));
#3297 = CARTESIAN_POINT('',(0.27026764917,3.496445611583));
#3298 = CARTESIAN_POINT('',(0.361384584706,3.422277448147));
#3299 = CARTESIAN_POINT('',(0.453773856942,3.338953284087));
#3300 = CARTESIAN_POINT('',(0.547775551225,3.244363371957));
#3301 = CARTESIAN_POINT('',(0.64371626939,3.135541640041));
#3302 = CARTESIAN_POINT('',(0.764512529036,2.979491037487));
#3303 = CARTESIAN_POINT('',(0.787148388852,2.949454241259));
#3304 = CARTESIAN_POINT('',(0.809891331993,2.918445542821));
#3305 = CARTESIAN_POINT('',(0.832739786754,2.886426671049));
#3306 = CARTESIAN_POINT('',(0.855690952808,2.85336040393));
#3307 = CARTESIAN_POINT('',(0.878740702273,2.819211562413));
#3308 = CARTESIAN_POINT('',(0.901883480782,2.783948004263));
#3309 = CARTESIAN_POINT('',(0.93805315612,2.727259270035));
#3310 = CARTESIAN_POINT('',(0.951020757848,2.70662233403));
#3311 = CARTESIAN_POINT('',(0.96401375701,2.685625898769));
#3312 = CARTESIAN_POINT('',(0.977030754095,2.664265589946));
#3313 = CARTESIAN_POINT('',(0.9900702068,2.642537570077));
#3314 = CARTESIAN_POINT('',(1.003130430032,2.620438538502));
#3315 = CARTESIAN_POINT('',(1.016209595904,2.597965731385));
#3316 = CARTESIAN_POINT('',(1.056029591786,2.528491851483));
#3317 = CARTESIAN_POINT('',(1.082825757159,2.480298514519));
#3318 = CARTESIAN_POINT('',(1.109675356266,2.430522537624));
#3319 = CARTESIAN_POINT('',(1.136558935288,2.379158412589));
#3320 = CARTESIAN_POINT('',(1.163456172268,2.326211697119));
#3321 = CARTESIAN_POINT('',(1.190345589204,2.271701215767));
#3322 = CARTESIAN_POINT('',(1.217204264134,2.215661260867));
#3323 = CARTESIAN_POINT('',(1.279810186573,2.081314485961));
#3324 = CARTESIAN_POINT('',(1.315521040742,2.001833804971));
#3325 = CARTESIAN_POINT('',(1.351078238055,1.919830218477));
#3326 = CARTESIAN_POINT('',(1.386430419216,1.835455324259));
#3327 = CARTESIAN_POINT('',(1.421534441397,1.748883725004));
#3328 = CARTESIAN_POINT('',(1.456353553495,1.66031168625));
#3329 = CARTESIAN_POINT('',(1.490856038542,1.569954577174));
#3330 = CARTESIAN_POINT('',(1.543532681135,1.428214780442));
#3331 = CARTESIAN_POINT('',(1.561951710348,1.377924673486));
#3332 = CARTESIAN_POINT('',(1.580268187734,1.327206173304));
#3333 = CARTESIAN_POINT('',(1.598479714943,1.276092436483));
#3334 = CARTESIAN_POINT('',(1.616584657011,1.224616195549));
#3335 = CARTESIAN_POINT('',(1.634582080892,1.172809578294));
#3336 = CARTESIAN_POINT('',(1.652471693984,1.120703927098));
#3337 = CARTESIAN_POINT('',(1.714619709546,0.937656849752));
#3338 = CARTESIAN_POINT('',(1.758306965877,0.805339301533));
#3339 = CARTESIAN_POINT('',(1.801333046949,0.671813712746));
#3340 = CARTESIAN_POINT('',(1.843728562552,0.537503096035));
#3341 = CARTESIAN_POINT('',(1.885534361941,0.402808495345));
#3342 = CARTESIAN_POINT('',(1.926800650742,0.268103271857));
#3343 = CARTESIAN_POINT('',(1.967588099765,0.133729918068));
#3344 = CARTESIAN_POINT('',(2.00797094575,-6.E-07));
#3345 = ( GEOMETRIC_REPRESENTATION_CONTEXT(2) 
PARAMETRIC_REPRESENTATION_CONTEXT() REPRESENTATION_CONTEXT('2D SPACE',''
  ) );
#3346 = ORIENTED_EDGE('',*,*,#3347,.F.);
#3347 = EDGE_CURVE('',#3348,#3174,#3350,.T.);
#3348 = VERTEX_POINT('',#3349);
#3349 = CARTESIAN_POINT('',(-10.21334327666,180.84969446143,32.));
#3350 = SURFACE_CURVE('',#3351,(#3409,#3470),.PCURVE_S1.);
#3351 = B_SPLINE_CURVE_WITH_KNOTS('',6,(#3352,#3353,#3354,#3355,#3356,
    #3357,#3358,#3359,#3360,#3361,#3362,#3363,#3364,#3365,#3366,#3367,
    #3368,#3369,#3370,#3371,#3372,#3373,#3374,#3375,#3376,#3377,#3378,
    #3379,#3380,#3381,#3382,#3383,#3384,#3385,#3386,#3387,#3388,#3389,
    #3390,#3391,#3392,#3393,#3394,#3395,#3396,#3397,#3398,#3399,#3400,
    #3401,#3402,#3403,#3404,#3405,#3406,#3407,#3408),.UNSPECIFIED.,.F.,
  .F.,(7,5,5,5,5,5,5,5,5,5,5,7),(0.,0.164336960218,0.310671827061,
    0.383123068346,0.42175137302,0.500231079641,0.574779603995,
    0.611300317553,0.679757675798,0.765627534399,0.880781885411,1.),
  .UNSPECIFIED.);
#3352 = CARTESIAN_POINT('',(-10.21334377517,180.84969496991,31.9999994)
  );
#3353 = CARTESIAN_POINT('',(-10.05123060061,180.684337852,
    32.195115915046));
#3354 = CARTESIAN_POINT('',(-9.877634586827,180.52769448789,
    32.392732226174));
#3355 = CARTESIAN_POINT('',(-9.692200306693,180.3800014159,
    32.592103449946));
#3356 = CARTESIAN_POINT('',(-9.494463779294,180.2419327906,
    32.792477072273));
#3357 = CARTESIAN_POINT('',(-9.283918533729,180.11448660809,
    32.993036518926));
#3358 = CARTESIAN_POINT('',(-8.860384532272,179.89642620591,
    33.37092500719));
#3359 = CARTESIAN_POINT('',(-8.650292658532,179.80335955442,
    33.548300350185));
#3360 = CARTESIAN_POINT('',(-8.429090697566,179.72093845889,
    33.72449862514));
#3361 = CARTESIAN_POINT('',(-8.196472244829,179.65064819661,
    33.898640671723));
#3362 = CARTESIAN_POINT('',(-7.952441873638,179.59438353066,
    34.069552188384));
#3363 = CARTESIAN_POINT('',(-7.571257491766,179.53457829434,
    34.31818450863));
#3364 = CARTESIAN_POINT('',(-7.442377538039,179.51876504904,
    34.399370266644));
#3365 = CARTESIAN_POINT('',(-7.310933166327,179.50721406928,
    34.479224484646));
#3366 = CARTESIAN_POINT('',(-7.17707304269,179.50021901598,
    34.557532833688));
#3367 = CARTESIAN_POINT('',(-7.041022378081,179.49807269391,
    34.634059192149));
#3368 = CARTESIAN_POINT('',(-6.829559937921,179.50262739406,
    34.748274508551));
#3369 = CARTESIAN_POINT('',(-6.75549101839,179.50566582391,
    34.787415841578));
#3370 = CARTESIAN_POINT('',(-6.680939111178,179.51019911438,
    34.82594158483));
#3371 = CARTESIAN_POINT('',(-6.605960749288,179.51626525817,
    34.86381278929));
#3372 = CARTESIAN_POINT('',(-6.530620300504,179.52389815445,
    34.900990416915));
#3373 = CARTESIAN_POINT('',(-6.301335881373,179.55187346964,
    35.011481326474));
#3374 = CARTESIAN_POINT('',(-6.146462147044,179.57720717295,
    35.082517141305));
#3375 = CARTESIAN_POINT('',(-5.991019493894,179.609359318,
    35.150198636291));
#3376 = CARTESIAN_POINT('',(-5.835731888017,179.64846142945,
    35.21423299219));
#3377 = CARTESIAN_POINT('',(-5.681385689802,179.69450134096,
    35.274392432765));
#3378 = CARTESIAN_POINT('',(-5.383893444116,179.7974155122,
    35.38385012219));
#3379 = CARTESIAN_POINT('',(-5.240541803303,179.85364234761,
    35.433552918134));
#3380 = CARTESIAN_POINT('',(-5.099477685672,179.91579502697,
    35.479506147319));
#3381 = CARTESIAN_POINT('',(-4.961325169259,179.98360027237,
    35.521688346175));
#3382 = CARTESIAN_POINT('',(-4.826620456219,180.05670038021,
    35.560158369138));
#3383 = CARTESIAN_POINT('',(-4.631733190651,180.17287602647,
    35.612109913425));
#3384 = CARTESIAN_POINT('',(-4.568583788157,180.21224832642,
    35.628329083561));
#3385 = CARTESIAN_POINT('',(-4.506415677357,180.25274614504,
    35.64369914669));
#3386 = CARTESIAN_POINT('',(-4.44527110969,180.29432102651,
    35.658237588119));
#3387 = CARTESIAN_POINT('',(-4.385185578655,180.3369240203,
    35.671964490191));
#3388 = CARTESIAN_POINT('',(-4.215599802253,180.46220132881,
    35.709151876087));
#3389 = CARTESIAN_POINT('',(-4.108837354947,180.54733699467,
    35.730626506208));
#3390 = CARTESIAN_POINT('',(-4.006090050385,180.63559664086,
    35.749470697102));
#3391 = CARTESIAN_POINT('',(-3.907472447278,180.72667236323,
    35.765847763863));
#3392 = CARTESIAN_POINT('',(-3.813041745577,180.82027803952,
    35.779926157976));
#3393 = CARTESIAN_POINT('',(-3.6096379255,181.03643466572,35.80684398621
    ));
#3394 = CARTESIAN_POINT('',(-3.503082040194,181.16028465584,
    35.818456640478));
#3395 = CARTESIAN_POINT('',(-3.403167560601,181.28722374258,
    35.827025949374));
#3396 = CARTESIAN_POINT('',(-3.309847623308,181.41681743091,
    35.832850729131));
#3397 = CARTESIAN_POINT('',(-3.223031767614,181.54869465075,
    35.836199994396));
#3398 = CARTESIAN_POINT('',(-3.034761051571,181.86207183332,
    35.838788729979));
#3399 = CARTESIAN_POINT('',(-2.938427016552,182.04512965442,
    35.836237142415));
#3400 = CARTESIAN_POINT('',(-2.85332888033,182.23101887998,
    35.830214569053));
#3401 = CARTESIAN_POINT('',(-2.779203229217,182.41913281512,
    35.821168315779));
#3402 = CARTESIAN_POINT('',(-2.7157995869,182.60896873988,
    35.809450592822));
#3403 = CARTESIAN_POINT('',(-2.608160512656,182.9980455435,
    35.780695787853));
#3404 = CARTESIAN_POINT('',(-2.564688024227,183.19735448643,
    35.76348763187));
#3405 = CARTESIAN_POINT('',(-2.532266689371,183.39761053642,
    35.743990051766));
#3406 = CARTESIAN_POINT('',(-2.510740308845,183.59839331464,
    35.72239915765));
#3407 = CARTESIAN_POINT('',(-2.5,183.79931096556,35.698833700219));
#3408 = CARTESIAN_POINT('',(-2.5,184.,35.67333170811));
#3409 = PCURVE('',#488,#3410);
#3410 = DEFINITIONAL_REPRESENTATION('',(#3411),#3469);
#3411 = B_SPLINE_CURVE_WITH_KNOTS('',6,(#3412,#3413,#3414,#3415,#3416,
    #3417,#3418,#3419,#3420,#3421,#3422,#3423,#3424,#3425,#3426,#3427,
    #3428,#3429,#3430,#3431,#3432,#3433,#3434,#3435,#3436,#3437,#3438,
    #3439,#3440,#3441,#3442,#3443,#3444,#3445,#3446,#3447,#3448,#3449,
    #3450,#3451,#3452,#3453,#3454,#3455,#3456,#3457,#3458,#3459,#3460,
    #3461,#3462,#3463,#3464,#3465,#3466,#3467,#3468),.UNSPECIFIED.,.F.,
  .F.,(7,5,5,5,5,5,5,5,5,5,5,7),(0.,0.164336960218,0.310671827061,
    0.383123068346,0.42175137302,0.500231079641,0.574779603995,
    0.611300317553,0.679757675798,0.765627534399,0.880781885411,1.),
  .UNSPECIFIED.);
#3412 = CARTESIAN_POINT('',(-3.916436578055,-16.84969496991));
#3413 = CARTESIAN_POINT('',(-3.934124804823,-16.684337852));
#3414 = CARTESIAN_POINT('',(-3.952438632778,-16.52769448789));
#3415 = CARTESIAN_POINT('',(-3.971370157068,-16.3800014159));
#3416 = CARTESIAN_POINT('',(-3.990921230365,-16.2419327906));
#3417 = CARTESIAN_POINT('',(-4.011098596517,-16.11448660809));
#3418 = CARTESIAN_POINT('',(-4.050470165712,-15.89642620591));
#3419 = CARTESIAN_POINT('',(-4.06952038795,-15.80335955442));
#3420 = CARTESIAN_POINT('',(-4.089095660146,-15.72093845889));
#3421 = CARTESIAN_POINT('',(-4.109195441353,-15.65064819661));
#3422 = CARTESIAN_POINT('',(-4.129797511912,-15.59438353066));
#3423 = CARTESIAN_POINT('',(-4.161275920715,-15.53457829434));
#3424 = CARTESIAN_POINT('',(-4.171808609407,-15.51876504904));
#3425 = CARTESIAN_POINT('',(-4.182441678193,-15.50721406928));
#3426 = CARTESIAN_POINT('',(-4.193162622465,-15.50021901598));
#3427 = CARTESIAN_POINT('',(-4.203954046147,-15.49807269391));
#3428 = CARTESIAN_POINT('',(-4.220572038915,-15.50262739406));
#3429 = CARTESIAN_POINT('',(-4.226364467544,-15.50566582391));
#3430 = CARTESIAN_POINT('',(-4.232166790086,-15.51019911438));
#3431 = CARTESIAN_POINT('',(-4.237974988984,-15.51626525817));
#3432 = CARTESIAN_POINT('',(-4.243784580089,-15.52389815445));
#3433 = CARTESIAN_POINT('',(-4.261386460953,-15.55187346964));
#3434 = CARTESIAN_POINT('',(-4.273169446271,-15.57720717295));
#3435 = CARTESIAN_POINT('',(-4.284894611774,-15.609359318));
#3436 = CARTESIAN_POINT('',(-4.296514187327,-15.64846142945));
#3437 = CARTESIAN_POINT('',(-4.307977890425,-15.69450134096));
#3438 = CARTESIAN_POINT('',(-4.329924799986,-15.7974155122));
#3439 = CARTESIAN_POINT('',(-4.34043068835,-15.85364234761));
#3440 = CARTESIAN_POINT('',(-4.350706175179,-15.91579502697));
#3441 = CARTESIAN_POINT('',(-4.360714226063,-15.98360027237));
#3442 = CARTESIAN_POINT('',(-4.370424443351,-16.05670038021));
#3443 = CARTESIAN_POINT('',(-4.384410890694,-16.17287602647));
#3444 = CARTESIAN_POINT('',(-4.388932636069,-16.21224832642));
#3445 = CARTESIAN_POINT('',(-4.393374556439,-16.25274614504));
#3446 = CARTESIAN_POINT('',(-4.397734478255,-16.29432102651));
#3447 = CARTESIAN_POINT('',(-4.402010670553,-16.3369240203));
#3448 = CARTESIAN_POINT('',(-4.414057929763,-16.46220132881));
#3449 = CARTESIAN_POINT('',(-4.421615004221,-16.54733699466));
#3450 = CARTESIAN_POINT('',(-4.428864485743,-16.63559664086));
#3451 = CARTESIAN_POINT('',(-4.435802466013,-16.72667236323));
#3452 = CARTESIAN_POINT('',(-4.442428423387,-16.82027803952));
#3453 = CARTESIAN_POINT('',(-4.45666598016,-17.03643466572));
#3454 = CARTESIAN_POINT('',(-4.464099133359,-17.16028465584));
#3455 = CARTESIAN_POINT('',(-4.471047621206,-17.28722374258));
#3456 = CARTESIAN_POINT('',(-4.477518757309,-17.41681743091));
#3457 = CARTESIAN_POINT('',(-4.483521642739,-17.54869465075));
#3458 = CARTESIAN_POINT('',(-4.496500701268,-17.86207183332));
#3459 = CARTESIAN_POINT('',(-4.503109522276,-18.04512965442));
#3460 = CARTESIAN_POINT('',(-4.508916118425,-18.23101887998));
#3461 = CARTESIAN_POINT('',(-4.513940195341,-18.41913281512));
#3462 = CARTESIAN_POINT('',(-4.518198743127,-18.60896873988));
#3463 = CARTESIAN_POINT('',(-4.525333138839,-18.9980455435));
#3464 = CARTESIAN_POINT('',(-4.528154388961,-19.19735448643));
#3465 = CARTESIAN_POINT('',(-4.530181676593,-19.39761053642));
#3466 = CARTESIAN_POINT('',(-4.531422186069,-19.59839331464));
#3467 = CARTESIAN_POINT('',(-4.531878778866,-19.79931096556));
#3468 = CARTESIAN_POINT('',(-4.531548801224,-20.));
#3469 = ( GEOMETRIC_REPRESENTATION_CONTEXT(2) 
PARAMETRIC_REPRESENTATION_CONTEXT() REPRESENTATION_CONTEXT('2D SPACE',''
  ) );
#3470 = PCURVE('',#3287,#3471);
#3471 = DEFINITIONAL_REPRESENTATION('',(#3472),#3530);
#3472 = B_SPLINE_CURVE_WITH_KNOTS('',6,(#3473,#3474,#3475,#3476,#3477,
    #3478,#3479,#3480,#3481,#3482,#3483,#3484,#3485,#3486,#3487,#3488,
    #3489,#3490,#3491,#3492,#3493,#3494,#3495,#3496,#3497,#3498,#3499,
    #3500,#3501,#3502,#3503,#3504,#3505,#3506,#3507,#3508,#3509,#3510,
    #3511,#3512,#3513,#3514,#3515,#3516,#3517,#3518,#3519,#3520,#3521,
    #3522,#3523,#3524,#3525,#3526,#3527,#3528,#3529),.UNSPECIFIED.,.F.,
  .F.,(7,5,5,5,5,5,5,5,5,5,5,7),(0.,0.164336960218,0.310671827061,
    0.383123068346,0.42175137302,0.500231079641,0.574779603995,
    0.611300317553,0.679757675798,0.765627534399,0.880781885411,1.),
  .UNSPECIFIED.);
#3473 = CARTESIAN_POINT('',(3.917085071849,-5.999999999062E-07));
#3474 = CARTESIAN_POINT('',(3.968544588629,0.195115915046));
#3475 = CARTESIAN_POINT('',(4.020407879762,0.392732226174));
#3476 = CARTESIAN_POINT('',(4.072937231315,0.592103449946));
#3477 = CARTESIAN_POINT('',(4.126364924753,0.792477072273));
#3478 = CARTESIAN_POINT('',(4.18092731485,0.993036518926));
#3479 = CARTESIAN_POINT('',(4.286788017497,1.37092500719));
#3480 = CARTESIAN_POINT('',(4.337763567709,1.548300350185));
#3481 = CARTESIAN_POINT('',(4.390074369752,1.72449862514));
#3482 = CARTESIAN_POINT('',(4.443903138119,1.898640671723));
#3483 = CARTESIAN_POINT('',(4.49941473681,2.069552188384));
#3484 = CARTESIAN_POINT('',(4.585158598635,2.31818450863));
#3485 = CARTESIAN_POINT('',(4.613997181543,2.399370266644));
#3486 = CARTESIAN_POINT('',(4.643292994154,2.479224484646));
#3487 = CARTESIAN_POINT('',(4.67305128875,2.557532833688));
#3488 = CARTESIAN_POINT('',(4.703267452048,2.634059192149));
#3489 = CARTESIAN_POINT('',(4.750270004588,2.748274508551));
#3490 = CARTESIAN_POINT('',(4.766740489425,2.787415841578));
#3491 = CARTESIAN_POINT('',(4.783333287314,2.82594158483));
#3492 = CARTESIAN_POINT('',(4.800044498431,2.86381278929));
#3493 = CARTESIAN_POINT('',(4.816869005585,2.900990416915));
#3494 = CARTESIAN_POINT('',(4.868198954063,3.011481326474));
#3495 = CARTESIAN_POINT('',(4.90304392711,3.082517141305));
#3496 = CARTESIAN_POINT('',(4.938270785171,3.150198636291));
#3497 = CARTESIAN_POINT('',(4.973807061504,3.21423299219));
#3498 = CARTESIAN_POINT('',(5.009566184217,3.274392432765));
#3499 = CARTESIAN_POINT('',(5.079519594775,3.38385012219));
#3500 = CARTESIAN_POINT('',(5.11370988258,3.433552918134));
#3501 = CARTESIAN_POINT('',(5.147921691841,3.479506147319));
#3502 = CARTESIAN_POINT('',(5.182077251091,3.521688346175));
#3503 = CARTESIAN_POINT('',(5.216107597679,3.560158369138));
#3504 = CARTESIAN_POINT('',(5.266526987964,3.612109913425));
#3505 = CARTESIAN_POINT('',(5.283061010529,3.628329083561));
#3506 = CARTESIAN_POINT('',(5.299543999466,3.64369914669));
#3507 = CARTESIAN_POINT('',(5.315970346828,3.658237588119));
#3508 = CARTESIAN_POINT('',(5.332335363079,3.671964490191));
#3509 = CARTESIAN_POINT('',(5.37918881972,3.709151876087));
#3510 = CARTESIAN_POINT('',(5.409512868541,3.730626506208));
#3511 = CARTESIAN_POINT('',(5.439583215265,3.749470697102));
#3512 = CARTESIAN_POINT('',(5.46938586212,3.765847763863));
#3513 = CARTESIAN_POINT('',(5.49891538722,3.779926157976));
#3514 = CARTESIAN_POINT('',(5.564873398957,3.80684398621));
#3515 = CARTESIAN_POINT('',(5.601143998643,3.818456640478));
#3516 = CARTESIAN_POINT('',(5.636992247641,3.827025949374));
#3517 = CARTESIAN_POINT('',(5.672433136583,3.832850729131));
#3518 = CARTESIAN_POINT('',(5.707489607445,3.836199994396));
#3519 = CARTESIAN_POINT('',(5.788730332218,3.838788729979));
#3520 = CARTESIAN_POINT('',(5.834625357131,3.836237142415));
#3521 = CARTESIAN_POINT('',(5.87995524083,3.830214569053));
#3522 = CARTESIAN_POINT('',(5.924791170339,3.821168315779));
#3523 = CARTESIAN_POINT('',(5.969206526259,3.809450592822));
#3524 = CARTESIAN_POINT('',(6.058915776623,3.780695787853));
#3525 = CARTESIAN_POINT('',(6.104179063395,3.76348763187));
#3526 = CARTESIAN_POINT('',(6.149161361772,3.743990051766));
#3527 = CARTESIAN_POINT('',(6.193939365727,3.72239915765));
#3528 = CARTESIAN_POINT('',(6.238587743972,3.698833700219));
#3529 = CARTESIAN_POINT('',(6.28318530718,3.67333170811));
#3530 = ( GEOMETRIC_REPRESENTATION_CONTEXT(2) 
PARAMETRIC_REPRESENTATION_CONTEXT() REPRESENTATION_CONTEXT('2D SPACE',''
  ) );
#3531 = ORIENTED_EDGE('',*,*,#3532,.T.);
#3532 = EDGE_CURVE('',#3348,#3176,#3533,.T.);
#3533 = SURFACE_CURVE('',#3534,(#3539,#3549),.PCURVE_S1.);
#3534 = HYPERBOLA('',#3535,80.,10.);
#3535 = AXIS2_PLACEMENT_3D('',#3536,#3537,#3538);
#3536 = CARTESIAN_POINT('',(0.,295.2,32.));
#3537 = DIRECTION('',(0.,0.,1.));
#3538 = DIRECTION('',(0.,-1.,0.));
#3539 = PCURVE('',#488,#3540);
#3540 = DEFINITIONAL_REPRESENTATION('',(#3541),#3548);
#3541 = B_SPLINE_CURVE_WITH_KNOTS('',5,(#3542,#3543,#3544,#3545,#3546,
    #3547),.UNSPECIFIED.,.F.,.F.,(6,6),(-0.923398644489,-0.782965705053)
  ,.PIECEWISE_BEZIER_KNOTS.);
#3542 = CARTESIAN_POINT('',(-3.897716012591,-14.6));
#3543 = CARTESIAN_POINT('',(-3.916986398791,-16.98249106932));
#3544 = CARTESIAN_POINT('',(-3.936748975194,-19.25000634157));
#3545 = CARTESIAN_POINT('',(-3.957005596345,-21.40646115241));
#3546 = CARTESIAN_POINT('',(-3.977755160183,-23.45539369405));
#3547 = CARTESIAN_POINT('',(-3.99899265575,-25.4));
#3548 = ( GEOMETRIC_REPRESENTATION_CONTEXT(2) 
PARAMETRIC_REPRESENTATION_CONTEXT() REPRESENTATION_CONTEXT('2D SPACE',''
  ) );
#3549 = PCURVE('',#3550,#3555);
#3550 = PLANE('',#3551);
#3551 = AXIS2_PLACEMENT_3D('',#3552,#3553,#3554);
#3552 = CARTESIAN_POINT('',(-7.,184.,32.));
#3553 = DIRECTION('',(0.,0.,1.));
#3554 = DIRECTION('',(1.,0.,-0.));
#3555 = DEFINITIONAL_REPRESENTATION('',(#3556),#3560);
#3556 = ( BOUNDED_CURVE() B_SPLINE_CURVE(2,(#3557,#3558,#3559),
.UNSPECIFIED.,.F.,.F.) B_SPLINE_CURVE_WITH_KNOTS((3,3),(-0.923398644489,
-0.782965705053),.PIECEWISE_BEZIER_KNOTS.) CURVE() 
GEOMETRIC_REPRESENTATION_ITEM() RATIONAL_B_SPLINE_CURVE((1.,
1.002466189325,1.)) REPRESENTATION_ITEM('') );
#3557 = CARTESIAN_POINT('',(-3.603330844598,-5.4));
#3558 = CARTESIAN_POINT('',(-2.581604404001,0.546458172116));
#3559 = CARTESIAN_POINT('',(-1.654514717764,5.4));
#3560 = ( GEOMETRIC_REPRESENTATION_CONTEXT(2) 
PARAMETRIC_REPRESENTATION_CONTEXT() REPRESENTATION_CONTEXT('2D SPACE',''
  ) );
#3561 = ADVANCED_FACE('',(#3562,#3565),#1160,.F.);
#3562 = FACE_BOUND('',#3563,.F.);
#3563 = EDGE_LOOP('',(#3564));
#3564 = ORIENTED_EDGE('',*,*,#1145,.T.);
#3565 = FACE_BOUND('',#3566,.F.);
#3566 = EDGE_LOOP('',(#3567));
#3567 = ORIENTED_EDGE('',*,*,#3568,.F.);
#3568 = EDGE_CURVE('',#3569,#3569,#3571,.T.);
#3569 = VERTEX_POINT('',#3570);
#3570 = CARTESIAN_POINT('',(13.951070336391,164.2,22.));
#3571 = SURFACE_CURVE('',#3572,(#3577,#3584),.PCURVE_S1.);
#3572 = CIRCLE('',#3573,13.951070336391);
#3573 = AXIS2_PLACEMENT_3D('',#3574,#3575,#3576);
#3574 = CARTESIAN_POINT('',(0.,164.2,22.));
#3575 = DIRECTION('',(0.,1.,1.110223024625E-16));
#3576 = DIRECTION('',(1.,0.,-0.));
#3577 = PCURVE('',#1160,#3578);
#3578 = DEFINITIONAL_REPRESENTATION('',(#3579),#3583);
#3579 = CIRCLE('',#3580,13.951070336391);
#3580 = AXIS2_PLACEMENT_2D('',#3581,#3582);
#3581 = CARTESIAN_POINT('',(0.,0.));
#3582 = DIRECTION('',(1.,0.));
#3583 = ( GEOMETRIC_REPRESENTATION_CONTEXT(2) 
PARAMETRIC_REPRESENTATION_CONTEXT() REPRESENTATION_CONTEXT('2D SPACE',''
  ) );
#3584 = PCURVE('',#3585,#3590);
#3585 = CONICAL_SURFACE('',#3586,14.,0.12171945848);
#3586 = AXIS2_PLACEMENT_3D('',#3587,#3588,#3589);
#3587 = CARTESIAN_POINT('',(0.,163.8,22.));
#3588 = DIRECTION('',(-0.,-1.,-1.110223024625E-16));
#3589 = DIRECTION('',(1.,0.,0.));
#3590 = DEFINITIONAL_REPRESENTATION('',(#3591),#3595);
#3591 = LINE('',#3592,#3593);
#3592 = CARTESIAN_POINT('',(-0.,-0.4));
#3593 = VECTOR('',#3594,1.);
#3594 = DIRECTION('',(-1.,-0.));
#3595 = ( GEOMETRIC_REPRESENTATION_CONTEXT(2) 
PARAMETRIC_REPRESENTATION_CONTEXT() REPRESENTATION_CONTEXT('2D SPACE',''
  ) );
#3596 = ADVANCED_FACE('',(#3597),#1885,.F.);
#3597 = FACE_BOUND('',#3598,.F.);
#3598 = EDGE_LOOP('',(#3599,#3621,#3622));
#3599 = ORIENTED_EDGE('',*,*,#3600,.F.);
#3600 = EDGE_CURVE('',#1866,#3601,#3603,.T.);
#3601 = VERTEX_POINT('',#3602);
#3602 = CARTESIAN_POINT('',(14.5,181.,22.675));
#3603 = SURFACE_CURVE('',#3604,(#3607,#3614),.PCURVE_S1.);
#3604 = B_SPLINE_CURVE_WITH_KNOTS('',1,(#3605,#3606),.UNSPECIFIED.,.F.,
  .F.,(2,2),(0.,1.),.PIECEWISE_BEZIER_KNOTS.);
#3605 = CARTESIAN_POINT('',(14.36239023187,166.5,19.895867915867));
#3606 = CARTESIAN_POINT('',(14.5,181.,22.675));
#3607 = PCURVE('',#1885,#3608);
#3608 = DEFINITIONAL_REPRESENTATION('',(#3609),#3613);
#3609 = LINE('',#3610,#3611);
#3610 = CARTESIAN_POINT('',(-5.,0.));
#3611 = VECTOR('',#3612,1.);
#3612 = DIRECTION('',(0.,1.));
#3613 = ( GEOMETRIC_REPRESENTATION_CONTEXT(2) 
PARAMETRIC_REPRESENTATION_CONTEXT() REPRESENTATION_CONTEXT('2D SPACE',''
  ) );
#3614 = PCURVE('',#2435,#3615);
#3615 = DEFINITIONAL_REPRESENTATION('',(#3616),#3620);
#3616 = LINE('',#3617,#3618);
#3617 = CARTESIAN_POINT('',(0.675,0.));
#3618 = VECTOR('',#3619,1.);
#3619 = DIRECTION('',(0.,1.));
#3620 = ( GEOMETRIC_REPRESENTATION_CONTEXT(2) 
PARAMETRIC_REPRESENTATION_CONTEXT() REPRESENTATION_CONTEXT('2D SPACE',''
  ) );
#3621 = ORIENTED_EDGE('',*,*,#1863,.F.);
#3622 = ORIENTED_EDGE('',*,*,#3623,.T.);
#3623 = EDGE_CURVE('',#1864,#3601,#3624,.T.);
#3624 = SURFACE_CURVE('',#3625,(#3629,#3636),.PCURVE_S1.);
#3625 = LINE('',#3626,#3627);
#3626 = CARTESIAN_POINT('',(9.5,181.,22.675));
#3627 = VECTOR('',#3628,1.);
#3628 = DIRECTION('',(1.,0.,0.));
#3629 = PCURVE('',#1885,#3630);
#3630 = DEFINITIONAL_REPRESENTATION('',(#3631),#3635);
#3631 = LINE('',#3632,#3633);
#3632 = CARTESIAN_POINT('',(0.,1.));
#3633 = VECTOR('',#3634,1.);
#3634 = DIRECTION('',(-1.,0.));
#3635 = ( GEOMETRIC_REPRESENTATION_CONTEXT(2) 
PARAMETRIC_REPRESENTATION_CONTEXT() REPRESENTATION_CONTEXT('2D SPACE',''
  ) );
#3636 = PCURVE('',#1916,#3637);
#3637 = DEFINITIONAL_REPRESENTATION('',(#3638),#3642);
#3638 = LINE('',#3639,#3640);
#3639 = CARTESIAN_POINT('',(5.135662580255,0.668931881262));
#3640 = VECTOR('',#3641,1.);
#3641 = DIRECTION('',(0.991010194463,-0.133786376252));
#3642 = ( GEOMETRIC_REPRESENTATION_CONTEXT(2) 
PARAMETRIC_REPRESENTATION_CONTEXT() REPRESENTATION_CONTEXT('2D SPACE',''
  ) );
#3643 = ADVANCED_FACE('',(#3644),#2435,.F.);
#3644 = FACE_BOUND('',#3645,.F.);
#3645 = EDGE_LOOP('',(#3646,#3668,#3669,#3670,#3671));
#3646 = ORIENTED_EDGE('',*,*,#3647,.F.);
#3647 = EDGE_CURVE('',#2364,#3648,#3650,.T.);
#3648 = VERTEX_POINT('',#3649);
#3649 = CARTESIAN_POINT('',(14.5,181.,21.325));
#3650 = SURFACE_CURVE('',#3651,(#3654,#3661),.PCURVE_S1.);
#3651 = B_SPLINE_CURVE_WITH_KNOTS('',1,(#3652,#3653),.UNSPECIFIED.,.F.,
  .F.,(2,2),(0.,1.),.PIECEWISE_BEZIER_KNOTS.);
#3652 = CARTESIAN_POINT('',(14.104798088112,166.5,18.570671218213));
#3653 = CARTESIAN_POINT('',(14.5,181.,21.325));
#3654 = PCURVE('',#2435,#3655);
#3655 = DEFINITIONAL_REPRESENTATION('',(#3656),#3660);
#3656 = LINE('',#3657,#3658);
#3657 = CARTESIAN_POINT('',(-0.675,0.));
#3658 = VECTOR('',#3659,1.);
#3659 = DIRECTION('',(0.,1.));
#3660 = ( GEOMETRIC_REPRESENTATION_CONTEXT(2) 
PARAMETRIC_REPRESENTATION_CONTEXT() REPRESENTATION_CONTEXT('2D SPACE',''
  ) );
#3661 = PCURVE('',#2383,#3662);
#3662 = DEFINITIONAL_REPRESENTATION('',(#3663),#3667);
#3663 = LINE('',#3664,#3665);
#3664 = CARTESIAN_POINT('',(5.,0.));
#3665 = VECTOR('',#3666,1.);
#3666 = DIRECTION('',(0.,1.));
#3667 = ( GEOMETRIC_REPRESENTATION_CONTEXT(2) 
PARAMETRIC_REPRESENTATION_CONTEXT() REPRESENTATION_CONTEXT('2D SPACE',''
  ) );
#3668 = ORIENTED_EDGE('',*,*,#2397,.F.);
#3669 = ORIENTED_EDGE('',*,*,#2489,.F.);
#3670 = ORIENTED_EDGE('',*,*,#3600,.T.);
#3671 = ORIENTED_EDGE('',*,*,#3672,.F.);
#3672 = EDGE_CURVE('',#3648,#3601,#3673,.T.);
#3673 = SURFACE_CURVE('',#3674,(#3678,#3685),.PCURVE_S1.);
#3674 = LINE('',#3675,#3676);
#3675 = CARTESIAN_POINT('',(14.5,181.,22.));
#3676 = VECTOR('',#3677,1.);
#3677 = DIRECTION('',(0.,1.110223024625E-16,1.));
#3678 = PCURVE('',#2435,#3679);
#3679 = DEFINITIONAL_REPRESENTATION('',(#3680),#3684);
#3680 = LINE('',#3681,#3682);
#3681 = CARTESIAN_POINT('',(0.,1.));
#3682 = VECTOR('',#3683,1.);
#3683 = DIRECTION('',(1.,0.));
#3684 = ( GEOMETRIC_REPRESENTATION_CONTEXT(2) 
PARAMETRIC_REPRESENTATION_CONTEXT() REPRESENTATION_CONTEXT('2D SPACE',''
  ) );
#3685 = PCURVE('',#1916,#3686);
#3686 = DEFINITIONAL_REPRESENTATION('',(#3687),#3691);
#3687 = LINE('',#3688,#3689);
#3688 = CARTESIAN_POINT('',(10.000407748599,-0.668931881262));
#3689 = VECTOR('',#3690,1.);
#3690 = DIRECTION('',(0.133786376252,0.991010194463));
#3691 = ( GEOMETRIC_REPRESENTATION_CONTEXT(2) 
PARAMETRIC_REPRESENTATION_CONTEXT() REPRESENTATION_CONTEXT('2D SPACE',''
  ) );
#3692 = ADVANCED_FACE('',(#3693),#2383,.F.);
#3693 = FACE_BOUND('',#3694,.F.);
#3694 = EDGE_LOOP('',(#3695,#3696,#3697));
#3695 = ORIENTED_EDGE('',*,*,#2363,.F.);
#3696 = ORIENTED_EDGE('',*,*,#3647,.T.);
#3697 = ORIENTED_EDGE('',*,*,#3698,.F.);
#3698 = EDGE_CURVE('',#2336,#3648,#3699,.T.);
#3699 = SURFACE_CURVE('',#3700,(#3704,#3711),.PCURVE_S1.);
#3700 = LINE('',#3701,#3702);
#3701 = CARTESIAN_POINT('',(9.5,181.,21.325));
#3702 = VECTOR('',#3703,1.);
#3703 = DIRECTION('',(1.,0.,0.));
#3704 = PCURVE('',#2383,#3705);
#3705 = DEFINITIONAL_REPRESENTATION('',(#3706),#3710);
#3706 = LINE('',#3707,#3708);
#3707 = CARTESIAN_POINT('',(0.,1.));
#3708 = VECTOR('',#3709,1.);
#3709 = DIRECTION('',(1.,0.));
#3710 = ( GEOMETRIC_REPRESENTATION_CONTEXT(2) 
PARAMETRIC_REPRESENTATION_CONTEXT() REPRESENTATION_CONTEXT('2D SPACE',''
  ) );
#3711 = PCURVE('',#1916,#3712);
#3712 = DEFINITIONAL_REPRESENTATION('',(#3713),#3717);
#3713 = LINE('',#3714,#3715);
#3714 = CARTESIAN_POINT('',(4.955050972314,-0.668931881262));
#3715 = VECTOR('',#3716,1.);
#3716 = DIRECTION('',(0.991010194463,-0.133786376252));
#3717 = ( GEOMETRIC_REPRESENTATION_CONTEXT(2) 
PARAMETRIC_REPRESENTATION_CONTEXT() REPRESENTATION_CONTEXT('2D SPACE',''
  ) );
#3718 = ADVANCED_FACE('',(#3719),#1916,.F.);
#3719 = FACE_BOUND('',#3720,.F.);
#3720 = EDGE_LOOP('',(#3721,#3722,#3723,#3724,#3725));
#3721 = ORIENTED_EDGE('',*,*,#2335,.T.);
#3722 = ORIENTED_EDGE('',*,*,#3698,.T.);
#3723 = ORIENTED_EDGE('',*,*,#3672,.T.);
#3724 = ORIENTED_EDGE('',*,*,#3623,.F.);
#3725 = ORIENTED_EDGE('',*,*,#1899,.T.);
#3726 = ADVANCED_FACE('',(#3727,#3770),#1972,.T.);
#3727 = FACE_BOUND('',#3728,.T.);
#3728 = EDGE_LOOP('',(#3729,#3748,#3749,#3768,#3769));
#3729 = ORIENTED_EDGE('',*,*,#3730,.F.);
#3730 = EDGE_CURVE('',#2137,#2286,#3731,.T.);
#3731 = SURFACE_CURVE('',#3732,(#3736,#3742),.PCURVE_S1.);
#3732 = LINE('',#3733,#3734);
#3733 = CARTESIAN_POINT('',(-3.,196.,10.6));
#3734 = VECTOR('',#3735,1.);
#3735 = DIRECTION('',(1.,0.,0.));
#3736 = PCURVE('',#1972,#3737);
#3737 = DEFINITIONAL_REPRESENTATION('',(#3738),#3741);
#3738 = B_SPLINE_CURVE_WITH_KNOTS('',1,(#3739,#3740),.UNSPECIFIED.,.F.,
  .F.,(2,2),(-3.,9.),.PIECEWISE_BEZIER_KNOTS.);
#3739 = CARTESIAN_POINT('',(-6.,11.4));
#3740 = CARTESIAN_POINT('',(6.,11.4));
#3741 = ( GEOMETRIC_REPRESENTATION_CONTEXT(2) 
PARAMETRIC_REPRESENTATION_CONTEXT() REPRESENTATION_CONTEXT('2D SPACE',''
  ) );
#3742 = PCURVE('',#2180,#3743);
#3743 = DEFINITIONAL_REPRESENTATION('',(#3744),#3747);
#3744 = B_SPLINE_CURVE_WITH_KNOTS('',1,(#3745,#3746),.UNSPECIFIED.,.F.,
  .F.,(2,2),(-3.,9.),.PIECEWISE_BEZIER_KNOTS.);
#3745 = CARTESIAN_POINT('',(0.,7.));
#3746 = CARTESIAN_POINT('',(12.,7.));
#3747 = ( GEOMETRIC_REPRESENTATION_CONTEXT(2) 
PARAMETRIC_REPRESENTATION_CONTEXT() REPRESENTATION_CONTEXT('2D SPACE',''
  ) );
#3748 = ORIENTED_EDGE('',*,*,#2136,.T.);
#3749 = ORIENTED_EDGE('',*,*,#3750,.T.);
#3750 = EDGE_CURVE('',#2110,#1956,#3751,.T.);
#3751 = SURFACE_CURVE('',#3752,(#3756,#3762),.PCURVE_S1.);
#3752 = LINE('',#3753,#3754);
#3753 = CARTESIAN_POINT('',(-3.,196.,33.4));
#3754 = VECTOR('',#3755,1.);
#3755 = DIRECTION('',(1.,0.,0.));
#3756 = PCURVE('',#1972,#3757);
#3757 = DEFINITIONAL_REPRESENTATION('',(#3758),#3761);
#3758 = B_SPLINE_CURVE_WITH_KNOTS('',1,(#3759,#3760),.UNSPECIFIED.,.F.,
  .F.,(2,2),(-3.,9.),.PIECEWISE_BEZIER_KNOTS.);
#3759 = CARTESIAN_POINT('',(-6.,-11.4));
#3760 = CARTESIAN_POINT('',(6.,-11.4));
#3761 = ( GEOMETRIC_REPRESENTATION_CONTEXT(2) 
PARAMETRIC_REPRESENTATION_CONTEXT() REPRESENTATION_CONTEXT('2D SPACE',''
  ) );
#3762 = PCURVE('',#2004,#3763);
#3763 = DEFINITIONAL_REPRESENTATION('',(#3764),#3767);
#3764 = B_SPLINE_CURVE_WITH_KNOTS('',1,(#3765,#3766),.UNSPECIFIED.,.F.,
  .F.,(2,2),(-3.,9.),.PIECEWISE_BEZIER_KNOTS.);
#3765 = CARTESIAN_POINT('',(0.,7.));
#3766 = CARTESIAN_POINT('',(12.,7.));
#3767 = ( GEOMETRIC_REPRESENTATION_CONTEXT(2) 
PARAMETRIC_REPRESENTATION_CONTEXT() REPRESENTATION_CONTEXT('2D SPACE',''
  ) );
#3768 = ORIENTED_EDGE('',*,*,#1955,.T.);
#3769 = ORIENTED_EDGE('',*,*,#2312,.T.);
#3770 = FACE_BOUND('',#3771,.T.);
#3771 = EDGE_LOOP('',(#3772));
#3772 = ORIENTED_EDGE('',*,*,#3773,.F.);
#3773 = EDGE_CURVE('',#3774,#3774,#3776,.T.);
#3774 = VERTEX_POINT('',#3775);
#3775 = CARTESIAN_POINT('',(10.061162079511,196.,22.));
#3776 = SURFACE_CURVE('',#3777,(#3782,#3789),.PCURVE_S1.);
#3777 = CIRCLE('',#3778,10.061162079511);
#3778 = AXIS2_PLACEMENT_3D('',#3779,#3780,#3781);
#3779 = CARTESIAN_POINT('',(0.,196.,22.));
#3780 = DIRECTION('',(0.,1.,1.110223024625E-16));
#3781 = DIRECTION('',(1.,0.,-0.));
#3782 = PCURVE('',#1972,#3783);
#3783 = DEFINITIONAL_REPRESENTATION('',(#3784),#3788);
#3784 = CIRCLE('',#3785,10.061162079511);
#3785 = AXIS2_PLACEMENT_2D('',#3786,#3787);
#3786 = CARTESIAN_POINT('',(0.,0.));
#3787 = DIRECTION('',(1.,0.));
#3788 = ( GEOMETRIC_REPRESENTATION_CONTEXT(2) 
PARAMETRIC_REPRESENTATION_CONTEXT() REPRESENTATION_CONTEXT('2D SPACE',''
  ) );
#3789 = PCURVE('',#3585,#3790);
#3790 = DEFINITIONAL_REPRESENTATION('',(#3791),#3795);
#3791 = LINE('',#3792,#3793);
#3792 = CARTESIAN_POINT('',(-0.,-32.2));
#3793 = VECTOR('',#3794,1.);
#3794 = DIRECTION('',(-1.,-0.));
#3795 = ( GEOMETRIC_REPRESENTATION_CONTEXT(2) 
PARAMETRIC_REPRESENTATION_CONTEXT() REPRESENTATION_CONTEXT('2D SPACE',''
  ) );
#3796 = ADVANCED_FACE('',(#3797),#2180,.T.);
#3797 = FACE_BOUND('',#3798,.T.);
#3798 = EDGE_LOOP('',(#3799,#3822,#3823,#3824,#3825,#3848));
#3799 = ORIENTED_EDGE('',*,*,#3800,.F.);
#3800 = EDGE_CURVE('',#2161,#3801,#3803,.T.);
#3801 = VERTEX_POINT('',#3802);
#3802 = CARTESIAN_POINT('',(-6.,197.,10.6));
#3803 = SURFACE_CURVE('',#3804,(#3808,#3815),.PCURVE_S1.);
#3804 = LINE('',#3805,#3806);
#3805 = CARTESIAN_POINT('',(-6.,189.,10.6));
#3806 = VECTOR('',#3807,1.);
#3807 = DIRECTION('',(-0.,1.,0.));
#3808 = PCURVE('',#2180,#3809);
#3809 = DEFINITIONAL_REPRESENTATION('',(#3810),#3814);
#3810 = LINE('',#3811,#3812);
#3811 = CARTESIAN_POINT('',(0.,0.));
#3812 = VECTOR('',#3813,1.);
#3813 = DIRECTION('',(0.,1.));
#3814 = ( GEOMETRIC_REPRESENTATION_CONTEXT(2) 
PARAMETRIC_REPRESENTATION_CONTEXT() REPRESENTATION_CONTEXT('2D SPACE',''
  ) );
#3815 = PCURVE('',#2212,#3816);
#3816 = DEFINITIONAL_REPRESENTATION('',(#3817),#3821);
#3817 = LINE('',#3818,#3819);
#3818 = CARTESIAN_POINT('',(7.1,0.));
#3819 = VECTOR('',#3820,1.);
#3820 = DIRECTION('',(0.,-1.));
#3821 = ( GEOMETRIC_REPRESENTATION_CONTEXT(2) 
PARAMETRIC_REPRESENTATION_CONTEXT() REPRESENTATION_CONTEXT('2D SPACE',''
  ) );
#3822 = ORIENTED_EDGE('',*,*,#2160,.T.);
#3823 = ORIENTED_EDGE('',*,*,#3730,.T.);
#3824 = ORIENTED_EDGE('',*,*,#2285,.T.);
#3825 = ORIENTED_EDGE('',*,*,#3826,.T.);
#3826 = EDGE_CURVE('',#2254,#3827,#3829,.T.);
#3827 = VERTEX_POINT('',#3828);
#3828 = CARTESIAN_POINT('',(6.,197.,10.6));
#3829 = SURFACE_CURVE('',#3830,(#3834,#3841),.PCURVE_S1.);
#3830 = LINE('',#3831,#3832);
#3831 = CARTESIAN_POINT('',(6.,189.,10.6));
#3832 = VECTOR('',#3833,1.);
#3833 = DIRECTION('',(-0.,1.,0.));
#3834 = PCURVE('',#2180,#3835);
#3835 = DEFINITIONAL_REPRESENTATION('',(#3836),#3840);
#3836 = LINE('',#3837,#3838);
#3837 = CARTESIAN_POINT('',(12.,0.));
#3838 = VECTOR('',#3839,1.);
#3839 = DIRECTION('',(0.,1.));
#3840 = ( GEOMETRIC_REPRESENTATION_CONTEXT(2) 
PARAMETRIC_REPRESENTATION_CONTEXT() REPRESENTATION_CONTEXT('2D SPACE',''
  ) );
#3841 = PCURVE('',#2273,#3842);
#3842 = DEFINITIONAL_REPRESENTATION('',(#3843),#3847);
#3843 = LINE('',#3844,#3845);
#3844 = CARTESIAN_POINT('',(7.1,0.));
#3845 = VECTOR('',#3846,1.);
#3846 = DIRECTION('',(0.,-1.));
#3847 = ( GEOMETRIC_REPRESENTATION_CONTEXT(2) 
PARAMETRIC_REPRESENTATION_CONTEXT() REPRESENTATION_CONTEXT('2D SPACE',''
  ) );
#3848 = ORIENTED_EDGE('',*,*,#3849,.F.);
#3849 = EDGE_CURVE('',#3801,#3827,#3850,.T.);
#3850 = SURFACE_CURVE('',#3851,(#3855,#3862),.PCURVE_S1.);
#3851 = LINE('',#3852,#3853);
#3852 = CARTESIAN_POINT('',(-6.,197.,10.6));
#3853 = VECTOR('',#3854,1.);
#3854 = DIRECTION('',(1.,0.,-0.));
#3855 = PCURVE('',#2180,#3856);
#3856 = DEFINITIONAL_REPRESENTATION('',(#3857),#3861);
#3857 = LINE('',#3858,#3859);
#3858 = CARTESIAN_POINT('',(0.,8.));
#3859 = VECTOR('',#3860,1.);
#3860 = DIRECTION('',(1.,0.));
#3861 = ( GEOMETRIC_REPRESENTATION_CONTEXT(2) 
PARAMETRIC_REPRESENTATION_CONTEXT() REPRESENTATION_CONTEXT('2D SPACE',''
  ) );
#3862 = PCURVE('',#3863,#3868);
#3863 = PLANE('',#3864);
#3864 = AXIS2_PLACEMENT_3D('',#3865,#3866,#3867);
#3865 = CARTESIAN_POINT('',(-6.,197.,3.5));
#3866 = DIRECTION('',(-0.,1.,0.));
#3867 = DIRECTION('',(0.,0.,1.));
#3868 = DEFINITIONAL_REPRESENTATION('',(#3869),#3873);
#3869 = LINE('',#3870,#3871);
#3870 = CARTESIAN_POINT('',(7.1,0.));
#3871 = VECTOR('',#3872,1.);
#3872 = DIRECTION('',(0.,1.));
#3873 = ( GEOMETRIC_REPRESENTATION_CONTEXT(2) 
PARAMETRIC_REPRESENTATION_CONTEXT() REPRESENTATION_CONTEXT('2D SPACE',''
  ) );
#3874 = ADVANCED_FACE('',(#3875),#2273,.T.);
#3875 = FACE_BOUND('',#3876,.T.);
#3876 = EDGE_LOOP('',(#3877,#3900,#3928,#3956,#3984,#4005,#4006));
#3877 = ORIENTED_EDGE('',*,*,#3878,.F.);
#3878 = EDGE_CURVE('',#3879,#2225,#3881,.T.);
#3879 = VERTEX_POINT('',#3880);
#3880 = CARTESIAN_POINT('',(6.,189.,3.5));
#3881 = SURFACE_CURVE('',#3882,(#3886,#3893),.PCURVE_S1.);
#3882 = LINE('',#3883,#3884);
#3883 = CARTESIAN_POINT('',(6.,189.,3.5));
#3884 = VECTOR('',#3885,1.);
#3885 = DIRECTION('',(0.,0.,1.));
#3886 = PCURVE('',#2273,#3887);
#3887 = DEFINITIONAL_REPRESENTATION('',(#3888),#3892);
#3888 = LINE('',#3889,#3890);
#3889 = CARTESIAN_POINT('',(0.,0.));
#3890 = VECTOR('',#3891,1.);
#3891 = DIRECTION('',(1.,0.));
#3892 = ( GEOMETRIC_REPRESENTATION_CONTEXT(2) 
PARAMETRIC_REPRESENTATION_CONTEXT() REPRESENTATION_CONTEXT('2D SPACE',''
  ) );
#3893 = PCURVE('',#2241,#3894);
#3894 = DEFINITIONAL_REPRESENTATION('',(#3895),#3899);
#3895 = LINE('',#3896,#3897);
#3896 = CARTESIAN_POINT('',(0.,12.));
#3897 = VECTOR('',#3898,1.);
#3898 = DIRECTION('',(1.,0.));
#3899 = ( GEOMETRIC_REPRESENTATION_CONTEXT(2) 
PARAMETRIC_REPRESENTATION_CONTEXT() REPRESENTATION_CONTEXT('2D SPACE',''
  ) );
#3900 = ORIENTED_EDGE('',*,*,#3901,.T.);
#3901 = EDGE_CURVE('',#3879,#3902,#3904,.T.);
#3902 = VERTEX_POINT('',#3903);
#3903 = CARTESIAN_POINT('',(6.,209.,3.5));
#3904 = SURFACE_CURVE('',#3905,(#3909,#3916),.PCURVE_S1.);
#3905 = LINE('',#3906,#3907);
#3906 = CARTESIAN_POINT('',(6.,189.,3.5));
#3907 = VECTOR('',#3908,1.);
#3908 = DIRECTION('',(0.,1.,0.));
#3909 = PCURVE('',#2273,#3910);
#3910 = DEFINITIONAL_REPRESENTATION('',(#3911),#3915);
#3911 = LINE('',#3912,#3913);
#3912 = CARTESIAN_POINT('',(0.,0.));
#3913 = VECTOR('',#3914,1.);
#3914 = DIRECTION('',(0.,-1.));
#3915 = ( GEOMETRIC_REPRESENTATION_CONTEXT(2) 
PARAMETRIC_REPRESENTATION_CONTEXT() REPRESENTATION_CONTEXT('2D SPACE',''
  ) );
#3916 = PCURVE('',#3917,#3922);
#3917 = PLANE('',#3918);
#3918 = AXIS2_PLACEMENT_3D('',#3919,#3920,#3921);
#3919 = CARTESIAN_POINT('',(-6.,189.,3.5));
#3920 = DIRECTION('',(0.,0.,1.));
#3921 = DIRECTION('',(1.,0.,-0.));
#3922 = DEFINITIONAL_REPRESENTATION('',(#3923),#3927);
#3923 = LINE('',#3924,#3925);
#3924 = CARTESIAN_POINT('',(12.,0.));
#3925 = VECTOR('',#3926,1.);
#3926 = DIRECTION('',(0.,1.));
#3927 = ( GEOMETRIC_REPRESENTATION_CONTEXT(2) 
PARAMETRIC_REPRESENTATION_CONTEXT() REPRESENTATION_CONTEXT('2D SPACE',''
  ) );
#3928 = ORIENTED_EDGE('',*,*,#3929,.T.);
#3929 = EDGE_CURVE('',#3902,#3930,#3932,.T.);
#3930 = VERTEX_POINT('',#3931);
#3931 = CARTESIAN_POINT('',(6.,209.,7.5));
#3932 = SURFACE_CURVE('',#3933,(#3937,#3944),.PCURVE_S1.);
#3933 = LINE('',#3934,#3935);
#3934 = CARTESIAN_POINT('',(6.,209.,3.5));
#3935 = VECTOR('',#3936,1.);
#3936 = DIRECTION('',(0.,0.,1.));
#3937 = PCURVE('',#2273,#3938);
#3938 = DEFINITIONAL_REPRESENTATION('',(#3939),#3943);
#3939 = LINE('',#3940,#3941);
#3940 = CARTESIAN_POINT('',(0.,-20.));
#3941 = VECTOR('',#3942,1.);
#3942 = DIRECTION('',(1.,0.));
#3943 = ( GEOMETRIC_REPRESENTATION_CONTEXT(2) 
PARAMETRIC_REPRESENTATION_CONTEXT() REPRESENTATION_CONTEXT('2D SPACE',''
  ) );
#3944 = PCURVE('',#3945,#3950);
#3945 = PLANE('',#3946);
#3946 = AXIS2_PLACEMENT_3D('',#3947,#3948,#3949);
#3947 = CARTESIAN_POINT('',(-6.,209.,3.5));
#3948 = DIRECTION('',(-0.,1.,0.));
#3949 = DIRECTION('',(0.,0.,1.));
#3950 = DEFINITIONAL_REPRESENTATION('',(#3951),#3955);
#3951 = LINE('',#3952,#3953);
#3952 = CARTESIAN_POINT('',(0.,12.));
#3953 = VECTOR('',#3954,1.);
#3954 = DIRECTION('',(1.,0.));
#3955 = ( GEOMETRIC_REPRESENTATION_CONTEXT(2) 
PARAMETRIC_REPRESENTATION_CONTEXT() REPRESENTATION_CONTEXT('2D SPACE',''
  ) );
#3956 = ORIENTED_EDGE('',*,*,#3957,.F.);
#3957 = EDGE_CURVE('',#3958,#3930,#3960,.T.);
#3958 = VERTEX_POINT('',#3959);
#3959 = CARTESIAN_POINT('',(6.,197.,7.5));
#3960 = SURFACE_CURVE('',#3961,(#3965,#3972),.PCURVE_S1.);
#3961 = LINE('',#3962,#3963);
#3962 = CARTESIAN_POINT('',(6.,195.5,7.5));
#3963 = VECTOR('',#3964,1.);
#3964 = DIRECTION('',(-0.,1.,0.));
#3965 = PCURVE('',#2273,#3966);
#3966 = DEFINITIONAL_REPRESENTATION('',(#3967),#3971);
#3967 = LINE('',#3968,#3969);
#3968 = CARTESIAN_POINT('',(4.,-6.5));
#3969 = VECTOR('',#3970,1.);
#3970 = DIRECTION('',(0.,-1.));
#3971 = ( GEOMETRIC_REPRESENTATION_CONTEXT(2) 
PARAMETRIC_REPRESENTATION_CONTEXT() REPRESENTATION_CONTEXT('2D SPACE',''
  ) );
#3972 = PCURVE('',#3973,#3978);
#3973 = PLANE('',#3974);
#3974 = AXIS2_PLACEMENT_3D('',#3975,#3976,#3977);
#3975 = CARTESIAN_POINT('',(-6.,195.5,7.5));
#3976 = DIRECTION('',(0.,0.,1.));
#3977 = DIRECTION('',(1.,0.,-0.));
#3978 = DEFINITIONAL_REPRESENTATION('',(#3979),#3983);
#3979 = LINE('',#3980,#3981);
#3980 = CARTESIAN_POINT('',(12.,0.));
#3981 = VECTOR('',#3982,1.);
#3982 = DIRECTION('',(0.,1.));
#3983 = ( GEOMETRIC_REPRESENTATION_CONTEXT(2) 
PARAMETRIC_REPRESENTATION_CONTEXT() REPRESENTATION_CONTEXT('2D SPACE',''
  ) );
#3984 = ORIENTED_EDGE('',*,*,#3985,.T.);
#3985 = EDGE_CURVE('',#3958,#3827,#3986,.T.);
#3986 = SURFACE_CURVE('',#3987,(#3991,#3998),.PCURVE_S1.);
#3987 = LINE('',#3988,#3989);
#3988 = CARTESIAN_POINT('',(6.,197.,3.5));
#3989 = VECTOR('',#3990,1.);
#3990 = DIRECTION('',(0.,0.,1.));
#3991 = PCURVE('',#2273,#3992);
#3992 = DEFINITIONAL_REPRESENTATION('',(#3993),#3997);
#3993 = LINE('',#3994,#3995);
#3994 = CARTESIAN_POINT('',(0.,-8.));
#3995 = VECTOR('',#3996,1.);
#3996 = DIRECTION('',(1.,0.));
#3997 = ( GEOMETRIC_REPRESENTATION_CONTEXT(2) 
PARAMETRIC_REPRESENTATION_CONTEXT() REPRESENTATION_CONTEXT('2D SPACE',''
  ) );
#3998 = PCURVE('',#3863,#3999);
#3999 = DEFINITIONAL_REPRESENTATION('',(#4000),#4004);
#4000 = LINE('',#4001,#4002);
#4001 = CARTESIAN_POINT('',(0.,12.));
#4002 = VECTOR('',#4003,1.);
#4003 = DIRECTION('',(1.,0.));
#4004 = ( GEOMETRIC_REPRESENTATION_CONTEXT(2) 
PARAMETRIC_REPRESENTATION_CONTEXT() REPRESENTATION_CONTEXT('2D SPACE',''
  ) );
#4005 = ORIENTED_EDGE('',*,*,#3826,.F.);
#4006 = ORIENTED_EDGE('',*,*,#2253,.T.);
#4007 = ADVANCED_FACE('',(#4008),#2241,.F.);
#4008 = FACE_BOUND('',#4009,.F.);
#4009 = EDGE_LOOP('',(#4010,#4011,#4034,#4055));
#4010 = ORIENTED_EDGE('',*,*,#3878,.F.);
#4011 = ORIENTED_EDGE('',*,*,#4012,.F.);
#4012 = EDGE_CURVE('',#4013,#3879,#4015,.T.);
#4013 = VERTEX_POINT('',#4014);
#4014 = CARTESIAN_POINT('',(-6.,189.,3.5));
#4015 = SURFACE_CURVE('',#4016,(#4020,#4027),.PCURVE_S1.);
#4016 = LINE('',#4017,#4018);
#4017 = CARTESIAN_POINT('',(-6.,189.,3.5));
#4018 = VECTOR('',#4019,1.);
#4019 = DIRECTION('',(1.,0.,-0.));
#4020 = PCURVE('',#2241,#4021);
#4021 = DEFINITIONAL_REPRESENTATION('',(#4022),#4026);
#4022 = LINE('',#4023,#4024);
#4023 = CARTESIAN_POINT('',(0.,0.));
#4024 = VECTOR('',#4025,1.);
#4025 = DIRECTION('',(0.,1.));
#4026 = ( GEOMETRIC_REPRESENTATION_CONTEXT(2) 
PARAMETRIC_REPRESENTATION_CONTEXT() REPRESENTATION_CONTEXT('2D SPACE',''
  ) );
#4027 = PCURVE('',#3917,#4028);
#4028 = DEFINITIONAL_REPRESENTATION('',(#4029),#4033);
#4029 = LINE('',#4030,#4031);
#4030 = CARTESIAN_POINT('',(0.,0.));
#4031 = VECTOR('',#4032,1.);
#4032 = DIRECTION('',(1.,0.));
#4033 = ( GEOMETRIC_REPRESENTATION_CONTEXT(2) 
PARAMETRIC_REPRESENTATION_CONTEXT() REPRESENTATION_CONTEXT('2D SPACE',''
  ) );
#4034 = ORIENTED_EDGE('',*,*,#4035,.T.);
#4035 = EDGE_CURVE('',#4013,#2193,#4036,.T.);
#4036 = SURFACE_CURVE('',#4037,(#4041,#4048),.PCURVE_S1.);
#4037 = LINE('',#4038,#4039);
#4038 = CARTESIAN_POINT('',(-6.,189.,3.5));
#4039 = VECTOR('',#4040,1.);
#4040 = DIRECTION('',(0.,0.,1.));
#4041 = PCURVE('',#2241,#4042);
#4042 = DEFINITIONAL_REPRESENTATION('',(#4043),#4047);
#4043 = LINE('',#4044,#4045);
#4044 = CARTESIAN_POINT('',(0.,0.));
#4045 = VECTOR('',#4046,1.);
#4046 = DIRECTION('',(1.,0.));
#4047 = ( GEOMETRIC_REPRESENTATION_CONTEXT(2) 
PARAMETRIC_REPRESENTATION_CONTEXT() REPRESENTATION_CONTEXT('2D SPACE',''
  ) );
#4048 = PCURVE('',#2212,#4049);
#4049 = DEFINITIONAL_REPRESENTATION('',(#4050),#4054);
#4050 = LINE('',#4051,#4052);
#4051 = CARTESIAN_POINT('',(0.,0.));
#4052 = VECTOR('',#4053,1.);
#4053 = DIRECTION('',(1.,0.));
#4054 = ( GEOMETRIC_REPRESENTATION_CONTEXT(2) 
PARAMETRIC_REPRESENTATION_CONTEXT() REPRESENTATION_CONTEXT('2D SPACE',''
  ) );
#4055 = ORIENTED_EDGE('',*,*,#2224,.F.);
#4056 = ADVANCED_FACE('',(#4057),#2212,.F.);
#4057 = FACE_BOUND('',#4058,.F.);
#4058 = EDGE_LOOP('',(#4059,#4060,#4083,#4106,#4129,#4150,#4151));
#4059 = ORIENTED_EDGE('',*,*,#4035,.F.);
#4060 = ORIENTED_EDGE('',*,*,#4061,.F.);
#4061 = EDGE_CURVE('',#4062,#4013,#4064,.T.);
#4062 = VERTEX_POINT('',#4063);
#4063 = CARTESIAN_POINT('',(-6.,209.,3.5));
#4064 = SURFACE_CURVE('',#4065,(#4069,#4076),.PCURVE_S1.);
#4065 = LINE('',#4066,#4067);
#4066 = CARTESIAN_POINT('',(-6.,209.,3.5));
#4067 = VECTOR('',#4068,1.);
#4068 = DIRECTION('',(0.,-1.,0.));
#4069 = PCURVE('',#2212,#4070);
#4070 = DEFINITIONAL_REPRESENTATION('',(#4071),#4075);
#4071 = LINE('',#4072,#4073);
#4072 = CARTESIAN_POINT('',(0.,-20.));
#4073 = VECTOR('',#4074,1.);
#4074 = DIRECTION('',(0.,1.));
#4075 = ( GEOMETRIC_REPRESENTATION_CONTEXT(2) 
PARAMETRIC_REPRESENTATION_CONTEXT() REPRESENTATION_CONTEXT('2D SPACE',''
  ) );
#4076 = PCURVE('',#3917,#4077);
#4077 = DEFINITIONAL_REPRESENTATION('',(#4078),#4082);
#4078 = LINE('',#4079,#4080);
#4079 = CARTESIAN_POINT('',(0.,20.));
#4080 = VECTOR('',#4081,1.);
#4081 = DIRECTION('',(0.,-1.));
#4082 = ( GEOMETRIC_REPRESENTATION_CONTEXT(2) 
PARAMETRIC_REPRESENTATION_CONTEXT() REPRESENTATION_CONTEXT('2D SPACE',''
  ) );
#4083 = ORIENTED_EDGE('',*,*,#4084,.T.);
#4084 = EDGE_CURVE('',#4062,#4085,#4087,.T.);
#4085 = VERTEX_POINT('',#4086);
#4086 = CARTESIAN_POINT('',(-6.,209.,7.5));
#4087 = SURFACE_CURVE('',#4088,(#4092,#4099),.PCURVE_S1.);
#4088 = LINE('',#4089,#4090);
#4089 = CARTESIAN_POINT('',(-6.,209.,3.5));
#4090 = VECTOR('',#4091,1.);
#4091 = DIRECTION('',(0.,0.,1.));
#4092 = PCURVE('',#2212,#4093);
#4093 = DEFINITIONAL_REPRESENTATION('',(#4094),#4098);
#4094 = LINE('',#4095,#4096);
#4095 = CARTESIAN_POINT('',(0.,-20.));
#4096 = VECTOR('',#4097,1.);
#4097 = DIRECTION('',(1.,0.));
#4098 = ( GEOMETRIC_REPRESENTATION_CONTEXT(2) 
PARAMETRIC_REPRESENTATION_CONTEXT() REPRESENTATION_CONTEXT('2D SPACE',''
  ) );
#4099 = PCURVE('',#3945,#4100);
#4100 = DEFINITIONAL_REPRESENTATION('',(#4101),#4105);
#4101 = LINE('',#4102,#4103);
#4102 = CARTESIAN_POINT('',(0.,0.));
#4103 = VECTOR('',#4104,1.);
#4104 = DIRECTION('',(1.,0.));
#4105 = ( GEOMETRIC_REPRESENTATION_CONTEXT(2) 
PARAMETRIC_REPRESENTATION_CONTEXT() REPRESENTATION_CONTEXT('2D SPACE',''
  ) );
#4106 = ORIENTED_EDGE('',*,*,#4107,.F.);
#4107 = EDGE_CURVE('',#4108,#4085,#4110,.T.);
#4108 = VERTEX_POINT('',#4109);
#4109 = CARTESIAN_POINT('',(-6.,197.,7.5));
#4110 = SURFACE_CURVE('',#4111,(#4115,#4122),.PCURVE_S1.);
#4111 = LINE('',#4112,#4113);
#4112 = CARTESIAN_POINT('',(-6.,195.5,7.5));
#4113 = VECTOR('',#4114,1.);
#4114 = DIRECTION('',(-0.,1.,0.));
#4115 = PCURVE('',#2212,#4116);
#4116 = DEFINITIONAL_REPRESENTATION('',(#4117),#4121);
#4117 = LINE('',#4118,#4119);
#4118 = CARTESIAN_POINT('',(4.,-6.5));
#4119 = VECTOR('',#4120,1.);
#4120 = DIRECTION('',(0.,-1.));
#4121 = ( GEOMETRIC_REPRESENTATION_CONTEXT(2) 
PARAMETRIC_REPRESENTATION_CONTEXT() REPRESENTATION_CONTEXT('2D SPACE',''
  ) );
#4122 = PCURVE('',#3973,#4123);
#4123 = DEFINITIONAL_REPRESENTATION('',(#4124),#4128);
#4124 = LINE('',#4125,#4126);
#4125 = CARTESIAN_POINT('',(0.,0.));
#4126 = VECTOR('',#4127,1.);
#4127 = DIRECTION('',(0.,1.));
#4128 = ( GEOMETRIC_REPRESENTATION_CONTEXT(2) 
PARAMETRIC_REPRESENTATION_CONTEXT() REPRESENTATION_CONTEXT('2D SPACE',''
  ) );
#4129 = ORIENTED_EDGE('',*,*,#4130,.T.);
#4130 = EDGE_CURVE('',#4108,#3801,#4131,.T.);
#4131 = SURFACE_CURVE('',#4132,(#4136,#4143),.PCURVE_S1.);
#4132 = LINE('',#4133,#4134);
#4133 = CARTESIAN_POINT('',(-6.,197.,3.5));
#4134 = VECTOR('',#4135,1.);
#4135 = DIRECTION('',(0.,0.,1.));
#4136 = PCURVE('',#2212,#4137);
#4137 = DEFINITIONAL_REPRESENTATION('',(#4138),#4142);
#4138 = LINE('',#4139,#4140);
#4139 = CARTESIAN_POINT('',(0.,-8.));
#4140 = VECTOR('',#4141,1.);
#4141 = DIRECTION('',(1.,0.));
#4142 = ( GEOMETRIC_REPRESENTATION_CONTEXT(2) 
PARAMETRIC_REPRESENTATION_CONTEXT() REPRESENTATION_CONTEXT('2D SPACE',''
  ) );
#4143 = PCURVE('',#3863,#4144);
#4144 = DEFINITIONAL_REPRESENTATION('',(#4145),#4149);
#4145 = LINE('',#4146,#4147);
#4146 = CARTESIAN_POINT('',(0.,0.));
#4147 = VECTOR('',#4148,1.);
#4148 = DIRECTION('',(1.,0.));
#4149 = ( GEOMETRIC_REPRESENTATION_CONTEXT(2) 
PARAMETRIC_REPRESENTATION_CONTEXT() REPRESENTATION_CONTEXT('2D SPACE',''
  ) );
#4150 = ORIENTED_EDGE('',*,*,#3800,.F.);
#4151 = ORIENTED_EDGE('',*,*,#2192,.T.);
#4152 = ADVANCED_FACE('',(#4153),#2004,.F.);
#4153 = FACE_BOUND('',#4154,.F.);
#4154 = EDGE_LOOP('',(#4155,#4178,#4179,#4180,#4181,#4204));
#4155 = ORIENTED_EDGE('',*,*,#4156,.F.);
#4156 = EDGE_CURVE('',#2078,#4157,#4159,.T.);
#4157 = VERTEX_POINT('',#4158);
#4158 = CARTESIAN_POINT('',(-6.,197.,33.4));
#4159 = SURFACE_CURVE('',#4160,(#4164,#4171),.PCURVE_S1.);
#4160 = LINE('',#4161,#4162);
#4161 = CARTESIAN_POINT('',(-6.,189.,33.4));
#4162 = VECTOR('',#4163,1.);
#4163 = DIRECTION('',(-0.,1.,0.));
#4164 = PCURVE('',#2004,#4165);
#4165 = DEFINITIONAL_REPRESENTATION('',(#4166),#4170);
#4166 = LINE('',#4167,#4168);
#4167 = CARTESIAN_POINT('',(0.,0.));
#4168 = VECTOR('',#4169,1.);
#4169 = DIRECTION('',(0.,1.));
#4170 = ( GEOMETRIC_REPRESENTATION_CONTEXT(2) 
PARAMETRIC_REPRESENTATION_CONTEXT() REPRESENTATION_CONTEXT('2D SPACE',''
  ) );
#4171 = PCURVE('',#2097,#4172);
#4172 = DEFINITIONAL_REPRESENTATION('',(#4173),#4177);
#4173 = LINE('',#4174,#4175);
#4174 = CARTESIAN_POINT('',(0.,0.));
#4175 = VECTOR('',#4176,1.);
#4176 = DIRECTION('',(0.,-1.));
#4177 = ( GEOMETRIC_REPRESENTATION_CONTEXT(2) 
PARAMETRIC_REPRESENTATION_CONTEXT() REPRESENTATION_CONTEXT('2D SPACE',''
  ) );
#4178 = ORIENTED_EDGE('',*,*,#2109,.T.);
#4179 = ORIENTED_EDGE('',*,*,#3750,.T.);
#4180 = ORIENTED_EDGE('',*,*,#1984,.T.);
#4181 = ORIENTED_EDGE('',*,*,#4182,.T.);
#4182 = EDGE_CURVE('',#1985,#4183,#4185,.T.);
#4183 = VERTEX_POINT('',#4184);
#4184 = CARTESIAN_POINT('',(6.,197.,33.4));
#4185 = SURFACE_CURVE('',#4186,(#4190,#4197),.PCURVE_S1.);
#4186 = LINE('',#4187,#4188);
#4187 = CARTESIAN_POINT('',(6.,189.,33.4));
#4188 = VECTOR('',#4189,1.);
#4189 = DIRECTION('',(-0.,1.,0.));
#4190 = PCURVE('',#2004,#4191);
#4191 = DEFINITIONAL_REPRESENTATION('',(#4192),#4196);
#4192 = LINE('',#4193,#4194);
#4193 = CARTESIAN_POINT('',(12.,0.));
#4194 = VECTOR('',#4195,1.);
#4195 = DIRECTION('',(0.,1.));
#4196 = ( GEOMETRIC_REPRESENTATION_CONTEXT(2) 
PARAMETRIC_REPRESENTATION_CONTEXT() REPRESENTATION_CONTEXT('2D SPACE',''
  ) );
#4197 = PCURVE('',#2036,#4198);
#4198 = DEFINITIONAL_REPRESENTATION('',(#4199),#4203);
#4199 = LINE('',#4200,#4201);
#4200 = CARTESIAN_POINT('',(0.,0.));
#4201 = VECTOR('',#4202,1.);
#4202 = DIRECTION('',(0.,-1.));
#4203 = ( GEOMETRIC_REPRESENTATION_CONTEXT(2) 
PARAMETRIC_REPRESENTATION_CONTEXT() REPRESENTATION_CONTEXT('2D SPACE',''
  ) );
#4204 = ORIENTED_EDGE('',*,*,#4205,.F.);
#4205 = EDGE_CURVE('',#4157,#4183,#4206,.T.);
#4206 = SURFACE_CURVE('',#4207,(#4211,#4218),.PCURVE_S1.);
#4207 = LINE('',#4208,#4209);
#4208 = CARTESIAN_POINT('',(-6.,197.,33.4));
#4209 = VECTOR('',#4210,1.);
#4210 = DIRECTION('',(1.,0.,-0.));
#4211 = PCURVE('',#2004,#4212);
#4212 = DEFINITIONAL_REPRESENTATION('',(#4213),#4217);
#4213 = LINE('',#4214,#4215);
#4214 = CARTESIAN_POINT('',(0.,8.));
#4215 = VECTOR('',#4216,1.);
#4216 = DIRECTION('',(1.,0.));
#4217 = ( GEOMETRIC_REPRESENTATION_CONTEXT(2) 
PARAMETRIC_REPRESENTATION_CONTEXT() REPRESENTATION_CONTEXT('2D SPACE',''
  ) );
#4218 = PCURVE('',#4219,#4224);
#4219 = PLANE('',#4220);
#4220 = AXIS2_PLACEMENT_3D('',#4221,#4222,#4223);
#4221 = CARTESIAN_POINT('',(-6.,197.,33.4));
#4222 = DIRECTION('',(-0.,1.,0.));
#4223 = DIRECTION('',(0.,0.,1.));
#4224 = DEFINITIONAL_REPRESENTATION('',(#4225),#4229);
#4225 = LINE('',#4226,#4227);
#4226 = CARTESIAN_POINT('',(0.,0.));
#4227 = VECTOR('',#4228,1.);
#4228 = DIRECTION('',(0.,1.));
#4229 = ( GEOMETRIC_REPRESENTATION_CONTEXT(2) 
PARAMETRIC_REPRESENTATION_CONTEXT() REPRESENTATION_CONTEXT('2D SPACE',''
  ) );
#4230 = ADVANCED_FACE('',(#4231),#2097,.F.);
#4231 = FACE_BOUND('',#4232,.F.);
#4232 = EDGE_LOOP('',(#4233,#4256,#4257,#4258,#4281,#4309,#4337));
#4233 = ORIENTED_EDGE('',*,*,#4234,.F.);
#4234 = EDGE_CURVE('',#2049,#4235,#4237,.T.);
#4235 = VERTEX_POINT('',#4236);
#4236 = CARTESIAN_POINT('',(-6.,189.,40.5));
#4237 = SURFACE_CURVE('',#4238,(#4242,#4249),.PCURVE_S1.);
#4238 = LINE('',#4239,#4240);
#4239 = CARTESIAN_POINT('',(-6.,189.,33.4));
#4240 = VECTOR('',#4241,1.);
#4241 = DIRECTION('',(0.,0.,1.));
#4242 = PCURVE('',#2097,#4243);
#4243 = DEFINITIONAL_REPRESENTATION('',(#4244),#4248);
#4244 = LINE('',#4245,#4246);
#4245 = CARTESIAN_POINT('',(0.,0.));
#4246 = VECTOR('',#4247,1.);
#4247 = DIRECTION('',(1.,0.));
#4248 = ( GEOMETRIC_REPRESENTATION_CONTEXT(2) 
PARAMETRIC_REPRESENTATION_CONTEXT() REPRESENTATION_CONTEXT('2D SPACE',''
  ) );
#4249 = PCURVE('',#2065,#4250);
#4250 = DEFINITIONAL_REPRESENTATION('',(#4251),#4255);
#4251 = LINE('',#4252,#4253);
#4252 = CARTESIAN_POINT('',(0.,0.));
#4253 = VECTOR('',#4254,1.);
#4254 = DIRECTION('',(1.,0.));
#4255 = ( GEOMETRIC_REPRESENTATION_CONTEXT(2) 
PARAMETRIC_REPRESENTATION_CONTEXT() REPRESENTATION_CONTEXT('2D SPACE',''
  ) );
#4256 = ORIENTED_EDGE('',*,*,#2077,.T.);
#4257 = ORIENTED_EDGE('',*,*,#4156,.T.);
#4258 = ORIENTED_EDGE('',*,*,#4259,.T.);
#4259 = EDGE_CURVE('',#4157,#4260,#4262,.T.);
#4260 = VERTEX_POINT('',#4261);
#4261 = CARTESIAN_POINT('',(-6.,197.,36.5));
#4262 = SURFACE_CURVE('',#4263,(#4267,#4274),.PCURVE_S1.);
#4263 = LINE('',#4264,#4265);
#4264 = CARTESIAN_POINT('',(-6.,197.,33.4));
#4265 = VECTOR('',#4266,1.);
#4266 = DIRECTION('',(0.,0.,1.));
#4267 = PCURVE('',#2097,#4268);
#4268 = DEFINITIONAL_REPRESENTATION('',(#4269),#4273);
#4269 = LINE('',#4270,#4271);
#4270 = CARTESIAN_POINT('',(0.,-8.));
#4271 = VECTOR('',#4272,1.);
#4272 = DIRECTION('',(1.,0.));
#4273 = ( GEOMETRIC_REPRESENTATION_CONTEXT(2) 
PARAMETRIC_REPRESENTATION_CONTEXT() REPRESENTATION_CONTEXT('2D SPACE',''
  ) );
#4274 = PCURVE('',#4219,#4275);
#4275 = DEFINITIONAL_REPRESENTATION('',(#4276),#4280);
#4276 = LINE('',#4277,#4278);
#4277 = CARTESIAN_POINT('',(0.,0.));
#4278 = VECTOR('',#4279,1.);
#4279 = DIRECTION('',(1.,0.));
#4280 = ( GEOMETRIC_REPRESENTATION_CONTEXT(2) 
PARAMETRIC_REPRESENTATION_CONTEXT() REPRESENTATION_CONTEXT('2D SPACE',''
  ) );
#4281 = ORIENTED_EDGE('',*,*,#4282,.T.);
#4282 = EDGE_CURVE('',#4260,#4283,#4285,.T.);
#4283 = VERTEX_POINT('',#4284);
#4284 = CARTESIAN_POINT('',(-6.,209.,36.5));
#4285 = SURFACE_CURVE('',#4286,(#4290,#4297),.PCURVE_S1.);
#4286 = LINE('',#4287,#4288);
#4287 = CARTESIAN_POINT('',(-6.,195.5,36.5));
#4288 = VECTOR('',#4289,1.);
#4289 = DIRECTION('',(-0.,1.,0.));
#4290 = PCURVE('',#2097,#4291);
#4291 = DEFINITIONAL_REPRESENTATION('',(#4292),#4296);
#4292 = LINE('',#4293,#4294);
#4293 = CARTESIAN_POINT('',(3.1,-6.5));
#4294 = VECTOR('',#4295,1.);
#4295 = DIRECTION('',(0.,-1.));
#4296 = ( GEOMETRIC_REPRESENTATION_CONTEXT(2) 
PARAMETRIC_REPRESENTATION_CONTEXT() REPRESENTATION_CONTEXT('2D SPACE',''
  ) );
#4297 = PCURVE('',#4298,#4303);
#4298 = PLANE('',#4299);
#4299 = AXIS2_PLACEMENT_3D('',#4300,#4301,#4302);
#4300 = CARTESIAN_POINT('',(-6.,195.5,36.5));
#4301 = DIRECTION('',(0.,0.,1.));
#4302 = DIRECTION('',(1.,0.,-0.));
#4303 = DEFINITIONAL_REPRESENTATION('',(#4304),#4308);
#4304 = LINE('',#4305,#4306);
#4305 = CARTESIAN_POINT('',(0.,0.));
#4306 = VECTOR('',#4307,1.);
#4307 = DIRECTION('',(0.,1.));
#4308 = ( GEOMETRIC_REPRESENTATION_CONTEXT(2) 
PARAMETRIC_REPRESENTATION_CONTEXT() REPRESENTATION_CONTEXT('2D SPACE',''
  ) );
#4309 = ORIENTED_EDGE('',*,*,#4310,.T.);
#4310 = EDGE_CURVE('',#4283,#4311,#4313,.T.);
#4311 = VERTEX_POINT('',#4312);
#4312 = CARTESIAN_POINT('',(-6.,209.,40.5));
#4313 = SURFACE_CURVE('',#4314,(#4318,#4325),.PCURVE_S1.);
#4314 = LINE('',#4315,#4316);
#4315 = CARTESIAN_POINT('',(-6.,209.,36.5));
#4316 = VECTOR('',#4317,1.);
#4317 = DIRECTION('',(0.,0.,1.));
#4318 = PCURVE('',#2097,#4319);
#4319 = DEFINITIONAL_REPRESENTATION('',(#4320),#4324);
#4320 = LINE('',#4321,#4322);
#4321 = CARTESIAN_POINT('',(3.1,-20.));
#4322 = VECTOR('',#4323,1.);
#4323 = DIRECTION('',(1.,0.));
#4324 = ( GEOMETRIC_REPRESENTATION_CONTEXT(2) 
PARAMETRIC_REPRESENTATION_CONTEXT() REPRESENTATION_CONTEXT('2D SPACE',''
  ) );
#4325 = PCURVE('',#4326,#4331);
#4326 = PLANE('',#4327);
#4327 = AXIS2_PLACEMENT_3D('',#4328,#4329,#4330);
#4328 = CARTESIAN_POINT('',(-6.,209.,36.5));
#4329 = DIRECTION('',(-0.,1.,0.));
#4330 = DIRECTION('',(0.,0.,1.));
#4331 = DEFINITIONAL_REPRESENTATION('',(#4332),#4336);
#4332 = LINE('',#4333,#4334);
#4333 = CARTESIAN_POINT('',(0.,0.));
#4334 = VECTOR('',#4335,1.);
#4335 = DIRECTION('',(1.,0.));
#4336 = ( GEOMETRIC_REPRESENTATION_CONTEXT(2) 
PARAMETRIC_REPRESENTATION_CONTEXT() REPRESENTATION_CONTEXT('2D SPACE',''
  ) );
#4337 = ORIENTED_EDGE('',*,*,#4338,.F.);
#4338 = EDGE_CURVE('',#4235,#4311,#4339,.T.);
#4339 = SURFACE_CURVE('',#4340,(#4344,#4351),.PCURVE_S1.);
#4340 = LINE('',#4341,#4342);
#4341 = CARTESIAN_POINT('',(-6.,189.,40.5));
#4342 = VECTOR('',#4343,1.);
#4343 = DIRECTION('',(0.,1.,0.));
#4344 = PCURVE('',#2097,#4345);
#4345 = DEFINITIONAL_REPRESENTATION('',(#4346),#4350);
#4346 = LINE('',#4347,#4348);
#4347 = CARTESIAN_POINT('',(7.1,0.));
#4348 = VECTOR('',#4349,1.);
#4349 = DIRECTION('',(0.,-1.));
#4350 = ( GEOMETRIC_REPRESENTATION_CONTEXT(2) 
PARAMETRIC_REPRESENTATION_CONTEXT() REPRESENTATION_CONTEXT('2D SPACE',''
  ) );
#4351 = PCURVE('',#4352,#4357);
#4352 = PLANE('',#4353);
#4353 = AXIS2_PLACEMENT_3D('',#4354,#4355,#4356);
#4354 = CARTESIAN_POINT('',(-6.,189.,40.5));
#4355 = DIRECTION('',(0.,0.,1.));
#4356 = DIRECTION('',(1.,0.,-0.));
#4357 = DEFINITIONAL_REPRESENTATION('',(#4358),#4362);
#4358 = LINE('',#4359,#4360);
#4359 = CARTESIAN_POINT('',(0.,0.));
#4360 = VECTOR('',#4361,1.);
#4361 = DIRECTION('',(0.,1.));
#4362 = ( GEOMETRIC_REPRESENTATION_CONTEXT(2) 
PARAMETRIC_REPRESENTATION_CONTEXT() REPRESENTATION_CONTEXT('2D SPACE',''
  ) );
#4363 = ADVANCED_FACE('',(#4364),#2065,.F.);
#4364 = FACE_BOUND('',#4365,.F.);
#4365 = EDGE_LOOP('',(#4366,#4389,#4390,#4391));
#4366 = ORIENTED_EDGE('',*,*,#4367,.F.);
#4367 = EDGE_CURVE('',#2017,#4368,#4370,.T.);
#4368 = VERTEX_POINT('',#4369);
#4369 = CARTESIAN_POINT('',(6.,189.,40.5));
#4370 = SURFACE_CURVE('',#4371,(#4375,#4382),.PCURVE_S1.);
#4371 = LINE('',#4372,#4373);
#4372 = CARTESIAN_POINT('',(6.,189.,33.4));
#4373 = VECTOR('',#4374,1.);
#4374 = DIRECTION('',(0.,0.,1.));
#4375 = PCURVE('',#2065,#4376);
#4376 = DEFINITIONAL_REPRESENTATION('',(#4377),#4381);
#4377 = LINE('',#4378,#4379);
#4378 = CARTESIAN_POINT('',(0.,12.));
#4379 = VECTOR('',#4380,1.);
#4380 = DIRECTION('',(1.,0.));
#4381 = ( GEOMETRIC_REPRESENTATION_CONTEXT(2) 
PARAMETRIC_REPRESENTATION_CONTEXT() REPRESENTATION_CONTEXT('2D SPACE',''
  ) );
#4382 = PCURVE('',#2036,#4383);
#4383 = DEFINITIONAL_REPRESENTATION('',(#4384),#4388);
#4384 = LINE('',#4385,#4386);
#4385 = CARTESIAN_POINT('',(0.,0.));
#4386 = VECTOR('',#4387,1.);
#4387 = DIRECTION('',(1.,0.));
#4388 = ( GEOMETRIC_REPRESENTATION_CONTEXT(2) 
PARAMETRIC_REPRESENTATION_CONTEXT() REPRESENTATION_CONTEXT('2D SPACE',''
  ) );
#4389 = ORIENTED_EDGE('',*,*,#2048,.F.);
#4390 = ORIENTED_EDGE('',*,*,#4234,.T.);
#4391 = ORIENTED_EDGE('',*,*,#4392,.T.);
#4392 = EDGE_CURVE('',#4235,#4368,#4393,.T.);
#4393 = SURFACE_CURVE('',#4394,(#4398,#4405),.PCURVE_S1.);
#4394 = LINE('',#4395,#4396);
#4395 = CARTESIAN_POINT('',(-6.,189.,40.5));
#4396 = VECTOR('',#4397,1.);
#4397 = DIRECTION('',(1.,0.,-0.));
#4398 = PCURVE('',#2065,#4399);
#4399 = DEFINITIONAL_REPRESENTATION('',(#4400),#4404);
#4400 = LINE('',#4401,#4402);
#4401 = CARTESIAN_POINT('',(7.1,0.));
#4402 = VECTOR('',#4403,1.);
#4403 = DIRECTION('',(0.,1.));
#4404 = ( GEOMETRIC_REPRESENTATION_CONTEXT(2) 
PARAMETRIC_REPRESENTATION_CONTEXT() REPRESENTATION_CONTEXT('2D SPACE',''
  ) );
#4405 = PCURVE('',#4352,#4406);
#4406 = DEFINITIONAL_REPRESENTATION('',(#4407),#4411);
#4407 = LINE('',#4408,#4409);
#4408 = CARTESIAN_POINT('',(0.,0.));
#4409 = VECTOR('',#4410,1.);
#4410 = DIRECTION('',(1.,0.));
#4411 = ( GEOMETRIC_REPRESENTATION_CONTEXT(2) 
PARAMETRIC_REPRESENTATION_CONTEXT() REPRESENTATION_CONTEXT('2D SPACE',''
  ) );
#4412 = ADVANCED_FACE('',(#4413),#2036,.T.);
#4413 = FACE_BOUND('',#4414,.T.);
#4414 = EDGE_LOOP('',(#4415,#4416,#4417,#4418,#4441,#4464,#4487));
#4415 = ORIENTED_EDGE('',*,*,#4367,.F.);
#4416 = ORIENTED_EDGE('',*,*,#2016,.T.);
#4417 = ORIENTED_EDGE('',*,*,#4182,.T.);
#4418 = ORIENTED_EDGE('',*,*,#4419,.T.);
#4419 = EDGE_CURVE('',#4183,#4420,#4422,.T.);
#4420 = VERTEX_POINT('',#4421);
#4421 = CARTESIAN_POINT('',(6.,197.,36.5));
#4422 = SURFACE_CURVE('',#4423,(#4427,#4434),.PCURVE_S1.);
#4423 = LINE('',#4424,#4425);
#4424 = CARTESIAN_POINT('',(6.,197.,33.4));
#4425 = VECTOR('',#4426,1.);
#4426 = DIRECTION('',(0.,0.,1.));
#4427 = PCURVE('',#2036,#4428);
#4428 = DEFINITIONAL_REPRESENTATION('',(#4429),#4433);
#4429 = LINE('',#4430,#4431);
#4430 = CARTESIAN_POINT('',(0.,-8.));
#4431 = VECTOR('',#4432,1.);
#4432 = DIRECTION('',(1.,0.));
#4433 = ( GEOMETRIC_REPRESENTATION_CONTEXT(2) 
PARAMETRIC_REPRESENTATION_CONTEXT() REPRESENTATION_CONTEXT('2D SPACE',''
  ) );
#4434 = PCURVE('',#4219,#4435);
#4435 = DEFINITIONAL_REPRESENTATION('',(#4436),#4440);
#4436 = LINE('',#4437,#4438);
#4437 = CARTESIAN_POINT('',(0.,12.));
#4438 = VECTOR('',#4439,1.);
#4439 = DIRECTION('',(1.,0.));
#4440 = ( GEOMETRIC_REPRESENTATION_CONTEXT(2) 
PARAMETRIC_REPRESENTATION_CONTEXT() REPRESENTATION_CONTEXT('2D SPACE',''
  ) );
#4441 = ORIENTED_EDGE('',*,*,#4442,.T.);
#4442 = EDGE_CURVE('',#4420,#4443,#4445,.T.);
#4443 = VERTEX_POINT('',#4444);
#4444 = CARTESIAN_POINT('',(6.,209.,36.5));
#4445 = SURFACE_CURVE('',#4446,(#4450,#4457),.PCURVE_S1.);
#4446 = LINE('',#4447,#4448);
#4447 = CARTESIAN_POINT('',(6.,195.5,36.5));
#4448 = VECTOR('',#4449,1.);
#4449 = DIRECTION('',(-0.,1.,0.));
#4450 = PCURVE('',#2036,#4451);
#4451 = DEFINITIONAL_REPRESENTATION('',(#4452),#4456);
#4452 = LINE('',#4453,#4454);
#4453 = CARTESIAN_POINT('',(3.1,-6.5));
#4454 = VECTOR('',#4455,1.);
#4455 = DIRECTION('',(0.,-1.));
#4456 = ( GEOMETRIC_REPRESENTATION_CONTEXT(2) 
PARAMETRIC_REPRESENTATION_CONTEXT() REPRESENTATION_CONTEXT('2D SPACE',''
  ) );
#4457 = PCURVE('',#4298,#4458);
#4458 = DEFINITIONAL_REPRESENTATION('',(#4459),#4463);
#4459 = LINE('',#4460,#4461);
#4460 = CARTESIAN_POINT('',(12.,0.));
#4461 = VECTOR('',#4462,1.);
#4462 = DIRECTION('',(0.,1.));
#4463 = ( GEOMETRIC_REPRESENTATION_CONTEXT(2) 
PARAMETRIC_REPRESENTATION_CONTEXT() REPRESENTATION_CONTEXT('2D SPACE',''
  ) );
#4464 = ORIENTED_EDGE('',*,*,#4465,.T.);
#4465 = EDGE_CURVE('',#4443,#4466,#4468,.T.);
#4466 = VERTEX_POINT('',#4467);
#4467 = CARTESIAN_POINT('',(6.,209.,40.5));
#4468 = SURFACE_CURVE('',#4469,(#4473,#4480),.PCURVE_S1.);
#4469 = LINE('',#4470,#4471);
#4470 = CARTESIAN_POINT('',(6.,209.,36.5));
#4471 = VECTOR('',#4472,1.);
#4472 = DIRECTION('',(0.,0.,1.));
#4473 = PCURVE('',#2036,#4474);
#4474 = DEFINITIONAL_REPRESENTATION('',(#4475),#4479);
#4475 = LINE('',#4476,#4477);
#4476 = CARTESIAN_POINT('',(3.1,-20.));
#4477 = VECTOR('',#4478,1.);
#4478 = DIRECTION('',(1.,0.));
#4479 = ( GEOMETRIC_REPRESENTATION_CONTEXT(2) 
PARAMETRIC_REPRESENTATION_CONTEXT() REPRESENTATION_CONTEXT('2D SPACE',''
  ) );
#4480 = PCURVE('',#4326,#4481);
#4481 = DEFINITIONAL_REPRESENTATION('',(#4482),#4486);
#4482 = LINE('',#4483,#4484);
#4483 = CARTESIAN_POINT('',(0.,12.));
#4484 = VECTOR('',#4485,1.);
#4485 = DIRECTION('',(1.,0.));
#4486 = ( GEOMETRIC_REPRESENTATION_CONTEXT(2) 
PARAMETRIC_REPRESENTATION_CONTEXT() REPRESENTATION_CONTEXT('2D SPACE',''
  ) );
#4487 = ORIENTED_EDGE('',*,*,#4488,.T.);
#4488 = EDGE_CURVE('',#4466,#4368,#4489,.T.);
#4489 = SURFACE_CURVE('',#4490,(#4494,#4501),.PCURVE_S1.);
#4490 = LINE('',#4491,#4492);
#4491 = CARTESIAN_POINT('',(6.,209.,40.5));
#4492 = VECTOR('',#4493,1.);
#4493 = DIRECTION('',(0.,-1.,0.));
#4494 = PCURVE('',#2036,#4495);
#4495 = DEFINITIONAL_REPRESENTATION('',(#4496),#4500);
#4496 = LINE('',#4497,#4498);
#4497 = CARTESIAN_POINT('',(7.1,-20.));
#4498 = VECTOR('',#4499,1.);
#4499 = DIRECTION('',(0.,1.));
#4500 = ( GEOMETRIC_REPRESENTATION_CONTEXT(2) 
PARAMETRIC_REPRESENTATION_CONTEXT() REPRESENTATION_CONTEXT('2D SPACE',''
  ) );
#4501 = PCURVE('',#4352,#4502);
#4502 = DEFINITIONAL_REPRESENTATION('',(#4503),#4507);
#4503 = LINE('',#4504,#4505);
#4504 = CARTESIAN_POINT('',(12.,20.));
#4505 = VECTOR('',#4506,1.);
#4506 = DIRECTION('',(0.,-1.));
#4507 = ( GEOMETRIC_REPRESENTATION_CONTEXT(2) 
PARAMETRIC_REPRESENTATION_CONTEXT() REPRESENTATION_CONTEXT('2D SPACE',''
  ) );
#4508 = ADVANCED_FACE('',(#4509),#2543,.F.);
#4509 = FACE_BOUND('',#4510,.F.);
#4510 = EDGE_LOOP('',(#4511,#4512,#4534));
#4511 = ORIENTED_EDGE('',*,*,#2521,.F.);
#4512 = ORIENTED_EDGE('',*,*,#4513,.T.);
#4513 = EDGE_CURVE('',#2522,#4514,#4516,.T.);
#4514 = VERTEX_POINT('',#4515);
#4515 = CARTESIAN_POINT('',(3.838783269938,181.,8.001094042517));
#4516 = SURFACE_CURVE('',#4517,(#4520,#4527),.PCURVE_S1.);
#4517 = B_SPLINE_CURVE_WITH_KNOTS('',1,(#4518,#4519),.UNSPECIFIED.,.F.,
  .F.,(2,2),(0.,1.),.PIECEWISE_BEZIER_KNOTS.);
#4518 = CARTESIAN_POINT('',(1.097136827017,166.5,7.525818994402));
#4519 = CARTESIAN_POINT('',(3.838783269938,181.,8.001094042517));
#4520 = PCURVE('',#2543,#4521);
#4521 = DEFINITIONAL_REPRESENTATION('',(#4522),#4526);
#4522 = LINE('',#4523,#4524);
#4523 = CARTESIAN_POINT('',(5.,0.));
#4524 = VECTOR('',#4525,1.);
#4525 = DIRECTION('',(0.,1.));
#4526 = ( GEOMETRIC_REPRESENTATION_CONTEXT(2) 
PARAMETRIC_REPRESENTATION_CONTEXT() REPRESENTATION_CONTEXT('2D SPACE',''
  ) );
#4527 = PCURVE('',#2595,#4528);
#4528 = DEFINITIONAL_REPRESENTATION('',(#4529),#4533);
#4529 = LINE('',#4530,#4531);
#4530 = CARTESIAN_POINT('',(-0.675,0.));
#4531 = VECTOR('',#4532,1.);
#4532 = DIRECTION('',(0.,1.));
#4533 = ( GEOMETRIC_REPRESENTATION_CONTEXT(2) 
PARAMETRIC_REPRESENTATION_CONTEXT() REPRESENTATION_CONTEXT('2D SPACE',''
  ) );
#4534 = ORIENTED_EDGE('',*,*,#4535,.F.);
#4535 = EDGE_CURVE('',#2524,#4514,#4536,.T.);
#4536 = SURFACE_CURVE('',#4537,(#4541,#4548),.PCURVE_S1.);
#4537 = LINE('',#4538,#4539);
#4538 = CARTESIAN_POINT('',(2.293698298063,181.,12.756376623993));
#4539 = VECTOR('',#4540,1.);
#4540 = DIRECTION('',(0.309016994375,0.,-0.951056516295));
#4541 = PCURVE('',#2543,#4542);
#4542 = DEFINITIONAL_REPRESENTATION('',(#4543),#4547);
#4543 = LINE('',#4544,#4545);
#4544 = CARTESIAN_POINT('',(0.,1.));
#4545 = VECTOR('',#4546,1.);
#4546 = DIRECTION('',(1.,0.));
#4547 = ( GEOMETRIC_REPRESENTATION_CONTEXT(2) 
PARAMETRIC_REPRESENTATION_CONTEXT() REPRESENTATION_CONTEXT('2D SPACE',''
  ) );
#4548 = PCURVE('',#2667,#4549);
#4549 = DEFINITIONAL_REPRESENTATION('',(#4550),#4554);
#4550 = LINE('',#4551,#4552);
#4551 = CARTESIAN_POINT('',(4.955050972314,-0.668931881262));
#4552 = VECTOR('',#4553,1.);
#4553 = DIRECTION('',(0.991010194463,-0.133786376252));
#4554 = ( GEOMETRIC_REPRESENTATION_CONTEXT(2) 
PARAMETRIC_REPRESENTATION_CONTEXT() REPRESENTATION_CONTEXT('2D SPACE',''
  ) );
#4555 = ADVANCED_FACE('',(#4556),#2595,.F.);
#4556 = FACE_BOUND('',#4557,.F.);
#4557 = EDGE_LOOP('',(#4558,#4559,#4560,#4582));
#4558 = ORIENTED_EDGE('',*,*,#4513,.F.);
#4559 = ORIENTED_EDGE('',*,*,#2557,.F.);
#4560 = ORIENTED_EDGE('',*,*,#4561,.T.);
#4561 = EDGE_CURVE('',#2558,#4562,#4564,.T.);
#4562 = VERTEX_POINT('',#4563);
#4563 = CARTESIAN_POINT('',(5.122709566936,181.,8.418266984923));
#4564 = SURFACE_CURVE('',#4565,(#4568,#4575),.PCURVE_S1.);
#4565 = B_SPLINE_CURVE_WITH_KNOTS('',1,(#4566,#4567),.UNSPECIFIED.,.F.,
  .F.,(2,2),(0.,1.),.PIECEWISE_BEZIER_KNOTS.);
#4566 = CARTESIAN_POINT('',(2.437074131733,166.5,7.690342607999));
#4567 = CARTESIAN_POINT('',(5.122709566936,181.,8.418266984923));
#4568 = PCURVE('',#2595,#4569);
#4569 = DEFINITIONAL_REPRESENTATION('',(#4570),#4574);
#4570 = LINE('',#4571,#4572);
#4571 = CARTESIAN_POINT('',(0.675,0.));
#4572 = VECTOR('',#4573,1.);
#4573 = DIRECTION('',(0.,1.));
#4574 = ( GEOMETRIC_REPRESENTATION_CONTEXT(2) 
PARAMETRIC_REPRESENTATION_CONTEXT() REPRESENTATION_CONTEXT('2D SPACE',''
  ) );
#4575 = PCURVE('',#2638,#4576);
#4576 = DEFINITIONAL_REPRESENTATION('',(#4577),#4581);
#4577 = LINE('',#4578,#4579);
#4578 = CARTESIAN_POINT('',(-5.,0.));
#4579 = VECTOR('',#4580,1.);
#4580 = DIRECTION('',(0.,1.));
#4581 = ( GEOMETRIC_REPRESENTATION_CONTEXT(2) 
PARAMETRIC_REPRESENTATION_CONTEXT() REPRESENTATION_CONTEXT('2D SPACE',''
  ) );
#4582 = ORIENTED_EDGE('',*,*,#4583,.F.);
#4583 = EDGE_CURVE('',#4514,#4562,#4584,.T.);
#4584 = SURFACE_CURVE('',#4585,(#4589,#4596),.PCURVE_S1.);
#4585 = LINE('',#4586,#4587);
#4586 = CARTESIAN_POINT('',(4.480746418437,181.,8.20968051372));
#4587 = VECTOR('',#4588,1.);
#4588 = DIRECTION('',(0.951056516295,1.110223024625E-16,0.309016994375)
  );
#4589 = PCURVE('',#2595,#4590);
#4590 = DEFINITIONAL_REPRESENTATION('',(#4591),#4595);
#4591 = LINE('',#4592,#4593);
#4592 = CARTESIAN_POINT('',(0.,1.));
#4593 = VECTOR('',#4594,1.);
#4594 = DIRECTION('',(1.,0.));
#4595 = ( GEOMETRIC_REPRESENTATION_CONTEXT(2) 
PARAMETRIC_REPRESENTATION_CONTEXT() REPRESENTATION_CONTEXT('2D SPACE',''
  ) );
#4596 = PCURVE('',#2667,#4597);
#4597 = DEFINITIONAL_REPRESENTATION('',(#4598),#4602);
#4598 = LINE('',#4599,#4600);
#4599 = CARTESIAN_POINT('',(10.000407748599,-0.668931881262));
#4600 = VECTOR('',#4601,1.);
#4601 = DIRECTION('',(0.133786376252,0.991010194463));
#4602 = ( GEOMETRIC_REPRESENTATION_CONTEXT(2) 
PARAMETRIC_REPRESENTATION_CONTEXT() REPRESENTATION_CONTEXT('2D SPACE',''
  ) );
#4603 = ADVANCED_FACE('',(#4604),#2667,.F.);
#4604 = FACE_BOUND('',#4605,.F.);
#4605 = EDGE_LOOP('',(#4606,#4607,#4608,#4609));
#4606 = ORIENTED_EDGE('',*,*,#2652,.T.);
#4607 = ORIENTED_EDGE('',*,*,#4535,.T.);
#4608 = ORIENTED_EDGE('',*,*,#4583,.T.);
#4609 = ORIENTED_EDGE('',*,*,#4610,.F.);
#4610 = EDGE_CURVE('',#2619,#4562,#4611,.T.);
#4611 = SURFACE_CURVE('',#4612,(#4616,#4623),.PCURVE_S1.);
#4612 = LINE('',#4613,#4614);
#4613 = CARTESIAN_POINT('',(3.577624595061,181.,13.173549566399));
#4614 = VECTOR('',#4615,1.);
#4615 = DIRECTION('',(0.309016994375,0.,-0.951056516295));
#4616 = PCURVE('',#2667,#4617);
#4617 = DEFINITIONAL_REPRESENTATION('',(#4618),#4622);
#4618 = LINE('',#4619,#4620);
#4619 = CARTESIAN_POINT('',(5.135662580255,0.668931881262));
#4620 = VECTOR('',#4621,1.);
#4621 = DIRECTION('',(0.991010194463,-0.133786376252));
#4622 = ( GEOMETRIC_REPRESENTATION_CONTEXT(2) 
PARAMETRIC_REPRESENTATION_CONTEXT() REPRESENTATION_CONTEXT('2D SPACE',''
  ) );
#4623 = PCURVE('',#2638,#4624);
#4624 = DEFINITIONAL_REPRESENTATION('',(#4625),#4629);
#4625 = LINE('',#4626,#4627);
#4626 = CARTESIAN_POINT('',(0.,1.));
#4627 = VECTOR('',#4628,1.);
#4628 = DIRECTION('',(-1.,0.));
#4629 = ( GEOMETRIC_REPRESENTATION_CONTEXT(2) 
PARAMETRIC_REPRESENTATION_CONTEXT() REPRESENTATION_CONTEXT('2D SPACE',''
  ) );
#4630 = ADVANCED_FACE('',(#4631),#2638,.F.);
#4631 = FACE_BOUND('',#4632,.F.);
#4632 = EDGE_LOOP('',(#4633,#4634,#4635));
#4633 = ORIENTED_EDGE('',*,*,#4561,.F.);
#4634 = ORIENTED_EDGE('',*,*,#2618,.F.);
#4635 = ORIENTED_EDGE('',*,*,#4610,.T.);
#4636 = ADVANCED_FACE('',(#4637),#2707,.F.);
#4637 = FACE_BOUND('',#4638,.F.);
#4638 = EDGE_LOOP('',(#4639,#4640,#4662));
#4639 = ORIENTED_EDGE('',*,*,#2685,.F.);
#4640 = ORIENTED_EDGE('',*,*,#4641,.T.);
#4641 = EDGE_CURVE('',#2686,#4642,#4644,.T.);
#4642 = VERTEX_POINT('',#4643);
#4643 = CARTESIAN_POINT('',(-12.12750146373,181.,14.023200312962));
#4644 = SURFACE_CURVE('',#4645,(#4648,#4655),.PCURVE_S1.);
#4645 = B_SPLINE_CURVE_WITH_KNOTS('',1,(#4646,#4647),.UNSPECIFIED.,.F.,
  .F.,(2,2),(0.,1.),.PIECEWISE_BEZIER_KNOTS.);
#4646 = CARTESIAN_POINT('',(-13.4267302387,166.5,16.48379296101));
#4647 = CARTESIAN_POINT('',(-12.12750146373,181.,14.023200312962));
#4648 = PCURVE('',#2707,#4649);
#4649 = DEFINITIONAL_REPRESENTATION('',(#4650),#4654);
#4650 = LINE('',#4651,#4652);
#4651 = CARTESIAN_POINT('',(5.,0.));
#4652 = VECTOR('',#4653,1.);
#4653 = DIRECTION('',(0.,1.));
#4654 = ( GEOMETRIC_REPRESENTATION_CONTEXT(2) 
PARAMETRIC_REPRESENTATION_CONTEXT() REPRESENTATION_CONTEXT('2D SPACE',''
  ) );
#4655 = PCURVE('',#2759,#4656);
#4656 = DEFINITIONAL_REPRESENTATION('',(#4657),#4661);
#4657 = LINE('',#4658,#4659);
#4658 = CARTESIAN_POINT('',(-0.675,0.));
#4659 = VECTOR('',#4660,1.);
#4660 = DIRECTION('',(0.,1.));
#4661 = ( GEOMETRIC_REPRESENTATION_CONTEXT(2) 
PARAMETRIC_REPRESENTATION_CONTEXT() REPRESENTATION_CONTEXT('2D SPACE',''
  ) );
#4662 = ORIENTED_EDGE('',*,*,#4663,.F.);
#4663 = EDGE_CURVE('',#2688,#4642,#4664,.T.);
#4664 = SURFACE_CURVE('',#4665,(#4669,#4676),.PCURVE_S1.);
#4665 = LINE('',#4666,#4667);
#4666 = CARTESIAN_POINT('',(-8.082416491859,181.,16.962126574425));
#4667 = VECTOR('',#4668,1.);
#4668 = DIRECTION('',(-0.809016994375,0.,-0.587785252292));
#4669 = PCURVE('',#2707,#4670);
#4670 = DEFINITIONAL_REPRESENTATION('',(#4671),#4675);
#4671 = LINE('',#4672,#4673);
#4672 = CARTESIAN_POINT('',(0.,1.));
#4673 = VECTOR('',#4674,1.);
#4674 = DIRECTION('',(1.,0.));
#4675 = ( GEOMETRIC_REPRESENTATION_CONTEXT(2) 
PARAMETRIC_REPRESENTATION_CONTEXT() REPRESENTATION_CONTEXT('2D SPACE',''
  ) );
#4676 = PCURVE('',#2831,#4677);
#4677 = DEFINITIONAL_REPRESENTATION('',(#4678),#4682);
#4678 = LINE('',#4679,#4680);
#4679 = CARTESIAN_POINT('',(4.955050972314,0.668931881262));
#4680 = VECTOR('',#4681,1.);
#4681 = DIRECTION('',(0.991010194463,0.133786376252));
#4682 = ( GEOMETRIC_REPRESENTATION_CONTEXT(2) 
PARAMETRIC_REPRESENTATION_CONTEXT() REPRESENTATION_CONTEXT('2D SPACE',''
  ) );
#4683 = ADVANCED_FACE('',(#4684),#2759,.F.);
#4684 = FACE_BOUND('',#4685,.F.);
#4685 = EDGE_LOOP('',(#4686,#4687,#4688,#4710));
#4686 = ORIENTED_EDGE('',*,*,#4641,.F.);
#4687 = ORIENTED_EDGE('',*,*,#2721,.F.);
#4688 = ORIENTED_EDGE('',*,*,#4689,.T.);
#4689 = EDGE_CURVE('',#2722,#4690,#4692,.T.);
#4690 = VERTEX_POINT('',#4691);
#4691 = CARTESIAN_POINT('',(-11.33399137313,181.,12.931027370556));
#4692 = SURFACE_CURVE('',#4693,(#4696,#4703),.PCURVE_S1.);
#4693 = B_SPLINE_CURVE_WITH_KNOTS('',1,(#4694,#4695),.UNSPECIFIED.,.F.,
  .F.,(2,2),(0.,1.),.PIECEWISE_BEZIER_KNOTS.);
#4694 = CARTESIAN_POINT('',(-12.85619558535,166.5,15.26027744851));
#4695 = CARTESIAN_POINT('',(-11.33399137313,181.,12.931027370556));
#4696 = PCURVE('',#2759,#4697);
#4697 = DEFINITIONAL_REPRESENTATION('',(#4698),#4702);
#4698 = LINE('',#4699,#4700);
#4699 = CARTESIAN_POINT('',(0.675,0.));
#4700 = VECTOR('',#4701,1.);
#4701 = DIRECTION('',(0.,1.));
#4702 = ( GEOMETRIC_REPRESENTATION_CONTEXT(2) 
PARAMETRIC_REPRESENTATION_CONTEXT() REPRESENTATION_CONTEXT('2D SPACE',''
  ) );
#4703 = PCURVE('',#2802,#4704);
#4704 = DEFINITIONAL_REPRESENTATION('',(#4705),#4709);
#4705 = LINE('',#4706,#4707);
#4706 = CARTESIAN_POINT('',(-5.,0.));
#4707 = VECTOR('',#4708,1.);
#4708 = DIRECTION('',(0.,1.));
#4709 = ( GEOMETRIC_REPRESENTATION_CONTEXT(2) 
PARAMETRIC_REPRESENTATION_CONTEXT() REPRESENTATION_CONTEXT('2D SPACE',''
  ) );
#4710 = ORIENTED_EDGE('',*,*,#4711,.F.);
#4711 = EDGE_CURVE('',#4642,#4690,#4712,.T.);
#4712 = SURFACE_CURVE('',#4713,(#4717,#4724),.PCURVE_S1.);
#4713 = LINE('',#4714,#4715);
#4714 = CARTESIAN_POINT('',(-11.73074641843,181.,13.477113841759));
#4715 = VECTOR('',#4716,1.);
#4716 = DIRECTION('',(0.587785252292,1.110223024625E-16,-0.809016994375)
  );
#4717 = PCURVE('',#2759,#4718);
#4718 = DEFINITIONAL_REPRESENTATION('',(#4719),#4723);
#4719 = LINE('',#4720,#4721);
#4720 = CARTESIAN_POINT('',(0.,1.));
#4721 = VECTOR('',#4722,1.);
#4722 = DIRECTION('',(1.,0.));
#4723 = ( GEOMETRIC_REPRESENTATION_CONTEXT(2) 
PARAMETRIC_REPRESENTATION_CONTEXT() REPRESENTATION_CONTEXT('2D SPACE',''
  ) );
#4724 = PCURVE('',#2831,#4725);
#4725 = DEFINITIONAL_REPRESENTATION('',(#4726),#4730);
#4726 = LINE('',#4727,#4728);
#4727 = CARTESIAN_POINT('',(10.000407748599,0.668931881262));
#4728 = VECTOR('',#4729,1.);
#4729 = DIRECTION('',(0.133786376252,-0.991010194463));
#4730 = ( GEOMETRIC_REPRESENTATION_CONTEXT(2) 
PARAMETRIC_REPRESENTATION_CONTEXT() REPRESENTATION_CONTEXT('2D SPACE',''
  ) );
#4731 = ADVANCED_FACE('',(#4732),#2831,.T.);
#4732 = FACE_BOUND('',#4733,.T.);
#4733 = EDGE_LOOP('',(#4734,#4735,#4736,#4757));
#4734 = ORIENTED_EDGE('',*,*,#4663,.F.);
#4735 = ORIENTED_EDGE('',*,*,#2816,.F.);
#4736 = ORIENTED_EDGE('',*,*,#4737,.T.);
#4737 = EDGE_CURVE('',#2783,#4690,#4738,.T.);
#4738 = SURFACE_CURVE('',#4739,(#4743,#4750),.PCURVE_S1.);
#4739 = LINE('',#4740,#4741);
#4740 = CARTESIAN_POINT('',(-7.288906401265,181.,15.869953632018));
#4741 = VECTOR('',#4742,1.);
#4742 = DIRECTION('',(-0.809016994375,0.,-0.587785252292));
#4743 = PCURVE('',#2831,#4744);
#4744 = DEFINITIONAL_REPRESENTATION('',(#4745),#4749);
#4745 = LINE('',#4746,#4747);
#4746 = CARTESIAN_POINT('',(5.135662580255,-0.668931881262));
#4747 = VECTOR('',#4748,1.);
#4748 = DIRECTION('',(0.991010194463,0.133786376252));
#4749 = ( GEOMETRIC_REPRESENTATION_CONTEXT(2) 
PARAMETRIC_REPRESENTATION_CONTEXT() REPRESENTATION_CONTEXT('2D SPACE',''
  ) );
#4750 = PCURVE('',#2802,#4751);
#4751 = DEFINITIONAL_REPRESENTATION('',(#4752),#4756);
#4752 = LINE('',#4753,#4754);
#4753 = CARTESIAN_POINT('',(0.,1.));
#4754 = VECTOR('',#4755,1.);
#4755 = DIRECTION('',(-1.,0.));
#4756 = ( GEOMETRIC_REPRESENTATION_CONTEXT(2) 
PARAMETRIC_REPRESENTATION_CONTEXT() REPRESENTATION_CONTEXT('2D SPACE',''
  ) );
#4757 = ORIENTED_EDGE('',*,*,#4711,.F.);
#4758 = ADVANCED_FACE('',(#4759),#2802,.F.);
#4759 = FACE_BOUND('',#4760,.F.);
#4760 = EDGE_LOOP('',(#4761,#4762,#4763));
#4761 = ORIENTED_EDGE('',*,*,#4689,.F.);
#4762 = ORIENTED_EDGE('',*,*,#2782,.F.);
#4763 = ORIENTED_EDGE('',*,*,#4737,.T.);
#4764 = ADVANCED_FACE('',(#4765),#2867,.F.);
#4765 = FACE_BOUND('',#4766,.F.);
#4766 = EDGE_LOOP('',(#4767,#4768,#4790));
#4767 = ORIENTED_EDGE('',*,*,#2845,.F.);
#4768 = ORIENTED_EDGE('',*,*,#4769,.T.);
#4769 = EDGE_CURVE('',#2846,#4770,#4772,.T.);
#4770 = VERTEX_POINT('',#4771);
#4771 = CARTESIAN_POINT('',(-11.33399137313,181.,31.068972629444));
#4772 = SURFACE_CURVE('',#4773,(#4776,#4783),.PCURVE_S1.);
#4773 = B_SPLINE_CURVE_WITH_KNOTS('',1,(#4774,#4775),.UNSPECIFIED.,.F.,
  .F.,(2,2),(0.,1.),.PIECEWISE_BEZIER_KNOTS.);
#4774 = CARTESIAN_POINT('',(-9.395312472313,166.5,33.06497756652));
#4775 = CARTESIAN_POINT('',(-11.33399137313,181.,31.068972629444));
#4776 = PCURVE('',#2867,#4777);
#4777 = DEFINITIONAL_REPRESENTATION('',(#4778),#4782);
#4778 = LINE('',#4779,#4780);
#4779 = CARTESIAN_POINT('',(5.,0.));
#4780 = VECTOR('',#4781,1.);
#4781 = DIRECTION('',(0.,1.));
#4782 = ( GEOMETRIC_REPRESENTATION_CONTEXT(2) 
PARAMETRIC_REPRESENTATION_CONTEXT() REPRESENTATION_CONTEXT('2D SPACE',''
  ) );
#4783 = PCURVE('',#2919,#4784);
#4784 = DEFINITIONAL_REPRESENTATION('',(#4785),#4789);
#4785 = LINE('',#4786,#4787);
#4786 = CARTESIAN_POINT('',(-0.675,0.));
#4787 = VECTOR('',#4788,1.);
#4788 = DIRECTION('',(0.,1.));
#4789 = ( GEOMETRIC_REPRESENTATION_CONTEXT(2) 
PARAMETRIC_REPRESENTATION_CONTEXT() REPRESENTATION_CONTEXT('2D SPACE',''
  ) );
#4790 = ORIENTED_EDGE('',*,*,#4791,.F.);
#4791 = EDGE_CURVE('',#2848,#4770,#4792,.T.);
#4792 = SURFACE_CURVE('',#4793,(#4797,#4804),.PCURVE_S1.);
#4793 = LINE('',#4794,#4795);
#4794 = CARTESIAN_POINT('',(-7.288906401265,181.,28.130046367982));
#4795 = VECTOR('',#4796,1.);
#4796 = DIRECTION('',(-0.809016994375,0.,0.587785252292));
#4797 = PCURVE('',#2867,#4798);
#4798 = DEFINITIONAL_REPRESENTATION('',(#4799),#4803);
#4799 = LINE('',#4800,#4801);
#4800 = CARTESIAN_POINT('',(0.,1.));
#4801 = VECTOR('',#4802,1.);
#4802 = DIRECTION('',(1.,0.));
#4803 = ( GEOMETRIC_REPRESENTATION_CONTEXT(2) 
PARAMETRIC_REPRESENTATION_CONTEXT() REPRESENTATION_CONTEXT('2D SPACE',''
  ) );
#4804 = PCURVE('',#2991,#4805);
#4805 = DEFINITIONAL_REPRESENTATION('',(#4806),#4810);
#4806 = LINE('',#4807,#4808);
#4807 = CARTESIAN_POINT('',(4.955050972314,-0.668931881262));
#4808 = VECTOR('',#4809,1.);
#4809 = DIRECTION('',(0.991010194463,-0.133786376252));
#4810 = ( GEOMETRIC_REPRESENTATION_CONTEXT(2) 
PARAMETRIC_REPRESENTATION_CONTEXT() REPRESENTATION_CONTEXT('2D SPACE',''
  ) );
#4811 = ADVANCED_FACE('',(#4812),#2919,.F.);
#4812 = FACE_BOUND('',#4813,.F.);
#4813 = EDGE_LOOP('',(#4814,#4815,#4816,#4838));
#4814 = ORIENTED_EDGE('',*,*,#4769,.F.);
#4815 = ORIENTED_EDGE('',*,*,#2881,.F.);
#4816 = ORIENTED_EDGE('',*,*,#4817,.T.);
#4817 = EDGE_CURVE('',#2882,#4818,#4820,.T.);
#4818 = VERTEX_POINT('',#4819);
#4819 = CARTESIAN_POINT('',(-12.12750146373,181.,29.976799687038));
#4820 = SURFACE_CURVE('',#4821,(#4824,#4831),.PCURVE_S1.);
#4821 = B_SPLINE_CURVE_WITH_KNOTS('',1,(#4822,#4823),.UNSPECIFIED.,.F.,
  .F.,(2,2),(0.,1.),.PIECEWISE_BEZIER_KNOTS.);
#4822 = CARTESIAN_POINT('',(-10.38263996949,166.5,32.144279780436));
#4823 = CARTESIAN_POINT('',(-12.12750146373,181.,29.976799687038));
#4824 = PCURVE('',#2919,#4825);
#4825 = DEFINITIONAL_REPRESENTATION('',(#4826),#4830);
#4826 = LINE('',#4827,#4828);
#4827 = CARTESIAN_POINT('',(0.675,0.));
#4828 = VECTOR('',#4829,1.);
#4829 = DIRECTION('',(0.,1.));
#4830 = ( GEOMETRIC_REPRESENTATION_CONTEXT(2) 
PARAMETRIC_REPRESENTATION_CONTEXT() REPRESENTATION_CONTEXT('2D SPACE',''
  ) );
#4831 = PCURVE('',#2962,#4832);
#4832 = DEFINITIONAL_REPRESENTATION('',(#4833),#4837);
#4833 = LINE('',#4834,#4835);
#4834 = CARTESIAN_POINT('',(-5.,0.));
#4835 = VECTOR('',#4836,1.);
#4836 = DIRECTION('',(0.,1.));
#4837 = ( GEOMETRIC_REPRESENTATION_CONTEXT(2) 
PARAMETRIC_REPRESENTATION_CONTEXT() REPRESENTATION_CONTEXT('2D SPACE',''
  ) );
#4838 = ORIENTED_EDGE('',*,*,#4839,.F.);
#4839 = EDGE_CURVE('',#4770,#4818,#4840,.T.);
#4840 = SURFACE_CURVE('',#4841,(#4845,#4852),.PCURVE_S1.);
#4841 = LINE('',#4842,#4843);
#4842 = CARTESIAN_POINT('',(-11.73074641843,181.,30.522886158241));
#4843 = VECTOR('',#4844,1.);
#4844 = DIRECTION('',(-0.587785252292,1.110223024625E-16,-0.809016994375
    ));
#4845 = PCURVE('',#2919,#4846);
#4846 = DEFINITIONAL_REPRESENTATION('',(#4847),#4851);
#4847 = LINE('',#4848,#4849);
#4848 = CARTESIAN_POINT('',(0.,1.));
#4849 = VECTOR('',#4850,1.);
#4850 = DIRECTION('',(1.,0.));
#4851 = ( GEOMETRIC_REPRESENTATION_CONTEXT(2) 
PARAMETRIC_REPRESENTATION_CONTEXT() REPRESENTATION_CONTEXT('2D SPACE',''
  ) );
#4852 = PCURVE('',#2991,#4853);
#4853 = DEFINITIONAL_REPRESENTATION('',(#4854),#4858);
#4854 = LINE('',#4855,#4856);
#4855 = CARTESIAN_POINT('',(10.000407748599,-0.668931881262));
#4856 = VECTOR('',#4857,1.);
#4857 = DIRECTION('',(0.133786376252,0.991010194463));
#4858 = ( GEOMETRIC_REPRESENTATION_CONTEXT(2) 
PARAMETRIC_REPRESENTATION_CONTEXT() REPRESENTATION_CONTEXT('2D SPACE',''
  ) );
#4859 = ADVANCED_FACE('',(#4860),#2991,.F.);
#4860 = FACE_BOUND('',#4861,.F.);
#4861 = EDGE_LOOP('',(#4862,#4863,#4864,#4865));
#4862 = ORIENTED_EDGE('',*,*,#2976,.T.);
#4863 = ORIENTED_EDGE('',*,*,#4791,.T.);
#4864 = ORIENTED_EDGE('',*,*,#4839,.T.);
#4865 = ORIENTED_EDGE('',*,*,#4866,.F.);
#4866 = EDGE_CURVE('',#2943,#4818,#4867,.T.);
#4867 = SURFACE_CURVE('',#4868,(#4872,#4879),.PCURVE_S1.);
#4868 = LINE('',#4869,#4870);
#4869 = CARTESIAN_POINT('',(-8.082416491859,181.,27.037873425575));
#4870 = VECTOR('',#4871,1.);
#4871 = DIRECTION('',(-0.809016994375,0.,0.587785252292));
#4872 = PCURVE('',#2991,#4873);
#4873 = DEFINITIONAL_REPRESENTATION('',(#4874),#4878);
#4874 = LINE('',#4875,#4876);
#4875 = CARTESIAN_POINT('',(5.135662580255,0.668931881262));
#4876 = VECTOR('',#4877,1.);
#4877 = DIRECTION('',(0.991010194463,-0.133786376252));
#4878 = ( GEOMETRIC_REPRESENTATION_CONTEXT(2) 
PARAMETRIC_REPRESENTATION_CONTEXT() REPRESENTATION_CONTEXT('2D SPACE',''
  ) );
#4879 = PCURVE('',#2962,#4880);
#4880 = DEFINITIONAL_REPRESENTATION('',(#4881),#4885);
#4881 = LINE('',#4882,#4883);
#4882 = CARTESIAN_POINT('',(0.,1.));
#4883 = VECTOR('',#4884,1.);
#4884 = DIRECTION('',(-1.,0.));
#4885 = ( GEOMETRIC_REPRESENTATION_CONTEXT(2) 
PARAMETRIC_REPRESENTATION_CONTEXT() REPRESENTATION_CONTEXT('2D SPACE',''
  ) );
#4886 = ADVANCED_FACE('',(#4887),#2962,.F.);
#4887 = FACE_BOUND('',#4888,.F.);
#4888 = EDGE_LOOP('',(#4889,#4890,#4891));
#4889 = ORIENTED_EDGE('',*,*,#4817,.F.);
#4890 = ORIENTED_EDGE('',*,*,#2942,.F.);
#4891 = ORIENTED_EDGE('',*,*,#4866,.T.);
#4892 = ADVANCED_FACE('',(#4893),#3031,.F.);
#4893 = FACE_BOUND('',#4894,.F.);
#4894 = EDGE_LOOP('',(#4895,#4896,#4918));
#4895 = ORIENTED_EDGE('',*,*,#3009,.F.);
#4896 = ORIENTED_EDGE('',*,*,#4897,.T.);
#4897 = EDGE_CURVE('',#3010,#4898,#4900,.T.);
#4898 = VERTEX_POINT('',#4899);
#4899 = CARTESIAN_POINT('',(5.122709566936,181.,35.581733015077));
#4900 = SURFACE_CURVE('',#4901,(#4904,#4911),.PCURVE_S1.);
#4901 = B_SPLINE_CURVE_WITH_KNOTS('',1,(#4902,#4903),.UNSPECIFIED.,.F.,
  .F.,(2,2),(0.,1.),.PIECEWISE_BEZIER_KNOTS.);
#4902 = CARTESIAN_POINT('',(7.620107795891,166.5,34.354739259855));
#4903 = CARTESIAN_POINT('',(5.122709566936,181.,35.581733015077));
#4904 = PCURVE('',#3031,#4905);
#4905 = DEFINITIONAL_REPRESENTATION('',(#4906),#4910);
#4906 = LINE('',#4907,#4908);
#4907 = CARTESIAN_POINT('',(5.,0.));
#4908 = VECTOR('',#4909,1.);
#4909 = DIRECTION('',(0.,1.));
#4910 = ( GEOMETRIC_REPRESENTATION_CONTEXT(2) 
PARAMETRIC_REPRESENTATION_CONTEXT() REPRESENTATION_CONTEXT('2D SPACE',''
  ) );
#4911 = PCURVE('',#3083,#4912);
#4912 = DEFINITIONAL_REPRESENTATION('',(#4913),#4917);
#4913 = LINE('',#4914,#4915);
#4914 = CARTESIAN_POINT('',(-0.675,0.));
#4915 = VECTOR('',#4916,1.);
#4916 = DIRECTION('',(0.,1.));
#4917 = ( GEOMETRIC_REPRESENTATION_CONTEXT(2) 
PARAMETRIC_REPRESENTATION_CONTEXT() REPRESENTATION_CONTEXT('2D SPACE',''
  ) );
#4918 = ORIENTED_EDGE('',*,*,#4919,.F.);
#4919 = EDGE_CURVE('',#3012,#4898,#4920,.T.);
#4920 = SURFACE_CURVE('',#4921,(#4925,#4932),.PCURVE_S1.);
#4921 = LINE('',#4922,#4923);
#4922 = CARTESIAN_POINT('',(3.577624595061,181.,30.826450433601));
#4923 = VECTOR('',#4924,1.);
#4924 = DIRECTION('',(0.309016994375,0.,0.951056516295));
#4925 = PCURVE('',#3031,#4926);
#4926 = DEFINITIONAL_REPRESENTATION('',(#4927),#4931);
#4927 = LINE('',#4928,#4929);
#4928 = CARTESIAN_POINT('',(0.,1.));
#4929 = VECTOR('',#4930,1.);
#4930 = DIRECTION('',(1.,0.));
#4931 = ( GEOMETRIC_REPRESENTATION_CONTEXT(2) 
PARAMETRIC_REPRESENTATION_CONTEXT() REPRESENTATION_CONTEXT('2D SPACE',''
  ) );
#4932 = PCURVE('',#3155,#4933);
#4933 = DEFINITIONAL_REPRESENTATION('',(#4934),#4938);
#4934 = LINE('',#4935,#4936);
#4935 = CARTESIAN_POINT('',(4.955050972314,-0.668931881262));
#4936 = VECTOR('',#4937,1.);
#4937 = DIRECTION('',(0.991010194463,-0.133786376252));
#4938 = ( GEOMETRIC_REPRESENTATION_CONTEXT(2) 
PARAMETRIC_REPRESENTATION_CONTEXT() REPRESENTATION_CONTEXT('2D SPACE',''
  ) );
#4939 = ADVANCED_FACE('',(#4940),#3083,.F.);
#4940 = FACE_BOUND('',#4941,.F.);
#4941 = EDGE_LOOP('',(#4942,#4943,#4944,#4966));
#4942 = ORIENTED_EDGE('',*,*,#4897,.F.);
#4943 = ORIENTED_EDGE('',*,*,#3045,.F.);
#4944 = ORIENTED_EDGE('',*,*,#4945,.T.);
#4945 = EDGE_CURVE('',#3046,#4946,#4948,.T.);
#4946 = VERTEX_POINT('',#4947);
#4947 = CARTESIAN_POINT('',(3.838783269938,181.,35.998905957483));
#4948 = SURFACE_CURVE('',#4949,(#4952,#4959),.PCURVE_S1.);
#4949 = B_SPLINE_CURVE_WITH_KNOTS('',1,(#4950,#4951),.UNSPECIFIED.,.F.,
  .F.,(2,2),(0.,1.),.PIECEWISE_BEZIER_KNOTS.);
#4950 = CARTESIAN_POINT('',(6.439371191253,166.5,35.009232247188));
#4951 = CARTESIAN_POINT('',(3.838783269938,181.,35.998905957483));
#4952 = PCURVE('',#3083,#4953);
#4953 = DEFINITIONAL_REPRESENTATION('',(#4954),#4958);
#4954 = LINE('',#4955,#4956);
#4955 = CARTESIAN_POINT('',(0.675,0.));
#4956 = VECTOR('',#4957,1.);
#4957 = DIRECTION('',(0.,1.));
#4958 = ( GEOMETRIC_REPRESENTATION_CONTEXT(2) 
PARAMETRIC_REPRESENTATION_CONTEXT() REPRESENTATION_CONTEXT('2D SPACE',''
  ) );
#4959 = PCURVE('',#3126,#4960);
#4960 = DEFINITIONAL_REPRESENTATION('',(#4961),#4965);
#4961 = LINE('',#4962,#4963);
#4962 = CARTESIAN_POINT('',(-5.,0.));
#4963 = VECTOR('',#4964,1.);
#4964 = DIRECTION('',(0.,1.));
#4965 = ( GEOMETRIC_REPRESENTATION_CONTEXT(2) 
PARAMETRIC_REPRESENTATION_CONTEXT() REPRESENTATION_CONTEXT('2D SPACE',''
  ) );
#4966 = ORIENTED_EDGE('',*,*,#4967,.F.);
#4967 = EDGE_CURVE('',#4898,#4946,#4968,.T.);
#4968 = SURFACE_CURVE('',#4969,(#4973,#4980),.PCURVE_S1.);
#4969 = LINE('',#4970,#4971);
#4970 = CARTESIAN_POINT('',(4.480746418437,181.,35.79031948628));
#4971 = VECTOR('',#4972,1.);
#4972 = DIRECTION('',(-0.951056516295,1.110223024625E-16,0.309016994375)
  );
#4973 = PCURVE('',#3083,#4974);
#4974 = DEFINITIONAL_REPRESENTATION('',(#4975),#4979);
#4975 = LINE('',#4976,#4977);
#4976 = CARTESIAN_POINT('',(0.,1.));
#4977 = VECTOR('',#4978,1.);
#4978 = DIRECTION('',(1.,0.));
#4979 = ( GEOMETRIC_REPRESENTATION_CONTEXT(2) 
PARAMETRIC_REPRESENTATION_CONTEXT() REPRESENTATION_CONTEXT('2D SPACE',''
  ) );
#4980 = PCURVE('',#3155,#4981);
#4981 = DEFINITIONAL_REPRESENTATION('',(#4982),#4986);
#4982 = LINE('',#4983,#4984);
#4983 = CARTESIAN_POINT('',(10.000407748599,-0.668931881262));
#4984 = VECTOR('',#4985,1.);
#4985 = DIRECTION('',(0.133786376252,0.991010194463));
#4986 = ( GEOMETRIC_REPRESENTATION_CONTEXT(2) 
PARAMETRIC_REPRESENTATION_CONTEXT() REPRESENTATION_CONTEXT('2D SPACE',''
  ) );
#4987 = ADVANCED_FACE('',(#4988),#3155,.F.);
#4988 = FACE_BOUND('',#4989,.F.);
#4989 = EDGE_LOOP('',(#4990,#4991,#4992,#4993));
#4990 = ORIENTED_EDGE('',*,*,#3140,.T.);
#4991 = ORIENTED_EDGE('',*,*,#4919,.T.);
#4992 = ORIENTED_EDGE('',*,*,#4967,.T.);
#4993 = ORIENTED_EDGE('',*,*,#4994,.F.);
#4994 = EDGE_CURVE('',#3107,#4946,#4995,.T.);
#4995 = SURFACE_CURVE('',#4996,(#5000,#5007),.PCURVE_S1.);
#4996 = LINE('',#4997,#4998);
#4997 = CARTESIAN_POINT('',(2.293698298063,181.,31.243623376007));
#4998 = VECTOR('',#4999,1.);
#4999 = DIRECTION('',(0.309016994375,0.,0.951056516295));
#5000 = PCURVE('',#3155,#5001);
#5001 = DEFINITIONAL_REPRESENTATION('',(#5002),#5006);
#5002 = LINE('',#5003,#5004);
#5003 = CARTESIAN_POINT('',(5.135662580255,0.668931881262));
#5004 = VECTOR('',#5005,1.);
#5005 = DIRECTION('',(0.991010194463,-0.133786376252));
#5006 = ( GEOMETRIC_REPRESENTATION_CONTEXT(2) 
PARAMETRIC_REPRESENTATION_CONTEXT() REPRESENTATION_CONTEXT('2D SPACE',''
  ) );
#5007 = PCURVE('',#3126,#5008);
#5008 = DEFINITIONAL_REPRESENTATION('',(#5009),#5013);
#5009 = LINE('',#5010,#5011);
#5010 = CARTESIAN_POINT('',(0.,1.));
#5011 = VECTOR('',#5012,1.);
#5012 = DIRECTION('',(-1.,0.));
#5013 = ( GEOMETRIC_REPRESENTATION_CONTEXT(2) 
PARAMETRIC_REPRESENTATION_CONTEXT() REPRESENTATION_CONTEXT('2D SPACE',''
  ) );
#5014 = ADVANCED_FACE('',(#5015),#3126,.F.);
#5015 = FACE_BOUND('',#5016,.F.);
#5016 = EDGE_LOOP('',(#5017,#5018,#5019));
#5017 = ORIENTED_EDGE('',*,*,#4945,.F.);
#5018 = ORIENTED_EDGE('',*,*,#3106,.F.);
#5019 = ORIENTED_EDGE('',*,*,#4994,.T.);
#5020 = ADVANCED_FACE('',(#5021),#3287,.T.);
#5021 = FACE_BOUND('',#5022,.T.);
#5022 = EDGE_LOOP('',(#5023,#5046,#5072,#5073,#5074,#5096));
#5023 = ORIENTED_EDGE('',*,*,#5024,.T.);
#5024 = EDGE_CURVE('',#3174,#5025,#5027,.T.);
#5025 = VERTEX_POINT('',#5026);
#5026 = CARTESIAN_POINT('',(-2.5,184.,38.));
#5027 = SEAM_CURVE('',#5028,(#5032,#5039),.PCURVE_S1.);
#5028 = LINE('',#5029,#5030);
#5029 = CARTESIAN_POINT('',(-2.5,184.,32.));
#5030 = VECTOR('',#5031,1.);
#5031 = DIRECTION('',(0.,0.,1.));
#5032 = PCURVE('',#3287,#5033);
#5033 = DEFINITIONAL_REPRESENTATION('',(#5034),#5038);
#5034 = LINE('',#5035,#5036);
#5035 = CARTESIAN_POINT('',(6.28318530718,-0.));
#5036 = VECTOR('',#5037,1.);
#5037 = DIRECTION('',(0.,1.));
#5038 = ( GEOMETRIC_REPRESENTATION_CONTEXT(2) 
PARAMETRIC_REPRESENTATION_CONTEXT() REPRESENTATION_CONTEXT('2D SPACE',''
  ) );
#5039 = PCURVE('',#3287,#5040);
#5040 = DEFINITIONAL_REPRESENTATION('',(#5041),#5045);
#5041 = LINE('',#5042,#5043);
#5042 = CARTESIAN_POINT('',(0.,-0.));
#5043 = VECTOR('',#5044,1.);
#5044 = DIRECTION('',(0.,1.));
#5045 = ( GEOMETRIC_REPRESENTATION_CONTEXT(2) 
PARAMETRIC_REPRESENTATION_CONTEXT() REPRESENTATION_CONTEXT('2D SPACE',''
  ) );
#5046 = ORIENTED_EDGE('',*,*,#5047,.F.);
#5047 = EDGE_CURVE('',#5025,#5025,#5048,.T.);
#5048 = SURFACE_CURVE('',#5049,(#5054,#5061),.PCURVE_S1.);
#5049 = CIRCLE('',#5050,4.5);
#5050 = AXIS2_PLACEMENT_3D('',#5051,#5052,#5053);
#5051 = CARTESIAN_POINT('',(-7.,184.,38.));
#5052 = DIRECTION('',(0.,0.,1.));
#5053 = DIRECTION('',(1.,0.,-0.));
#5054 = PCURVE('',#3287,#5055);
#5055 = DEFINITIONAL_REPRESENTATION('',(#5056),#5060);
#5056 = LINE('',#5057,#5058);
#5057 = CARTESIAN_POINT('',(0.,6.));
#5058 = VECTOR('',#5059,1.);
#5059 = DIRECTION('',(1.,0.));
#5060 = ( GEOMETRIC_REPRESENTATION_CONTEXT(2) 
PARAMETRIC_REPRESENTATION_CONTEXT() REPRESENTATION_CONTEXT('2D SPACE',''
  ) );
#5061 = PCURVE('',#5062,#5067);
#5062 = CONICAL_SURFACE('',#5063,4.5,9.966865249116E-02);
#5063 = AXIS2_PLACEMENT_3D('',#5064,#5065,#5066);
#5064 = CARTESIAN_POINT('',(-7.,184.,38.));
#5065 = DIRECTION('',(-0.,-0.,-1.));
#5066 = DIRECTION('',(1.,0.,-0.));
#5067 = DEFINITIONAL_REPRESENTATION('',(#5068),#5071);
#5068 = B_SPLINE_CURVE_WITH_KNOTS('',1,(#5069,#5070),.UNSPECIFIED.,.F.,
  .F.,(2,2),(0.,6.28318530718),.PIECEWISE_BEZIER_KNOTS.);
#5069 = CARTESIAN_POINT('',(0.,0.));
#5070 = CARTESIAN_POINT('',(-6.28318530718,0.));
#5071 = ( GEOMETRIC_REPRESENTATION_CONTEXT(2) 
PARAMETRIC_REPRESENTATION_CONTEXT() REPRESENTATION_CONTEXT('2D SPACE',''
  ) );
#5072 = ORIENTED_EDGE('',*,*,#5024,.F.);
#5073 = ORIENTED_EDGE('',*,*,#3173,.T.);
#5074 = ORIENTED_EDGE('',*,*,#5075,.T.);
#5075 = EDGE_CURVE('',#3176,#3348,#5076,.T.);
#5076 = SURFACE_CURVE('',#5077,(#5082,#5089),.PCURVE_S1.);
#5077 = CIRCLE('',#5078,4.5);
#5078 = AXIS2_PLACEMENT_3D('',#5079,#5080,#5081);
#5079 = CARTESIAN_POINT('',(-7.,184.,32.));
#5080 = DIRECTION('',(0.,0.,1.));
#5081 = DIRECTION('',(1.,0.,-0.));
#5082 = PCURVE('',#3287,#5083);
#5083 = DEFINITIONAL_REPRESENTATION('',(#5084),#5088);
#5084 = LINE('',#5085,#5086);
#5085 = CARTESIAN_POINT('',(0.,0.));
#5086 = VECTOR('',#5087,1.);
#5087 = DIRECTION('',(1.,0.));
#5088 = ( GEOMETRIC_REPRESENTATION_CONTEXT(2) 
PARAMETRIC_REPRESENTATION_CONTEXT() REPRESENTATION_CONTEXT('2D SPACE',''
  ) );
#5089 = PCURVE('',#3550,#5090);
#5090 = DEFINITIONAL_REPRESENTATION('',(#5091),#5095);
#5091 = CIRCLE('',#5092,4.5);
#5092 = AXIS2_PLACEMENT_2D('',#5093,#5094);
#5093 = CARTESIAN_POINT('',(0.,0.));
#5094 = DIRECTION('',(1.,0.));
#5095 = ( GEOMETRIC_REPRESENTATION_CONTEXT(2) 
PARAMETRIC_REPRESENTATION_CONTEXT() REPRESENTATION_CONTEXT('2D SPACE',''
  ) );
#5096 = ORIENTED_EDGE('',*,*,#3347,.T.);
#5097 = ADVANCED_FACE('',(#5098),#3550,.F.);
#5098 = FACE_BOUND('',#5099,.F.);
#5099 = EDGE_LOOP('',(#5100,#5101));
#5100 = ORIENTED_EDGE('',*,*,#3532,.T.);
#5101 = ORIENTED_EDGE('',*,*,#5075,.T.);
#5102 = ADVANCED_FACE('',(#5103,#5396,#5586,#5768,#5954,#6140),#3585,.F.
  );
#5103 = FACE_BOUND('',#5104,.F.);
#5104 = EDGE_LOOP('',(#5105,#5128,#5129,#5130,#5164,#5197,#5218,#5219,
    #5220,#5248,#5309,#5342));
#5105 = ORIENTED_EDGE('',*,*,#5106,.F.);
#5106 = EDGE_CURVE('',#3569,#5107,#5109,.T.);
#5107 = VERTEX_POINT('',#5108);
#5108 = CARTESIAN_POINT('',(12.398332624161,176.89363079748,22.));
#5109 = SEAM_CURVE('',#5110,(#5114,#5121),.PCURVE_S1.);
#5110 = LINE('',#5111,#5112);
#5111 = CARTESIAN_POINT('',(14.,163.8,22.));
#5112 = VECTOR('',#5113,1.);
#5113 = DIRECTION('',(-0.121419122709,0.992601328148,8.046177688209E-17)
  );
#5114 = PCURVE('',#3585,#5115);
#5115 = DEFINITIONAL_REPRESENTATION('',(#5116),#5120);
#5116 = LINE('',#5117,#5118);
#5117 = CARTESIAN_POINT('',(0.,-0.));
#5118 = VECTOR('',#5119,1.);
#5119 = DIRECTION('',(-0.,-1.));
#5120 = ( GEOMETRIC_REPRESENTATION_CONTEXT(2) 
PARAMETRIC_REPRESENTATION_CONTEXT() REPRESENTATION_CONTEXT('2D SPACE',''
  ) );
#5121 = PCURVE('',#3585,#5122);
#5122 = DEFINITIONAL_REPRESENTATION('',(#5123),#5127);
#5123 = LINE('',#5124,#5125);
#5124 = CARTESIAN_POINT('',(-6.28318530718,0.));
#5125 = VECTOR('',#5126,1.);
#5126 = DIRECTION('',(-0.,-1.));
#5127 = ( GEOMETRIC_REPRESENTATION_CONTEXT(2) 
PARAMETRIC_REPRESENTATION_CONTEXT() REPRESENTATION_CONTEXT('2D SPACE',''
  ) );
#5128 = ORIENTED_EDGE('',*,*,#3568,.T.);
#5129 = ORIENTED_EDGE('',*,*,#5106,.T.);
#5130 = ORIENTED_EDGE('',*,*,#5131,.T.);
#5131 = EDGE_CURVE('',#5107,#5132,#5134,.T.);
#5132 = VERTEX_POINT('',#5133);
#5133 = CARTESIAN_POINT('',(11.876858720549,181.,22.675));
#5134 = SURFACE_CURVE('',#5135,(#5141,#5150),.PCURVE_S1.);
#5135 = B_SPLINE_CURVE_WITH_KNOTS('',4,(#5136,#5137,#5138,#5139,#5140),
  .UNSPECIFIED.,.F.,.F.,(5,5),(0.,1.),.PIECEWISE_BEZIER_KNOTS.);
#5136 = CARTESIAN_POINT('',(12.398332624161,176.89363079748,22.));
#5137 = CARTESIAN_POINT('',(12.272758934298,177.92019571211,
    22.175949276212));
#5138 = CARTESIAN_POINT('',(12.143854921047,178.94676773404,
    22.347253245447));
#5139 = CARTESIAN_POINT('',(12.011812828904,179.97336335285,
    22.513668431321));
#5140 = CARTESIAN_POINT('',(11.876858720549,181.,22.675));
#5141 = PCURVE('',#3585,#5142);
#5142 = DEFINITIONAL_REPRESENTATION('',(#5143),#5149);
#5143 = B_SPLINE_CURVE_WITH_KNOTS('',4,(#5144,#5145,#5146,#5147,#5148),
  .UNSPECIFIED.,.F.,.F.,(5,5),(0.,1.),.PIECEWISE_BEZIER_KNOTS.);
#5144 = CARTESIAN_POINT('',(-6.28318530718,-13.09363079748));
#5145 = CARTESIAN_POINT('',(-6.268993941167,-14.12019571211));
#5146 = CARTESIAN_POINT('',(-6.254793959324,-15.14676773404));
#5147 = CARTESIAN_POINT('',(-6.240596829898,-16.17336335285));
#5148 = CARTESIAN_POINT('',(-6.226413170035,-17.2));
#5149 = ( GEOMETRIC_REPRESENTATION_CONTEXT(2) 
PARAMETRIC_REPRESENTATION_CONTEXT() REPRESENTATION_CONTEXT('2D SPACE',''
  ) );
#5150 = PCURVE('',#5151,#5156);
#5151 = B_SPLINE_SURFACE_WITH_KNOTS('',1,1,(
    (#5152,#5153)
    ,(#5154,#5155
    )),.UNSPECIFIED.,.F.,.F.,.F.,(2,2),(2,2),(-5.,5.),(0.,1.),
  .PIECEWISE_BEZIER_KNOTS.);
#5152 = CARTESIAN_POINT('',(14.36239023187,166.5,19.895867915867));
#5153 = CARTESIAN_POINT('',(14.5,181.,22.675));
#5154 = CARTESIAN_POINT('',(4.546118397394,166.5,21.803957869633));
#5155 = CARTESIAN_POINT('',(4.5,181.,22.675));
#5156 = DEFINITIONAL_REPRESENTATION('',(#5157),#5163);
#5157 = B_SPLINE_CURVE_WITH_KNOTS('',4,(#5158,#5159,#5160,#5161,#5162),
  .UNSPECIFIED.,.F.,.F.,(5,5),(0.,1.),.PIECEWISE_BEZIER_KNOTS.);
#5158 = CARTESIAN_POINT('',(-2.926514778882,0.716802123964));
#5159 = CARTESIAN_POINT('',(-2.793202093373,0.787599704284));
#5160 = CARTESIAN_POINT('',(-2.65700644038,0.858397774762));
#5161 = CARTESIAN_POINT('',(-2.518143656334,0.929197472611));
#5162 = CARTESIAN_POINT('',(-2.376858720549,1.));
#5163 = ( GEOMETRIC_REPRESENTATION_CONTEXT(2) 
PARAMETRIC_REPRESENTATION_CONTEXT() REPRESENTATION_CONTEXT('2D SPACE',''
  ) );
#5164 = ORIENTED_EDGE('',*,*,#5165,.T.);
#5165 = EDGE_CURVE('',#5132,#5166,#5168,.T.);
#5166 = VERTEX_POINT('',#5167);
#5167 = CARTESIAN_POINT('',(11.896024464832,181.,22.));
#5168 = SURFACE_CURVE('',#5169,(#5174,#5181),.PCURVE_S1.);
#5169 = CIRCLE('',#5170,11.896024464832);
#5170 = AXIS2_PLACEMENT_3D('',#5171,#5172,#5173);
#5171 = CARTESIAN_POINT('',(0.,181.,22.));
#5172 = DIRECTION('',(0.,1.,1.110223024625E-16));
#5173 = DIRECTION('',(1.,0.,-0.));
#5174 = PCURVE('',#3585,#5175);
#5175 = DEFINITIONAL_REPRESENTATION('',(#5176),#5180);
#5176 = LINE('',#5177,#5178);
#5177 = CARTESIAN_POINT('',(-0.,-17.2));
#5178 = VECTOR('',#5179,1.);
#5179 = DIRECTION('',(-1.,-0.));
#5180 = ( GEOMETRIC_REPRESENTATION_CONTEXT(2) 
PARAMETRIC_REPRESENTATION_CONTEXT() REPRESENTATION_CONTEXT('2D SPACE',''
  ) );
#5181 = PCURVE('',#5182,#5187);
#5182 = PLANE('',#5183);
#5183 = AXIS2_PLACEMENT_3D('',#5184,#5185,#5186);
#5184 = CARTESIAN_POINT('',(4.5,181.,21.325));
#5185 = DIRECTION('',(0.,-1.,0.));
#5186 = DIRECTION('',(0.991010194463,0.,0.133786376252));
#5187 = DEFINITIONAL_REPRESENTATION('',(#5188),#5196);
#5188 = ( BOUNDED_CURVE() B_SPLINE_CURVE(2,(#5189,#5190,#5191,#5192,
#5193,#5194,#5195),.UNSPECIFIED.,.T.,.F.) B_SPLINE_CURVE_WITH_KNOTS((1,2
    ,2,2,2,1),(-2.094395102393,0.,2.094395102393,4.188790204786,
6.28318530718,8.377580409573),.UNSPECIFIED.) CURVE() 
GEOMETRIC_REPRESENTATION_ITEM() RATIONAL_B_SPLINE_CURVE((1.,0.5,1.,0.5,
1.,0.5,1.)) REPRESENTATION_ITEM('') );
#5189 = CARTESIAN_POINT('',(7.419841447115,-0.320555430562));
#5190 = CARTESIAN_POINT('',(4.663237544956,-20.7398435947));
#5191 = CARTESIAN_POINT('',(-11.6420827813,-8.142910505192));
#5192 = CARTESIAN_POINT('',(-27.94740310756,4.45402258432));
#5193 = CARTESIAN_POINT('',(-8.885478879146,12.276377658949));
#5194 = CARTESIAN_POINT('',(10.176445349274,20.098732733579));
#5195 = CARTESIAN_POINT('',(7.419841447115,-0.320555430562));
#5196 = ( GEOMETRIC_REPRESENTATION_CONTEXT(2) 
PARAMETRIC_REPRESENTATION_CONTEXT() REPRESENTATION_CONTEXT('2D SPACE',''
  ) );
#5197 = ORIENTED_EDGE('',*,*,#5198,.T.);
#5198 = EDGE_CURVE('',#5166,#3774,#5199,.T.);
#5199 = SEAM_CURVE('',#5200,(#5204,#5211),.PCURVE_S1.);
#5200 = LINE('',#5201,#5202);
#5201 = CARTESIAN_POINT('',(14.,163.8,22.));
#5202 = VECTOR('',#5203,1.);
#5203 = DIRECTION('',(-0.121419122709,0.992601328148,8.046177688209E-17)
  );
#5204 = PCURVE('',#3585,#5205);
#5205 = DEFINITIONAL_REPRESENTATION('',(#5206),#5210);
#5206 = LINE('',#5207,#5208);
#5207 = CARTESIAN_POINT('',(-6.28318530718,0.));
#5208 = VECTOR('',#5209,1.);
#5209 = DIRECTION('',(-0.,-1.));
#5210 = ( GEOMETRIC_REPRESENTATION_CONTEXT(2) 
PARAMETRIC_REPRESENTATION_CONTEXT() REPRESENTATION_CONTEXT('2D SPACE',''
  ) );
#5211 = PCURVE('',#3585,#5212);
#5212 = DEFINITIONAL_REPRESENTATION('',(#5213),#5217);
#5213 = LINE('',#5214,#5215);
#5214 = CARTESIAN_POINT('',(0.,-0.));
#5215 = VECTOR('',#5216,1.);
#5216 = DIRECTION('',(-0.,-1.));
#5217 = ( GEOMETRIC_REPRESENTATION_CONTEXT(2) 
PARAMETRIC_REPRESENTATION_CONTEXT() REPRESENTATION_CONTEXT('2D SPACE',''
  ) );
#5218 = ORIENTED_EDGE('',*,*,#3773,.F.);
#5219 = ORIENTED_EDGE('',*,*,#5198,.F.);
#5220 = ORIENTED_EDGE('',*,*,#5221,.T.);
#5221 = EDGE_CURVE('',#5166,#5222,#5224,.T.);
#5222 = VERTEX_POINT('',#5223);
#5223 = CARTESIAN_POINT('',(11.876858720549,181.,21.325));
#5224 = SURFACE_CURVE('',#5225,(#5230,#5237),.PCURVE_S1.);
#5225 = CIRCLE('',#5226,11.896024464832);
#5226 = AXIS2_PLACEMENT_3D('',#5227,#5228,#5229);
#5227 = CARTESIAN_POINT('',(0.,181.,22.));
#5228 = DIRECTION('',(0.,1.,1.110223024625E-16));
#5229 = DIRECTION('',(1.,0.,-0.));
#5230 = PCURVE('',#3585,#5231);
#5231 = DEFINITIONAL_REPRESENTATION('',(#5232),#5236);
#5232 = LINE('',#5233,#5234);
#5233 = CARTESIAN_POINT('',(-0.,-17.2));
#5234 = VECTOR('',#5235,1.);
#5235 = DIRECTION('',(-1.,-0.));
#5236 = ( GEOMETRIC_REPRESENTATION_CONTEXT(2) 
PARAMETRIC_REPRESENTATION_CONTEXT() REPRESENTATION_CONTEXT('2D SPACE',''
  ) );
#5237 = PCURVE('',#5182,#5238);
#5238 = DEFINITIONAL_REPRESENTATION('',(#5239),#5247);
#5239 = ( BOUNDED_CURVE() B_SPLINE_CURVE(2,(#5240,#5241,#5242,#5243,
#5244,#5245,#5246),.UNSPECIFIED.,.T.,.F.) B_SPLINE_CURVE_WITH_KNOTS((1,2
    ,2,2,2,1),(-2.094395102393,0.,2.094395102393,4.188790204786,
6.28318530718,8.377580409573),.UNSPECIFIED.) CURVE() 
GEOMETRIC_REPRESENTATION_ITEM() RATIONAL_B_SPLINE_CURVE((1.,0.5,1.,0.5,
1.,0.5,1.)) REPRESENTATION_ITEM('') );
#5240 = CARTESIAN_POINT('',(7.419841447115,-0.320555430562));
#5241 = CARTESIAN_POINT('',(4.663237544956,-20.7398435947));
#5242 = CARTESIAN_POINT('',(-11.6420827813,-8.142910505192));
#5243 = CARTESIAN_POINT('',(-27.94740310756,4.45402258432));
#5244 = CARTESIAN_POINT('',(-8.885478879146,12.276377658949));
#5245 = CARTESIAN_POINT('',(10.176445349274,20.098732733579));
#5246 = CARTESIAN_POINT('',(7.419841447115,-0.320555430562));
#5247 = ( GEOMETRIC_REPRESENTATION_CONTEXT(2) 
PARAMETRIC_REPRESENTATION_CONTEXT() REPRESENTATION_CONTEXT('2D SPACE',''
  ) );
#5248 = ORIENTED_EDGE('',*,*,#5249,.F.);
#5249 = EDGE_CURVE('',#5250,#5222,#5252,.T.);
#5250 = VERTEX_POINT('',#5251);
#5251 = CARTESIAN_POINT('',(13.273408082409,166.5,18.732277064536));
#5252 = SURFACE_CURVE('',#5253,(#5268,#5286),.PCURVE_S1.);
#5253 = B_SPLINE_CURVE_WITH_KNOTS('',4,(#5254,#5255,#5256,#5257,#5258,
    #5259,#5260,#5261,#5262,#5263,#5264,#5265,#5266,#5267),
  .UNSPECIFIED.,.F.,.F.,(5,3,3,3,5),(0.,0.249973049404,0.499957014906,
    0.749937592629,1.),.UNSPECIFIED.);
#5254 = CARTESIAN_POINT('',(13.273408082409,166.5,18.732277064536));
#5255 = CARTESIAN_POINT('',(13.203616750669,167.40617002253,
    18.912485772369));
#5256 = CARTESIAN_POINT('',(13.130700014892,168.31231502271,
    19.090211446922));
#5257 = CARTESIAN_POINT('',(13.054706847224,169.21844216601,
    19.265234994838));
#5258 = CARTESIAN_POINT('',(12.896724790626,171.03071695811,
    19.609469681238));
#5259 = CARTESIAN_POINT('',(12.814735568252,171.93686461454,
    19.7786808075));
#5260 = CARTESIAN_POINT('',(12.729830315886,172.84301107992,
    19.944774139025));
#5261 = CARTESIAN_POINT('',(12.554408225843,174.65530808875,
    20.270344312575));
#5262 = CARTESIAN_POINT('',(12.463891337529,175.56145863518,
    20.429821457215));
#5263 = CARTESIAN_POINT('',(12.370677766005,176.46762674409,
    20.585802509095));
#5264 = CARTESIAN_POINT('',(12.179096256045,178.28031504346,
    20.890493421849));
#5265 = CARTESIAN_POINT('',(12.080726468689,179.18683524987,
    21.03920105376));
#5266 = CARTESIAN_POINT('',(11.979928719911,180.09339337522,
    21.184081453625));
#5267 = CARTESIAN_POINT('',(11.876858720549,181.,21.325));
#5268 = PCURVE('',#3585,#5269);
#5269 = DEFINITIONAL_REPRESENTATION('',(#5270),#5285);
#5270 = B_SPLINE_CURVE_WITH_KNOTS('',4,(#5271,#5272,#5273,#5274,#5275,
    #5276,#5277,#5278,#5279,#5280,#5281,#5282,#5283,#5284),
  .UNSPECIFIED.,.F.,.F.,(5,3,3,3,5),(0.,0.249973049404,0.499957014906,
    0.749937592629,1.),.UNSPECIFIED.);
#5271 = CARTESIAN_POINT('',(-0.241385501322,-2.7));
#5272 = CARTESIAN_POINT('',(-0.229805125334,-3.606170022538));
#5273 = CARTESIAN_POINT('',(-0.218205376817,-4.512315022716));
#5274 = CARTESIAN_POINT('',(-0.206595864574,-5.418442166015));
#5275 = CARTESIAN_POINT('',(-0.183376920627,-7.230716958116));
#5276 = CARTESIAN_POINT('',(-0.171767481272,-8.136864614543));
#5277 = CARTESIAN_POINT('',(-0.160168387606,-9.043011079922));
#5278 = CARTESIAN_POINT('',(-0.13701161272,-10.85530808875));
#5279 = CARTESIAN_POINT('',(-0.125453923243,-11.76145863518));
#5280 = CARTESIAN_POINT('',(-0.113927134322,-12.66762674409));
#5281 = CARTESIAN_POINT('',(-9.095215040422E-02,-14.48031504346));
#5282 = CARTESIAN_POINT('',(-7.950397524443E-02,-15.38683524987));
#5283 = CARTESIAN_POINT('',(-6.81072811552E-02,-16.29339337522));
#5284 = CARTESIAN_POINT('',(-5.67721371445E-02,-17.2));
#5285 = ( GEOMETRIC_REPRESENTATION_CONTEXT(2) 
PARAMETRIC_REPRESENTATION_CONTEXT() REPRESENTATION_CONTEXT('2D SPACE',''
  ) );
#5286 = PCURVE('',#5287,#5292);
#5287 = B_SPLINE_SURFACE_WITH_KNOTS('',1,1,(
    (#5288,#5289)
    ,(#5290,#5291
    )),.UNSPECIFIED.,.F.,.F.,.F.,(2,2),(2,2),(-5.,5.),(0.,1.),
  .PIECEWISE_BEZIER_KNOTS.);
#5288 = CARTESIAN_POINT('',(4.288526253635,166.5,20.478761171978));
#5289 = CARTESIAN_POINT('',(4.5,181.,21.325));
#5290 = CARTESIAN_POINT('',(14.104798088112,166.5,18.570671218213));
#5291 = CARTESIAN_POINT('',(14.5,181.,21.325));
#5292 = DEFINITIONAL_REPRESENTATION('',(#5293),#5308);
#5293 = B_SPLINE_CURVE_WITH_KNOTS('',4,(#5294,#5295,#5296,#5297,#5298,
    #5299,#5300,#5301,#5302,#5303,#5304,#5305,#5306,#5307),
  .UNSPECIFIED.,.F.,.F.,(5,3,3,3,5),(0.,0.249973049404,0.499957014906,
    0.749937592629,1.),.UNSPECIFIED.);
#5294 = CARTESIAN_POINT('',(4.153049121171,0.));
#5295 = CARTESIAN_POINT('',(4.057781993021,6.249448431293E-02));
#5296 = CARTESIAN_POINT('',(3.959628774066,0.124987242946));
#5297 = CARTESIAN_POINT('',(3.858659468507,0.18747877007));
#5298 = CARTESIAN_POINT('',(3.651284623669,0.312463238491));
#5299 = CARTESIAN_POINT('',(3.544878752055,0.374956180313));
#5300 = CARTESIAN_POINT('',(3.435857070614,0.437449039995));
#5301 = CARTESIAN_POINT('',(3.212839181339,0.562435040604));
#5302 = CARTESIAN_POINT('',(3.098842893702,0.624928181737));
#5303 = CARTESIAN_POINT('',(2.982486400854,0.687422534075));
#5304 = CARTESIAN_POINT('',(2.745316027954,0.812435520239));
#5305 = CARTESIAN_POINT('',(2.624500513462,0.874954155164));
#5306 = CARTESIAN_POINT('',(2.501625218141,0.937475405188));
#5307 = CARTESIAN_POINT('',(2.376858720549,1.));
#5308 = ( GEOMETRIC_REPRESENTATION_CONTEXT(2) 
PARAMETRIC_REPRESENTATION_CONTEXT() REPRESENTATION_CONTEXT('2D SPACE',''
  ) );
#5309 = ORIENTED_EDGE('',*,*,#5310,.F.);
#5310 = EDGE_CURVE('',#5311,#5250,#5313,.T.);
#5311 = VERTEX_POINT('',#5312);
#5312 = CARTESIAN_POINT('',(13.531000226167,166.5,20.05747376219));
#5313 = SURFACE_CURVE('',#5314,(#5319,#5326),.PCURVE_S1.);
#5314 = CIRCLE('',#5315,13.669724770642);
#5315 = AXIS2_PLACEMENT_3D('',#5316,#5317,#5318);
#5316 = CARTESIAN_POINT('',(0.,166.5,22.));
#5317 = DIRECTION('',(0.,1.,1.110223024625E-16));
#5318 = DIRECTION('',(1.,0.,-0.));
#5319 = PCURVE('',#3585,#5320);
#5320 = DEFINITIONAL_REPRESENTATION('',(#5321),#5325);
#5321 = LINE('',#5322,#5323);
#5322 = CARTESIAN_POINT('',(-0.,-2.7));
#5323 = VECTOR('',#5324,1.);
#5324 = DIRECTION('',(-1.,-0.));
#5325 = ( GEOMETRIC_REPRESENTATION_CONTEXT(2) 
PARAMETRIC_REPRESENTATION_CONTEXT() REPRESENTATION_CONTEXT('2D SPACE',''
  ) );
#5326 = PCURVE('',#5327,#5332);
#5327 = PLANE('',#5328);
#5328 = AXIS2_PLACEMENT_3D('',#5329,#5330,#5331);
#5329 = CARTESIAN_POINT('',(4.288526253635,166.5,20.478761171978));
#5330 = DIRECTION('',(0.,-1.,0.));
#5331 = DIRECTION('',(0.998330190006,0.,-5.776531590897E-02));
#5332 = DEFINITIONAL_REPRESENTATION('',(#5333),#5341);
#5333 = ( BOUNDED_CURVE() B_SPLINE_CURVE(2,(#5334,#5335,#5336,#5337,
#5338,#5339,#5340),.UNSPECIFIED.,.T.,.F.) B_SPLINE_CURVE_WITH_KNOTS((1,2
    ,2,2,2,1),(-2.094395102393,0.,2.094395102393,4.188790204786,
6.28318530718,8.377580409573),.UNSPECIFIED.) CURVE() 
GEOMETRIC_REPRESENTATION_ITEM() RATIONAL_B_SPLINE_CURVE((1.,0.5,1.,0.5,
1.,0.5,1.)) REPRESENTATION_ITEM('') );
#5334 = CARTESIAN_POINT('',(9.277658856496,2.060606544163));
#5335 = CARTESIAN_POINT('',(10.645348475613,-21.57651576421));
#5336 = CARTESIAN_POINT('',(-10.50884472535,-10.94240856467));
#5337 = CARTESIAN_POINT('',(-31.66303792632,-0.308301365131));
#5338 = CARTESIAN_POINT('',(-11.87653434447,12.694713743704));
#5339 = CARTESIAN_POINT('',(7.90996923738,25.697728852539));
#5340 = CARTESIAN_POINT('',(9.277658856496,2.060606544163));
#5341 = ( GEOMETRIC_REPRESENTATION_CONTEXT(2) 
PARAMETRIC_REPRESENTATION_CONTEXT() REPRESENTATION_CONTEXT('2D SPACE',''
  ) );
#5342 = ORIENTED_EDGE('',*,*,#5343,.T.);
#5343 = EDGE_CURVE('',#5311,#5107,#5344,.T.);
#5344 = SURFACE_CURVE('',#5345,(#5360,#5378),.PCURVE_S1.);
#5345 = B_SPLINE_CURVE_WITH_KNOTS('',5,(#5346,#5347,#5348,#5349,#5350,
    #5351,#5352,#5353,#5354,#5355,#5356,#5357,#5358,#5359),
  .UNSPECIFIED.,.F.,.F.,(6,4,4,6),(0.,0.49935230178,0.958315125879,1.),
  .UNSPECIFIED.);
#5346 = CARTESIAN_POINT('',(13.531000226167,166.5,20.05747376219));
#5347 = CARTESIAN_POINT('',(13.432598515442,167.53818002846,
    20.265710989228));
#5348 = CARTESIAN_POINT('',(13.330354329999,168.57629875245,
    20.47088640941));
#5349 = CARTESIAN_POINT('',(13.224325268333,169.61436507038,
    20.672743960695));
#5350 = CARTESIAN_POINT('',(13.114595841609,170.65238959213,
    20.871034168239));
#5351 = CARTESIAN_POINT('',(12.897121078542,172.64442068399,
    21.244280454874));
#5352 = CARTESIAN_POINT('',(12.789932963901,173.59843205977,
    21.419826896761));
#5353 = CARTESIAN_POINT('',(12.679796785977,174.55242659004,
    21.591979249843));
#5354 = CARTESIAN_POINT('',(12.566814300091,175.50641384965,
    21.76056808819));
#5355 = CARTESIAN_POINT('',(12.44059413444,176.54704935638,
    21.940411535808));
#5356 = CARTESIAN_POINT('',(12.43006229708,176.63369466218,
    21.955354961361));
#5357 = CARTESIAN_POINT('',(12.419508040261,176.72033999849,
    21.970267590345));
#5358 = CARTESIAN_POINT('',(12.40893145281,176.80698537328,
    21.985149307723));
#5359 = CARTESIAN_POINT('',(12.398332624161,176.89363079748,22.));
#5360 = PCURVE('',#3585,#5361);
#5361 = DEFINITIONAL_REPRESENTATION('',(#5362),#5377);
#5362 = B_SPLINE_CURVE_WITH_KNOTS('',5,(#5363,#5364,#5365,#5366,#5367,
    #5368,#5369,#5370,#5371,#5372,#5373,#5374,#5375,#5376),
  .UNSPECIFIED.,.F.,.F.,(6,4,4,6),(0.,0.49935230178,0.958315125879,1.),
  .UNSPECIFIED.);
#5363 = CARTESIAN_POINT('',(-0.142586934117,-2.7));
#5364 = CARTESIAN_POINT('',(-0.128531005988,-3.738180028467));
#5365 = CARTESIAN_POINT('',(-0.114410278365,-4.776298752458));
#5366 = CARTESIAN_POINT('',(-0.100233934837,-5.814365070385));
#5367 = CARTESIAN_POINT('',(-8.601147403967E-02,-6.852389592134));
#5368 = CARTESIAN_POINT('',(-5.864668830433E-02,-8.844420683997));
#5369 = CARTESIAN_POINT('',(-4.551003208104E-02,-9.798432059778));
#5370 = CARTESIAN_POINT('',(-3.234988299236E-02,-10.75242659004));
#5371 = CARTESIAN_POINT('',(-1.917357827176E-02,-11.70641384965));
#5372 = CARTESIAN_POINT('',(-4.790823735969E-03,-12.74704935638));
#5373 = CARTESIAN_POINT('',(-3.593214755536E-03,-12.83369466218));
#5374 = CARTESIAN_POINT('',(-2.395537563693E-03,-12.92033999849));
#5375 = CARTESIAN_POINT('',(-1.197797536757E-03,-13.00698537328));
#5376 = CARTESIAN_POINT('',(0.,-13.09363079748));
#5377 = ( GEOMETRIC_REPRESENTATION_CONTEXT(2) 
PARAMETRIC_REPRESENTATION_CONTEXT() REPRESENTATION_CONTEXT('2D SPACE',''
  ) );
#5378 = PCURVE('',#5151,#5379);
#5379 = DEFINITIONAL_REPRESENTATION('',(#5380),#5395);
#5380 = B_SPLINE_CURVE_WITH_KNOTS('',5,(#5381,#5382,#5383,#5384,#5385,
    #5386,#5387,#5388,#5389,#5390,#5391,#5392,#5393,#5394),
  .UNSPECIFIED.,.F.,.F.,(6,4,4,6),(0.,0.49935230178,0.958315125879,1.),
  .UNSPECIFIED.);
#5381 = CARTESIAN_POINT('',(-4.153049121171,0.));
#5382 = CARTESIAN_POINT('',(-4.043903566413,7.159862265293E-02));
#5383 = CARTESIAN_POINT('',(-3.931209805819,0.143193017411));
#5384 = CARTESIAN_POINT('',(-3.815050173628,0.214783797958));
#5385 = CARTESIAN_POINT('',(-3.695533297817,0.286371696009));
#5386 = CARTESIAN_POINT('',(-3.459977249897,0.42375315062));
#5387 = CARTESIAN_POINT('',(-3.344438497102,0.489547038605));
#5388 = CARTESIAN_POINT('',(-3.226278343586,0.555339764831));
#5389 = CARTESIAN_POINT('',(-3.105614944371,0.621131989631));
#5390 = CARTESIAN_POINT('',(-2.971406957657,0.692899955612));
#5391 = CARTESIAN_POINT('',(-2.96021301014,0.698875494195));
#5392 = CARTESIAN_POINT('',(-2.948999583429,0.704851034497));
#5393 = CARTESIAN_POINT('',(-2.93776678191,0.710826577133));
#5394 = CARTESIAN_POINT('',(-2.926514756812,0.716802123629));
#5395 = ( GEOMETRIC_REPRESENTATION_CONTEXT(2) 
PARAMETRIC_REPRESENTATION_CONTEXT() REPRESENTATION_CONTEXT('2D SPACE',''
  ) );
#5396 = FACE_BOUND('',#5397,.F.);
#5397 = EDGE_LOOP('',(#5398,#5461,#5494,#5555));
#5398 = ORIENTED_EDGE('',*,*,#5399,.F.);
#5399 = EDGE_CURVE('',#5400,#5402,#5404,.T.);
#5400 = VERTEX_POINT('',#5401);
#5401 = CARTESIAN_POINT('',(0.993919479517,166.5,8.366456829813));
#5402 = VERTEX_POINT('',#5403);
#5403 = CARTESIAN_POINT('',(3.028188035941,181.,10.495849649502));
#5404 = SURFACE_CURVE('',#5405,(#5420,#5438),.PCURVE_S1.);
#5405 = B_SPLINE_CURVE_WITH_KNOTS('',4,(#5406,#5407,#5408,#5409,#5410,
    #5411,#5412,#5413,#5414,#5415,#5416,#5417,#5418,#5419),
  .UNSPECIFIED.,.F.,.F.,(5,3,3,3,5),(0.,0.249973049404,0.499957014906,
    0.749937592629,1.),.UNSPECIFIED.);
#5406 = CARTESIAN_POINT('',(0.993919479517,166.5,8.366456829813));
#5407 = CARTESIAN_POINT('',(1.143741437827,167.40617002253,8.4885198839)
  );
#5408 = CARTESIAN_POINT('',(1.290236088195,168.31231502271,
    8.612788074381));
#5409 = CARTESIAN_POINT('',(1.43321019368,169.21844216601,8.739147122407
    ));
#5410 = CARTESIAN_POINT('',(1.711777695021,171.03071695811,
    8.995771354944));
#5411 = CARTESIAN_POINT('',(1.847370976213,171.93686461454,
    9.126036852801));
#5412 = CARTESIAN_POINT('',(1.979097955579,172.84301107992,
    9.258112208424));
#5413 = CARTESIAN_POINT('',(2.234525183633,174.65530808875,
    9.525555246751));
#5414 = CARTESIAN_POINT('',(2.358225704477,175.56145863518,
    9.660923071125));
#5415 = CARTESIAN_POINT('',(2.477767922578,176.46762674409,
    9.797775241562));
#5416 = CARTESIAN_POINT('',(2.708344258223,178.28031504346,
    10.074134755083));
#5417 = CARTESIAN_POINT('',(2.819375684549,179.18683524987,
    10.213643167808));
#5418 = CARTESIAN_POINT('',(2.926016915557,180.09339337522,
    10.354278029322));
#5419 = CARTESIAN_POINT('',(3.028188035941,181.,10.495849649502));
#5420 = PCURVE('',#3585,#5421);
#5421 = DEFINITIONAL_REPRESENTATION('',(#5422),#5437);
#5422 = B_SPLINE_CURVE_WITH_KNOTS('',4,(#5423,#5424,#5425,#5426,#5427,
    #5428,#5429,#5430,#5431,#5432,#5433,#5434,#5435,#5436),
  .UNSPECIFIED.,.F.,.F.,(5,3,3,3,5),(0.,0.249973049404,0.499957014906,
    0.749937592629,1.),.UNSPECIFIED.);
#5423 = CARTESIAN_POINT('',(-1.498022562758,-2.7));
#5424 = CARTESIAN_POINT('',(-1.48644218677,-3.606170022537));
#5425 = CARTESIAN_POINT('',(-1.474842438253,-4.512315022716));
#5426 = CARTESIAN_POINT('',(-1.46323292601,-5.418442166015));
#5427 = CARTESIAN_POINT('',(-1.440013982063,-7.230716958116));
#5428 = CARTESIAN_POINT('',(-1.428404542708,-8.136864614544));
#5429 = CARTESIAN_POINT('',(-1.416805449042,-9.043011079922));
#5430 = CARTESIAN_POINT('',(-1.393648674156,-10.85530808875));
#5431 = CARTESIAN_POINT('',(-1.382090984678,-11.76145863518));
#5432 = CARTESIAN_POINT('',(-1.370564195758,-12.66762674409));
#5433 = CARTESIAN_POINT('',(-1.34758921184,-14.48031504346));
#5434 = CARTESIAN_POINT('',(-1.33614103668,-15.38683524987));
#5435 = CARTESIAN_POINT('',(-1.324744342591,-16.29339337522));
#5436 = CARTESIAN_POINT('',(-1.31340919858,-17.2));
#5437 = ( GEOMETRIC_REPRESENTATION_CONTEXT(2) 
PARAMETRIC_REPRESENTATION_CONTEXT() REPRESENTATION_CONTEXT('2D SPACE',''
  ) );
#5438 = PCURVE('',#5439,#5444);
#5439 = B_SPLINE_SURFACE_WITH_KNOTS('',1,1,(
    (#5440,#5441)
    ,(#5442,#5443
    )),.UNSPECIFIED.,.F.,.F.,.F.,(2,2),(2,2),(-5.,5.),(0.,1.),
  .PIECEWISE_BEZIER_KNOTS.);
#5440 = CARTESIAN_POINT('',(-0.121556607035,166.5,17.451280510816));
#5441 = CARTESIAN_POINT('',(0.748613326188,181.,17.511659205469));
#5442 = CARTESIAN_POINT('',(1.097136827017,166.5,7.525818994402));
#5443 = CARTESIAN_POINT('',(3.838783269938,181.,8.001094042517));
#5444 = DEFINITIONAL_REPRESENTATION('',(#5445),#5460);
#5445 = B_SPLINE_CURVE_WITH_KNOTS('',4,(#5446,#5447,#5448,#5449,#5450,
    #5451,#5452,#5453,#5454,#5455,#5456,#5457,#5458,#5459),
  .UNSPECIFIED.,.F.,.F.,(5,3,3,3,5),(0.,0.249973049404,0.499957014906,
    0.749937592629,1.),.UNSPECIFIED.);
#5446 = CARTESIAN_POINT('',(4.153049121171,0.));
#5447 = CARTESIAN_POINT('',(4.057781993021,6.249448431293E-02));
#5448 = CARTESIAN_POINT('',(3.959628774066,0.124987242946));
#5449 = CARTESIAN_POINT('',(3.858659468507,0.18747877007));
#5450 = CARTESIAN_POINT('',(3.651284623669,0.312463238491));
#5451 = CARTESIAN_POINT('',(3.544878752055,0.374956180313));
#5452 = CARTESIAN_POINT('',(3.435857070614,0.437449039995));
#5453 = CARTESIAN_POINT('',(3.212839181339,0.562435040604));
#5454 = CARTESIAN_POINT('',(3.098842893702,0.624928181737));
#5455 = CARTESIAN_POINT('',(2.982486400854,0.687422534075));
#5456 = CARTESIAN_POINT('',(2.745316027954,0.812435520239));
#5457 = CARTESIAN_POINT('',(2.624500513462,0.874954155164));
#5458 = CARTESIAN_POINT('',(2.501625218141,0.937475405188));
#5459 = CARTESIAN_POINT('',(2.376858720549,1.));
#5460 = ( GEOMETRIC_REPRESENTATION_CONTEXT(2) 
PARAMETRIC_REPRESENTATION_CONTEXT() REPRESENTATION_CONTEXT('2D SPACE',''
  ) );
#5461 = ORIENTED_EDGE('',*,*,#5462,.F.);
#5462 = EDGE_CURVE('',#5463,#5400,#5465,.T.);
#5463 = VERTEX_POINT('',#5464);
#5464 = CARTESIAN_POINT('',(2.333856784233,166.5,8.53098044341));
#5465 = SURFACE_CURVE('',#5466,(#5471,#5478),.PCURVE_S1.);
#5466 = CIRCLE('',#5467,13.669724770642);
#5467 = AXIS2_PLACEMENT_3D('',#5468,#5469,#5470);
#5468 = CARTESIAN_POINT('',(0.,166.5,22.));
#5469 = DIRECTION('',(0.,1.,1.110223024625E-16));
#5470 = DIRECTION('',(1.,0.,-0.));
#5471 = PCURVE('',#3585,#5472);
#5472 = DEFINITIONAL_REPRESENTATION('',(#5473),#5477);
#5473 = LINE('',#5474,#5475);
#5474 = CARTESIAN_POINT('',(-0.,-2.7));
#5475 = VECTOR('',#5476,1.);
#5476 = DIRECTION('',(-1.,-0.));
#5477 = ( GEOMETRIC_REPRESENTATION_CONTEXT(2) 
PARAMETRIC_REPRESENTATION_CONTEXT() REPRESENTATION_CONTEXT('2D SPACE',''
  ) );
#5478 = PCURVE('',#5479,#5484);
#5479 = PLANE('',#5480);
#5480 = AXIS2_PLACEMENT_3D('',#5481,#5482,#5483);
#5481 = CARTESIAN_POINT('',(-0.121556607035,166.5,17.451280510816));
#5482 = DIRECTION('',(0.,-1.,0.));
#5483 = DIRECTION('',(0.253562914598,0.,-0.967318896921));
#5484 = DEFINITIONAL_REPRESENTATION('',(#5485),#5493);
#5485 = ( BOUNDED_CURVE() B_SPLINE_CURVE(2,(#5486,#5487,#5488,#5489,
#5490,#5491,#5492),.UNSPECIFIED.,.T.,.F.) B_SPLINE_CURVE_WITH_KNOTS((1,2
    ,2,2,2,1),(-2.094395102393,0.,2.094395102393,4.188790204786,
6.28318530718,8.377580409573),.UNSPECIFIED.) CURVE() 
GEOMETRIC_REPRESENTATION_ITEM() RATIONAL_B_SPLINE_CURVE((1.,0.5,1.,0.5,
1.,0.5,1.)) REPRESENTATION_ITEM('') );
#5486 = CARTESIAN_POINT('',(-0.90310481651,14.493953660749));
#5487 = CARTESIAN_POINT('',(21.999773716673,8.490431293872));
#5488 = CARTESIAN_POINT('',(5.349131568178,-8.342282152215));
#5489 = CARTESIAN_POINT('',(-11.30151058031,-25.1749955983));
#5490 = CARTESIAN_POINT('',(-17.553746965,-2.338759785338));
#5491 = CARTESIAN_POINT('',(-23.80598334969,20.497476027626));
#5492 = CARTESIAN_POINT('',(-0.90310481651,14.493953660749));
#5493 = ( GEOMETRIC_REPRESENTATION_CONTEXT(2) 
PARAMETRIC_REPRESENTATION_CONTEXT() REPRESENTATION_CONTEXT('2D SPACE',''
  ) );
#5494 = ORIENTED_EDGE('',*,*,#5495,.T.);
#5495 = EDGE_CURVE('',#5463,#5496,#5498,.T.);
#5496 = VERTEX_POINT('',#5497);
#5497 = CARTESIAN_POINT('',(4.312114332939,181.,10.913022591908));
#5498 = SURFACE_CURVE('',#5499,(#5514,#5532),.PCURVE_S1.);
#5499 = B_SPLINE_CURVE_WITH_KNOTS('',4,(#5500,#5501,#5502,#5503,#5504,
    #5505,#5506,#5507,#5508,#5509,#5510,#5511,#5512,#5513),
  .UNSPECIFIED.,.F.,.F.,(5,3,3,3,5),(0.,0.249945684657,0.49992163647,
    0.749911975268,1.),.UNSPECIFIED.);
#5500 = CARTESIAN_POINT('',(2.333856784233,166.5,8.53098044341));
#5501 = CARTESIAN_POINT('',(2.480184277975,167.40620665089,
    8.668838259148));
#5502 = CARTESIAN_POINT('',(2.623180277685,168.31236342424,
    8.808897173111));
#5503 = CARTESIAN_POINT('',(2.762652004819,169.2184780773,8.95104283231)
  );
#5504 = CARTESIAN_POINT('',(3.034218749884,171.03075119939,
    9.239244041326));
#5505 = CARTESIAN_POINT('',(3.166313078853,171.93690966803,
    9.385300206185));
#5506 = CARTESIAN_POINT('',(3.294537861033,172.8430443623,9.533162519804
    ));
#5507 = CARTESIAN_POINT('',(3.542964204698,174.655339237,9.832182835172)
  );
#5508 = CARTESIAN_POINT('',(3.66316546573,175.56149941781,9.983341212551
    ));
#5509 = CARTESIAN_POINT('',(3.779205695916,176.46765672243,
    10.135980789796));
#5510 = CARTESIAN_POINT('',(4.002779619617,178.28034251965,
    10.443924325291));
#5511 = CARTESIAN_POINT('',(4.110310076483,179.18687101514,
    10.599229516131));
#5512 = CARTESIAN_POINT('',(4.213448122577,180.09341951113,
    10.755658711476));
#5513 = CARTESIAN_POINT('',(4.312114332939,181.,10.913022591908));
#5514 = PCURVE('',#3585,#5515);
#5515 = DEFINITIONAL_REPRESENTATION('',(#5516),#5531);
#5516 = B_SPLINE_CURVE_WITH_KNOTS('',4,(#5517,#5518,#5519,#5520,#5521,
    #5522,#5523,#5524,#5525,#5526,#5527,#5528,#5529,#5530),
  .UNSPECIFIED.,.F.,.F.,(5,3,3,3,5),(0.,0.249945684657,0.49992163647,
    0.749911975268,1.),.UNSPECIFIED.);
#5517 = CARTESIAN_POINT('',(-1.399223995553,-2.7));
#5518 = CARTESIAN_POINT('',(-1.386954856092,-3.606206650897));
#5519 = CARTESIAN_POINT('',(-1.374633049654,-4.512363424245));
#5520 = CARTESIAN_POINT('',(-1.362266417048,-5.418478077308));
#5521 = CARTESIAN_POINT('',(-1.337458190881,-7.23075119939));
#5522 = CARTESIAN_POINT('',(-1.325016579675,-8.136909668034));
#5523 = CARTESIAN_POINT('',(-1.312546322363,-9.043044362302));
#5524 = CARTESIAN_POINT('',(-1.287563994527,-10.855339237));
#5525 = CARTESIAN_POINT('',(-1.275051912556,-11.76149941781));
#5526 = CARTESIAN_POINT('',(-1.262527372496,-12.66765672243));
#5527 = CARTESIAN_POINT('',(-1.237464140519,-14.48034251965));
#5528 = CARTESIAN_POINT('',(-1.22492543607,-15.38687101514));
#5529 = CARTESIAN_POINT('',(-1.212389929441,-16.29341951113));
#5530 = CARTESIAN_POINT('',(-1.199864924291,-17.2));
#5531 = ( GEOMETRIC_REPRESENTATION_CONTEXT(2) 
PARAMETRIC_REPRESENTATION_CONTEXT() REPRESENTATION_CONTEXT('2D SPACE',''
  ) );
#5532 = PCURVE('',#5533,#5538);
#5533 = B_SPLINE_SURFACE_WITH_KNOTS('',1,1,(
    (#5534,#5535)
    ,(#5536,#5537
    )),.UNSPECIFIED.,.F.,.F.,.F.,(2,2),(2,2),(-5.,5.),(0.,1.),
  .PIECEWISE_BEZIER_KNOTS.);
#5534 = CARTESIAN_POINT('',(2.437074131733,166.5,7.690342607999));
#5535 = CARTESIAN_POINT('',(5.122709566936,181.,8.418266984923));
#5536 = CARTESIAN_POINT('',(1.218380697681,166.5,17.615804124413));
#5537 = CARTESIAN_POINT('',(2.032539623186,181.,17.928832147875));
#5538 = DEFINITIONAL_REPRESENTATION('',(#5539),#5554);
#5539 = B_SPLINE_CURVE_WITH_KNOTS('',4,(#5540,#5541,#5542,#5543,#5544,
    #5545,#5546,#5547,#5548,#5549,#5550,#5551,#5552,#5553),
  .UNSPECIFIED.,.F.,.F.,(5,3,3,3,5),(0.,0.249945684657,0.49992163647,
    0.749911975268,1.),.UNSPECIFIED.);
#5540 = CARTESIAN_POINT('',(-4.153049121171,0.));
#5541 = CARTESIAN_POINT('',(-4.057778142222,6.249701040672E-02));
#5542 = CARTESIAN_POINT('',(-3.959623451459,0.124990580982));
#5543 = CARTESIAN_POINT('',(-3.858655359252,0.187481246711));
#5544 = CARTESIAN_POINT('',(-3.651280705511,0.312465599958));
#5545 = CARTESIAN_POINT('',(-3.544873390923,0.374959287451));
#5546 = CARTESIAN_POINT('',(-3.435852974947,0.437451335331));
#5547 = CARTESIAN_POINT('',(-3.212835348294,0.562437188759));
#5548 = CARTESIAN_POINT('',(-3.098837703868,0.624930994332));
#5549 = CARTESIAN_POINT('',(-2.982482478517,0.687424601547));
#5550 = CARTESIAN_POINT('',(-2.745312432996,0.812437415148));
#5551 = CARTESIAN_POINT('',(-2.624495700137,0.874956621734));
#5552 = CARTESIAN_POINT('',(-2.501621621337,0.937477207664));
#5553 = CARTESIAN_POINT('',(-2.376858720549,1.));
#5554 = ( GEOMETRIC_REPRESENTATION_CONTEXT(2) 
PARAMETRIC_REPRESENTATION_CONTEXT() REPRESENTATION_CONTEXT('2D SPACE',''
  ) );
#5555 = ORIENTED_EDGE('',*,*,#5556,.T.);
#5556 = EDGE_CURVE('',#5496,#5402,#5557,.T.);
#5557 = SURFACE_CURVE('',#5558,(#5563,#5570),.PCURVE_S1.);
#5558 = CIRCLE('',#5559,11.896024464832);
#5559 = AXIS2_PLACEMENT_3D('',#5560,#5561,#5562);
#5560 = CARTESIAN_POINT('',(0.,181.,22.));
#5561 = DIRECTION('',(0.,1.,1.110223024625E-16));
#5562 = DIRECTION('',(1.,0.,-0.));
#5563 = PCURVE('',#3585,#5564);
#5564 = DEFINITIONAL_REPRESENTATION('',(#5565),#5569);
#5565 = LINE('',#5566,#5567);
#5566 = CARTESIAN_POINT('',(-0.,-17.2));
#5567 = VECTOR('',#5568,1.);
#5568 = DIRECTION('',(-1.,-0.));
#5569 = ( GEOMETRIC_REPRESENTATION_CONTEXT(2) 
PARAMETRIC_REPRESENTATION_CONTEXT() REPRESENTATION_CONTEXT('2D SPACE',''
  ) );
#5570 = PCURVE('',#5571,#5576);
#5571 = PLANE('',#5572);
#5572 = AXIS2_PLACEMENT_3D('',#5573,#5574,#5575);
#5573 = CARTESIAN_POINT('',(0.748613326188,181.,17.511659205469));
#5574 = DIRECTION('',(0.,-1.,0.));
#5575 = DIRECTION('',(0.433477396614,0.,-0.901164439281));
#5576 = DEFINITIONAL_REPRESENTATION('',(#5577),#5585);
#5577 = ( BOUNDED_CURVE() B_SPLINE_CURVE(2,(#5578,#5579,#5580,#5581,
#5582,#5583,#5584),.UNSPECIFIED.,.T.,.F.) B_SPLINE_CURVE_WITH_KNOTS((1,2
    ,2,2,2,1),(-2.094395102393,0.,2.094395102393,4.188790204786,
6.28318530718,8.377580409573),.UNSPECIFIED.) CURVE() 
GEOMETRIC_REPRESENTATION_ITEM() RATIONAL_B_SPLINE_CURVE((1.,0.5,1.,0.5,
1.,0.5,1.)) REPRESENTATION_ITEM('') );
#5578 = CARTESIAN_POINT('',(0.787417643963,11.991244790921));
#5579 = CARTESIAN_POINT('',(19.35547725805,3.059651631169));
#5580 = CARTESIAN_POINT('',(2.336460878394,-8.554963113739));
#5581 = CARTESIAN_POINT('',(-14.68255550126,-20.16957785864));
#5582 = CARTESIAN_POINT('',(-16.23159873569,0.376630046013));
#5583 = CARTESIAN_POINT('',(-17.78064197012,20.922837950673));
#5584 = CARTESIAN_POINT('',(0.787417643963,11.991244790921));
#5585 = ( GEOMETRIC_REPRESENTATION_CONTEXT(2) 
PARAMETRIC_REPRESENTATION_CONTEXT() REPRESENTATION_CONTEXT('2D SPACE',''
  ) );
#5586 = FACE_BOUND('',#5587,.F.);
#5587 = EDGE_LOOP('',(#5588,#5651,#5680,#5741));
#5588 = ORIENTED_EDGE('',*,*,#5589,.F.);
#5589 = EDGE_CURVE('',#5590,#5592,#5594,.T.);
#5590 = VERTEX_POINT('',#5591);
#5591 = CARTESIAN_POINT('',(-12.65913206198,166.5,16.8417298692));
#5592 = VERTEX_POINT('',#5593);
#5593 = CARTESIAN_POINT('',(-10.00533559001,181.,15.565044071703));
#5594 = SURFACE_CURVE('',#5595,(#5610,#5628),.PCURVE_S1.);
#5595 = B_SPLINE_CURVE_WITH_KNOTS('',4,(#5596,#5597,#5598,#5599,#5600,
    #5601,#5602,#5603,#5604,#5605,#5606,#5607,#5608,#5609),
  .UNSPECIFIED.,.F.,.F.,(5,3,3,3,5),(0.,0.249973049404,0.499957014906,
    0.749937592629,1.),.UNSPECIFIED.);
#5596 = CARTESIAN_POINT('',(-12.65913206198,166.5,16.8417298692));
#5597 = CARTESIAN_POINT('',(-12.49674566775,167.40617002253,
    16.736960277563));
#5598 = CARTESIAN_POINT('',(-12.33329025887,168.31231502271,
    16.636036568448));
#5599 = CARTESIAN_POINT('',(-12.1689342345,169.21844216601,
    16.539107206998));
#5600 = CARTESIAN_POINT('',(-11.83878799392,171.03071695811,
    16.353475018642));
#5601 = CARTESIAN_POINT('',(-11.67299751512,171.93686461454,
    16.264772397617));
#5602 = CARTESIAN_POINT('',(-11.50668051227,172.84301107992,
    16.180306124944));
#5603 = CARTESIAN_POINT('',(-11.17339571364,174.65530808875,
    16.020024839135));
#5604 = CARTESIAN_POINT('',(-11.00642769901,175.56145863518,
    15.94420961094));
#5605 = CARTESIAN_POINT('',(-10.83933297361,176.46762674409,
    15.872807851825));
#5606 = CARTESIAN_POINT('',(-10.50524745122,178.28031504346,
    15.738916511541));
#5607 = CARTESIAN_POINT('',(-10.33825646858,179.18683524987,
    15.676429820411));
#5608 = CARTESIAN_POINT('',(-10.17155081443,180.09339337522,
    15.618466544964));
#5609 = CARTESIAN_POINT('',(-10.00533559001,181.,15.565044071703));
#5610 = PCURVE('',#3585,#5611);
#5611 = DEFINITIONAL_REPRESENTATION('',(#5612),#5627);
#5612 = B_SPLINE_CURVE_WITH_KNOTS('',4,(#5613,#5614,#5615,#5616,#5617,
    #5618,#5619,#5620,#5621,#5622,#5623,#5624,#5625,#5626),
  .UNSPECIFIED.,.F.,.F.,(5,3,3,3,5),(0.,0.249973049404,0.499957014906,
    0.749937592629,1.),.UNSPECIFIED.);
#5613 = CARTESIAN_POINT('',(-2.754659624194,-2.7));
#5614 = CARTESIAN_POINT('',(-2.743079248206,-3.606170022537));
#5615 = CARTESIAN_POINT('',(-2.731479499689,-4.512315022716));
#5616 = CARTESIAN_POINT('',(-2.719869987446,-5.418442166015));
#5617 = CARTESIAN_POINT('',(-2.696651043498,-7.230716958116));
#5618 = CARTESIAN_POINT('',(-2.685041604144,-8.136864614543));
#5619 = CARTESIAN_POINT('',(-2.673442510478,-9.043011079922));
#5620 = CARTESIAN_POINT('',(-2.650285735591,-10.85530808875));
#5621 = CARTESIAN_POINT('',(-2.638728046114,-11.76145863518));
#5622 = CARTESIAN_POINT('',(-2.627201257194,-12.66762674409));
#5623 = CARTESIAN_POINT('',(-2.604226273276,-14.48031504346));
#5624 = CARTESIAN_POINT('',(-2.592778098116,-15.38683524987));
#5625 = CARTESIAN_POINT('',(-2.581381404027,-16.29339337522));
#5626 = CARTESIAN_POINT('',(-2.570046260016,-17.2));
#5627 = ( GEOMETRIC_REPRESENTATION_CONTEXT(2) 
PARAMETRIC_REPRESENTATION_CONTEXT() REPRESENTATION_CONTEXT('2D SPACE',''
  ) );
#5628 = PCURVE('',#5629,#5634);
#5629 = B_SPLINE_SURFACE_WITH_KNOTS('',1,1,(
    (#5630,#5631)
    ,(#5632,#5633
    )),.UNSPECIFIED.,.F.,.F.,.F.,(2,2),(2,2),(-5.,5.),(0.,1.),
  .PIECEWISE_BEZIER_KNOTS.);
#5630 = CARTESIAN_POINT('',(-4.36365236834,166.5,20.709975578417));
#5631 = CARTESIAN_POINT('',(-4.037331519985,181.,19.901052835887));
#5632 = CARTESIAN_POINT('',(-13.4267302387,166.5,16.48379296101));
#5633 = CARTESIAN_POINT('',(-12.12750146373,181.,14.023200312962));
#5634 = DEFINITIONAL_REPRESENTATION('',(#5635),#5650);
#5635 = B_SPLINE_CURVE_WITH_KNOTS('',4,(#5636,#5637,#5638,#5639,#5640,
    #5641,#5642,#5643,#5644,#5645,#5646,#5647,#5648,#5649),
  .UNSPECIFIED.,.F.,.F.,(5,3,3,3,5),(0.,0.249973049404,0.499957014906,
    0.749937592629,1.),.UNSPECIFIED.);
#5636 = CARTESIAN_POINT('',(4.153049121171,0.));
#5637 = CARTESIAN_POINT('',(4.057781993021,6.249448431293E-02));
#5638 = CARTESIAN_POINT('',(3.959628774066,0.124987242946));
#5639 = CARTESIAN_POINT('',(3.858659468507,0.18747877007));
#5640 = CARTESIAN_POINT('',(3.651284623669,0.312463238491));
#5641 = CARTESIAN_POINT('',(3.544878752055,0.374956180313));
#5642 = CARTESIAN_POINT('',(3.435857070614,0.437449039995));
#5643 = CARTESIAN_POINT('',(3.212839181339,0.562435040604));
#5644 = CARTESIAN_POINT('',(3.098842893703,0.624928181737));
#5645 = CARTESIAN_POINT('',(2.982486400854,0.687422534075));
#5646 = CARTESIAN_POINT('',(2.745316027954,0.812435520239));
#5647 = CARTESIAN_POINT('',(2.624500513462,0.874954155164));
#5648 = CARTESIAN_POINT('',(2.501625218141,0.937475405188));
#5649 = CARTESIAN_POINT('',(2.376858720549,1.));
#5650 = ( GEOMETRIC_REPRESENTATION_CONTEXT(2) 
PARAMETRIC_REPRESENTATION_CONTEXT() REPRESENTATION_CONTEXT('2D SPACE',''
  ) );
#5651 = ORIENTED_EDGE('',*,*,#5652,.F.);
#5652 = EDGE_CURVE('',#5653,#5590,#5655,.T.);
#5653 = VERTEX_POINT('',#5654);
#5654 = CARTESIAN_POINT('',(-12.08859740863,166.5,15.618214356701));
#5655 = SURFACE_CURVE('',#5656,(#5661,#5668),.PCURVE_S1.);
#5656 = CIRCLE('',#5657,13.669724770642);
#5657 = AXIS2_PLACEMENT_3D('',#5658,#5659,#5660);
#5658 = CARTESIAN_POINT('',(0.,166.5,22.));
#5659 = DIRECTION('',(0.,1.,1.110223024625E-16));
#5660 = DIRECTION('',(1.,0.,-0.));
#5661 = PCURVE('',#3585,#5662);
#5662 = DEFINITIONAL_REPRESENTATION('',(#5663),#5667);
#5663 = LINE('',#5664,#5665);
#5664 = CARTESIAN_POINT('',(-0.,-2.7));
#5665 = VECTOR('',#5666,1.);
#5666 = DIRECTION('',(-1.,-0.));
#5667 = ( GEOMETRIC_REPRESENTATION_CONTEXT(2) 
PARAMETRIC_REPRESENTATION_CONTEXT() REPRESENTATION_CONTEXT('2D SPACE',''
  ) );
#5668 = PCURVE('',#5669,#5674);
#5669 = PLANE('',#5670);
#5670 = AXIS2_PLACEMENT_3D('',#5671,#5672,#5673);
#5671 = CARTESIAN_POINT('',(-4.36365236834,166.5,20.709975578417));
#5672 = DIRECTION('',(0.,1.,0.));
#5673 = DIRECTION('',(-0.841619690498,0.,-0.540070640348));
#5674 = DEFINITIONAL_REPRESENTATION('',(#5675),#5679);
#5675 = CIRCLE('',#5676,13.669724770642);
#5676 = AXIS2_PLACEMENT_2D('',#5677,#5678);
#5677 = CARTESIAN_POINT('',(-4.369240071112,-1.270970574399));
#5678 = DIRECTION('',(-0.841619690498,-0.540070640348));
#5679 = ( GEOMETRIC_REPRESENTATION_CONTEXT(2) 
PARAMETRIC_REPRESENTATION_CONTEXT() REPRESENTATION_CONTEXT('2D SPACE',''
  ) );
#5680 = ORIENTED_EDGE('',*,*,#5681,.T.);
#5681 = EDGE_CURVE('',#5653,#5682,#5684,.T.);
#5682 = VERTEX_POINT('',#5683);
#5683 = CARTESIAN_POINT('',(-9.211825499417,181.,14.472871129297));
#5684 = SURFACE_CURVE('',#5685,(#5700,#5718),.PCURVE_S1.);
#5685 = B_SPLINE_CURVE_WITH_KNOTS('',4,(#5686,#5687,#5688,#5689,#5690,
    #5691,#5692,#5693,#5694,#5695,#5696,#5697,#5698,#5699),
  .UNSPECIFIED.,.F.,.F.,(5,3,3,3,5),(0.,0.249945684657,0.49992163647,
    0.749911975268,1.),.UNSPECIFIED.);
#5686 = CARTESIAN_POINT('',(-12.08859740863,166.5,15.618214356701));
#5687 = CARTESIAN_POINT('',(-11.91226915234,167.40620665089,
    15.521649048135));
#5688 = CARTESIAN_POINT('',(-11.73487701551,168.31236342424,
    15.428932355435));
#5689 = CARTESIAN_POINT('',(-11.55658932615,169.2184780773,
    15.340212284875));
#5690 = CARTESIAN_POINT('',(-11.19857494898,171.03075119939,
    15.170996033756));
#5691 = CARTESIAN_POINT('',(-11.01884788913,171.93690966803,
    15.0905006985));
#5692 = CARTESIAN_POINT('',(-10.83859883546,172.8430443623,
    15.014243651592));
#5693 = CARTESIAN_POINT('',(-10.47744565398,174.655339237,
    14.870378517742));
#5694 = CARTESIAN_POINT('',(-10.29654126178,175.56149941781,
    14.802770832623));
#5695 = CARTESIAN_POINT('',(-10.11551399403,176.46765672243,
    14.739578238935));
#5696 = CARTESIAN_POINT('',(-9.753554146032,178.28034251965,
    14.622106587702));
#5697 = CARTESIAN_POINT('',(-9.572621393685,179.18687101514,
    14.567830989283));
#5698 = CARTESIAN_POINT('',(-9.391976979104,180.09341951113,
    14.518080158245));
#5699 = CARTESIAN_POINT('',(-9.211825499417,181.,14.472871129297));
#5700 = PCURVE('',#3585,#5701);
#5701 = DEFINITIONAL_REPRESENTATION('',(#5702),#5717);
#5702 = B_SPLINE_CURVE_WITH_KNOTS('',4,(#5703,#5704,#5705,#5706,#5707,
    #5708,#5709,#5710,#5711,#5712,#5713,#5714,#5715,#5716),
  .UNSPECIFIED.,.F.,.F.,(5,3,3,3,5),(0.,0.249945684657,0.49992163647,
    0.749911975268,1.),.UNSPECIFIED.);
#5703 = CARTESIAN_POINT('',(-2.655861056988,-2.7));
#5704 = CARTESIAN_POINT('',(-2.643591917528,-3.606206650897));
#5705 = CARTESIAN_POINT('',(-2.63127011109,-4.512363424245));
#5706 = CARTESIAN_POINT('',(-2.618903478484,-5.418478077308));
#5707 = CARTESIAN_POINT('',(-2.594095252317,-7.23075119939));
#5708 = CARTESIAN_POINT('',(-2.581653641111,-8.136909668034));
#5709 = CARTESIAN_POINT('',(-2.569183383799,-9.043044362302));
#5710 = CARTESIAN_POINT('',(-2.544201055963,-10.855339237));
#5711 = CARTESIAN_POINT('',(-2.531688973992,-11.76149941781));
#5712 = CARTESIAN_POINT('',(-2.519164433932,-12.66765672243));
#5713 = CARTESIAN_POINT('',(-2.494101201955,-14.48034251965));
#5714 = CARTESIAN_POINT('',(-2.481562497506,-15.38687101514));
#5715 = CARTESIAN_POINT('',(-2.469026990877,-16.29341951113));
#5716 = CARTESIAN_POINT('',(-2.456501985727,-17.2));
#5717 = ( GEOMETRIC_REPRESENTATION_CONTEXT(2) 
PARAMETRIC_REPRESENTATION_CONTEXT() REPRESENTATION_CONTEXT('2D SPACE',''
  ) );
#5718 = PCURVE('',#5719,#5724);
#5719 = B_SPLINE_SURFACE_WITH_KNOTS('',1,1,(
    (#5720,#5721)
    ,(#5722,#5723
    )),.UNSPECIFIED.,.F.,.F.,.F.,(2,2),(2,2),(-5.,5.),(0.,1.),
  .PIECEWISE_BEZIER_KNOTS.);
#5720 = CARTESIAN_POINT('',(-12.85619558535,166.5,15.26027744851));
#5721 = CARTESIAN_POINT('',(-11.33399137313,181.,12.931027370556));
#5722 = CARTESIAN_POINT('',(-3.79311771499,166.5,19.486460065917));
#5723 = CARTESIAN_POINT('',(-3.24382142939,181.,18.808879893481));
#5724 = DEFINITIONAL_REPRESENTATION('',(#5725),#5740);
#5725 = B_SPLINE_CURVE_WITH_KNOTS('',4,(#5726,#5727,#5728,#5729,#5730,
    #5731,#5732,#5733,#5734,#5735,#5736,#5737,#5738,#5739),
  .UNSPECIFIED.,.F.,.F.,(5,3,3,3,5),(0.,0.249945684657,0.49992163647,
    0.749911975268,1.),.UNSPECIFIED.);
#5726 = CARTESIAN_POINT('',(-4.153049121171,0.));
#5727 = CARTESIAN_POINT('',(-4.057778142222,6.249701040672E-02));
#5728 = CARTESIAN_POINT('',(-3.959623451459,0.124990580982));
#5729 = CARTESIAN_POINT('',(-3.858655359252,0.187481246711));
#5730 = CARTESIAN_POINT('',(-3.651280705511,0.312465599958));
#5731 = CARTESIAN_POINT('',(-3.544873390923,0.374959287451));
#5732 = CARTESIAN_POINT('',(-3.435852974947,0.437451335331));
#5733 = CARTESIAN_POINT('',(-3.212835348294,0.562437188759));
#5734 = CARTESIAN_POINT('',(-3.098837703868,0.624930994332));
#5735 = CARTESIAN_POINT('',(-2.982482478517,0.687424601547));
#5736 = CARTESIAN_POINT('',(-2.745312432996,0.812437415148));
#5737 = CARTESIAN_POINT('',(-2.624495700137,0.874956621734));
#5738 = CARTESIAN_POINT('',(-2.501621621337,0.937477207664));
#5739 = CARTESIAN_POINT('',(-2.376858720549,1.));
#5740 = ( GEOMETRIC_REPRESENTATION_CONTEXT(2) 
PARAMETRIC_REPRESENTATION_CONTEXT() REPRESENTATION_CONTEXT('2D SPACE',''
  ) );
#5741 = ORIENTED_EDGE('',*,*,#5742,.T.);
#5742 = EDGE_CURVE('',#5682,#5592,#5743,.T.);
#5743 = SURFACE_CURVE('',#5744,(#5749,#5756),.PCURVE_S1.);
#5744 = CIRCLE('',#5745,11.896024464832);
#5745 = AXIS2_PLACEMENT_3D('',#5746,#5747,#5748);
#5746 = CARTESIAN_POINT('',(0.,181.,22.));
#5747 = DIRECTION('',(0.,1.,1.110223024625E-16));
#5748 = DIRECTION('',(1.,0.,-0.));
#5749 = PCURVE('',#3585,#5750);
#5750 = DEFINITIONAL_REPRESENTATION('',(#5751),#5755);
#5751 = LINE('',#5752,#5753);
#5752 = CARTESIAN_POINT('',(-0.,-17.2));
#5753 = VECTOR('',#5754,1.);
#5754 = DIRECTION('',(-1.,-0.));
#5755 = ( GEOMETRIC_REPRESENTATION_CONTEXT(2) 
PARAMETRIC_REPRESENTATION_CONTEXT() REPRESENTATION_CONTEXT('2D SPACE',''
  ) );
#5756 = PCURVE('',#5757,#5762);
#5757 = PLANE('',#5758);
#5758 = AXIS2_PLACEMENT_3D('',#5759,#5760,#5761);
#5759 = CARTESIAN_POINT('',(-4.037331519985,181.,19.901052835887));
#5760 = DIRECTION('',(0.,1.,0.));
#5761 = DIRECTION('',(-0.72310643,0.,-0.690736629181));
#5762 = DEFINITIONAL_REPRESENTATION('',(#5763),#5767);
#5763 = CIRCLE('',#5764,11.896024464832);
#5764 = AXIS2_PLACEMENT_2D('',#5765,#5766);
#5765 = CARTESIAN_POINT('',(-4.369240071112,-1.270970574399));
#5766 = DIRECTION('',(-0.72310643,-0.690736629181));
#5767 = ( GEOMETRIC_REPRESENTATION_CONTEXT(2) 
PARAMETRIC_REPRESENTATION_CONTEXT() REPRESENTATION_CONTEXT('2D SPACE',''
  ) );
#5768 = FACE_BOUND('',#5769,.F.);
#5769 = EDGE_LOOP('',(#5770,#5833,#5862,#5923));
#5770 = ORIENTED_EDGE('',*,*,#5771,.F.);
#5771 = EDGE_CURVE('',#5772,#5774,#5776,.T.);
#5772 = VERTEX_POINT('',#5773);
#5773 = CARTESIAN_POINT('',(-8.817693361898,166.5,32.445556906199));
#5774 = VERTEX_POINT('',#5775);
#5775 = CARTESIAN_POINT('',(-9.211825499417,181.,29.527128870703));
#5776 = SURFACE_CURVE('',#5777,(#5792,#5810),.PCURVE_S1.);
#5777 = B_SPLINE_CURVE_WITH_KNOTS('',4,(#5778,#5779,#5780,#5781,#5782,
    #5783,#5784,#5785,#5786,#5787,#5788,#5789,#5790,#5791),
  .UNSPECIFIED.,.F.,.F.,(5,3,3,3,5),(0.,0.249973049404,0.499957014906,
    0.749937592629,1.),.UNSPECIFIED.);
#5778 = CARTESIAN_POINT('',(-8.817693361898,166.5,32.445556906199));
#5779 = CARTESIAN_POINT('',(-8.86715500926,167.40617002253,
    32.258742683493));
#5780 = CARTESIAN_POINT('',(-8.912628661298,168.31231502271,
    32.072100210508));
#5781 = CARTESIAN_POINT('',(-8.954025157468,169.21844216601,
    31.885835522598));
#5782 = CARTESIAN_POINT('',(-9.028551060867,171.03071695811,
    31.514484288252));
#5783 = CARTESIAN_POINT('',(-9.061680191152,171.93686461454,
    31.32939755571));
#5784 = CARTESIAN_POINT('',(-9.09061760985,172.84301107992,
    31.145119172672));
#5785 = CARTESIAN_POINT('',(-9.140063504415,174.65530808875,
    30.778616851954));
#5786 = CARTESIAN_POINT('',(-9.160572117189,175.56145863518,
    30.596392639692));
#5787 = CARTESIAN_POINT('',(-9.176844115651,176.46762674409,
    30.415411755265));
#5788 = CARTESIAN_POINT('',(-9.20094424331,178.28031504346,
    30.056302842649));
#5789 = CARTESIAN_POINT('',(-9.208769566547,179.18683524987,
    29.878175530961));
#5790 = CARTESIAN_POINT('',(-9.212381037177,180.09339337522,
    29.701717395122));
#5791 = CARTESIAN_POINT('',(-9.211825499417,181.,29.527128870703));
#5792 = PCURVE('',#3585,#5793);
#5793 = DEFINITIONAL_REPRESENTATION('',(#5794),#5809);
#5794 = B_SPLINE_CURVE_WITH_KNOTS('',4,(#5795,#5796,#5797,#5798,#5799,
    #5800,#5801,#5802,#5803,#5804,#5805,#5806,#5807,#5808),
  .UNSPECIFIED.,.F.,.F.,(5,3,3,3,5),(0.,0.249973049404,0.499957014906,
    0.749937592629,1.),.UNSPECIFIED.);
#5795 = CARTESIAN_POINT('',(-4.01129668563,-2.7));
#5796 = CARTESIAN_POINT('',(-3.999716309642,-3.606170022538));
#5797 = CARTESIAN_POINT('',(-3.988116561125,-4.512315022716));
#5798 = CARTESIAN_POINT('',(-3.976507048882,-5.418442166015));
#5799 = CARTESIAN_POINT('',(-3.953288104934,-7.230716958116));
#5800 = CARTESIAN_POINT('',(-3.94167866558,-8.136864614544));
#5801 = CARTESIAN_POINT('',(-3.930079571914,-9.043011079922));
#5802 = CARTESIAN_POINT('',(-3.906922797027,-10.85530808875));
#5803 = CARTESIAN_POINT('',(-3.89536510755,-11.76145863518));
#5804 = CARTESIAN_POINT('',(-3.88383831863,-12.66762674409));
#5805 = CARTESIAN_POINT('',(-3.860863334712,-14.48031504346));
#5806 = CARTESIAN_POINT('',(-3.849415159552,-15.38683524987));
#5807 = CARTESIAN_POINT('',(-3.838018465463,-16.29339337522));
#5808 = CARTESIAN_POINT('',(-3.826683321452,-17.2));
#5809 = ( GEOMETRIC_REPRESENTATION_CONTEXT(2) 
PARAMETRIC_REPRESENTATION_CONTEXT() REPRESENTATION_CONTEXT('2D SPACE',''
  ) );
#5810 = PCURVE('',#5811,#5816);
#5811 = B_SPLINE_SURFACE_WITH_KNOTS('',1,1,(
    (#5812,#5813)
    ,(#5814,#5815
    )),.UNSPECIFIED.,.F.,.F.,.F.,(2,2),(2,2),(-5.,5.),(0.,1.),
  .PIECEWISE_BEZIER_KNOTS.);
#5812 = CARTESIAN_POINT('',(-2.575328871688,166.5,25.751440550328));
#5813 = CARTESIAN_POINT('',(-3.24382142939,181.,25.191120106519));
#5814 = CARTESIAN_POINT('',(-9.395312472313,166.5,33.06497756652));
#5815 = CARTESIAN_POINT('',(-11.33399137313,181.,31.068972629444));
#5816 = DEFINITIONAL_REPRESENTATION('',(#5817),#5832);
#5817 = B_SPLINE_CURVE_WITH_KNOTS('',4,(#5818,#5819,#5820,#5821,#5822,
    #5823,#5824,#5825,#5826,#5827,#5828,#5829,#5830,#5831),
  .UNSPECIFIED.,.F.,.F.,(5,3,3,3,5),(0.,0.249973049404,0.499957014906,
    0.749937592629,1.),.UNSPECIFIED.);
#5818 = CARTESIAN_POINT('',(4.153049121171,0.));
#5819 = CARTESIAN_POINT('',(4.057781993021,6.249448431293E-02));
#5820 = CARTESIAN_POINT('',(3.959628774066,0.124987242946));
#5821 = CARTESIAN_POINT('',(3.858659468507,0.18747877007));
#5822 = CARTESIAN_POINT('',(3.651284623669,0.312463238491));
#5823 = CARTESIAN_POINT('',(3.544878752055,0.374956180313));
#5824 = CARTESIAN_POINT('',(3.435857070614,0.437449039995));
#5825 = CARTESIAN_POINT('',(3.212839181339,0.562435040604));
#5826 = CARTESIAN_POINT('',(3.098842893702,0.624928181737));
#5827 = CARTESIAN_POINT('',(2.982486400854,0.687422534075));
#5828 = CARTESIAN_POINT('',(2.745316027954,0.812435520239));
#5829 = CARTESIAN_POINT('',(2.624500513462,0.874954155164));
#5830 = CARTESIAN_POINT('',(2.501625218141,0.937475405188));
#5831 = CARTESIAN_POINT('',(2.376858720549,1.));
#5832 = ( GEOMETRIC_REPRESENTATION_CONTEXT(2) 
PARAMETRIC_REPRESENTATION_CONTEXT() REPRESENTATION_CONTEXT('2D SPACE',''
  ) );
#5833 = ORIENTED_EDGE('',*,*,#5834,.F.);
#5834 = EDGE_CURVE('',#5835,#5772,#5837,.T.);
#5835 = VERTEX_POINT('',#5836);
#5836 = CARTESIAN_POINT('',(-9.805020859084,166.5,31.524859120115));
#5837 = SURFACE_CURVE('',#5838,(#5843,#5850),.PCURVE_S1.);
#5838 = CIRCLE('',#5839,13.669724770642);
#5839 = AXIS2_PLACEMENT_3D('',#5840,#5841,#5842);
#5840 = CARTESIAN_POINT('',(0.,166.5,22.));
#5841 = DIRECTION('',(0.,1.,1.110223024625E-16));
#5842 = DIRECTION('',(1.,0.,-0.));
#5843 = PCURVE('',#3585,#5844);
#5844 = DEFINITIONAL_REPRESENTATION('',(#5845),#5849);
#5845 = LINE('',#5846,#5847);
#5846 = CARTESIAN_POINT('',(-0.,-2.7));
#5847 = VECTOR('',#5848,1.);
#5848 = DIRECTION('',(-1.,-0.));
#5849 = ( GEOMETRIC_REPRESENTATION_CONTEXT(2) 
PARAMETRIC_REPRESENTATION_CONTEXT() REPRESENTATION_CONTEXT('2D SPACE',''
  ) );
#5850 = PCURVE('',#5851,#5856);
#5851 = PLANE('',#5852);
#5852 = AXIS2_PLACEMENT_3D('',#5853,#5854,#5855);
#5853 = CARTESIAN_POINT('',(-2.575328871688,166.5,25.751440550328));
#5854 = DIRECTION('',(0.,1.,0.));
#5855 = DIRECTION('',(-0.773712488927,0.,0.63353688486));
#5856 = DEFINITIONAL_REPRESENTATION('',(#5857),#5861);
#5857 = CIRCLE('',#5858,13.669724770642);
#5858 = AXIS2_PLACEMENT_2D('',#5859,#5860);
#5859 = CARTESIAN_POINT('',(-4.369240071112,-1.270970574399));
#5860 = DIRECTION('',(-0.773712488927,0.63353688486));
#5861 = ( GEOMETRIC_REPRESENTATION_CONTEXT(2) 
PARAMETRIC_REPRESENTATION_CONTEXT() REPRESENTATION_CONTEXT('2D SPACE',''
  ) );
#5862 = ORIENTED_EDGE('',*,*,#5863,.T.);
#5863 = EDGE_CURVE('',#5835,#5864,#5866,.T.);
#5864 = VERTEX_POINT('',#5865);
#5865 = CARTESIAN_POINT('',(-10.00533559001,181.,28.434955928297));
#5866 = SURFACE_CURVE('',#5867,(#5882,#5900),.PCURVE_S1.);
#5867 = B_SPLINE_CURVE_WITH_KNOTS('',4,(#5868,#5869,#5870,#5871,#5872,
    #5873,#5874,#5875,#5876,#5877,#5878,#5879,#5880,#5881),
  .UNSPECIFIED.,.F.,.F.,(5,3,3,3,5),(0.,0.249945684657,0.49992163647,
    0.749911975268,1.),.UNSPECIFIED.);
#5868 = CARTESIAN_POINT('',(-9.805020859084,166.5,31.524859120115));
#5869 = CARTESIAN_POINT('',(-9.842371497261,167.40620665089,
    31.327320661549));
#5870 = CARTESIAN_POINT('',(-9.875733127075,168.31236342424,
    31.129959680173));
#5871 = CARTESIAN_POINT('',(-9.905017002406,169.2184780773,
    30.932982001883));
#5872 = CARTESIAN_POINT('',(-9.955318693919,171.03075119939,
    30.540199398228));
#5873 = CARTESIAN_POINT('',(-9.976335591205,171.93690966803,
    30.344394380244));
#5874 = CARTESIAN_POINT('',(-9.993160331774,172.8430443623,
    30.149402619755));
#5875 = CARTESIAN_POINT('',(-10.01838173414,174.655339237,
    29.761468761871));
#5876 = CARTESIAN_POINT('',(-10.02677793207,175.56149941781,
    29.568526537188));
#5877 = CARTESIAN_POINT('',(-10.0309371579,176.46765672243,
    29.376831789207));
#5878 = CARTESIAN_POINT('',(-10.03080759297,178.28034251965,
    28.996286780535));
#5879 = CARTESIAN_POINT('',(-10.02651545921,179.18687101514,
    28.807437425113));
#5880 = CARTESIAN_POINT('',(-10.01800911722,180.09341951113,
    28.620260525217));
#5881 = CARTESIAN_POINT('',(-10.00533559001,181.,28.434955928297));
#5882 = PCURVE('',#3585,#5883);
#5883 = DEFINITIONAL_REPRESENTATION('',(#5884),#5899);
#5884 = B_SPLINE_CURVE_WITH_KNOTS('',4,(#5885,#5886,#5887,#5888,#5889,
    #5890,#5891,#5892,#5893,#5894,#5895,#5896,#5897,#5898),
  .UNSPECIFIED.,.F.,.F.,(5,3,3,3,5),(0.,0.249945684657,0.49992163647,
    0.749911975268,1.),.UNSPECIFIED.);
#5885 = CARTESIAN_POINT('',(-3.912498118424,-2.7));
#5886 = CARTESIAN_POINT('',(-3.900228978964,-3.606206650898));
#5887 = CARTESIAN_POINT('',(-3.887907172526,-4.512363424245));
#5888 = CARTESIAN_POINT('',(-3.87554053992,-5.418478077308));
#5889 = CARTESIAN_POINT('',(-3.850732313753,-7.23075119939));
#5890 = CARTESIAN_POINT('',(-3.838290702547,-8.136909668034));
#5891 = CARTESIAN_POINT('',(-3.825820445235,-9.043044362302));
#5892 = CARTESIAN_POINT('',(-3.800838117399,-10.855339237));
#5893 = CARTESIAN_POINT('',(-3.788326035428,-11.76149941781));
#5894 = CARTESIAN_POINT('',(-3.775801495368,-12.66765672243));
#5895 = CARTESIAN_POINT('',(-3.750738263391,-14.48034251965));
#5896 = CARTESIAN_POINT('',(-3.738199558942,-15.38687101514));
#5897 = CARTESIAN_POINT('',(-3.725664052313,-16.29341951113));
#5898 = CARTESIAN_POINT('',(-3.713139047163,-17.2));
#5899 = ( GEOMETRIC_REPRESENTATION_CONTEXT(2) 
PARAMETRIC_REPRESENTATION_CONTEXT() REPRESENTATION_CONTEXT('2D SPACE',''
  ) );
#5900 = PCURVE('',#5901,#5906);
#5901 = B_SPLINE_SURFACE_WITH_KNOTS('',1,1,(
    (#5902,#5903)
    ,(#5904,#5905
    )),.UNSPECIFIED.,.F.,.F.,.F.,(2,2),(2,2),(-5.,5.),(0.,1.),
  .PIECEWISE_BEZIER_KNOTS.);
#5902 = CARTESIAN_POINT('',(-10.38263996949,166.5,32.144279780436));
#5903 = CARTESIAN_POINT('',(-12.12750146373,181.,29.976799687038));
#5904 = CARTESIAN_POINT('',(-3.562656368874,166.5,24.830742764244));
#5905 = CARTESIAN_POINT('',(-4.037331519985,181.,24.098947164113));
#5906 = DEFINITIONAL_REPRESENTATION('',(#5907),#5922);
#5907 = B_SPLINE_CURVE_WITH_KNOTS('',4,(#5908,#5909,#5910,#5911,#5912,
    #5913,#5914,#5915,#5916,#5917,#5918,#5919,#5920,#5921),
  .UNSPECIFIED.,.F.,.F.,(5,3,3,3,5),(0.,0.249945684657,0.49992163647,
    0.749911975268,1.),.UNSPECIFIED.);
#5908 = CARTESIAN_POINT('',(-4.153049121171,0.));
#5909 = CARTESIAN_POINT('',(-4.057778142222,6.249701040673E-02));
#5910 = CARTESIAN_POINT('',(-3.959623451459,0.124990580982));
#5911 = CARTESIAN_POINT('',(-3.858655359252,0.187481246711));
#5912 = CARTESIAN_POINT('',(-3.651280705511,0.312465599958));
#5913 = CARTESIAN_POINT('',(-3.544873390923,0.374959287451));
#5914 = CARTESIAN_POINT('',(-3.435852974947,0.437451335331));
#5915 = CARTESIAN_POINT('',(-3.212835348294,0.562437188759));
#5916 = CARTESIAN_POINT('',(-3.098837703868,0.624930994332));
#5917 = CARTESIAN_POINT('',(-2.982482478517,0.687424601547));
#5918 = CARTESIAN_POINT('',(-2.745312432996,0.812437415148));
#5919 = CARTESIAN_POINT('',(-2.624495700137,0.874956621734));
#5920 = CARTESIAN_POINT('',(-2.501621621337,0.937477207664));
#5921 = CARTESIAN_POINT('',(-2.376858720549,1.));
#5922 = ( GEOMETRIC_REPRESENTATION_CONTEXT(2) 
PARAMETRIC_REPRESENTATION_CONTEXT() REPRESENTATION_CONTEXT('2D SPACE',''
  ) );
#5923 = ORIENTED_EDGE('',*,*,#5924,.T.);
#5924 = EDGE_CURVE('',#5864,#5774,#5925,.T.);
#5925 = SURFACE_CURVE('',#5926,(#5931,#5938),.PCURVE_S1.);
#5926 = CIRCLE('',#5927,11.896024464832);
#5927 = AXIS2_PLACEMENT_3D('',#5928,#5929,#5930);
#5928 = CARTESIAN_POINT('',(0.,181.,22.));
#5929 = DIRECTION('',(0.,1.,1.110223024625E-16));
#5930 = DIRECTION('',(1.,0.,-0.));
#5931 = PCURVE('',#3585,#5932);
#5932 = DEFINITIONAL_REPRESENTATION('',(#5933),#5937);
#5933 = LINE('',#5934,#5935);
#5934 = CARTESIAN_POINT('',(-0.,-17.2));
#5935 = VECTOR('',#5936,1.);
#5936 = DIRECTION('',(-1.,-0.));
#5937 = ( GEOMETRIC_REPRESENTATION_CONTEXT(2) 
PARAMETRIC_REPRESENTATION_CONTEXT() REPRESENTATION_CONTEXT('2D SPACE',''
  ) );
#5938 = PCURVE('',#5939,#5944);
#5939 = PLANE('',#5940);
#5940 = AXIS2_PLACEMENT_3D('',#5941,#5942,#5943);
#5941 = CARTESIAN_POINT('',(-3.24382142939,181.,25.191120106519));
#5942 = DIRECTION('',(-0.,-1.,0.));
#5943 = DIRECTION('',(-0.880381747838,0.,0.474265725173));
#5944 = DEFINITIONAL_REPRESENTATION('',(#5945),#5953);
#5945 = ( BOUNDED_CURVE() B_SPLINE_CURVE(2,(#5946,#5947,#5948,#5949,
#5950,#5951,#5952),.UNSPECIFIED.,.T.,.F.) B_SPLINE_CURVE_WITH_KNOTS((1,2
    ,2,2,2,1),(-2.094395102393,0.,2.094395102393,4.188790204786,
6.28318530718,8.377580409573),.UNSPECIFIED.) CURVE() 
GEOMETRIC_REPRESENTATION_ITEM() RATIONAL_B_SPLINE_CURVE((1.,0.5,1.,0.5,
1.,0.5,1.)) REPRESENTATION_ITEM('') );
#5946 = CARTESIAN_POINT('',(-14.84228288178,-4.370906095086));
#5947 = CARTESIAN_POINT('',(-24.61429992337,13.768936162844));
#5948 = CARTESIAN_POINT('',(-4.018727186568,13.161830038106));
#5949 = CARTESIAN_POINT('',(16.576845550235,12.554723913368));
#5950 = CARTESIAN_POINT('',(5.753289855017,-4.978012219824));
#5951 = CARTESIAN_POINT('',(-5.0702658402,-22.51074835301));
#5952 = CARTESIAN_POINT('',(-14.84228288178,-4.370906095086));
#5953 = ( GEOMETRIC_REPRESENTATION_CONTEXT(2) 
PARAMETRIC_REPRESENTATION_CONTEXT() REPRESENTATION_CONTEXT('2D SPACE',''
  ) );
#5954 = FACE_BOUND('',#5955,.F.);
#5955 = EDGE_LOOP('',(#5956,#6019,#6048,#6109));
#5956 = ORIENTED_EDGE('',*,*,#5957,.F.);
#5957 = EDGE_CURVE('',#5958,#5960,#5962,.T.);
#5958 = VERTEX_POINT('',#5959);
#5959 = CARTESIAN_POINT('',(7.209497861959,166.5,33.613979330252));
#5960 = VERTEX_POINT('',#5961);
#5961 = CARTESIAN_POINT('',(4.312114332939,181.,33.086977408092));
#5962 = SURFACE_CURVE('',#5963,(#5978,#5996),.PCURVE_S1.);
#5963 = B_SPLINE_CURVE_WITH_KNOTS('',4,(#5964,#5965,#5966,#5967,#5968,
    #5969,#5970,#5971,#5972,#5973,#5974,#5975,#5976,#5977),
  .UNSPECIFIED.,.F.,.F.,(5,3,3,3,5),(0.,0.249973049404,0.499957014906,
    0.749937592629,1.),.UNSPECIFIED.);
#5964 = CARTESIAN_POINT('',(7.209497861959,166.5,33.613979330252));
#5965 = CARTESIAN_POINT('',(7.016542488513,167.40617002253,
    33.603291382675));
#5966 = CARTESIAN_POINT('',(6.824982817087,168.31231502271,
    33.588863699741));
#5967 = CARTESIAN_POINT('',(6.635042351071,169.21844216601,
    33.570675153159));
#5968 = CARTESIAN_POINT('',(6.25883656914,171.03071695811,
    33.526799656925));
#5969 = CARTESIAN_POINT('',(6.072571161809,171.93686461454,
    33.501112386372));
#5970 = CARTESIAN_POINT('',(5.888369850657,172.84301107992,
    33.471688354935));
#5971 = CARTESIAN_POINT('',(5.524525808579,174.65530808875,
    33.405458749586));
#5972 = CARTESIAN_POINT('',(5.344882774202,175.56145863518,
    33.368653221029));
#5973 = CARTESIAN_POINT('',(5.167731400685,176.46762674409,
    33.328202642254));
#5974 = CARTESIAN_POINT('',(4.818751180269,178.28031504346,
    33.240152468878));
#5975 = CARTESIAN_POINT('',(4.646923881891,179.18683524987,
    33.192550427061));
#5976 = CARTESIAN_POINT('',(4.477986216149,180.09339337522,
    33.141456576967));
#5977 = CARTESIAN_POINT('',(4.312114332939,181.,33.086977408092));
#5978 = PCURVE('',#3585,#5979);
#5979 = DEFINITIONAL_REPRESENTATION('',(#5980),#5995);
#5980 = B_SPLINE_CURVE_WITH_KNOTS('',4,(#5981,#5982,#5983,#5984,#5985,
    #5986,#5987,#5988,#5989,#5990,#5991,#5992,#5993,#5994),
  .UNSPECIFIED.,.F.,.F.,(5,3,3,3,5),(0.,0.249973049404,0.499957014906,
    0.749937592629,1.),.UNSPECIFIED.);
#5981 = CARTESIAN_POINT('',(-5.267933747066,-2.7));
#5982 = CARTESIAN_POINT('',(-5.256353371078,-3.606170022537));
#5983 = CARTESIAN_POINT('',(-5.244753622561,-4.512315022716));
#5984 = CARTESIAN_POINT('',(-5.233144110318,-5.418442166015));
#5985 = CARTESIAN_POINT('',(-5.20992516637,-7.230716958116));
#5986 = CARTESIAN_POINT('',(-5.198315727016,-8.136864614543));
#5987 = CARTESIAN_POINT('',(-5.18671663335,-9.043011079922));
#5988 = CARTESIAN_POINT('',(-5.163559858463,-10.85530808875));
#5989 = CARTESIAN_POINT('',(-5.152002168986,-11.76145863518));
#5990 = CARTESIAN_POINT('',(-5.140475380066,-12.66762674409));
#5991 = CARTESIAN_POINT('',(-5.117500396148,-14.48031504346));
#5992 = CARTESIAN_POINT('',(-5.106052220988,-15.38683524987));
#5993 = CARTESIAN_POINT('',(-5.094655526899,-16.29339337522));
#5994 = CARTESIAN_POINT('',(-5.083320382888,-17.2));
#5995 = ( GEOMETRIC_REPRESENTATION_CONTEXT(2) 
PARAMETRIC_REPRESENTATION_CONTEXT() REPRESENTATION_CONTEXT('2D SPACE',''
  ) );
#5996 = PCURVE('',#5997,#6002);
#5997 = B_SPLINE_SURFACE_WITH_KNOTS('',1,1,(
    (#5998,#5999)
    ,(#6000,#6001
    )),.UNSPECIFIED.,.F.,.F.,.F.,(2,2),(2,2),(-5.,5.),(0.,1.),
  .PIECEWISE_BEZIER_KNOTS.);
#5998 = CARTESIAN_POINT('',(2.772011593428,166.5,25.608542188461));
#5999 = CARTESIAN_POINT('',(2.032539623186,181.,26.071167852125));
#6000 = CARTESIAN_POINT('',(7.620107795891,166.5,34.354739259855));
#6001 = CARTESIAN_POINT('',(5.122709566936,181.,35.581733015077));
#6002 = DEFINITIONAL_REPRESENTATION('',(#6003),#6018);
#6003 = B_SPLINE_CURVE_WITH_KNOTS('',4,(#6004,#6005,#6006,#6007,#6008,
    #6009,#6010,#6011,#6012,#6013,#6014,#6015,#6016,#6017),
  .UNSPECIFIED.,.F.,.F.,(5,3,3,3,5),(0.,0.249973049404,0.499957014906,
    0.749937592629,1.),.UNSPECIFIED.);
#6004 = CARTESIAN_POINT('',(4.153049121171,0.));
#6005 = CARTESIAN_POINT('',(4.057781993021,6.249448431293E-02));
#6006 = CARTESIAN_POINT('',(3.959628774066,0.124987242946));
#6007 = CARTESIAN_POINT('',(3.858659468507,0.18747877007));
#6008 = CARTESIAN_POINT('',(3.651284623669,0.312463238491));
#6009 = CARTESIAN_POINT('',(3.544878752055,0.374956180313));
#6010 = CARTESIAN_POINT('',(3.435857070614,0.437449039995));
#6011 = CARTESIAN_POINT('',(3.212839181339,0.562435040604));
#6012 = CARTESIAN_POINT('',(3.098842893702,0.624928181737));
#6013 = CARTESIAN_POINT('',(2.982486400854,0.687422534075));
#6014 = CARTESIAN_POINT('',(2.745316027954,0.812435520239));
#6015 = CARTESIAN_POINT('',(2.624500513462,0.874954155164));
#6016 = CARTESIAN_POINT('',(2.501625218141,0.937475405188));
#6017 = CARTESIAN_POINT('',(2.376858720549,1.));
#6018 = ( GEOMETRIC_REPRESENTATION_CONTEXT(2) 
PARAMETRIC_REPRESENTATION_CONTEXT() REPRESENTATION_CONTEXT('2D SPACE',''
  ) );
#6019 = ORIENTED_EDGE('',*,*,#6020,.F.);
#6020 = EDGE_CURVE('',#6021,#5958,#6023,.T.);
#6021 = VERTEX_POINT('',#6022);
#6022 = CARTESIAN_POINT('',(6.02876125732,166.5,34.268472317585));
#6023 = SURFACE_CURVE('',#6024,(#6029,#6036),.PCURVE_S1.);
#6024 = CIRCLE('',#6025,13.669724770642);
#6025 = AXIS2_PLACEMENT_3D('',#6026,#6027,#6028);
#6026 = CARTESIAN_POINT('',(0.,166.5,22.));
#6027 = DIRECTION('',(0.,1.,1.110223024625E-16));
#6028 = DIRECTION('',(1.,0.,-0.));
#6029 = PCURVE('',#3585,#6030);
#6030 = DEFINITIONAL_REPRESENTATION('',(#6031),#6035);
#6031 = LINE('',#6032,#6033);
#6032 = CARTESIAN_POINT('',(-0.,-2.7));
#6033 = VECTOR('',#6034,1.);
#6034 = DIRECTION('',(-1.,-0.));
#6035 = ( GEOMETRIC_REPRESENTATION_CONTEXT(2) 
PARAMETRIC_REPRESENTATION_CONTEXT() REPRESENTATION_CONTEXT('2D SPACE',''
  ) );
#6036 = PCURVE('',#6037,#6042);
#6037 = PLANE('',#6038);
#6038 = AXIS2_PLACEMENT_3D('',#6039,#6040,#6041);
#6039 = CARTESIAN_POINT('',(2.772011593428,166.5,25.608542188461));
#6040 = DIRECTION('',(0.,1.,0.));
#6041 = DIRECTION('',(0.363439074821,-0.,0.931617968318));
#6042 = DEFINITIONAL_REPRESENTATION('',(#6043),#6047);
#6043 = CIRCLE('',#6044,13.669724770642);
#6044 = AXIS2_PLACEMENT_2D('',#6045,#6046);
#6045 = CARTESIAN_POINT('',(-4.369240071112,-1.270970574399));
#6046 = DIRECTION('',(0.363439074821,0.931617968318));
#6047 = ( GEOMETRIC_REPRESENTATION_CONTEXT(2) 
PARAMETRIC_REPRESENTATION_CONTEXT() REPRESENTATION_CONTEXT('2D SPACE',''
  ) );
#6048 = ORIENTED_EDGE('',*,*,#6049,.T.);
#6049 = EDGE_CURVE('',#6021,#6050,#6052,.T.);
#6050 = VERTEX_POINT('',#6051);
#6051 = CARTESIAN_POINT('',(3.028188035941,181.,33.504150350498));
#6052 = SURFACE_CURVE('',#6053,(#6068,#6086),.PCURVE_S1.);
#6053 = B_SPLINE_CURVE_WITH_KNOTS('',4,(#6054,#6055,#6056,#6057,#6058,
    #6059,#6060,#6061,#6062,#6063,#6064,#6065,#6066,#6067),
  .UNSPECIFIED.,.F.,.F.,(5,3,3,3,5),(0.,0.249945684657,0.49992163647,
    0.749911975268,1.),.UNSPECIFIED.);
#6054 = CARTESIAN_POINT('',(6.02876125732,166.5,34.268472317585));
#6055 = CARTESIAN_POINT('',(5.829349037135,167.40620665089,
    34.242952144671));
#6056 = CARTESIAN_POINT('',(5.631338279163,168.31236342424,
    34.213693042829));
#6057 = CARTESIAN_POINT('',(5.434952159522,169.2184780773,34.18067421318
    ));
#6058 = CARTESIAN_POINT('',(5.045849627305,171.03075119939,
    34.10713746505));
#6059 = CARTESIAN_POINT('',(4.853133410598,171.93690966803,
    34.066618644025));
#6060 = CARTESIAN_POINT('',(4.662486095399,172.8430443623,
    34.022364155424));
#6061 = CARTESIAN_POINT('',(4.285745230014,174.655339237,33.926472979715
    ));
#6062 = CARTESIAN_POINT('',(4.09965170211,175.56149941781,
    33.874835812114));
#6063 = CARTESIAN_POINT('',(3.916053891438,176.46765672243,
    33.819554536085));
#6064 = CARTESIAN_POINT('',(3.554174118962,178.28034251965,
    33.70183643771));
#6065 = CARTESIAN_POINT('',(3.375894051164,179.18687101514,
    33.639396715725));
#6066 = CARTESIAN_POINT('',(3.200506845055,180.09341951113,
    33.573465860718));
#6067 = CARTESIAN_POINT('',(3.028188035941,181.,33.504150350498));
#6068 = PCURVE('',#3585,#6069);
#6069 = DEFINITIONAL_REPRESENTATION('',(#6070),#6085);
#6070 = B_SPLINE_CURVE_WITH_KNOTS('',4,(#6071,#6072,#6073,#6074,#6075,
    #6076,#6077,#6078,#6079,#6080,#6081,#6082,#6083,#6084),
  .UNSPECIFIED.,.F.,.F.,(5,3,3,3,5),(0.,0.249945684657,0.49992163647,
    0.749911975268,1.),.UNSPECIFIED.);
#6071 = CARTESIAN_POINT('',(-5.16913517986,-2.7));
#6072 = CARTESIAN_POINT('',(-5.1568660404,-3.606206650898));
#6073 = CARTESIAN_POINT('',(-5.144544233962,-4.512363424245));
#6074 = CARTESIAN_POINT('',(-5.132177601356,-5.418478077308));
#6075 = CARTESIAN_POINT('',(-5.107369375189,-7.23075119939));
#6076 = CARTESIAN_POINT('',(-5.094927763983,-8.136909668034));
#6077 = CARTESIAN_POINT('',(-5.08245750667,-9.043044362302));
#6078 = CARTESIAN_POINT('',(-5.057475178835,-10.855339237));
#6079 = CARTESIAN_POINT('',(-5.044963096864,-11.76149941781));
#6080 = CARTESIAN_POINT('',(-5.032438556804,-12.66765672243));
#6081 = CARTESIAN_POINT('',(-5.007375324827,-14.48034251965));
#6082 = CARTESIAN_POINT('',(-4.994836620378,-15.38687101514));
#6083 = CARTESIAN_POINT('',(-4.982301113749,-16.29341951113));
#6084 = CARTESIAN_POINT('',(-4.969776108599,-17.2));
#6085 = ( GEOMETRIC_REPRESENTATION_CONTEXT(2) 
PARAMETRIC_REPRESENTATION_CONTEXT() REPRESENTATION_CONTEXT('2D SPACE',''
  ) );
#6086 = PCURVE('',#6087,#6092);
#6087 = B_SPLINE_SURFACE_WITH_KNOTS('',1,1,(
    (#6088,#6089)
    ,(#6090,#6091
    )),.UNSPECIFIED.,.F.,.F.,.F.,(2,2),(2,2),(-5.,5.),(0.,1.),
  .PIECEWISE_BEZIER_KNOTS.);
#6088 = CARTESIAN_POINT('',(6.439371191253,166.5,35.009232247188));
#6089 = CARTESIAN_POINT('',(3.838783269938,181.,35.998905957483));
#6090 = CARTESIAN_POINT('',(1.591274988789,166.5,26.263035175794));
#6091 = CARTESIAN_POINT('',(0.748613326188,181.,26.488340794531));
#6092 = DEFINITIONAL_REPRESENTATION('',(#6093),#6108);
#6093 = B_SPLINE_CURVE_WITH_KNOTS('',4,(#6094,#6095,#6096,#6097,#6098,
    #6099,#6100,#6101,#6102,#6103,#6104,#6105,#6106,#6107),
  .UNSPECIFIED.,.F.,.F.,(5,3,3,3,5),(0.,0.249945684657,0.49992163647,
    0.749911975268,1.),.UNSPECIFIED.);
#6094 = CARTESIAN_POINT('',(-4.153049121171,0.));
#6095 = CARTESIAN_POINT('',(-4.057778142222,6.249701040673E-02));
#6096 = CARTESIAN_POINT('',(-3.959623451459,0.124990580982));
#6097 = CARTESIAN_POINT('',(-3.858655359252,0.187481246711));
#6098 = CARTESIAN_POINT('',(-3.651280705511,0.312465599958));
#6099 = CARTESIAN_POINT('',(-3.544873390923,0.374959287451));
#6100 = CARTESIAN_POINT('',(-3.435852974947,0.437451335331));
#6101 = CARTESIAN_POINT('',(-3.212835348294,0.562437188759));
#6102 = CARTESIAN_POINT('',(-3.098837703868,0.624930994332));
#6103 = CARTESIAN_POINT('',(-2.982482478517,0.687424601547));
#6104 = CARTESIAN_POINT('',(-2.745312432996,0.812437415148));
#6105 = CARTESIAN_POINT('',(-2.624495700137,0.874956621734));
#6106 = CARTESIAN_POINT('',(-2.501621621337,0.937477207664));
#6107 = CARTESIAN_POINT('',(-2.376858720549,1.));
#6108 = ( GEOMETRIC_REPRESENTATION_CONTEXT(2) 
PARAMETRIC_REPRESENTATION_CONTEXT() REPRESENTATION_CONTEXT('2D SPACE',''
  ) );
#6109 = ORIENTED_EDGE('',*,*,#6110,.T.);
#6110 = EDGE_CURVE('',#6050,#5960,#6111,.T.);
#6111 = SURFACE_CURVE('',#6112,(#6117,#6124),.PCURVE_S1.);
#6112 = CIRCLE('',#6113,11.896024464832);
#6113 = AXIS2_PLACEMENT_3D('',#6114,#6115,#6116);
#6114 = CARTESIAN_POINT('',(0.,181.,22.));
#6115 = DIRECTION('',(0.,1.,1.110223024625E-16));
#6116 = DIRECTION('',(1.,0.,-0.));
#6117 = PCURVE('',#3585,#6118);
#6118 = DEFINITIONAL_REPRESENTATION('',(#6119),#6123);
#6119 = LINE('',#6120,#6121);
#6120 = CARTESIAN_POINT('',(-0.,-17.2));
#6121 = VECTOR('',#6122,1.);
#6122 = DIRECTION('',(-1.,-0.));
#6123 = ( GEOMETRIC_REPRESENTATION_CONTEXT(2) 
PARAMETRIC_REPRESENTATION_CONTEXT() REPRESENTATION_CONTEXT('2D SPACE',''
  ) );
#6124 = PCURVE('',#6125,#6130);
#6125 = PLANE('',#6126);
#6126 = AXIS2_PLACEMENT_3D('',#6127,#6128,#6129);
#6127 = CARTESIAN_POINT('',(2.032539623186,181.,26.071167852125));
#6128 = DIRECTION('',(0.,-1.,0.));
#6129 = DIRECTION('',(0.179000586761,0.,0.983848967037));
#6130 = DEFINITIONAL_REPRESENTATION('',(#6131),#6139);
#6131 = ( BOUNDED_CURVE() B_SPLINE_CURVE(2,(#6132,#6133,#6134,#6135,
#6136,#6137,#6138),.UNSPECIFIED.,.T.,.F.) B_SPLINE_CURVE_WITH_KNOTS((1,2
    ,2,2,2,1),(-2.094395102393,0.,2.094395102393,4.188790204786,
6.28318530718,8.377580409573),.UNSPECIFIED.) CURVE() 
GEOMETRIC_REPRESENTATION_ITEM() RATIONAL_B_SPLINE_CURVE((1.,0.5,1.,0.5,
1.,0.5,1.)) REPRESENTATION_ITEM('') );
#6132 = CARTESIAN_POINT('',(-2.239844711779,-10.43292080716));
#6133 = CARTESIAN_POINT('',(-22.51157923092,-14.12114175893));
#6134 = CARTESIAN_POINT('',(-15.56980501035,5.278805789299));
#6135 = CARTESIAN_POINT('',(-8.628030789778,24.678753337533));
#6136 = CARTESIAN_POINT('',(4.701929508793,8.967026741065));
#6137 = CARTESIAN_POINT('',(18.031889807363,-6.744699855403));
#6138 = CARTESIAN_POINT('',(-2.239844711779,-10.43292080716));
#6139 = ( GEOMETRIC_REPRESENTATION_CONTEXT(2) 
PARAMETRIC_REPRESENTATION_CONTEXT() REPRESENTATION_CONTEXT('2D SPACE',''
  ) );
#6140 = FACE_BOUND('',#6141,.F.);
#6141 = EDGE_LOOP('',(#6142,#6410,#6442,#6581));
#6142 = ORIENTED_EDGE('',*,*,#6143,.F.);
#6143 = EDGE_CURVE('',#6144,#6146,#6148,.T.);
#6144 = VERTEX_POINT('',#6145);
#6145 = CARTESIAN_POINT('',(-6.774800080852,179.50563853296,32.));
#6146 = VERTEX_POINT('',#6147);
#6147 = CARTESIAN_POINT('',(-4.713024705427,187.87553144768,32.));
#6148 = SURFACE_CURVE('',#6149,(#6215,#6310),.PCURVE_S1.);
#6149 = B_SPLINE_CURVE_WITH_KNOTS('',8,(#6150,#6151,#6152,#6153,#6154,
    #6155,#6156,#6157,#6158,#6159,#6160,#6161,#6162,#6163,#6164,#6165,
    #6166,#6167,#6168,#6169,#6170,#6171,#6172,#6173,#6174,#6175,#6176,
    #6177,#6178,#6179,#6180,#6181,#6182,#6183,#6184,#6185,#6186,#6187,
    #6188,#6189,#6190,#6191,#6192,#6193,#6194,#6195,#6196,#6197,#6198,
    #6199,#6200,#6201,#6202,#6203,#6204,#6205,#6206,#6207,#6208,#6209,
    #6210,#6211,#6212,#6213,#6214),.UNSPECIFIED.,.F.,.F.,(9,7,7,7,7,7,7,
    7,7,9),(1.385799584247E-07,8.078811612503E-02,0.232959605997,
    0.348577758636,0.40688620373,0.513532315976,1.,1.025846887014,
    1.470081147493,1.718021666637),.UNSPECIFIED.);
#6150 = CARTESIAN_POINT('',(-6.774800080852,179.50563853296,32.));
#6151 = CARTESIAN_POINT('',(-6.709549685058,179.50890804832,
    32.043722757438));
#6152 = CARTESIAN_POINT('',(-6.643763351856,179.51328981227,
    32.086939219393));
#6153 = CARTESIAN_POINT('',(-6.577466725448,179.518816835,
    32.129622024436));
#6154 = CARTESIAN_POINT('',(-6.510689495428,179.52552170667,
    32.171742673889));
#6155 = CARTESIAN_POINT('',(-6.443465587138,179.53343601631,
    32.213271807071));
#6156 = CARTESIAN_POINT('',(-6.37583335204,179.54258977064,
    32.254179476563));
#6157 = CARTESIAN_POINT('',(-6.307835758075,179.5530108129,
    32.294435423453));
#6158 = CARTESIAN_POINT('',(-6.110842740328,179.58678754833,
    32.408550440767));
#6159 = CARTESIAN_POINT('',(-5.98101035602,179.61344080662,
    32.480687876233));
#6160 = CARTESIAN_POINT('',(-5.850375282908,179.64484905265,
    32.550198155277));
#6161 = CARTESIAN_POINT('',(-5.719324313479,179.68113940673,
    32.616876563674));
#6162 = CARTESIAN_POINT('',(-5.588278285248,179.722391657,
    32.680542197937));
#6163 = CARTESIAN_POINT('',(-5.457689454015,179.76862705038,
    32.741042439416));
#6164 = CARTESIAN_POINT('',(-5.328037132035,179.81979529053,
    32.798256881245));
#6165 = CARTESIAN_POINT('',(-5.102404893699,179.91828089236,
    32.893010630251));
#6166 = CARTESIAN_POINT('',(-5.005800228435,179.9635783927,
    32.931981991389));
#6167 = CARTESIAN_POINT('',(-4.910221535724,180.0115965798,
    32.968979090525));
#6168 = CARTESIAN_POINT('',(-4.815867176766,180.06226204104,
    33.00398662772));
#6169 = CARTESIAN_POINT('',(-4.722919950362,180.11548546031,
    33.03700706626));
#6170 = CARTESIAN_POINT('',(-4.631547109736,180.17116346257,
    33.06805799479));
#6171 = CARTESIAN_POINT('',(-4.541900379347,180.2291804586,
    33.097169489442));
#6172 = CARTESIAN_POINT('',(-4.409844616427,180.31978564592,
    33.138105001095));
#6173 = CARTESIAN_POINT('',(-4.366045251101,180.35072480385,
    33.151345942121));
#6174 = CARTESIAN_POINT('',(-4.322734449451,180.38221252846,
    33.164109691779));
#6175 = CARTESIAN_POINT('',(-4.279927330725,180.41423313557,
    33.176402392311));
#6176 = CARTESIAN_POINT('',(-4.237637628468,180.44677077803,
    33.188230832608));
#6177 = CARTESIAN_POINT('',(-4.195877759289,180.47980953199,
    33.199602345345));
#6178 = CARTESIAN_POINT('',(-4.154658891625,180.51333348315,
    33.210524704114));
#6179 = CARTESIAN_POINT('',(-4.039609490878,180.60950059378,
    33.24017634226));
#6180 = CARTESIAN_POINT('',(-3.967071744253,180.67324413833,
    33.257871055115));
#6181 = CARTESIAN_POINT('',(-3.896437536427,180.73846144232,
    33.274140464373));
#6182 = CARTESIAN_POINT('',(-3.827753332201,180.80505826063,
    33.289038300277));
#6183 = CARTESIAN_POINT('',(-3.761053782143,180.87294317346,
    33.302620473178));
#6184 = CARTESIAN_POINT('',(-3.696363205344,180.94202865233,
    33.314943828638));
#6185 = CARTESIAN_POINT('',(-3.633697072175,181.01223212606,
    33.326064902541));
#6186 = CARTESIAN_POINT('',(-3.296482568003,181.40846171713,
    33.381534179699));
#6187 = CARTESIAN_POINT('',(-3.063181217276,181.75395380418,
    33.402996718989));
#6188 = CARTESIAN_POINT('',(-2.871877496238,182.11418695715,
    33.406212612054));
#6189 = CARTESIAN_POINT('',(-2.721348732976,182.48437215416,
    33.39526341524));
#6190 = CARTESIAN_POINT('',(-2.610083003661,182.86057710476,
    33.373163770851));
#6191 = CARTESIAN_POINT('',(-2.536681435024,183.23979775948,
    33.341832759929));
#6192 = CARTESIAN_POINT('',(-2.5,183.61995681865,33.302355654994));
#6193 = CARTESIAN_POINT('',(-2.5,184.02019236527,33.252203886204));
#6194 = CARTESIAN_POINT('',(-2.500103550844,184.04038196575,
    33.249650983331));
#6195 = CARTESIAN_POINT('',(-2.500310602994,184.06056845923,
    33.247075427905));
#6196 = CARTESIAN_POINT('',(-2.500621110348,184.08075150292,
    33.244477246822));
#6197 = CARTESIAN_POINT('',(-2.501035030237,184.10093075347,
    33.241856460679));
#6198 = CARTESIAN_POINT('',(-2.501552323427,184.12110586697,
    33.239213083773));
#6199 = CARTESIAN_POINT('',(-2.502172954121,184.14127649893,
    33.236547124104));
#6200 = CARTESIAN_POINT('',(-2.515339281924,184.5080349763,
    33.18765023717));
#6201 = CARTESIAN_POINT('',(-2.558286941881,184.85291244864,
    33.134810214958));
#6202 = CARTESIAN_POINT('',(-2.631506342375,185.19480744323,
    33.075301631419));
#6203 = CARTESIAN_POINT('',(-2.735263629942,185.53188129875,
    33.008560746372));
#6204 = CARTESIAN_POINT('',(-2.869913389391,185.86178952132,
    32.933560281583));
#6205 = CARTESIAN_POINT('',(-3.035688703015,186.18170229596,
    32.848757818693));
#6206 = CARTESIAN_POINT('',(-3.232535262284,186.48832792329,
    32.752054864733));
#6207 = CARTESIAN_POINT('',(-3.586693605698,186.9396546811,
    32.578848924878));
#6208 = CARTESIAN_POINT('',(-3.722964584108,187.09594021787,
    32.51233872964));
#6209 = CARTESIAN_POINT('',(-3.868400784961,187.24606600127,
    32.440982280118));
#6210 = CARTESIAN_POINT('',(-4.022619359522,187.3892027746,
    32.364401166282));
#6211 = CARTESIAN_POINT('',(-4.185065768496,187.52450053359,
    32.282237410204));
#6212 = CARTESIAN_POINT('',(-4.354983084995,187.6511313214,
    32.194194886191));
#6213 = CARTESIAN_POINT('',(-4.53138388216,187.76834406425,
    32.10010262469));
#6214 = CARTESIAN_POINT('',(-4.713024705427,187.87553144768,32.));
#6215 = PCURVE('',#3585,#6216);
#6216 = DEFINITIONAL_REPRESENTATION('',(#6217),#6309);
#6217 = B_SPLINE_CURVE_WITH_KNOTS('',3,(#6218,#6219,#6220,#6221,#6222,
    #6223,#6224,#6225,#6226,#6227,#6228,#6229,#6230,#6231,#6232,#6233,
    #6234,#6235,#6236,#6237,#6238,#6239,#6240,#6241,#6242,#6243,#6244,
    #6245,#6246,#6247,#6248,#6249,#6250,#6251,#6252,#6253,#6254,#6255,
    #6256,#6257,#6258,#6259,#6260,#6261,#6262,#6263,#6264,#6265,#6266,
    #6267,#6268,#6269,#6270,#6271,#6272,#6273,#6274,#6275,#6276,#6277,
    #6278,#6279,#6280,#6281,#6282,#6283,#6284,#6285,#6286,#6287,#6288,
    #6289,#6290,#6291,#6292,#6293,#6294,#6295,#6296,#6297,#6298,#6299,
    #6300,#6301,#6302,#6303,#6304,#6305,#6306,#6307,#6308),
  .UNSPECIFIED.,.F.,.F.,(4,1,1,1,1,1,1,1,1,1,1,1,1,1,1,1,1,1,1,1,1,1,1,1
    ,1,1,1,1,1,1,1,1,1,1,1,1,1,1,1,1,1,1,1,1,1,1,1,1,1,1,1,1,1,1,1,1,1,1
    ,1,1,1,1,1,1,1,1,1,1,1,1,1,1,1,1,1,1,1,1,1,1,1,1,1,1,1,1,1,1,4),(
    1.385799584247E-07,1.952311048969E-02,3.904608239943E-02,
    5.856905430916E-02,7.80920262189E-02,9.761499812863E-02,
    0.117137970038,0.136660941948,0.156183913858,0.175706885768,
    0.195229857677,0.214752829587,0.234275801497,0.253798773407,
    0.273321745316,0.292844717226,0.312367689136,0.331890661045,
    0.351413632955,0.370936604865,0.390459576775,0.409982548684,
    0.429505520594,0.449028492504,0.468551464414,0.488074436323,
    0.507597408233,0.527120380143,0.546643352053,0.566166323962,
    0.585689295872,0.605212267782,0.624735239691,0.644258211601,
    0.663781183511,0.683304155421,0.70282712733,0.72235009924,
    0.74187307115,0.76139604306,0.780919014969,0.800441986879,
    0.819964958789,0.839487930699,0.859010902608,0.878533874518,
    0.898056846428,0.917579818337,0.937102790247,0.956625762157,
    0.976148734067,0.995671705976,1.015194677886,1.034717649796,
    1.054240621706,1.073763593615,1.093286565525,1.112809537435,
    1.132332509345,1.151855481254,1.171378453164,1.190901425074,
    1.210424396983,1.229947368893,1.249470340803,1.268993312713,
    1.288516284622,1.308039256532,1.327562228442,1.347085200352,
    1.366608172261,1.386131144171,1.405654116081,1.425177087991,
    1.4447000599,1.46422303181,1.48374600372,1.50326897563,
    1.522791947539,1.542314919449,1.561837891359,1.581360863268,
    1.600883835178,1.620406807088,1.639929778998,1.659452750907,
    1.678975722817,1.698498694727,1.718021666637),
  .QUASI_UNIFORM_KNOTS.);
#6218 = CARTESIAN_POINT('',(-4.116937531348,-15.70563853296));
#6219 = CARTESIAN_POINT('',(-4.121127781323,-15.70774494641));
#6220 = CARTESIAN_POINT('',(-4.12952380413,-15.71317213397));
#6221 = CARTESIAN_POINT('',(-4.14215054906,-15.72510404703));
#6222 = CARTESIAN_POINT('',(-4.154796956254,-15.74097851352));
#6223 = CARTESIAN_POINT('',(-4.16744714437,-15.76093515317));
#6224 = CARTESIAN_POINT('',(-4.180084769644,-15.78510436131));
#6225 = CARTESIAN_POINT('',(-4.192691079973,-15.81360105487));
#6226 = CARTESIAN_POINT('',(-4.205243625277,-15.84651579197));
#6227 = CARTESIAN_POINT('',(-4.217719996504,-15.88391879646));
#6228 = CARTESIAN_POINT('',(-4.230096903605,-15.92585578369));
#6229 = CARTESIAN_POINT('',(-4.24235040631,-15.97234539785));
#6230 = CARTESIAN_POINT('',(-4.254456088818,-16.02337719347));
#6231 = CARTESIAN_POINT('',(-4.266388351846,-16.07890486213));
#6232 = CARTESIAN_POINT('',(-4.278123376978,-16.13885712528));
#6233 = CARTESIAN_POINT('',(-4.289638463713,-16.20313586917));
#6234 = CARTESIAN_POINT('',(-4.300911639681,-16.27161363537));
#6235 = CARTESIAN_POINT('',(-4.311923309066,-16.34414394891));
#6236 = CARTESIAN_POINT('',(-4.322655763348,-16.42056140729));
#6237 = CARTESIAN_POINT('',(-4.333092847925,-16.50068116909));
#6238 = CARTESIAN_POINT('',(-4.343221264913,-16.58431165967));
#6239 = CARTESIAN_POINT('',(-4.353030292066,-16.67125788202));
#6240 = CARTESIAN_POINT('',(-4.362511006968,-16.76131912325));
#6241 = CARTESIAN_POINT('',(-4.371656536661,-16.854294881));
#6242 = CARTESIAN_POINT('',(-4.380462067247,-16.94998937798));
#6243 = CARTESIAN_POINT('',(-4.388924442343,-17.04821251962));
#6244 = CARTESIAN_POINT('',(-4.397041829604,-17.14877942061));
#6245 = CARTESIAN_POINT('',(-4.404814011786,-17.25151763741));
#6246 = CARTESIAN_POINT('',(-4.412240480388,-17.35624754008));
#6247 = CARTESIAN_POINT('',(-4.419317005443,-17.4627207081));
#6248 = CARTESIAN_POINT('',(-4.426050185999,-17.57084214606));
#6249 = CARTESIAN_POINT('',(-4.432443906217,-17.68048904884));
#6250 = CARTESIAN_POINT('',(-4.438502425183,-17.79155125603));
#6251 = CARTESIAN_POINT('',(-4.444229589304,-17.90392035751));
#6252 = CARTESIAN_POINT('',(-4.449629076324,-18.01749257085));
#6253 = CARTESIAN_POINT('',(-4.454704356321,-18.13216794018));
#6254 = CARTESIAN_POINT('',(-4.459458722622,-18.24785053096));
#6255 = CARTESIAN_POINT('',(-4.463895298615,-18.36444836687));
#6256 = CARTESIAN_POINT('',(-4.468017046154,-18.48187344359));
#6257 = CARTESIAN_POINT('',(-4.471826769085,-18.60004172876));
#6258 = CARTESIAN_POINT('',(-4.475327113947,-18.71887317139));
#6259 = CARTESIAN_POINT('',(-4.478520567547,-18.83829171375));
#6260 = CARTESIAN_POINT('',(-4.481409451683,-18.95822530695));
#6261 = CARTESIAN_POINT('',(-4.483995915015,-19.07860592935));
#6262 = CARTESIAN_POINT('',(-4.486281922126,-19.19936960781));
#6263 = CARTESIAN_POINT('',(-4.488269239703,-19.32045644081));
#6264 = CARTESIAN_POINT('',(-4.489959419745,-19.44181062712));
#6265 = CARTESIAN_POINT('',(-4.491353779595,-19.56338048586));
#6266 = CARTESIAN_POINT('',(-4.492453378645,-19.685118522));
#6267 = CARTESIAN_POINT('',(-4.493258991183,-19.80698133691));
#6268 = CARTESIAN_POINT('',(-4.493771075941,-19.92893013358));
#6269 = CARTESIAN_POINT('',(-4.493989738497,-20.05092902207));
#6270 = CARTESIAN_POINT('',(-4.493914698917,-20.17295155663));
#6271 = CARTESIAN_POINT('',(-4.493545216043,-20.29495657803));
#6272 = CARTESIAN_POINT('',(-4.492880804701,-20.41682410139));
#6273 = CARTESIAN_POINT('',(-4.491920992065,-20.53849008713));
#6274 = CARTESIAN_POINT('',(-4.490664889134,-20.65991441104));
#6275 = CARTESIAN_POINT('',(-4.489111324569,-20.78105421966));
#6276 = CARTESIAN_POINT('',(-4.487258887264,-20.90186303598));
#6277 = CARTESIAN_POINT('',(-4.485105954533,-21.02229107104));
#6278 = CARTESIAN_POINT('',(-4.482650721385,-21.14228520653));
#6279 = CARTESIAN_POINT('',(-4.47989122696,-21.26178906046));
#6280 = CARTESIAN_POINT('',(-4.476825379389,-21.38074302632));
#6281 = CARTESIAN_POINT('',(-4.473450978926,-21.49908431594));
#6282 = CARTESIAN_POINT('',(-4.469765739635,-21.61674699866));
#6283 = CARTESIAN_POINT('',(-4.465767309738,-21.7336620397));
#6284 = CARTESIAN_POINT('',(-4.46145329083,-21.84975733757));
#6285 = CARTESIAN_POINT('',(-4.456821256113,-21.96495776149));
#6286 = CARTESIAN_POINT('',(-4.451868767826,-22.07918518916));
#6287 = CARTESIAN_POINT('',(-4.446593394066,-22.19235854564));
#6288 = CARTESIAN_POINT('',(-4.440992725152,-22.30439384402));
#6289 = CARTESIAN_POINT('',(-4.435064389758,-22.41520422773));
#6290 = CARTESIAN_POINT('',(-4.428806070945,-22.52470001841));
#6291 = CARTESIAN_POINT('',(-4.42221552246,-22.632788757));
#6292 = CARTESIAN_POINT('',(-4.415290584898,-22.73937528787));
#6293 = CARTESIAN_POINT('',(-4.408029204156,-22.84436170274));
#6294 = CARTESIAN_POINT('',(-4.400429444134,-22.94764783153));
#6295 = CARTESIAN_POINT('',(-4.39248952469,-23.04912971927));
#6296 = CARTESIAN_POINT('',(-4.384212385571,-23.14864842331));
#6297 = CARTESIAN_POINT('',(-4.375599068325,-23.24607877046));
#6298 = CARTESIAN_POINT('',(-4.366651998861,-23.34128585189));
#6299 = CARTESIAN_POINT('',(-4.357374370069,-23.43413535604));
#6300 = CARTESIAN_POINT('',(-4.347770400171,-23.52449181515));
#6301 = CARTESIAN_POINT('',(-4.337845360468,-23.61222016275));
#6302 = CARTESIAN_POINT('',(-4.327605667737,-23.69718646979));
#6303 = CARTESIAN_POINT('',(-4.317058968815,-23.77925899554));
#6304 = CARTESIAN_POINT('',(-4.30621421429,-23.85830914545));
#6305 = CARTESIAN_POINT('',(-4.295081808442,-23.93421283518));
#6306 = CARTESIAN_POINT('',(-4.283673492288,-24.00685067576));
#6307 = CARTESIAN_POINT('',(-4.275893329104,-24.05302544169));
#6308 = CARTESIAN_POINT('',(-4.271961816324,-24.07553144768));
#6309 = ( GEOMETRIC_REPRESENTATION_CONTEXT(2) 
PARAMETRIC_REPRESENTATION_CONTEXT() REPRESENTATION_CONTEXT('2D SPACE',''
  ) );
#6310 = PCURVE('',#6311,#6316);
#6311 = CYLINDRICAL_SURFACE('',#6312,4.5);
#6312 = AXIS2_PLACEMENT_3D('',#6313,#6314,#6315);
#6313 = CARTESIAN_POINT('',(-7.,184.,32.));
#6314 = DIRECTION('',(0.,0.,1.));
#6315 = DIRECTION('',(1.,0.,-0.));
#6316 = DEFINITIONAL_REPRESENTATION('',(#6317),#6409);
#6317 = B_SPLINE_CURVE_WITH_KNOTS('',3,(#6318,#6319,#6320,#6321,#6322,
    #6323,#6324,#6325,#6326,#6327,#6328,#6329,#6330,#6331,#6332,#6333,
    #6334,#6335,#6336,#6337,#6338,#6339,#6340,#6341,#6342,#6343,#6344,
    #6345,#6346,#6347,#6348,#6349,#6350,#6351,#6352,#6353,#6354,#6355,
    #6356,#6357,#6358,#6359,#6360,#6361,#6362,#6363,#6364,#6365,#6366,
    #6367,#6368,#6369,#6370,#6371,#6372,#6373,#6374,#6375,#6376,#6377,
    #6378,#6379,#6380,#6381,#6382,#6383,#6384,#6385,#6386,#6387,#6388,
    #6389,#6390,#6391,#6392,#6393,#6394,#6395,#6396,#6397,#6398,#6399,
    #6400,#6401,#6402,#6403,#6404,#6405,#6406,#6407,#6408),
  .UNSPECIFIED.,.F.,.F.,(4,1,1,1,1,1,1,1,1,1,1,1,1,1,1,1,1,1,1,1,1,1,1,1
    ,1,1,1,1,1,1,1,1,1,1,1,1,1,1,1,1,1,1,1,1,1,1,1,1,1,1,1,1,1,1,1,1,1,1
    ,1,1,1,1,1,1,1,1,1,1,1,1,1,1,1,1,1,1,1,1,1,1,1,1,1,1,1,1,1,1,4),(
    1.385799584247E-07,1.952311048969E-02,3.904608239943E-02,
    5.856905430916E-02,7.80920262189E-02,9.761499812863E-02,
    0.117137970038,0.136660941948,0.156183913858,0.175706885768,
    0.195229857677,0.214752829587,0.234275801497,0.253798773407,
    0.273321745316,0.292844717226,0.312367689136,0.331890661045,
    0.351413632955,0.370936604865,0.390459576775,0.409982548684,
    0.429505520594,0.449028492504,0.468551464414,0.488074436323,
    0.507597408233,0.527120380143,0.546643352053,0.566166323962,
    0.585689295872,0.605212267782,0.624735239691,0.644258211601,
    0.663781183511,0.683304155421,0.70282712733,0.72235009924,
    0.74187307115,0.76139604306,0.780919014969,0.800441986879,
    0.819964958789,0.839487930699,0.859010902608,0.878533874518,
    0.898056846428,0.917579818337,0.937102790247,0.956625762157,
    0.976148734067,0.995671705976,1.015194677886,1.034717649796,
    1.054240621706,1.073763593615,1.093286565525,1.112809537435,
    1.132332509345,1.151855481254,1.171378453164,1.190901425074,
    1.210424396983,1.229947368893,1.249470340803,1.268993312713,
    1.288516284622,1.308039256532,1.327562228442,1.347085200352,
    1.366608172261,1.386131144171,1.405654116081,1.425177087991,
    1.4447000599,1.46422303181,1.48374600372,1.50326897563,
    1.522791947539,1.542314919449,1.561837891359,1.581360863268,
    1.600883835178,1.620406807088,1.639929778998,1.659452750907,
    1.678975722817,1.698498694727,1.718021666637),
  .QUASI_UNIFORM_KNOTS.);
#6318 = CARTESIAN_POINT('',(4.762454319355,7.105427357601E-15));
#6319 = CARTESIAN_POINT('',(4.771809877267,2.817535842008E-02));
#6320 = CARTESIAN_POINT('',(4.790665235573,8.39757041038E-02));
#6321 = CARTESIAN_POINT('',(4.819372412733,0.165886985158));
#6322 = CARTESIAN_POINT('',(4.848496793679,0.245872966336));
#6323 = CARTESIAN_POINT('',(4.878025661083,0.323790369645));
#6324 = CARTESIAN_POINT('',(4.907945471326,0.399501916299));
#6325 = CARTESIAN_POINT('',(4.938237183047,0.47286657751));
#6326 = CARTESIAN_POINT('',(4.968872539782,0.543734810098));
#6327 = CARTESIAN_POINT('',(4.999822592712,0.611972308831));
#6328 = CARTESIAN_POINT('',(5.031055218328,0.677455297044));
#6329 = CARTESIAN_POINT('',(5.062535273099,0.740072840425));
#6330 = CARTESIAN_POINT('',(5.094224645216,0.799728346152));
#6331 = CARTESIAN_POINT('',(5.126079826552,0.85633700232));
#6332 = CARTESIAN_POINT('',(5.158059307764,0.909840133795));
#6333 = CARTESIAN_POINT('',(5.190121739144,0.960200643534));
#6334 = CARTESIAN_POINT('',(5.222224588752,1.007400202924));
#6335 = CARTESIAN_POINT('',(5.254328612779,1.051444987241));
#6336 = CARTESIAN_POINT('',(5.286396594018,1.092361385644));
#6337 = CARTESIAN_POINT('',(5.318392332432,1.130192825047));
#6338 = CARTESIAN_POINT('',(5.350284739815,1.165002386369));
#6339 = CARTESIAN_POINT('',(5.382047485356,1.19686907713));
#6340 = CARTESIAN_POINT('',(5.413656919498,1.225882833325));
#6341 = CARTESIAN_POINT('',(5.445093217525,1.252143371268));
#6342 = CARTESIAN_POINT('',(5.476340884143,1.275758312029));
#6343 = CARTESIAN_POINT('',(5.507388005894,1.296839826322));
#6344 = CARTESIAN_POINT('',(5.538225427361,1.315502600617));
#6345 = CARTESIAN_POINT('',(5.568848329844,1.331863205698));
#6346 = CARTESIAN_POINT('',(5.599249594413,1.346034336853));
#6347 = CARTESIAN_POINT('',(5.629403327867,1.358121023626));
#6348 = CARTESIAN_POINT('',(5.659327307129,1.368244299327));
#6349 = CARTESIAN_POINT('',(5.68902929112,1.376513421739));
#6350 = CARTESIAN_POINT('',(5.718519164983,1.383032585651));
#6351 = CARTESIAN_POINT('',(5.747805793288,1.387899512243));
#6352 = CARTESIAN_POINT('',(5.776897958792,1.39120616869));
#6353 = CARTESIAN_POINT('',(5.805804196903,1.393038876397));
#6354 = CARTESIAN_POINT('',(5.834532918306,1.39347854766));
#6355 = CARTESIAN_POINT('',(5.863092448302,1.392600857102));
#6356 = CARTESIAN_POINT('',(5.891491083813,1.390476403755));
#6357 = CARTESIAN_POINT('',(5.919737142275,1.387170852177));
#6358 = CARTESIAN_POINT('',(5.947839010419,1.382745058499));
#6359 = CARTESIAN_POINT('',(5.975805191764,1.377255181966));
#6360 = CARTESIAN_POINT('',(6.003644354002,1.370752783386));
#6361 = CARTESIAN_POINT('',(6.031365376736,1.36328491106));
#6362 = CARTESIAN_POINT('',(6.058977400244,1.354894174367));
#6363 = CARTESIAN_POINT('',(6.086489875602,1.345618804791));
#6364 = CARTESIAN_POINT('',(6.113912617641,1.335492703182));
#6365 = CARTESIAN_POINT('',(6.141255858154,1.32454547366));
#6366 = CARTESIAN_POINT('',(6.168530312028,1.312802436159));
#6367 = CARTESIAN_POINT('',(6.195747212525,1.300284638758));
#6368 = CARTESIAN_POINT('',(6.222918482943,1.287008779975));
#6369 = CARTESIAN_POINT('',(6.250056425049,1.272987363012));
#6370 = CARTESIAN_POINT('',(6.277175241716,1.258227864807));
#6371 = CARTESIAN_POINT('',(6.304285750913,1.242735444589));
#6372 = CARTESIAN_POINT('',(6.33138120426,1.226522415022));
#6373 = CARTESIAN_POINT('',(6.358467218239,1.209591509133));
#6374 = CARTESIAN_POINT('',(6.385554710962,1.191938636112));
#6375 = CARTESIAN_POINT('',(6.412654046411,1.173556380231));
#6376 = CARTESIAN_POINT('',(6.439774886355,1.154434177846));
#6377 = CARTESIAN_POINT('',(6.466926306847,1.134558308268));
#6378 = CARTESIAN_POINT('',(6.494116835378,1.113911919921));
#6379 = CARTESIAN_POINT('',(6.521354501656,1.092475034525));
#6380 = CARTESIAN_POINT('',(6.548646877843,1.070224546645));
#6381 = CARTESIAN_POINT('',(6.576001115454,1.047134216021));
#6382 = CARTESIAN_POINT('',(6.60342397762,1.023174655388));
#6383 = CARTESIAN_POINT('',(6.630921867652,0.998313315099));
#6384 = CARTESIAN_POINT('',(6.658500854141,0.97251446623));
#6385 = CARTESIAN_POINT('',(6.686166692969,0.94573918375));
#6386 = CARTESIAN_POINT('',(6.713924846436,0.917945331366));
#6387 = CARTESIAN_POINT('',(6.741780499705,0.889087549648));
#6388 = CARTESIAN_POINT('',(6.769738574685,0.859117249017));
#6389 = CARTESIAN_POINT('',(6.797803741206,0.827982609278));
#6390 = CARTESIAN_POINT('',(6.825980426125,0.795628586998));
#6391 = CARTESIAN_POINT('',(6.854272817696,0.761996933486));
#6392 = CARTESIAN_POINT('',(6.882684874496,0.727026220657));
#6393 = CARTESIAN_POINT('',(6.911220303255,0.690651892497));
#6394 = CARTESIAN_POINT('',(6.939882637422,0.652806283639));
#6395 = CARTESIAN_POINT('',(6.968674922895,0.613418830871));
#6396 = CARTESIAN_POINT('',(6.997584430946,0.572438596452));
#6397 = CARTESIAN_POINT('',(7.026607333206,0.529801566268));
#6398 = CARTESIAN_POINT('',(7.055736460934,0.485447348896));
#6399 = CARTESIAN_POINT('',(7.084963894661,0.439316333532));
#6400 = CARTESIAN_POINT('',(7.114280207588,0.391351353326));
#6401 = CARTESIAN_POINT('',(7.14367459446,0.341498277202));
#6402 = CARTESIAN_POINT('',(7.173134752636,0.289707013224));
#6403 = CARTESIAN_POINT('',(7.202646809692,0.235932568172));
#6404 = CARTESIAN_POINT('',(7.232195246303,0.180136101637));
#6405 = CARTESIAN_POINT('',(7.261762717937,0.122286576722));
#6406 = CARTESIAN_POINT('',(7.291330205451,6.236066068523E-02));
#6407 = CARTESIAN_POINT('',(7.311027311099,2.101999363151E-02));
#6408 = CARTESIAN_POINT('',(7.32086871949,-3.552713678801E-15));
#6409 = ( GEOMETRIC_REPRESENTATION_CONTEXT(2) 
PARAMETRIC_REPRESENTATION_CONTEXT() REPRESENTATION_CONTEXT('2D SPACE',''
  ) );
#6410 = ORIENTED_EDGE('',*,*,#6411,.T.);
#6411 = EDGE_CURVE('',#6144,#6412,#6414,.T.);
#6412 = VERTEX_POINT('',#6413);
#6413 = CARTESIAN_POINT('',(-6.047259819652,182.71458716796,32.));
#6414 = SURFACE_CURVE('',#6415,(#6420,#6430),.PCURVE_S1.);
#6415 = HYPERBOLA('',#6416,81.75,10.);
#6416 = AXIS2_PLACEMENT_3D('',#6417,#6418,#6419);
#6417 = CARTESIAN_POINT('',(0.,278.25,32.));
#6418 = DIRECTION('',(0.,0.,1.));
#6419 = DIRECTION('',(0.,-1.,0.));
#6420 = PCURVE('',#3585,#6421);
#6421 = DEFINITIONAL_REPRESENTATION('',(#6422),#6429);
#6422 = B_SPLINE_CURVE_WITH_KNOTS('',5,(#6423,#6424,#6425,#6426,#6427,
    #6428),.UNSPECIFIED.,.F.,.F.,(6,6),(-0.650239551319,-0.413814746144)
  ,.PIECEWISE_BEZIER_KNOTS.);
#6423 = CARTESIAN_POINT('',(-4.103652686942,-14.8));
#6424 = CARTESIAN_POINT('',(-4.142443911875,-17.49443798494));
#6425 = CARTESIAN_POINT('',(-4.182546178167,-19.91037122002));
#6426 = CARTESIAN_POINT('',(-4.223897313602,-22.0603472531));
#6427 = CARTESIAN_POINT('',(-4.266396519302,-23.9543338988));
#6428 = CARTESIAN_POINT('',(-4.309902940963,-25.6));
#6429 = ( GEOMETRIC_REPRESENTATION_CONTEXT(2) 
PARAMETRIC_REPRESENTATION_CONTEXT() REPRESENTATION_CONTEXT('2D SPACE',''
  ) );
#6430 = PCURVE('',#6431,#6436);
#6431 = PLANE('',#6432);
#6432 = AXIS2_PLACEMENT_3D('',#6433,#6434,#6435);
#6433 = CARTESIAN_POINT('',(-7.,184.,32.));
#6434 = DIRECTION('',(0.,0.,1.));
#6435 = DIRECTION('',(1.,0.,-0.));
#6436 = DEFINITIONAL_REPRESENTATION('',(#6437),#6441);
#6437 = ( BOUNDED_CURVE() B_SPLINE_CURVE(2,(#6438,#6439,#6440),
.UNSPECIFIED.,.F.,.F.) B_SPLINE_CURVE_WITH_KNOTS((3,3),(-0.650239551319,
-0.413814746144),.PIECEWISE_BEZIER_KNOTS.) CURVE() 
GEOMETRIC_REPRESENTATION_ITEM() RATIONAL_B_SPLINE_CURVE((1.,
1.006995226416,1.)) REPRESENTATION_ITEM('') );
#6438 = CARTESIAN_POINT('',(2.96049033567E-02,-5.4));
#6439 = CARTESIAN_POINT('',(1.463892317893,1.304892246794));
#6440 = CARTESIAN_POINT('',(2.742732626789,5.4));
#6441 = ( GEOMETRIC_REPRESENTATION_CONTEXT(2) 
PARAMETRIC_REPRESENTATION_CONTEXT() REPRESENTATION_CONTEXT('2D SPACE',''
  ) );
#6442 = ORIENTED_EDGE('',*,*,#6443,.F.);
#6443 = EDGE_CURVE('',#6444,#6412,#6446,.T.);
#6444 = VERTEX_POINT('',#6445);
#6445 = CARTESIAN_POINT('',(-5.562701644288,184.70297470556,32.));
#6446 = SURFACE_CURVE('',#6447,(#6474,#6525),.PCURVE_S1.);
#6447 = B_SPLINE_CURVE_WITH_KNOTS('',5,(#6448,#6449,#6450,#6451,#6452,
    #6453,#6454,#6455,#6456,#6457,#6458,#6459,#6460,#6461,#6462,#6463,
    #6464,#6465,#6466,#6467,#6468,#6469,#6470,#6471,#6472,#6473),
  .UNSPECIFIED.,.F.,.F.,(6,4,4,4,4,4,6),(0.,0.633242496644,
    0.999997769727,1.555061518158,2.099736994628,2.526313513181,
    2.948826973726),.UNSPECIFIED.);
#6448 = CARTESIAN_POINT('',(-5.562701644288,184.70297470556,32.));
#6449 = CARTESIAN_POINT('',(-5.522258850929,184.6202855847,
    32.034071635158));
#6450 = CARTESIAN_POINT('',(-5.487803789756,184.53477247638,
    32.064870940043));
#6451 = CARTESIAN_POINT('',(-5.459564375294,184.44696261,32.092376246856
    ));
#6452 = CARTESIAN_POINT('',(-5.437701001121,184.35737357088,
    32.116566082758));
#6453 = CARTESIAN_POINT('',(-5.413459487166,184.21386543513,
    32.149440501933));
#6454 = CARTESIAN_POINT('',(-5.406753523182,184.16080159519,
    32.160366045328));
#6455 = CARTESIAN_POINT('',(-5.402258800605,184.10740476456,
    32.170149027071));
#6456 = CARTESIAN_POINT('',(-5.4,184.05377219027,32.178773369184));
#6457 = CARTESIAN_POINT('',(-5.4,183.91861877473,32.197485355439));
#6458 = CARTESIAN_POINT('',(-5.40517411895,183.83692772966,
    32.206049115267));
#6459 = CARTESIAN_POINT('',(-5.415601315956,183.75526712826,
    32.211835569884));
#6460 = CARTESIAN_POINT('',(-5.431354592274,183.67401330776,
    32.214736052362));
#6461 = CARTESIAN_POINT('',(-5.473207076451,183.51465201429,
    32.214492642123));
#6462 = CARTESIAN_POINT('',(-5.499106044068,183.43651861442,
    32.211460761886));
#6463 = CARTESIAN_POINT('',(-5.530215601778,183.35957217216,
    32.205388951905));
#6464 = CARTESIAN_POINT('',(-5.566541038727,183.28427550116,
    32.196120267492));
#6465 = CARTESIAN_POINT('',(-5.64044442272,183.15386599458,
    32.173633356705));
#6466 = CARTESIAN_POINT('',(-5.676042333641,183.09791792388,
    32.16170745297));
#6467 = CARTESIAN_POINT('',(-5.714730132643,183.04354842116,
    32.147663937361));
#6468 = CARTESIAN_POINT('',(-5.756415359039,182.99103113301,
    32.13144109875));
#6469 = CARTESIAN_POINT('',(-5.845027582312,182.89073270296,
    32.094756206486));
#6470 = CARTESIAN_POINT('',(-5.89190263996,182.84290919069,
    32.074335274438));
#6471 = CARTESIAN_POINT('',(-5.941394892216,182.79744385407,
    32.051722899945));
#6472 = CARTESIAN_POINT('',(-5.993280116393,182.75459659602,
    32.026923519393));
#6473 = CARTESIAN_POINT('',(-6.047259819652,182.71458716796,32.));
#6474 = PCURVE('',#3585,#6475);
#6475 = DEFINITIONAL_REPRESENTATION('',(#6476),#6524);
#6476 = B_SPLINE_CURVE_WITH_KNOTS('',3,(#6477,#6478,#6479,#6480,#6481,
    #6482,#6483,#6484,#6485,#6486,#6487,#6488,#6489,#6490,#6491,#6492,
    #6493,#6494,#6495,#6496,#6497,#6498,#6499,#6500,#6501,#6502,#6503,
    #6504,#6505,#6506,#6507,#6508,#6509,#6510,#6511,#6512,#6513,#6514,
    #6515,#6516,#6517,#6518,#6519,#6520,#6521,#6522,#6523),
  .UNSPECIFIED.,.F.,.F.,(4,1,1,1,1,1,1,1,1,1,1,1,1,1,1,1,1,1,1,1,1,1,1,1
    ,1,1,1,1,1,1,1,1,1,1,1,1,1,1,1,1,1,1,1,1,4),(0.,6.701879485741E-02,
    0.134037589715,0.201056384572,0.26807517943,0.335093974287,
    0.402112769144,0.469131564002,0.536150358859,0.603169153717,
    0.670187948574,0.737206743431,0.804225538289,0.871244333146,
    0.938263128004,1.005281922861,1.072300717719,1.139319512576,
    1.206338307433,1.273357102291,1.340375897148,1.407394692006,
    1.474413486863,1.54143228172,1.608451076578,1.675469871435,
    1.742488666293,1.80950746115,1.876526256007,1.943545050865,
    2.010563845722,2.07758264058,2.144601435437,2.211620230294,
    2.278639025152,2.345657820009,2.412676614867,2.479695409724,
    2.546714204581,2.613732999439,2.680751794296,2.747770589154,
    2.814789384011,2.881808178869,2.948826973726),
  .QUASI_UNIFORM_KNOTS.);
#6477 = CARTESIAN_POINT('',(-4.204744572614,-20.90297470556));
#6478 = CARTESIAN_POINT('',(-4.205544683554,-20.88838911171));
#6479 = CARTESIAN_POINT('',(-4.207099606379,-20.85900710384));
#6480 = CARTESIAN_POINT('',(-4.209295069755,-20.81433886433));
#6481 = CARTESIAN_POINT('',(-4.211352560876,-20.76911270386));
#6482 = CARTESIAN_POINT('',(-4.213271125298,-20.72336567047));
#6483 = CARTESIAN_POINT('',(-4.215049862198,-20.67713461102));
#6484 = CARTESIAN_POINT('',(-4.216687926052,-20.63045612342));
#6485 = CARTESIAN_POINT('',(-4.21818451619,-20.58336654158));
#6486 = CARTESIAN_POINT('',(-4.219538869779,-20.53590189611));
#6487 = CARTESIAN_POINT('',(-4.22075025317,-20.48809794065));
#6488 = CARTESIAN_POINT('',(-4.221817956303,-20.43998994119));
#6489 = CARTESIAN_POINT('',(-4.222741263438,-20.39161365334));
#6490 = CARTESIAN_POINT('',(-4.223519473097,-20.34300500931));
#6491 = CARTESIAN_POINT('',(-4.224151877839,-20.29419965487));
#6492 = CARTESIAN_POINT('',(-4.224637765,-20.24523331289));
#6493 = CARTESIAN_POINT('',(-4.224976423868,-20.19614078743));
#6494 = CARTESIAN_POINT('',(-4.225167113747,-20.14695962875));
#6495 = CARTESIAN_POINT('',(-4.225209086077,-20.0977276494));
#6496 = CARTESIAN_POINT('',(-4.22510159108,-20.04848188267));
#6497 = CARTESIAN_POINT('',(-4.224843864974,-19.99926074626));
#6498 = CARTESIAN_POINT('',(-4.224435140347,-19.95010346978));
#6499 = CARTESIAN_POINT('',(-4.223874650067,-19.90105024528));
#6500 = CARTESIAN_POINT('',(-4.223161633259,-19.85214222178));
#6501 = CARTESIAN_POINT('',(-4.222295338924,-19.80342140063));
#6502 = CARTESIAN_POINT('',(-4.221275036286,-19.75493108386));
#6503 = CARTESIAN_POINT('',(-4.220100058559,-19.70671698498));
#6504 = CARTESIAN_POINT('',(-4.218769769314,-19.65882512024));
#6505 = CARTESIAN_POINT('',(-4.217283614145,-19.61130370418));
#6506 = CARTESIAN_POINT('',(-4.215641134336,-19.56420260041));
#6507 = CARTESIAN_POINT('',(-4.21384198999,-19.51757338539));
#6508 = CARTESIAN_POINT('',(-4.211885979551,-19.4714692401));
#6509 = CARTESIAN_POINT('',(-4.209773063406,-19.42594492144));
#6510 = CARTESIAN_POINT('',(-4.207503373862,-19.38105659152));
#6511 = CARTESIAN_POINT('',(-4.20507733844,-19.33686320881));
#6512 = CARTESIAN_POINT('',(-4.202495632721,-19.29342481013));
#6513 = CARTESIAN_POINT('',(-4.199759231862,-19.25080280472));
#6514 = CARTESIAN_POINT('',(-4.19686944512,-19.20905964718));
#6515 = CARTESIAN_POINT('',(-4.193827946935,-19.16825855888));
#6516 = CARTESIAN_POINT('',(-4.190636831189,-19.1284635228));
#6517 = CARTESIAN_POINT('',(-4.187298555994,-19.08973789263));
#6518 = CARTESIAN_POINT('',(-4.18381616386,-19.05214608963));
#6519 = CARTESIAN_POINT('',(-4.180193126954,-19.01575110796));
#6520 = CARTESIAN_POINT('',(-4.1764333968,-18.98061416737));
#6521 = CARTESIAN_POINT('',(-4.172541360543,-18.94679469372));
#6522 = CARTESIAN_POINT('',(-4.169861867866,-18.92516406061));
#6523 = CARTESIAN_POINT('',(-4.16850173752,-18.91458716796));
#6524 = ( GEOMETRIC_REPRESENTATION_CONTEXT(2) 
PARAMETRIC_REPRESENTATION_CONTEXT() REPRESENTATION_CONTEXT('2D SPACE',''
  ) );
#6525 = PCURVE('',#6526,#6531);
#6526 = CYLINDRICAL_SURFACE('',#6527,1.6);
#6527 = AXIS2_PLACEMENT_3D('',#6528,#6529,#6530);
#6528 = CARTESIAN_POINT('',(-7.,184.,29.));
#6529 = DIRECTION('',(0.,0.,1.));
#6530 = DIRECTION('',(1.,0.,-0.));
#6531 = DEFINITIONAL_REPRESENTATION('',(#6532),#6580);
#6532 = B_SPLINE_CURVE_WITH_KNOTS('',3,(#6533,#6534,#6535,#6536,#6537,
    #6538,#6539,#6540,#6541,#6542,#6543,#6544,#6545,#6546,#6547,#6548,
    #6549,#6550,#6551,#6552,#6553,#6554,#6555,#6556,#6557,#6558,#6559,
    #6560,#6561,#6562,#6563,#6564,#6565,#6566,#6567,#6568,#6569,#6570,
    #6571,#6572,#6573,#6574,#6575,#6576,#6577,#6578,#6579),
  .UNSPECIFIED.,.F.,.F.,(4,1,1,1,1,1,1,1,1,1,1,1,1,1,1,1,1,1,1,1,1,1,1,1
    ,1,1,1,1,1,1,1,1,1,1,1,1,1,1,1,1,1,1,1,1,4),(0.,6.701879485741E-02,
    0.134037589715,0.201056384572,0.26807517943,0.335093974287,
    0.402112769144,0.469131564002,0.536150358859,0.603169153717,
    0.670187948574,0.737206743431,0.804225538289,0.871244333146,
    0.938263128004,1.005281922861,1.072300717719,1.139319512576,
    1.206338307433,1.273357102291,1.340375897148,1.407394692006,
    1.474413486863,1.54143228172,1.608451076578,1.675469871435,
    1.742488666293,1.80950746115,1.876526256007,1.943545050865,
    2.010563845722,2.07758264058,2.144601435437,2.211620230294,
    2.278639025152,2.345657820009,2.412676614867,2.479695409724,
    2.546714204581,2.613732999439,2.680751794296,2.747770589154,
    2.814789384011,2.881808178869,2.948826973726),
  .QUASI_UNIFORM_KNOTS.);
#6533 = CARTESIAN_POINT('',(6.738070507664,3.));
#6534 = CARTESIAN_POINT('',(6.727922570535,3.006009908998));
#6535 = CARTESIAN_POINT('',(6.707631170508,3.017785392316));
#6536 = CARTESIAN_POINT('',(6.677204328544,3.034713996025));
#6537 = CARTESIAN_POINT('',(6.646784691047,3.050906399845));
#6538 = CARTESIAN_POINT('',(6.616368815875,3.06636089003));
#6539 = CARTESIAN_POINT('',(6.58595300299,3.081075592383));
#6540 = CARTESIAN_POINT('',(6.555533250114,3.095048407324));
#6541 = CARTESIAN_POINT('',(6.525105252442,3.108276954985));
#6542 = CARTESIAN_POINT('',(6.494664375222,3.120758519772));
#6543 = CARTESIAN_POINT('',(6.464205665012,3.132489987062));
#6544 = CARTESIAN_POINT('',(6.433723708032,3.143467811872));
#6545 = CARTESIAN_POINT('',(6.403213236006,3.153687764357));
#6546 = CARTESIAN_POINT('',(6.372668894966,3.163145063347));
#6547 = CARTESIAN_POINT('',(6.342084947231,3.171834272801));
#6548 = CARTESIAN_POINT('',(6.311455463246,3.179749276102));
#6549 = CARTESIAN_POINT('',(6.280773673013,3.186883427003));
#6550 = CARTESIAN_POINT('',(6.25003423071,3.193228962711));
#6551 = CARTESIAN_POINT('',(6.219231626772,3.198777359));
#6552 = CARTESIAN_POINT('',(6.188359509845,3.203519495547));
#6553 = CARTESIAN_POINT('',(6.15741200819,3.207445330198));
#6554 = CARTESIAN_POINT('',(6.126383344602,3.210544010055));
#6555 = CARTESIAN_POINT('',(6.095267905218,3.212803866139));
#6556 = CARTESIAN_POINT('',(6.064060213665,3.214212436953));
#6557 = CARTESIAN_POINT('',(6.032754844447,3.214756492862));
#6558 = CARTESIAN_POINT('',(6.00134668841,3.214422028283));
#6559 = CARTESIAN_POINT('',(5.969831682557,3.213194391574));
#6560 = CARTESIAN_POINT('',(5.938205447729,3.211058317762));
#6561 = CARTESIAN_POINT('',(5.906464526269,3.207997992959));
#6562 = CARTESIAN_POINT('',(5.87460607079,3.20399720825));
#6563 = CARTESIAN_POINT('',(5.842627937107,3.199039492249));
#6564 = CARTESIAN_POINT('',(5.81052867679,3.193108244206));
#6565 = CARTESIAN_POINT('',(5.778307600041,3.186186886225));
#6566 = CARTESIAN_POINT('',(5.745964727218,3.178258938509));
#6567 = CARTESIAN_POINT('',(5.713501979186,3.169308651454));
#6568 = CARTESIAN_POINT('',(5.680922118106,3.15932094354));
#6569 = CARTESIAN_POINT('',(5.648229140587,3.148281712901));
#6570 = CARTESIAN_POINT('',(5.615428289582,3.136178163025));
#6571 = CARTESIAN_POINT('',(5.582526105623,3.122999094744));
#6572 = CARTESIAN_POINT('',(5.549530732535,3.108735297126));
#6573 = CARTESIAN_POINT('',(5.516451094192,3.093379488256));
#6574 = CARTESIAN_POINT('',(5.483298770054,3.076927575744));
#6575 = CARTESIAN_POINT('',(5.45008626426,3.05937811067));
#6576 = CARTESIAN_POINT('',(5.416827217761,3.040732809901));
#6577 = CARTESIAN_POINT('',(5.383536327818,3.020996384014));
#6578 = CARTESIAN_POINT('',(5.36133224263,3.007117985421));
#6579 = CARTESIAN_POINT('',(5.350230337124,3.));
#6580 = ( GEOMETRIC_REPRESENTATION_CONTEXT(2) 
PARAMETRIC_REPRESENTATION_CONTEXT() REPRESENTATION_CONTEXT('2D SPACE',''
  ) );
#6581 = ORIENTED_EDGE('',*,*,#6582,.T.);
#6582 = EDGE_CURVE('',#6444,#6146,#6583,.T.);
#6583 = SURFACE_CURVE('',#6584,(#6589,#6599),.PCURVE_S1.);
#6584 = HYPERBOLA('',#6585,81.75,10.);
#6585 = AXIS2_PLACEMENT_3D('',#6586,#6587,#6588);
#6586 = CARTESIAN_POINT('',(0.,278.25,32.));
#6587 = DIRECTION('',(0.,0.,1.));
#6588 = DIRECTION('',(0.,-1.,0.));
#6589 = PCURVE('',#3585,#6590);
#6590 = DEFINITIONAL_REPRESENTATION('',(#6591),#6598);
#6591 = B_SPLINE_CURVE_WITH_KNOTS('',5,(#6592,#6593,#6594,#6595,#6596,
    #6597),.UNSPECIFIED.,.F.,.F.,(6,6),(-0.650239551319,-0.413814746144)
  ,.PIECEWISE_BEZIER_KNOTS.);
#6592 = CARTESIAN_POINT('',(-4.103652686942,-14.8));
#6593 = CARTESIAN_POINT('',(-4.142443911875,-17.49443798494));
#6594 = CARTESIAN_POINT('',(-4.182546178167,-19.91037122002));
#6595 = CARTESIAN_POINT('',(-4.223897313602,-22.0603472531));
#6596 = CARTESIAN_POINT('',(-4.266396519302,-23.9543338988));
#6597 = CARTESIAN_POINT('',(-4.309902940963,-25.6));
#6598 = ( GEOMETRIC_REPRESENTATION_CONTEXT(2) 
PARAMETRIC_REPRESENTATION_CONTEXT() REPRESENTATION_CONTEXT('2D SPACE',''
  ) );
#6599 = PCURVE('',#6431,#6600);
#6600 = DEFINITIONAL_REPRESENTATION('',(#6601),#6605);
#6601 = ( BOUNDED_CURVE() B_SPLINE_CURVE(2,(#6602,#6603,#6604),
.UNSPECIFIED.,.F.,.F.) B_SPLINE_CURVE_WITH_KNOTS((3,3),(-0.650239551319,
-0.413814746144),.PIECEWISE_BEZIER_KNOTS.) CURVE() 
GEOMETRIC_REPRESENTATION_ITEM() RATIONAL_B_SPLINE_CURVE((1.,
1.006995226416,1.)) REPRESENTATION_ITEM('') );
#6602 = CARTESIAN_POINT('',(2.96049033567E-02,-5.4));
#6603 = CARTESIAN_POINT('',(1.463892317893,1.304892246794));
#6604 = CARTESIAN_POINT('',(2.742732626789,5.4));
#6605 = ( GEOMETRIC_REPRESENTATION_CONTEXT(2) 
PARAMETRIC_REPRESENTATION_CONTEXT() REPRESENTATION_CONTEXT('2D SPACE',''
  ) );
#6606 = ADVANCED_FACE('',(#6607),#3863,.T.);
#6607 = FACE_BOUND('',#6608,.T.);
#6608 = EDGE_LOOP('',(#6609,#6610,#6629,#6630));
#6609 = ORIENTED_EDGE('',*,*,#3985,.F.);
#6610 = ORIENTED_EDGE('',*,*,#6611,.T.);
#6611 = EDGE_CURVE('',#3958,#4108,#6612,.T.);
#6612 = SURFACE_CURVE('',#6613,(#6617,#6623),.PCURVE_S1.);
#6613 = LINE('',#6614,#6615);
#6614 = CARTESIAN_POINT('',(-6.,197.,7.5));
#6615 = VECTOR('',#6616,1.);
#6616 = DIRECTION('',(-1.,-0.,0.));
#6617 = PCURVE('',#3863,#6618);
#6618 = DEFINITIONAL_REPRESENTATION('',(#6619),#6622);
#6619 = B_SPLINE_CURVE_WITH_KNOTS('',1,(#6620,#6621),.UNSPECIFIED.,.F.,
  .F.,(2,2),(-12.,0.),.PIECEWISE_BEZIER_KNOTS.);
#6620 = CARTESIAN_POINT('',(4.,12.));
#6621 = CARTESIAN_POINT('',(4.,0.));
#6622 = ( GEOMETRIC_REPRESENTATION_CONTEXT(2) 
PARAMETRIC_REPRESENTATION_CONTEXT() REPRESENTATION_CONTEXT('2D SPACE',''
  ) );
#6623 = PCURVE('',#3973,#6624);
#6624 = DEFINITIONAL_REPRESENTATION('',(#6625),#6628);
#6625 = B_SPLINE_CURVE_WITH_KNOTS('',1,(#6626,#6627),.UNSPECIFIED.,.F.,
  .F.,(2,2),(-12.,0.),.PIECEWISE_BEZIER_KNOTS.);
#6626 = CARTESIAN_POINT('',(12.,1.5));
#6627 = CARTESIAN_POINT('',(0.,1.5));
#6628 = ( GEOMETRIC_REPRESENTATION_CONTEXT(2) 
PARAMETRIC_REPRESENTATION_CONTEXT() REPRESENTATION_CONTEXT('2D SPACE',''
  ) );
#6629 = ORIENTED_EDGE('',*,*,#4130,.T.);
#6630 = ORIENTED_EDGE('',*,*,#3849,.T.);
#6631 = ADVANCED_FACE('',(#6632,#6658),#3917,.F.);
#6632 = FACE_BOUND('',#6633,.F.);
#6633 = EDGE_LOOP('',(#6634,#6635,#6636,#6657));
#6634 = ORIENTED_EDGE('',*,*,#4012,.T.);
#6635 = ORIENTED_EDGE('',*,*,#3901,.T.);
#6636 = ORIENTED_EDGE('',*,*,#6637,.F.);
#6637 = EDGE_CURVE('',#4062,#3902,#6638,.T.);
#6638 = SURFACE_CURVE('',#6639,(#6643,#6650),.PCURVE_S1.);
#6639 = LINE('',#6640,#6641);
#6640 = CARTESIAN_POINT('',(-6.,209.,3.5));
#6641 = VECTOR('',#6642,1.);
#6642 = DIRECTION('',(1.,0.,-0.));
#6643 = PCURVE('',#3917,#6644);
#6644 = DEFINITIONAL_REPRESENTATION('',(#6645),#6649);
#6645 = LINE('',#6646,#6647);
#6646 = CARTESIAN_POINT('',(0.,20.));
#6647 = VECTOR('',#6648,1.);
#6648 = DIRECTION('',(1.,0.));
#6649 = ( GEOMETRIC_REPRESENTATION_CONTEXT(2) 
PARAMETRIC_REPRESENTATION_CONTEXT() REPRESENTATION_CONTEXT('2D SPACE',''
  ) );
#6650 = PCURVE('',#3945,#6651);
#6651 = DEFINITIONAL_REPRESENTATION('',(#6652),#6656);
#6652 = LINE('',#6653,#6654);
#6653 = CARTESIAN_POINT('',(0.,0.));
#6654 = VECTOR('',#6655,1.);
#6655 = DIRECTION('',(0.,1.));
#6656 = ( GEOMETRIC_REPRESENTATION_CONTEXT(2) 
PARAMETRIC_REPRESENTATION_CONTEXT() REPRESENTATION_CONTEXT('2D SPACE',''
  ) );
#6657 = ORIENTED_EDGE('',*,*,#4061,.T.);
#6658 = FACE_BOUND('',#6659,.F.);
#6659 = EDGE_LOOP('',(#6660));
#6660 = ORIENTED_EDGE('',*,*,#6661,.F.);
#6661 = EDGE_CURVE('',#6662,#6662,#6664,.T.);
#6662 = VERTEX_POINT('',#6663);
#6663 = CARTESIAN_POINT('',(1.7,203.,3.5));
#6664 = SURFACE_CURVE('',#6665,(#6670,#6677),.PCURVE_S1.);
#6665 = CIRCLE('',#6666,1.7);
#6666 = AXIS2_PLACEMENT_3D('',#6667,#6668,#6669);
#6667 = CARTESIAN_POINT('',(0.,203.,3.5));
#6668 = DIRECTION('',(0.,0.,1.));
#6669 = DIRECTION('',(1.,0.,-0.));
#6670 = PCURVE('',#3917,#6671);
#6671 = DEFINITIONAL_REPRESENTATION('',(#6672),#6676);
#6672 = CIRCLE('',#6673,1.7);
#6673 = AXIS2_PLACEMENT_2D('',#6674,#6675);
#6674 = CARTESIAN_POINT('',(6.,14.));
#6675 = DIRECTION('',(1.,0.));
#6676 = ( GEOMETRIC_REPRESENTATION_CONTEXT(2) 
PARAMETRIC_REPRESENTATION_CONTEXT() REPRESENTATION_CONTEXT('2D SPACE',''
  ) );
#6677 = PCURVE('',#6678,#6683);
#6678 = CYLINDRICAL_SURFACE('',#6679,1.7);
#6679 = AXIS2_PLACEMENT_3D('',#6680,#6681,#6682);
#6680 = CARTESIAN_POINT('',(0.,203.,1.5));
#6681 = DIRECTION('',(0.,0.,1.));
#6682 = DIRECTION('',(1.,0.,-0.));
#6683 = DEFINITIONAL_REPRESENTATION('',(#6684),#6688);
#6684 = LINE('',#6685,#6686);
#6685 = CARTESIAN_POINT('',(0.,2.));
#6686 = VECTOR('',#6687,1.);
#6687 = DIRECTION('',(1.,0.));
#6688 = ( GEOMETRIC_REPRESENTATION_CONTEXT(2) 
PARAMETRIC_REPRESENTATION_CONTEXT() REPRESENTATION_CONTEXT('2D SPACE',''
  ) );
#6689 = ADVANCED_FACE('',(#6690),#3945,.T.);
#6690 = FACE_BOUND('',#6691,.T.);
#6691 = EDGE_LOOP('',(#6692,#6693,#6694,#6715));
#6692 = ORIENTED_EDGE('',*,*,#6637,.F.);
#6693 = ORIENTED_EDGE('',*,*,#4084,.T.);
#6694 = ORIENTED_EDGE('',*,*,#6695,.T.);
#6695 = EDGE_CURVE('',#4085,#3930,#6696,.T.);
#6696 = SURFACE_CURVE('',#6697,(#6701,#6708),.PCURVE_S1.);
#6697 = LINE('',#6698,#6699);
#6698 = CARTESIAN_POINT('',(-6.,209.,7.5));
#6699 = VECTOR('',#6700,1.);
#6700 = DIRECTION('',(1.,0.,-0.));
#6701 = PCURVE('',#3945,#6702);
#6702 = DEFINITIONAL_REPRESENTATION('',(#6703),#6707);
#6703 = LINE('',#6704,#6705);
#6704 = CARTESIAN_POINT('',(4.,0.));
#6705 = VECTOR('',#6706,1.);
#6706 = DIRECTION('',(0.,1.));
#6707 = ( GEOMETRIC_REPRESENTATION_CONTEXT(2) 
PARAMETRIC_REPRESENTATION_CONTEXT() REPRESENTATION_CONTEXT('2D SPACE',''
  ) );
#6708 = PCURVE('',#3973,#6709);
#6709 = DEFINITIONAL_REPRESENTATION('',(#6710),#6714);
#6710 = LINE('',#6711,#6712);
#6711 = CARTESIAN_POINT('',(0.,13.5));
#6712 = VECTOR('',#6713,1.);
#6713 = DIRECTION('',(1.,0.));
#6714 = ( GEOMETRIC_REPRESENTATION_CONTEXT(2) 
PARAMETRIC_REPRESENTATION_CONTEXT() REPRESENTATION_CONTEXT('2D SPACE',''
  ) );
#6715 = ORIENTED_EDGE('',*,*,#3929,.F.);
#6716 = ADVANCED_FACE('',(#6717,#6723),#3973,.T.);
#6717 = FACE_BOUND('',#6718,.T.);
#6718 = EDGE_LOOP('',(#6719,#6720,#6721,#6722));
#6719 = ORIENTED_EDGE('',*,*,#4107,.F.);
#6720 = ORIENTED_EDGE('',*,*,#6611,.F.);
#6721 = ORIENTED_EDGE('',*,*,#3957,.T.);
#6722 = ORIENTED_EDGE('',*,*,#6695,.F.);
#6723 = FACE_BOUND('',#6724,.T.);
#6724 = EDGE_LOOP('',(#6725));
#6725 = ORIENTED_EDGE('',*,*,#6726,.F.);
#6726 = EDGE_CURVE('',#6727,#6727,#6729,.T.);
#6727 = VERTEX_POINT('',#6728);
#6728 = CARTESIAN_POINT('',(1.7,203.,7.5));
#6729 = SURFACE_CURVE('',#6730,(#6735,#6742),.PCURVE_S1.);
#6730 = CIRCLE('',#6731,1.7);
#6731 = AXIS2_PLACEMENT_3D('',#6732,#6733,#6734);
#6732 = CARTESIAN_POINT('',(0.,203.,7.5));
#6733 = DIRECTION('',(0.,0.,1.));
#6734 = DIRECTION('',(1.,0.,-0.));
#6735 = PCURVE('',#3973,#6736);
#6736 = DEFINITIONAL_REPRESENTATION('',(#6737),#6741);
#6737 = CIRCLE('',#6738,1.7);
#6738 = AXIS2_PLACEMENT_2D('',#6739,#6740);
#6739 = CARTESIAN_POINT('',(6.,7.5));
#6740 = DIRECTION('',(1.,0.));
#6741 = ( GEOMETRIC_REPRESENTATION_CONTEXT(2) 
PARAMETRIC_REPRESENTATION_CONTEXT() REPRESENTATION_CONTEXT('2D SPACE',''
  ) );
#6742 = PCURVE('',#6678,#6743);
#6743 = DEFINITIONAL_REPRESENTATION('',(#6744),#6748);
#6744 = LINE('',#6745,#6746);
#6745 = CARTESIAN_POINT('',(0.,6.));
#6746 = VECTOR('',#6747,1.);
#6747 = DIRECTION('',(1.,0.));
#6748 = ( GEOMETRIC_REPRESENTATION_CONTEXT(2) 
PARAMETRIC_REPRESENTATION_CONTEXT() REPRESENTATION_CONTEXT('2D SPACE',''
  ) );
#6749 = ADVANCED_FACE('',(#6750),#4219,.T.);
#6750 = FACE_BOUND('',#6751,.T.);
#6751 = EDGE_LOOP('',(#6752,#6753,#6754,#6755));
#6752 = ORIENTED_EDGE('',*,*,#4419,.F.);
#6753 = ORIENTED_EDGE('',*,*,#4205,.F.);
#6754 = ORIENTED_EDGE('',*,*,#4259,.T.);
#6755 = ORIENTED_EDGE('',*,*,#6756,.F.);
#6756 = EDGE_CURVE('',#4420,#4260,#6757,.T.);
#6757 = SURFACE_CURVE('',#6758,(#6762,#6768),.PCURVE_S1.);
#6758 = LINE('',#6759,#6760);
#6759 = CARTESIAN_POINT('',(-6.,197.,36.5));
#6760 = VECTOR('',#6761,1.);
#6761 = DIRECTION('',(-1.,-0.,0.));
#6762 = PCURVE('',#4219,#6763);
#6763 = DEFINITIONAL_REPRESENTATION('',(#6764),#6767);
#6764 = B_SPLINE_CURVE_WITH_KNOTS('',1,(#6765,#6766),.UNSPECIFIED.,.F.,
  .F.,(2,2),(-12.,0.),.PIECEWISE_BEZIER_KNOTS.);
#6765 = CARTESIAN_POINT('',(3.1,12.));
#6766 = CARTESIAN_POINT('',(3.1,0.));
#6767 = ( GEOMETRIC_REPRESENTATION_CONTEXT(2) 
PARAMETRIC_REPRESENTATION_CONTEXT() REPRESENTATION_CONTEXT('2D SPACE',''
  ) );
#6768 = PCURVE('',#4298,#6769);
#6769 = DEFINITIONAL_REPRESENTATION('',(#6770),#6773);
#6770 = B_SPLINE_CURVE_WITH_KNOTS('',1,(#6771,#6772),.UNSPECIFIED.,.F.,
  .F.,(2,2),(-12.,0.),.PIECEWISE_BEZIER_KNOTS.);
#6771 = CARTESIAN_POINT('',(12.,1.5));
#6772 = CARTESIAN_POINT('',(0.,1.5));
#6773 = ( GEOMETRIC_REPRESENTATION_CONTEXT(2) 
PARAMETRIC_REPRESENTATION_CONTEXT() REPRESENTATION_CONTEXT('2D SPACE',''
  ) );
#6774 = ADVANCED_FACE('',(#6775,#6801),#4298,.F.);
#6775 = FACE_BOUND('',#6776,.F.);
#6776 = EDGE_LOOP('',(#6777,#6778,#6779,#6780));
#6777 = ORIENTED_EDGE('',*,*,#4282,.F.);
#6778 = ORIENTED_EDGE('',*,*,#6756,.F.);
#6779 = ORIENTED_EDGE('',*,*,#4442,.T.);
#6780 = ORIENTED_EDGE('',*,*,#6781,.F.);
#6781 = EDGE_CURVE('',#4283,#4443,#6782,.T.);
#6782 = SURFACE_CURVE('',#6783,(#6787,#6794),.PCURVE_S1.);
#6783 = LINE('',#6784,#6785);
#6784 = CARTESIAN_POINT('',(-6.,209.,36.5));
#6785 = VECTOR('',#6786,1.);
#6786 = DIRECTION('',(1.,0.,-0.));
#6787 = PCURVE('',#4298,#6788);
#6788 = DEFINITIONAL_REPRESENTATION('',(#6789),#6793);
#6789 = LINE('',#6790,#6791);
#6790 = CARTESIAN_POINT('',(0.,13.5));
#6791 = VECTOR('',#6792,1.);
#6792 = DIRECTION('',(1.,0.));
#6793 = ( GEOMETRIC_REPRESENTATION_CONTEXT(2) 
PARAMETRIC_REPRESENTATION_CONTEXT() REPRESENTATION_CONTEXT('2D SPACE',''
  ) );
#6794 = PCURVE('',#4326,#6795);
#6795 = DEFINITIONAL_REPRESENTATION('',(#6796),#6800);
#6796 = LINE('',#6797,#6798);
#6797 = CARTESIAN_POINT('',(0.,0.));
#6798 = VECTOR('',#6799,1.);
#6799 = DIRECTION('',(0.,1.));
#6800 = ( GEOMETRIC_REPRESENTATION_CONTEXT(2) 
PARAMETRIC_REPRESENTATION_CONTEXT() REPRESENTATION_CONTEXT('2D SPACE',''
  ) );
#6801 = FACE_BOUND('',#6802,.F.);
#6802 = EDGE_LOOP('',(#6803));
#6803 = ORIENTED_EDGE('',*,*,#6804,.F.);
#6804 = EDGE_CURVE('',#6805,#6805,#6807,.T.);
#6805 = VERTEX_POINT('',#6806);
#6806 = CARTESIAN_POINT('',(1.7,203.,36.5));
#6807 = SURFACE_CURVE('',#6808,(#6813,#6820),.PCURVE_S1.);
#6808 = CIRCLE('',#6809,1.7);
#6809 = AXIS2_PLACEMENT_3D('',#6810,#6811,#6812);
#6810 = CARTESIAN_POINT('',(0.,203.,36.5));
#6811 = DIRECTION('',(0.,0.,1.));
#6812 = DIRECTION('',(1.,0.,-0.));
#6813 = PCURVE('',#4298,#6814);
#6814 = DEFINITIONAL_REPRESENTATION('',(#6815),#6819);
#6815 = CIRCLE('',#6816,1.7);
#6816 = AXIS2_PLACEMENT_2D('',#6817,#6818);
#6817 = CARTESIAN_POINT('',(6.,7.5));
#6818 = DIRECTION('',(1.,0.));
#6819 = ( GEOMETRIC_REPRESENTATION_CONTEXT(2) 
PARAMETRIC_REPRESENTATION_CONTEXT() REPRESENTATION_CONTEXT('2D SPACE',''
  ) );
#6820 = PCURVE('',#6821,#6826);
#6821 = CYLINDRICAL_SURFACE('',#6822,1.7);
#6822 = AXIS2_PLACEMENT_3D('',#6823,#6824,#6825);
#6823 = CARTESIAN_POINT('',(0.,203.,1.5));
#6824 = DIRECTION('',(0.,0.,1.));
#6825 = DIRECTION('',(1.,0.,-0.));
#6826 = DEFINITIONAL_REPRESENTATION('',(#6827),#6831);
#6827 = LINE('',#6828,#6829);
#6828 = CARTESIAN_POINT('',(0.,35.));
#6829 = VECTOR('',#6830,1.);
#6830 = DIRECTION('',(1.,0.));
#6831 = ( GEOMETRIC_REPRESENTATION_CONTEXT(2) 
PARAMETRIC_REPRESENTATION_CONTEXT() REPRESENTATION_CONTEXT('2D SPACE',''
  ) );
#6832 = ADVANCED_FACE('',(#6833),#4326,.T.);
#6833 = FACE_BOUND('',#6834,.T.);
#6834 = EDGE_LOOP('',(#6835,#6836,#6837,#6858));
#6835 = ORIENTED_EDGE('',*,*,#6781,.F.);
#6836 = ORIENTED_EDGE('',*,*,#4310,.T.);
#6837 = ORIENTED_EDGE('',*,*,#6838,.T.);
#6838 = EDGE_CURVE('',#4311,#4466,#6839,.T.);
#6839 = SURFACE_CURVE('',#6840,(#6844,#6851),.PCURVE_S1.);
#6840 = LINE('',#6841,#6842);
#6841 = CARTESIAN_POINT('',(-6.,209.,40.5));
#6842 = VECTOR('',#6843,1.);
#6843 = DIRECTION('',(1.,0.,-0.));
#6844 = PCURVE('',#4326,#6845);
#6845 = DEFINITIONAL_REPRESENTATION('',(#6846),#6850);
#6846 = LINE('',#6847,#6848);
#6847 = CARTESIAN_POINT('',(4.,0.));
#6848 = VECTOR('',#6849,1.);
#6849 = DIRECTION('',(0.,1.));
#6850 = ( GEOMETRIC_REPRESENTATION_CONTEXT(2) 
PARAMETRIC_REPRESENTATION_CONTEXT() REPRESENTATION_CONTEXT('2D SPACE',''
  ) );
#6851 = PCURVE('',#4352,#6852);
#6852 = DEFINITIONAL_REPRESENTATION('',(#6853),#6857);
#6853 = LINE('',#6854,#6855);
#6854 = CARTESIAN_POINT('',(0.,20.));
#6855 = VECTOR('',#6856,1.);
#6856 = DIRECTION('',(1.,0.));
#6857 = ( GEOMETRIC_REPRESENTATION_CONTEXT(2) 
PARAMETRIC_REPRESENTATION_CONTEXT() REPRESENTATION_CONTEXT('2D SPACE',''
  ) );
#6858 = ORIENTED_EDGE('',*,*,#4465,.F.);
#6859 = ADVANCED_FACE('',(#6860,#6866),#4352,.T.);
#6860 = FACE_BOUND('',#6861,.T.);
#6861 = EDGE_LOOP('',(#6862,#6863,#6864,#6865));
#6862 = ORIENTED_EDGE('',*,*,#4338,.F.);
#6863 = ORIENTED_EDGE('',*,*,#4392,.T.);
#6864 = ORIENTED_EDGE('',*,*,#4488,.F.);
#6865 = ORIENTED_EDGE('',*,*,#6838,.F.);
#6866 = FACE_BOUND('',#6867,.T.);
#6867 = EDGE_LOOP('',(#6868));
#6868 = ORIENTED_EDGE('',*,*,#6869,.F.);
#6869 = EDGE_CURVE('',#6870,#6870,#6872,.T.);
#6870 = VERTEX_POINT('',#6871);
#6871 = CARTESIAN_POINT('',(1.7,203.,40.5));
#6872 = SURFACE_CURVE('',#6873,(#6878,#6885),.PCURVE_S1.);
#6873 = CIRCLE('',#6874,1.7);
#6874 = AXIS2_PLACEMENT_3D('',#6875,#6876,#6877);
#6875 = CARTESIAN_POINT('',(0.,203.,40.5));
#6876 = DIRECTION('',(0.,0.,1.));
#6877 = DIRECTION('',(1.,0.,-0.));
#6878 = PCURVE('',#4352,#6879);
#6879 = DEFINITIONAL_REPRESENTATION('',(#6880),#6884);
#6880 = CIRCLE('',#6881,1.7);
#6881 = AXIS2_PLACEMENT_2D('',#6882,#6883);
#6882 = CARTESIAN_POINT('',(6.,14.));
#6883 = DIRECTION('',(1.,0.));
#6884 = ( GEOMETRIC_REPRESENTATION_CONTEXT(2) 
PARAMETRIC_REPRESENTATION_CONTEXT() REPRESENTATION_CONTEXT('2D SPACE',''
  ) );
#6885 = PCURVE('',#6821,#6886);
#6886 = DEFINITIONAL_REPRESENTATION('',(#6887),#6891);
#6887 = LINE('',#6888,#6889);
#6888 = CARTESIAN_POINT('',(0.,39.));
#6889 = VECTOR('',#6890,1.);
#6890 = DIRECTION('',(1.,0.));
#6891 = ( GEOMETRIC_REPRESENTATION_CONTEXT(2) 
PARAMETRIC_REPRESENTATION_CONTEXT() REPRESENTATION_CONTEXT('2D SPACE',''
  ) );
#6892 = ADVANCED_FACE('',(#6893),#5062,.T.);
#6893 = FACE_BOUND('',#6894,.T.);
#6894 = EDGE_LOOP('',(#6895,#6924,#6945,#6946));
#6895 = ORIENTED_EDGE('',*,*,#6896,.F.);
#6896 = EDGE_CURVE('',#6897,#6897,#6899,.T.);
#6897 = VERTEX_POINT('',#6898);
#6898 = CARTESIAN_POINT('',(-3.2,184.,45.));
#6899 = SURFACE_CURVE('',#6900,(#6905,#6912),.PCURVE_S1.);
#6900 = CIRCLE('',#6901,3.8);
#6901 = AXIS2_PLACEMENT_3D('',#6902,#6903,#6904);
#6902 = CARTESIAN_POINT('',(-7.,184.,45.));
#6903 = DIRECTION('',(0.,0.,1.));
#6904 = DIRECTION('',(1.,0.,-0.));
#6905 = PCURVE('',#5062,#6906);
#6906 = DEFINITIONAL_REPRESENTATION('',(#6907),#6911);
#6907 = LINE('',#6908,#6909);
#6908 = CARTESIAN_POINT('',(-0.,-7.));
#6909 = VECTOR('',#6910,1.);
#6910 = DIRECTION('',(-1.,-0.));
#6911 = ( GEOMETRIC_REPRESENTATION_CONTEXT(2) 
PARAMETRIC_REPRESENTATION_CONTEXT() REPRESENTATION_CONTEXT('2D SPACE',''
  ) );
#6912 = PCURVE('',#6913,#6918);
#6913 = PLANE('',#6914);
#6914 = AXIS2_PLACEMENT_3D('',#6915,#6916,#6917);
#6915 = CARTESIAN_POINT('',(-7.,184.,45.));
#6916 = DIRECTION('',(0.,0.,1.));
#6917 = DIRECTION('',(1.,0.,-0.));
#6918 = DEFINITIONAL_REPRESENTATION('',(#6919),#6923);
#6919 = CIRCLE('',#6920,3.8);
#6920 = AXIS2_PLACEMENT_2D('',#6921,#6922);
#6921 = CARTESIAN_POINT('',(0.,0.));
#6922 = DIRECTION('',(1.,0.));
#6923 = ( GEOMETRIC_REPRESENTATION_CONTEXT(2) 
PARAMETRIC_REPRESENTATION_CONTEXT() REPRESENTATION_CONTEXT('2D SPACE',''
  ) );
#6924 = ORIENTED_EDGE('',*,*,#6925,.F.);
#6925 = EDGE_CURVE('',#5025,#6897,#6926,.T.);
#6926 = SEAM_CURVE('',#6927,(#6931,#6938),.PCURVE_S1.);
#6927 = LINE('',#6928,#6929);
#6928 = CARTESIAN_POINT('',(-2.5,184.,38.));
#6929 = VECTOR('',#6930,1.);
#6930 = DIRECTION('',(-9.9503719021E-02,2.437138220046E-17,0.99503719021
    ));
#6931 = PCURVE('',#5062,#6932);
#6932 = DEFINITIONAL_REPRESENTATION('',(#6933),#6937);
#6933 = LINE('',#6934,#6935);
#6934 = CARTESIAN_POINT('',(-6.28318530718,0.));
#6935 = VECTOR('',#6936,1.);
#6936 = DIRECTION('',(-0.,-1.));
#6937 = ( GEOMETRIC_REPRESENTATION_CONTEXT(2) 
PARAMETRIC_REPRESENTATION_CONTEXT() REPRESENTATION_CONTEXT('2D SPACE',''
  ) );
#6938 = PCURVE('',#5062,#6939);
#6939 = DEFINITIONAL_REPRESENTATION('',(#6940),#6944);
#6940 = LINE('',#6941,#6942);
#6941 = CARTESIAN_POINT('',(0.,-0.));
#6942 = VECTOR('',#6943,1.);
#6943 = DIRECTION('',(-0.,-1.));
#6944 = ( GEOMETRIC_REPRESENTATION_CONTEXT(2) 
PARAMETRIC_REPRESENTATION_CONTEXT() REPRESENTATION_CONTEXT('2D SPACE',''
  ) );
#6945 = ORIENTED_EDGE('',*,*,#5047,.T.);
#6946 = ORIENTED_EDGE('',*,*,#6925,.T.);
#6947 = ADVANCED_FACE('',(#6948),#5151,.F.);
#6948 = FACE_BOUND('',#6949,.F.);
#6949 = EDGE_LOOP('',(#6950,#6973,#7007,#7045,#7066,#7067));
#6950 = ORIENTED_EDGE('',*,*,#6951,.F.);
#6951 = EDGE_CURVE('',#6952,#5311,#6954,.T.);
#6952 = VERTEX_POINT('',#6953);
#6953 = CARTESIAN_POINT('',(5.103431534779,166.5,21.695627169701));
#6954 = SURFACE_CURVE('',#6955,(#6959,#6966),.PCURVE_S1.);
#6955 = LINE('',#6956,#6957);
#6956 = CARTESIAN_POINT('',(9.454254314632,166.5,20.84991289275));
#6957 = VECTOR('',#6958,1.);
#6958 = DIRECTION('',(0.981627183448,0.,-0.190808995377));
#6959 = PCURVE('',#5151,#6960);
#6960 = DEFINITIONAL_REPRESENTATION('',(#6961),#6965);
#6961 = LINE('',#6962,#6963);
#6962 = CARTESIAN_POINT('',(0.,0.));
#6963 = VECTOR('',#6964,1.);
#6964 = DIRECTION('',(-1.,0.));
#6965 = ( GEOMETRIC_REPRESENTATION_CONTEXT(2) 
PARAMETRIC_REPRESENTATION_CONTEXT() REPRESENTATION_CONTEXT('2D SPACE',''
  ) );
#6966 = PCURVE('',#5327,#6967);
#6967 = DEFINITIONAL_REPRESENTATION('',(#6968),#6972);
#6968 = LINE('',#6969,#6970);
#6969 = CARTESIAN_POINT('',(5.135662580255,0.668931881262));
#6970 = VECTOR('',#6971,1.);
#6971 = DIRECTION('',(0.991010194463,-0.133786376252));
#6972 = ( GEOMETRIC_REPRESENTATION_CONTEXT(2) 
PARAMETRIC_REPRESENTATION_CONTEXT() REPRESENTATION_CONTEXT('2D SPACE',''
  ) );
#6973 = ORIENTED_EDGE('',*,*,#6974,.T.);
#6974 = EDGE_CURVE('',#6952,#6975,#6977,.T.);
#6975 = VERTEX_POINT('',#6976);
#6976 = CARTESIAN_POINT('',(4.963921272382,170.74510650337,22.));
#6977 = SURFACE_CURVE('',#6978,(#6984,#6993),.PCURVE_S1.);
#6978 = B_SPLINE_CURVE_WITH_KNOTS('',4,(#6979,#6980,#6981,#6982,#6983),
  .UNSPECIFIED.,.F.,.F.,(5,5),(0.,1.),.PIECEWISE_BEZIER_KNOTS.);
#6979 = CARTESIAN_POINT('',(5.103431534779,166.5,21.695627169701));
#6980 = CARTESIAN_POINT('',(5.070842935491,167.56129565218,
    21.773137062617));
#6981 = CARTESIAN_POINT('',(5.036716897431,168.62257754844,
    21.849786402863));
#6982 = CARTESIAN_POINT('',(5.001065347673,169.68384720883,
    21.925448243695));
#6983 = CARTESIAN_POINT('',(4.963921272382,170.74510650337,22.));
#6984 = PCURVE('',#5151,#6985);
#6985 = DEFINITIONAL_REPRESENTATION('',(#6986),#6992);
#6986 = B_SPLINE_CURVE_WITH_KNOTS('',4,(#6987,#6988,#6989,#6990,#6991),
  .UNSPECIFIED.,.F.,.F.,(5,5),(0.,1.),.PIECEWISE_BEZIER_KNOTS.);
#6987 = CARTESIAN_POINT('',(4.432255802628,0.));
#6988 = CARTESIAN_POINT('',(4.462793407449,7.319280359912E-02));
#6989 = CARTESIAN_POINT('',(4.494785694218,0.146384664149));
#6990 = CARTESIAN_POINT('',(4.52820856837,0.219575665066));
#6991 = CARTESIAN_POINT('',(4.563017138977,0.292765961241));
#6992 = ( GEOMETRIC_REPRESENTATION_CONTEXT(2) 
PARAMETRIC_REPRESENTATION_CONTEXT() REPRESENTATION_CONTEXT('2D SPACE',''
  ) );
#6993 = PCURVE('',#6994,#6999);
#6994 = CONICAL_SURFACE('',#6995,5.2,3.498571882853E-02);
#6995 = AXIS2_PLACEMENT_3D('',#6996,#6997,#6998);
#6996 = CARTESIAN_POINT('',(0.,164.,22.));
#6997 = DIRECTION('',(-0.,-1.,-1.110223024625E-16));
#6998 = DIRECTION('',(1.,0.,0.));
#6999 = DEFINITIONAL_REPRESENTATION('',(#7000),#7006);
#7000 = B_SPLINE_CURVE_WITH_KNOTS('',4,(#7001,#7002,#7003,#7004,#7005),
  .UNSPECIFIED.,.F.,.F.,(5,5),(0.,1.),.PIECEWISE_BEZIER_KNOTS.);
#7001 = CARTESIAN_POINT('',(-5.957025366441E-02,-2.5));
#7002 = CARTESIAN_POINT('',(-4.481578050609E-02,-3.561295652187));
#7003 = CARTESIAN_POINT('',(-2.99613790287E-02,-4.62257754844));
#7004 = CARTESIAN_POINT('',(-1.501872254095E-02,-5.683847208836));
#7005 = CARTESIAN_POINT('',(0.,-6.745106503372));
#7006 = ( GEOMETRIC_REPRESENTATION_CONTEXT(2) 
PARAMETRIC_REPRESENTATION_CONTEXT() REPRESENTATION_CONTEXT('2D SPACE',''
  ) );
#7007 = ORIENTED_EDGE('',*,*,#7008,.T.);
#7008 = EDGE_CURVE('',#6975,#7009,#7011,.T.);
#7009 = VERTEX_POINT('',#7010);
#7010 = CARTESIAN_POINT('',(4.555260695065,181.,22.675));
#7011 = SURFACE_CURVE('',#7012,(#7021,#7033),.PCURVE_S1.);
#7012 = B_SPLINE_CURVE_WITH_KNOTS('',4,(#7013,#7014,#7015,#7016,#7017,
    #7018,#7019,#7020),.UNSPECIFIED.,.F.,.F.,(5,3,5),(0.,0.499419901057,
    1.),.UNSPECIFIED.);
#7013 = CARTESIAN_POINT('',(4.963921272382,170.74510650337,22.));
#7014 = CARTESIAN_POINT('',(4.919107086391,172.02551181738,
    22.08994641146));
#7015 = CARTESIAN_POINT('',(4.872120233694,173.30590204584,
    22.178277326925));
#7016 = CARTESIAN_POINT('',(4.823019040133,174.58628047905,
    22.264777074764));
#7017 = CARTESIAN_POINT('',(4.720669194987,177.14999604893,
    22.433924477341));
#7018 = CARTESIAN_POINT('',(4.667410915588,178.43333314891,
    22.516563132116));
#7019 = CARTESIAN_POINT('',(4.612229663518,179.71666633421,
    22.596974519624));
#7020 = CARTESIAN_POINT('',(4.555260695065,181.,22.675));
#7021 = PCURVE('',#5151,#7022);
#7022 = DEFINITIONAL_REPRESENTATION('',(#7023),#7032);
#7023 = B_SPLINE_CURVE_WITH_KNOTS('',4,(#7024,#7025,#7026,#7027,#7028,
    #7029,#7030,#7031),.UNSPECIFIED.,.F.,.F.,(5,3,5),(0.,0.499419901057,
    1.),.UNSPECIFIED.);
#7024 = CARTESIAN_POINT('',(4.563017124299,0.29276596575));
#7025 = CARTESIAN_POINT('',(4.605013532766,0.381069780509));
#7026 = CARTESIAN_POINT('',(4.649027188609,0.469372554886));
#7027 = CARTESIAN_POINT('',(4.694978969668,0.557674515797));
#7028 = CARTESIAN_POINT('',(4.790632551124,0.734482486134));
#7029 = CARTESIAN_POINT('',(4.840343113065,0.822988493029));
#7030 = CARTESIAN_POINT('',(4.891762221325,0.911494229946));
#7031 = CARTESIAN_POINT('',(4.944739304935,1.));
#7032 = ( GEOMETRIC_REPRESENTATION_CONTEXT(2) 
PARAMETRIC_REPRESENTATION_CONTEXT() REPRESENTATION_CONTEXT('2D SPACE',''
  ) );
#7033 = PCURVE('',#6994,#7034);
#7034 = DEFINITIONAL_REPRESENTATION('',(#7035),#7044);
#7035 = B_SPLINE_CURVE_WITH_KNOTS('',4,(#7036,#7037,#7038,#7039,#7040,
    #7041,#7042,#7043),.UNSPECIFIED.,.F.,.F.,(5,3,5),(0.,0.499419901057,
    1.),.UNSPECIFIED.);
#7036 = CARTESIAN_POINT('',(-6.28318530718,-6.745106503372));
#7037 = CARTESIAN_POINT('',(-6.265065275349,-8.025511817386));
#7038 = CARTESIAN_POINT('',(-6.246834480513,-9.305902045849));
#7039 = CARTESIAN_POINT('',(-6.22851438274,-10.58628047905));
#7040 = CARTESIAN_POINT('',(-6.19169528736,-13.14999604893));
#7041 = CARTESIAN_POINT('',(-6.173195922359,-14.43333314891));
#7042 = CARTESIAN_POINT('',(-6.154649456515,-15.71666633421));
#7043 = CARTESIAN_POINT('',(-6.136075468335,-17.));
#7044 = ( GEOMETRIC_REPRESENTATION_CONTEXT(2) 
PARAMETRIC_REPRESENTATION_CONTEXT() REPRESENTATION_CONTEXT('2D SPACE',''
  ) );
#7045 = ORIENTED_EDGE('',*,*,#7046,.T.);
#7046 = EDGE_CURVE('',#7009,#5132,#7047,.T.);
#7047 = SURFACE_CURVE('',#7048,(#7052,#7059),.PCURVE_S1.);
#7048 = LINE('',#7049,#7050);
#7049 = CARTESIAN_POINT('',(9.5,181.,22.675));
#7050 = VECTOR('',#7051,1.);
#7051 = DIRECTION('',(1.,0.,0.));
#7052 = PCURVE('',#5151,#7053);
#7053 = DEFINITIONAL_REPRESENTATION('',(#7054),#7058);
#7054 = LINE('',#7055,#7056);
#7055 = CARTESIAN_POINT('',(0.,1.));
#7056 = VECTOR('',#7057,1.);
#7057 = DIRECTION('',(-1.,0.));
#7058 = ( GEOMETRIC_REPRESENTATION_CONTEXT(2) 
PARAMETRIC_REPRESENTATION_CONTEXT() REPRESENTATION_CONTEXT('2D SPACE',''
  ) );
#7059 = PCURVE('',#5182,#7060);
#7060 = DEFINITIONAL_REPRESENTATION('',(#7061),#7065);
#7061 = LINE('',#7062,#7063);
#7062 = CARTESIAN_POINT('',(5.135662580255,0.668931881262));
#7063 = VECTOR('',#7064,1.);
#7064 = DIRECTION('',(0.991010194463,-0.133786376252));
#7065 = ( GEOMETRIC_REPRESENTATION_CONTEXT(2) 
PARAMETRIC_REPRESENTATION_CONTEXT() REPRESENTATION_CONTEXT('2D SPACE',''
  ) );
#7066 = ORIENTED_EDGE('',*,*,#5131,.F.);
#7067 = ORIENTED_EDGE('',*,*,#5343,.F.);
#7068 = ADVANCED_FACE('',(#7069),#5182,.F.);
#7069 = FACE_BOUND('',#7070,.F.);
#7070 = EDGE_LOOP('',(#7071,#7101,#7122,#7123,#7124,#7125));
#7071 = ORIENTED_EDGE('',*,*,#7072,.T.);
#7072 = EDGE_CURVE('',#7073,#7075,#7077,.T.);
#7073 = VERTEX_POINT('',#7074);
#7074 = CARTESIAN_POINT('',(4.605,181.,22.));
#7075 = VERTEX_POINT('',#7076);
#7076 = CARTESIAN_POINT('',(4.555260695065,181.,21.325));
#7077 = SURFACE_CURVE('',#7078,(#7083,#7094),.PCURVE_S1.);
#7078 = CIRCLE('',#7079,4.605);
#7079 = AXIS2_PLACEMENT_3D('',#7080,#7081,#7082);
#7080 = CARTESIAN_POINT('',(0.,181.,22.));
#7081 = DIRECTION('',(0.,1.,1.110223024625E-16));
#7082 = DIRECTION('',(1.,0.,-0.));
#7083 = PCURVE('',#5182,#7084);
#7084 = DEFINITIONAL_REPRESENTATION('',(#7085),#7093);
#7085 = ( BOUNDED_CURVE() B_SPLINE_CURVE(2,(#7086,#7087,#7088,#7089,
#7090,#7091,#7092),.UNSPECIFIED.,.T.,.F.) B_SPLINE_CURVE_WITH_KNOTS((1,2
    ,2,2,2,1),(-2.094395102393,0.,2.094395102393,4.188790204786,
6.28318530718,8.377580409573),.UNSPECIFIED.) CURVE() 
GEOMETRIC_REPRESENTATION_ITEM() RATIONAL_B_SPLINE_CURVE((1.,0.5,1.,0.5,
1.,0.5,1.)) REPRESENTATION_ITEM('') );
#7086 = CARTESIAN_POINT('',(0.194361874389,0.654884311756));
#7087 = CARTESIAN_POINT('',(-0.872730834353,-7.249506123372));
#7088 = CARTESIAN_POINT('',(-7.184587398234,-2.373181511844));
#7089 = CARTESIAN_POINT('',(-13.49644396211,2.503143099684));
#7090 = CARTESIAN_POINT('',(-6.117494689492,5.531208923284));
#7091 = CARTESIAN_POINT('',(1.261454583131,8.559274746884));
#7092 = CARTESIAN_POINT('',(0.194361874389,0.654884311756));
#7093 = ( GEOMETRIC_REPRESENTATION_CONTEXT(2) 
PARAMETRIC_REPRESENTATION_CONTEXT() REPRESENTATION_CONTEXT('2D SPACE',''
  ) );
#7094 = PCURVE('',#6994,#7095);
#7095 = DEFINITIONAL_REPRESENTATION('',(#7096),#7100);
#7096 = LINE('',#7097,#7098);
#7097 = CARTESIAN_POINT('',(-0.,-17.));
#7098 = VECTOR('',#7099,1.);
#7099 = DIRECTION('',(-1.,-0.));
#7100 = ( GEOMETRIC_REPRESENTATION_CONTEXT(2) 
PARAMETRIC_REPRESENTATION_CONTEXT() REPRESENTATION_CONTEXT('2D SPACE',''
  ) );
#7101 = ORIENTED_EDGE('',*,*,#7102,.T.);
#7102 = EDGE_CURVE('',#7075,#5222,#7103,.T.);
#7103 = SURFACE_CURVE('',#7104,(#7108,#7115),.PCURVE_S1.);
#7104 = LINE('',#7105,#7106);
#7105 = CARTESIAN_POINT('',(9.5,181.,21.325));
#7106 = VECTOR('',#7107,1.);
#7107 = DIRECTION('',(1.,0.,0.));
#7108 = PCURVE('',#5182,#7109);
#7109 = DEFINITIONAL_REPRESENTATION('',(#7110),#7114);
#7110 = LINE('',#7111,#7112);
#7111 = CARTESIAN_POINT('',(4.955050972314,-0.668931881262));
#7112 = VECTOR('',#7113,1.);
#7113 = DIRECTION('',(0.991010194463,-0.133786376252));
#7114 = ( GEOMETRIC_REPRESENTATION_CONTEXT(2) 
PARAMETRIC_REPRESENTATION_CONTEXT() REPRESENTATION_CONTEXT('2D SPACE',''
  ) );
#7115 = PCURVE('',#5287,#7116);
#7116 = DEFINITIONAL_REPRESENTATION('',(#7117),#7121);
#7117 = LINE('',#7118,#7119);
#7118 = CARTESIAN_POINT('',(0.,1.));
#7119 = VECTOR('',#7120,1.);
#7120 = DIRECTION('',(1.,0.));
#7121 = ( GEOMETRIC_REPRESENTATION_CONTEXT(2) 
PARAMETRIC_REPRESENTATION_CONTEXT() REPRESENTATION_CONTEXT('2D SPACE',''
  ) );
#7122 = ORIENTED_EDGE('',*,*,#5221,.F.);
#7123 = ORIENTED_EDGE('',*,*,#5165,.F.);
#7124 = ORIENTED_EDGE('',*,*,#7046,.F.);
#7125 = ORIENTED_EDGE('',*,*,#7126,.T.);
#7126 = EDGE_CURVE('',#7009,#7073,#7127,.T.);
#7127 = SURFACE_CURVE('',#7128,(#7133,#7144),.PCURVE_S1.);
#7128 = CIRCLE('',#7129,4.605);
#7129 = AXIS2_PLACEMENT_3D('',#7130,#7131,#7132);
#7130 = CARTESIAN_POINT('',(0.,181.,22.));
#7131 = DIRECTION('',(0.,1.,1.110223024625E-16));
#7132 = DIRECTION('',(1.,0.,-0.));
#7133 = PCURVE('',#5182,#7134);
#7134 = DEFINITIONAL_REPRESENTATION('',(#7135),#7143);
#7135 = ( BOUNDED_CURVE() B_SPLINE_CURVE(2,(#7136,#7137,#7138,#7139,
#7140,#7141,#7142),.UNSPECIFIED.,.T.,.F.) B_SPLINE_CURVE_WITH_KNOTS((1,2
    ,2,2,2,1),(-2.094395102393,0.,2.094395102393,4.188790204786,
6.28318530718,8.377580409573),.UNSPECIFIED.) CURVE() 
GEOMETRIC_REPRESENTATION_ITEM() RATIONAL_B_SPLINE_CURVE((1.,0.5,1.,0.5,
1.,0.5,1.)) REPRESENTATION_ITEM('') );
#7136 = CARTESIAN_POINT('',(0.194361874389,0.654884311756));
#7137 = CARTESIAN_POINT('',(-0.872730834353,-7.249506123372));
#7138 = CARTESIAN_POINT('',(-7.184587398234,-2.373181511844));
#7139 = CARTESIAN_POINT('',(-13.49644396211,2.503143099684));
#7140 = CARTESIAN_POINT('',(-6.117494689492,5.531208923284));
#7141 = CARTESIAN_POINT('',(1.261454583131,8.559274746884));
#7142 = CARTESIAN_POINT('',(0.194361874389,0.654884311756));
#7143 = ( GEOMETRIC_REPRESENTATION_CONTEXT(2) 
PARAMETRIC_REPRESENTATION_CONTEXT() REPRESENTATION_CONTEXT('2D SPACE',''
  ) );
#7144 = PCURVE('',#6994,#7145);
#7145 = DEFINITIONAL_REPRESENTATION('',(#7146),#7150);
#7146 = LINE('',#7147,#7148);
#7147 = CARTESIAN_POINT('',(-0.,-17.));
#7148 = VECTOR('',#7149,1.);
#7149 = DIRECTION('',(-1.,-0.));
#7150 = ( GEOMETRIC_REPRESENTATION_CONTEXT(2) 
PARAMETRIC_REPRESENTATION_CONTEXT() REPRESENTATION_CONTEXT('2D SPACE',''
  ) );
#7151 = ADVANCED_FACE('',(#7152),#5287,.F.);
#7152 = FACE_BOUND('',#7153,.F.);
#7153 = EDGE_LOOP('',(#7154,#7210,#7231,#7232));
#7154 = ORIENTED_EDGE('',*,*,#7155,.F.);
#7155 = EDGE_CURVE('',#7156,#7075,#7158,.T.);
#7156 = VERTEX_POINT('',#7157);
#7157 = CARTESIAN_POINT('',(4.845839391021,166.5,20.370430472047));
#7158 = SURFACE_CURVE('',#7159,(#7174,#7192),.PCURVE_S1.);
#7159 = B_SPLINE_CURVE_WITH_KNOTS('',4,(#7160,#7161,#7162,#7163,#7164,
    #7165,#7166,#7167,#7168,#7169,#7170,#7171,#7172,#7173),
  .UNSPECIFIED.,.F.,.F.,(5,3,3,3,5),(0.,0.24999435125,0.499987225754,
    0.749977411904,1.),.UNSPECIFIED.);
#7160 = CARTESIAN_POINT('',(4.845839391021,166.5,20.370430472047));
#7161 = CARTESIAN_POINT('',(4.834111640821,167.40621585875,
    20.435064232396));
#7162 = CARTESIAN_POINT('',(4.821262631132,168.3124315522,
    20.499071252585));
#7163 = CARTESIAN_POINT('',(4.807299743662,169.21864791329,
    20.562372558328));
#7164 = CARTESIAN_POINT('',(4.777183506242,171.0310784553,
    20.687409561901));
#7165 = CARTESIAN_POINT('',(4.761030155289,171.93729263755,
    20.749145357121));
#7166 = CARTESIAN_POINT('',(4.743800178294,172.84350932693,
    20.81002173466));
#7167 = CARTESIAN_POINT('',(4.707246074144,174.65593997106,
    20.929910658845));
#7168 = CARTESIAN_POINT('',(4.687921934798,175.56215392659,
    20.988923306726));
#7169 = CARTESIAN_POINT('',(4.667580106869,176.46837238742,
    21.046932313277));
#7170 = CARTESIAN_POINT('',(4.624936818908,178.28093789442,
    21.160820449402));
#7171 = CARTESIAN_POINT('',(4.602635052459,179.18728494231,
    21.216699369746));
#7172 = CARTESIAN_POINT('',(4.579393851296,180.09363861545,
    21.271444476847));
#7173 = CARTESIAN_POINT('',(4.555260695065,181.,21.325));
#7174 = PCURVE('',#5287,#7175);
#7175 = DEFINITIONAL_REPRESENTATION('',(#7176),#7191);
#7176 = B_SPLINE_CURVE_WITH_KNOTS('',4,(#7177,#7178,#7179,#7180,#7181,
    #7182,#7183,#7184,#7185,#7186,#7187,#7188,#7189,#7190),
  .UNSPECIFIED.,.F.,.F.,(5,3,3,3,5),(0.,0.24999435125,0.499987225754,
    0.749977411904,1.),.UNSPECIFIED.);
#7177 = CARTESIAN_POINT('',(-4.432255802628,0.));
#7178 = CARTESIAN_POINT('',(-4.458331158464,6.249764543164E-02));
#7179 = CARTESIAN_POINT('',(-4.485467424094,0.124995279463));
#7180 = CARTESIAN_POINT('',(-4.513649620918,0.187492959538));
#7181 = CARTESIAN_POINT('',(-4.572053706605,0.312488169331));
#7182 = CARTESIAN_POINT('',(-4.60227560586,0.374985699142));
#7183 = CARTESIAN_POINT('',(-4.633491401123,0.437483401857));
#7184 = CARTESIAN_POINT('',(-4.697837650791,0.562478618694));
#7185 = CARTESIAN_POINT('',(-4.730968127141,0.624976132869));
#7186 = CARTESIAN_POINT('',(-4.765019692796,0.687473957753));
#7187 = CARTESIAN_POINT('',(-4.834878525129,0.812478475478));
#7188 = CARTESIAN_POINT('',(-4.870686078093,0.874985168435));
#7189 = CARTESIAN_POINT('',(-4.907323951368,0.937492318307));
#7190 = CARTESIAN_POINT('',(-4.944739304935,1.));
#7191 = ( GEOMETRIC_REPRESENTATION_CONTEXT(2) 
PARAMETRIC_REPRESENTATION_CONTEXT() REPRESENTATION_CONTEXT('2D SPACE',''
  ) );
#7192 = PCURVE('',#6994,#7193);
#7193 = DEFINITIONAL_REPRESENTATION('',(#7194),#7209);
#7194 = B_SPLINE_CURVE_WITH_KNOTS('',4,(#7195,#7196,#7197,#7198,#7199,
    #7200,#7201,#7202,#7203,#7204,#7205,#7206,#7207,#7208),
  .UNSPECIFIED.,.F.,.F.,(5,3,3,3,5),(0.,0.24999435125,0.499987225754,
    0.749977411904,1.),.UNSPECIFIED.);
#7195 = CARTESIAN_POINT('',(-0.324402181774,-2.5));
#7196 = CARTESIAN_POINT('',(-0.31315045994,-3.406215858759));
#7197 = CARTESIAN_POINT('',(-0.301898697667,-4.312431552208));
#7198 = CARTESIAN_POINT('',(-0.290657249726,-5.218647913298));
#7199 = CARTESIAN_POINT('',(-0.268216666846,-7.031078455306));
#7200 = CARTESIAN_POINT('',(-0.25701752367,-7.937292637557));
#7201 = CARTESIAN_POINT('',(-0.245850305433,-8.843509326933));
#7202 = CARTESIAN_POINT('',(-0.223601886861,-10.65593997106));
#7203 = CARTESIAN_POINT('',(-0.212520677495,-11.56215392659));
#7204 = CARTESIAN_POINT('',(-0.201493431647,-12.46837238742));
#7205 = CARTESIAN_POINT('',(-0.17956743465,-14.28093789442));
#7206 = CARTESIAN_POINT('',(-0.168668692728,-15.18728494231));
#7207 = CARTESIAN_POINT('',(-0.157845914519,-16.09363861545));
#7208 = CARTESIAN_POINT('',(-0.147109838844,-17.));
#7209 = ( GEOMETRIC_REPRESENTATION_CONTEXT(2) 
PARAMETRIC_REPRESENTATION_CONTEXT() REPRESENTATION_CONTEXT('2D SPACE',''
  ) );
#7210 = ORIENTED_EDGE('',*,*,#7211,.T.);
#7211 = EDGE_CURVE('',#7156,#5250,#7212,.T.);
#7212 = SURFACE_CURVE('',#7213,(#7217,#7224),.PCURVE_S1.);
#7213 = LINE('',#7214,#7215);
#7214 = CARTESIAN_POINT('',(9.196662170874,166.5,19.524716195096));
#7215 = VECTOR('',#7216,1.);
#7216 = DIRECTION('',(0.981627183448,0.,-0.190808995377));
#7217 = PCURVE('',#5287,#7218);
#7218 = DEFINITIONAL_REPRESENTATION('',(#7219),#7223);
#7219 = LINE('',#7220,#7221);
#7220 = CARTESIAN_POINT('',(0.,0.));
#7221 = VECTOR('',#7222,1.);
#7222 = DIRECTION('',(1.,0.));
#7223 = ( GEOMETRIC_REPRESENTATION_CONTEXT(2) 
PARAMETRIC_REPRESENTATION_CONTEXT() REPRESENTATION_CONTEXT('2D SPACE',''
  ) );
#7224 = PCURVE('',#5327,#7225);
#7225 = DEFINITIONAL_REPRESENTATION('',(#7226),#7230);
#7226 = LINE('',#7227,#7228);
#7227 = CARTESIAN_POINT('',(4.955050972314,-0.668931881262));
#7228 = VECTOR('',#7229,1.);
#7229 = DIRECTION('',(0.991010194463,-0.133786376252));
#7230 = ( GEOMETRIC_REPRESENTATION_CONTEXT(2) 
PARAMETRIC_REPRESENTATION_CONTEXT() REPRESENTATION_CONTEXT('2D SPACE',''
  ) );
#7231 = ORIENTED_EDGE('',*,*,#5249,.T.);
#7232 = ORIENTED_EDGE('',*,*,#7102,.F.);
#7233 = ADVANCED_FACE('',(#7234),#5327,.T.);
#7234 = FACE_BOUND('',#7235,.T.);
#7235 = EDGE_LOOP('',(#7236,#7262,#7263,#7264));
#7236 = ORIENTED_EDGE('',*,*,#7237,.T.);
#7237 = EDGE_CURVE('',#6952,#7156,#7238,.T.);
#7238 = SURFACE_CURVE('',#7239,(#7244,#7255),.PCURVE_S1.);
#7239 = CIRCLE('',#7240,5.1125);
#7240 = AXIS2_PLACEMENT_3D('',#7241,#7242,#7243);
#7241 = CARTESIAN_POINT('',(0.,166.5,22.));
#7242 = DIRECTION('',(0.,1.,1.110223024625E-16));
#7243 = DIRECTION('',(1.,0.,-0.));
#7244 = PCURVE('',#5327,#7245);
#7245 = DEFINITIONAL_REPRESENTATION('',(#7246),#7254);
#7246 = ( BOUNDED_CURVE() B_SPLINE_CURVE(2,(#7247,#7248,#7249,#7250,
#7251,#7252,#7253),.UNSPECIFIED.,.T.,.F.) B_SPLINE_CURVE_WITH_KNOTS((1,2
    ,2,2,2,1),(-2.094395102393,0.,2.094395102393,4.188790204786,
6.28318530718,8.377580409573),.UNSPECIFIED.) CURVE() 
GEOMETRIC_REPRESENTATION_ITEM() RATIONAL_B_SPLINE_CURVE((1.,0.5,1.,0.5,
1.,0.5,1.)) REPRESENTATION_ITEM('') );
#7247 = CARTESIAN_POINT('',(0.734723025295,1.566295751983));
#7248 = CARTESIAN_POINT('',(1.246241237626,-7.27402765095));
#7249 = CARTESIAN_POINT('',(-6.66546251315,-3.296853715861));
#7250 = CARTESIAN_POINT('',(-14.57716626392,0.680320219229));
#7251 = CARTESIAN_POINT('',(-7.176980725481,5.543469687073));
#7252 = CARTESIAN_POINT('',(0.223204812964,10.406619154917));
#7253 = CARTESIAN_POINT('',(0.734723025295,1.566295751983));
#7254 = ( GEOMETRIC_REPRESENTATION_CONTEXT(2) 
PARAMETRIC_REPRESENTATION_CONTEXT() REPRESENTATION_CONTEXT('2D SPACE',''
  ) );
#7255 = PCURVE('',#6994,#7256);
#7256 = DEFINITIONAL_REPRESENTATION('',(#7257),#7261);
#7257 = LINE('',#7258,#7259);
#7258 = CARTESIAN_POINT('',(-0.,-2.5));
#7259 = VECTOR('',#7260,1.);
#7260 = DIRECTION('',(-1.,-0.));
#7261 = ( GEOMETRIC_REPRESENTATION_CONTEXT(2) 
PARAMETRIC_REPRESENTATION_CONTEXT() REPRESENTATION_CONTEXT('2D SPACE',''
  ) );
#7262 = ORIENTED_EDGE('',*,*,#7211,.T.);
#7263 = ORIENTED_EDGE('',*,*,#5310,.F.);
#7264 = ORIENTED_EDGE('',*,*,#6951,.F.);
#7265 = ADVANCED_FACE('',(#7266),#5439,.F.);
#7266 = FACE_BOUND('',#7267,.F.);
#7267 = EDGE_LOOP('',(#7268,#7326,#7347,#7348));
#7268 = ORIENTED_EDGE('',*,*,#7269,.F.);
#7269 = EDGE_CURVE('',#7270,#7272,#7274,.T.);
#7270 = VERTEX_POINT('',#7271);
#7271 = CARTESIAN_POINT('',(-5.236599447889E-02,166.5,16.887768192597));
#7272 = VERTEX_POINT('',#7273);
#7273 = CARTESIAN_POINT('',(0.765689820084,181.,17.459103161333));
#7274 = SURFACE_CURVE('',#7275,(#7290,#7308),.PCURVE_S1.);
#7275 = B_SPLINE_CURVE_WITH_KNOTS('',4,(#7276,#7277,#7278,#7279,#7280,
    #7281,#7282,#7283,#7284,#7285,#7286,#7287,#7288,#7289),
  .UNSPECIFIED.,.F.,.F.,(5,3,3,3,5),(0.,0.24999435125,0.499987225754,
    0.749977411904,1.),.UNSPECIFIED.);
#7276 = CARTESIAN_POINT('',(-5.236599447889E-02,166.5,16.887768192597));
#7277 = CARTESIAN_POINT('',(5.480290356217E-03,167.40621585875,
    16.918894876204));
#7278 = CARTESIAN_POINT('',(6.238402164108E-02,168.3124315522,
    16.950894267595));
#7279 = CARTESIAN_POINT('',(0.118272371439,169.21864791329,
    16.98373494195));
#7280 = CARTESIAN_POINT('',(0.227883199296,171.0310784553,
    17.051015744825));
#7281 = CARTESIAN_POINT('',(0.281605769668,171.93729263755,
    17.085455904393));
#7282 = CARTESIAN_POINT('',(0.33417828951,172.84350932693,
    17.120654421505));
#7283 = CARTESIAN_POINT('',(0.436903592691,174.65593997106,
    17.192467155464));
#7284 = CARTESIAN_POINT('',(0.487056468544,175.56215392659,
    17.229081415189));
#7285 = CARTESIAN_POINT('',(0.535940341701,176.46837238742,
    17.266353412046));
#7286 = CARTESIAN_POINT('',(0.631076895015,178.28093789442,
    17.342102958458));
#7287 = CARTESIAN_POINT('',(0.677329281494,179.18728494231,
    17.380580734777));
#7288 = CARTESIAN_POINT('',(0.722213046209,180.09363861545,
    17.419601599044));
#7289 = CARTESIAN_POINT('',(0.765689820084,181.,17.459103161333));
#7290 = PCURVE('',#5439,#7291);
#7291 = DEFINITIONAL_REPRESENTATION('',(#7292),#7307);
#7292 = B_SPLINE_CURVE_WITH_KNOTS('',4,(#7293,#7294,#7295,#7296,#7297,
    #7298,#7299,#7300,#7301,#7302,#7303,#7304,#7305,#7306),
  .UNSPECIFIED.,.F.,.F.,(5,3,3,3,5),(0.,0.24999435125,0.499987225754,
    0.749977411904,1.),.UNSPECIFIED.);
#7293 = CARTESIAN_POINT('',(-4.432255802628,0.));
#7294 = CARTESIAN_POINT('',(-4.458331158464,6.249764543164E-02));
#7295 = CARTESIAN_POINT('',(-4.485467424094,0.124995279463));
#7296 = CARTESIAN_POINT('',(-4.513649620918,0.187492959538));
#7297 = CARTESIAN_POINT('',(-4.572053706605,0.312488169331));
#7298 = CARTESIAN_POINT('',(-4.60227560586,0.374985699142));
#7299 = CARTESIAN_POINT('',(-4.633491401123,0.437483401857));
#7300 = CARTESIAN_POINT('',(-4.697837650791,0.562478618694));
#7301 = CARTESIAN_POINT('',(-4.730968127141,0.624976132869));
#7302 = CARTESIAN_POINT('',(-4.765019692796,0.687473957753));
#7303 = CARTESIAN_POINT('',(-4.834878525129,0.812478475478));
#7304 = CARTESIAN_POINT('',(-4.870686078093,0.874985168435));
#7305 = CARTESIAN_POINT('',(-4.907323951368,0.937492318307));
#7306 = CARTESIAN_POINT('',(-4.944739304935,1.));
#7307 = ( GEOMETRIC_REPRESENTATION_CONTEXT(2) 
PARAMETRIC_REPRESENTATION_CONTEXT() REPRESENTATION_CONTEXT('2D SPACE',''
  ) );
#7308 = PCURVE('',#6994,#7309);
#7309 = DEFINITIONAL_REPRESENTATION('',(#7310),#7325);
#7310 = B_SPLINE_CURVE_WITH_KNOTS('',4,(#7311,#7312,#7313,#7314,#7315,
    #7316,#7317,#7318,#7319,#7320,#7321,#7322,#7323,#7324),
  .UNSPECIFIED.,.F.,.F.,(5,3,3,3,5),(0.,0.24999435125,0.499987225754,
    0.749977411904,1.),.UNSPECIFIED.);
#7311 = CARTESIAN_POINT('',(-1.58103924321,-2.5));
#7312 = CARTESIAN_POINT('',(-1.569787521376,-3.406215858759));
#7313 = CARTESIAN_POINT('',(-1.558535759103,-4.312431552208));
#7314 = CARTESIAN_POINT('',(-1.547294311162,-5.218647913298));
#7315 = CARTESIAN_POINT('',(-1.524853728282,-7.031078455306));
#7316 = CARTESIAN_POINT('',(-1.513654585105,-7.937292637557));
#7317 = CARTESIAN_POINT('',(-1.502487366869,-8.843509326933));
#7318 = CARTESIAN_POINT('',(-1.480238948297,-10.65593997106));
#7319 = CARTESIAN_POINT('',(-1.469157738931,-11.56215392659));
#7320 = CARTESIAN_POINT('',(-1.458130493083,-12.46837238742));
#7321 = CARTESIAN_POINT('',(-1.436204496085,-14.28093789442));
#7322 = CARTESIAN_POINT('',(-1.425305754163,-15.18728494231));
#7323 = CARTESIAN_POINT('',(-1.414482975955,-16.09363861545));
#7324 = CARTESIAN_POINT('',(-1.40374690028,-17.));
#7325 = ( GEOMETRIC_REPRESENTATION_CONTEXT(2) 
PARAMETRIC_REPRESENTATION_CONTEXT() REPRESENTATION_CONTEXT('2D SPACE',''
  ) );
#7326 = ORIENTED_EDGE('',*,*,#7327,.T.);
#7327 = EDGE_CURVE('',#7270,#5400,#7328,.T.);
#7328 = SURFACE_CURVE('',#7329,(#7333,#7340),.PCURVE_S1.);
#7329 = LINE('',#7330,#7331);
#7330 = CARTESIAN_POINT('',(0.487790109991,166.5,12.488549752609));
#7331 = VECTOR('',#7332,1.);
#7332 = DIRECTION('',(0.121869343405,0.,-0.992546151641));
#7333 = PCURVE('',#5439,#7334);
#7334 = DEFINITIONAL_REPRESENTATION('',(#7335),#7339);
#7335 = LINE('',#7336,#7337);
#7336 = CARTESIAN_POINT('',(0.,0.));
#7337 = VECTOR('',#7338,1.);
#7338 = DIRECTION('',(1.,0.));
#7339 = ( GEOMETRIC_REPRESENTATION_CONTEXT(2) 
PARAMETRIC_REPRESENTATION_CONTEXT() REPRESENTATION_CONTEXT('2D SPACE',''
  ) );
#7340 = PCURVE('',#5479,#7341);
#7341 = DEFINITIONAL_REPRESENTATION('',(#7342),#7346);
#7342 = LINE('',#7343,#7344);
#7343 = CARTESIAN_POINT('',(4.955050972314,-0.668931881262));
#7344 = VECTOR('',#7345,1.);
#7345 = DIRECTION('',(0.991010194463,-0.133786376252));
#7346 = ( GEOMETRIC_REPRESENTATION_CONTEXT(2) 
PARAMETRIC_REPRESENTATION_CONTEXT() REPRESENTATION_CONTEXT('2D SPACE',''
  ) );
#7347 = ORIENTED_EDGE('',*,*,#5399,.T.);
#7348 = ORIENTED_EDGE('',*,*,#7349,.F.);
#7349 = EDGE_CURVE('',#7272,#5402,#7350,.T.);
#7350 = SURFACE_CURVE('',#7351,(#7355,#7362),.PCURVE_S1.);
#7351 = LINE('',#7352,#7353);
#7352 = CARTESIAN_POINT('',(2.293698298063,181.,12.756376623993));
#7353 = VECTOR('',#7354,1.);
#7354 = DIRECTION('',(0.309016994375,0.,-0.951056516295));
#7355 = PCURVE('',#5439,#7356);
#7356 = DEFINITIONAL_REPRESENTATION('',(#7357),#7361);
#7357 = LINE('',#7358,#7359);
#7358 = CARTESIAN_POINT('',(0.,1.));
#7359 = VECTOR('',#7360,1.);
#7360 = DIRECTION('',(1.,0.));
#7361 = ( GEOMETRIC_REPRESENTATION_CONTEXT(2) 
PARAMETRIC_REPRESENTATION_CONTEXT() REPRESENTATION_CONTEXT('2D SPACE',''
  ) );
#7362 = PCURVE('',#5571,#7363);
#7363 = DEFINITIONAL_REPRESENTATION('',(#7364),#7368);
#7364 = LINE('',#7365,#7366);
#7365 = CARTESIAN_POINT('',(4.955050972314,-0.668931881262));
#7366 = VECTOR('',#7367,1.);
#7367 = DIRECTION('',(0.991010194463,-0.133786376252));
#7368 = ( GEOMETRIC_REPRESENTATION_CONTEXT(2) 
PARAMETRIC_REPRESENTATION_CONTEXT() REPRESENTATION_CONTEXT('2D SPACE',''
  ) );
#7369 = ADVANCED_FACE('',(#7370),#5479,.T.);
#7370 = FACE_BOUND('',#7371,.T.);
#7371 = EDGE_LOOP('',(#7372,#7400,#7401,#7402));
#7372 = ORIENTED_EDGE('',*,*,#7373,.T.);
#7373 = EDGE_CURVE('',#7374,#7270,#7376,.T.);
#7374 = VERTEX_POINT('',#7375);
#7375 = CARTESIAN_POINT('',(1.287571310237,166.5,17.052291806194));
#7376 = SURFACE_CURVE('',#7377,(#7382,#7393),.PCURVE_S1.);
#7377 = CIRCLE('',#7378,5.1125);
#7378 = AXIS2_PLACEMENT_3D('',#7379,#7380,#7381);
#7379 = CARTESIAN_POINT('',(0.,166.5,22.));
#7380 = DIRECTION('',(0.,1.,1.110223024625E-16));
#7381 = DIRECTION('',(1.,0.,-0.));
#7382 = PCURVE('',#5479,#7383);
#7383 = DEFINITIONAL_REPRESENTATION('',(#7384),#7392);
#7384 = ( BOUNDED_CURVE() B_SPLINE_CURVE(2,(#7385,#7386,#7387,#7388,
#7389,#7390,#7391),.UNSPECIFIED.,.T.,.F.) B_SPLINE_CURVE_WITH_KNOTS((1,2
    ,2,2,2,1),(-2.094395102393,0.,2.094395102393,4.188790204786,
6.28318530718,8.377580409573),.UNSPECIFIED.) CURVE() 
GEOMETRIC_REPRESENTATION_ITEM() RATIONAL_B_SPLINE_CURVE((1.,0.5,1.,0.5,
1.,0.5,1.)) REPRESENTATION_ITEM('') );
#7385 = CARTESIAN_POINT('',(-3.072899670228,6.216388434907));
#7386 = CARTESIAN_POINT('',(5.492815328831,3.971060996671));
#7387 = CARTESIAN_POINT('',(-0.734552772025,-2.324402074974));
#7388 = CARTESIAN_POINT('',(-6.961920872881,-8.619865146618));
#7389 = CARTESIAN_POINT('',(-9.300267771084,-7.907463673755E-02));
#7390 = CARTESIAN_POINT('',(-11.63861466928,8.461715873143));
#7391 = CARTESIAN_POINT('',(-3.072899670228,6.216388434907));
#7392 = ( GEOMETRIC_REPRESENTATION_CONTEXT(2) 
PARAMETRIC_REPRESENTATION_CONTEXT() REPRESENTATION_CONTEXT('2D SPACE',''
  ) );
#7393 = PCURVE('',#6994,#7394);
#7394 = DEFINITIONAL_REPRESENTATION('',(#7395),#7399);
#7395 = LINE('',#7396,#7397);
#7396 = CARTESIAN_POINT('',(-0.,-2.5));
#7397 = VECTOR('',#7398,1.);
#7398 = DIRECTION('',(-1.,-0.));
#7399 = ( GEOMETRIC_REPRESENTATION_CONTEXT(2) 
PARAMETRIC_REPRESENTATION_CONTEXT() REPRESENTATION_CONTEXT('2D SPACE',''
  ) );
#7400 = ORIENTED_EDGE('',*,*,#7327,.T.);
#7401 = ORIENTED_EDGE('',*,*,#5462,.F.);
#7402 = ORIENTED_EDGE('',*,*,#7403,.F.);
#7403 = EDGE_CURVE('',#7374,#5463,#7404,.T.);
#7404 = SURFACE_CURVE('',#7405,(#7409,#7416),.PCURVE_S1.);
#7405 = LINE('',#7406,#7407);
#7406 = CARTESIAN_POINT('',(1.827727414707,166.5,12.653073366206));
#7407 = VECTOR('',#7408,1.);
#7408 = DIRECTION('',(0.121869343405,0.,-0.992546151641));
#7409 = PCURVE('',#5479,#7410);
#7410 = DEFINITIONAL_REPRESENTATION('',(#7411),#7415);
#7411 = LINE('',#7412,#7413);
#7412 = CARTESIAN_POINT('',(5.135662580255,0.668931881262));
#7413 = VECTOR('',#7414,1.);
#7414 = DIRECTION('',(0.991010194463,-0.133786376252));
#7415 = ( GEOMETRIC_REPRESENTATION_CONTEXT(2) 
PARAMETRIC_REPRESENTATION_CONTEXT() REPRESENTATION_CONTEXT('2D SPACE',''
  ) );
#7416 = PCURVE('',#5533,#7417);
#7417 = DEFINITIONAL_REPRESENTATION('',(#7418),#7422);
#7418 = LINE('',#7419,#7420);
#7419 = CARTESIAN_POINT('',(0.,0.));
#7420 = VECTOR('',#7421,1.);
#7421 = DIRECTION('',(-1.,0.));
#7422 = ( GEOMETRIC_REPRESENTATION_CONTEXT(2) 
PARAMETRIC_REPRESENTATION_CONTEXT() REPRESENTATION_CONTEXT('2D SPACE',''
  ) );
#7423 = ADVANCED_FACE('',(#7424),#5533,.F.);
#7424 = FACE_BOUND('',#7425,.F.);
#7425 = EDGE_LOOP('',(#7426,#7427,#7483,#7504));
#7426 = ORIENTED_EDGE('',*,*,#7403,.F.);
#7427 = ORIENTED_EDGE('',*,*,#7428,.T.);
#7428 = EDGE_CURVE('',#7374,#7429,#7431,.T.);
#7429 = VERTEX_POINT('',#7430);
#7430 = CARTESIAN_POINT('',(2.049616117082,181.,17.876276103739));
#7431 = SURFACE_CURVE('',#7432,(#7447,#7465),.PCURVE_S1.);
#7432 = B_SPLINE_CURVE_WITH_KNOTS('',4,(#7433,#7434,#7435,#7436,#7437,
    #7438,#7439,#7440,#7441,#7442,#7443,#7444,#7445,#7446),
  .UNSPECIFIED.,.F.,.F.,(5,3,3,3,5),(0.,0.249982997718,0.499972398404,
    0.749966560383,1.),.UNSPECIFIED.);
#7433 = CARTESIAN_POINT('',(1.287571310237,166.5,17.052291806194));
#7434 = CARTESIAN_POINT('',(1.341917918064,167.40623051764,
    17.099209236892));
#7435 = CARTESIAN_POINT('',(1.395321350789,168.31245100456,
    17.146998890046));
#7436 = CARTESIAN_POINT('',(1.447708827169,169.21866240816,
    17.195629316567));
#7437 = CARTESIAN_POINT('',(1.55031852328,171.03109252472,
    17.294490052094));
#7438 = CARTESIAN_POINT('',(1.600540766865,171.93731123844,
    17.344720442681));
#7439 = CARTESIAN_POINT('',(1.649612437331,172.84352313547,
    17.395708710674));
#7440 = CARTESIAN_POINT('',(1.745336600121,174.65595316735,
    17.499101367345));
#7441 = CARTESIAN_POINT('',(1.791989112644,175.56217130248,
    17.551505841157));
#7442 = CARTESIAN_POINT('',(1.837372161938,176.46838523437,
    17.60456762038));
#7443 = CARTESIAN_POINT('',(1.925507048634,178.28094996785,
    17.711899428489));
#7444 = CARTESIAN_POINT('',(1.968258519476,179.18730076833,
    17.76616971704));
#7445 = CARTESIAN_POINT('',(2.009640975233,180.09365026437,
    17.820982728287));
#7446 = CARTESIAN_POINT('',(2.049616117082,181.,17.876276103739));
#7447 = PCURVE('',#5533,#7448);
#7448 = DEFINITIONAL_REPRESENTATION('',(#7449),#7464);
#7449 = B_SPLINE_CURVE_WITH_KNOTS('',4,(#7450,#7451,#7452,#7453,#7454,
    #7455,#7456,#7457,#7458,#7459,#7460,#7461,#7462,#7463),
  .UNSPECIFIED.,.F.,.F.,(5,3,3,3,5),(0.,0.249982997718,0.499972398404,
    0.749966560383,1.),.UNSPECIFIED.);
#7450 = CARTESIAN_POINT('',(4.432255802628,0.));
#7451 = CARTESIAN_POINT('',(4.458331580257,6.249865638944E-02));
#7452 = CARTESIAN_POINT('',(4.485468018221,0.124996621004));
#7453 = CARTESIAN_POINT('',(4.513650088003,0.187493959184));
#7454 = CARTESIAN_POINT('',(4.57205415998,0.312489139636));
#7455 = CARTESIAN_POINT('',(4.602276236998,0.374986981962));
#7456 = CARTESIAN_POINT('',(4.633491891364,0.43748435417));
#7457 = CARTESIAN_POINT('',(4.697838119296,0.562479528783));
#7458 = CARTESIAN_POINT('',(4.730968771966,0.624977331206));
#7459 = CARTESIAN_POINT('',(4.765020187936,0.68747484375));
#7460 = CARTESIAN_POINT('',(4.834878990456,0.812479308128));
#7461 = CARTESIAN_POINT('',(4.870686711405,0.874986259885));
#7462 = CARTESIAN_POINT('',(4.907324432245,0.937493121681));
#7463 = CARTESIAN_POINT('',(4.944739304935,1.));
#7464 = ( GEOMETRIC_REPRESENTATION_CONTEXT(2) 
PARAMETRIC_REPRESENTATION_CONTEXT() REPRESENTATION_CONTEXT('2D SPACE',''
  ) );
#7465 = PCURVE('',#6994,#7466);
#7466 = DEFINITIONAL_REPRESENTATION('',(#7467),#7482);
#7467 = B_SPLINE_CURVE_WITH_KNOTS('',4,(#7468,#7469,#7470,#7471,#7472,
    #7473,#7474,#7475,#7476,#7477,#7478,#7479,#7480,#7481),
  .UNSPECIFIED.,.F.,.F.,(5,3,3,3,5),(0.,0.249982997718,0.499972398404,
    0.749966560383,1.),.UNSPECIFIED.);
#7468 = CARTESIAN_POINT('',(-1.3162073151,-2.5));
#7469 = CARTESIAN_POINT('',(-1.303608607266,-3.406230517647));
#7470 = CARTESIAN_POINT('',(-1.29093704125,-4.312451004563));
#7471 = CARTESIAN_POINT('',(-1.278199875683,-5.218662408166));
#7472 = CARTESIAN_POINT('',(-1.252609125299,-7.031092524722));
#7473 = CARTESIAN_POINT('',(-1.239755528968,-7.937311238443));
#7474 = CARTESIAN_POINT('',(-1.226851431366,-8.843523135471));
#7475 = CARTESIAN_POINT('',(-1.200957176851,-10.65595316735));
#7476 = CARTESIAN_POINT('',(-1.187967009324,-11.56217130248));
#7477 = CARTESIAN_POINT('',(-1.174941520545,-12.46838523437));
#7478 = CARTESIAN_POINT('',(-1.148832579743,-14.28094996785));
#7479 = CARTESIAN_POINT('',(-1.135749110057,-15.18730076833));
#7480 = CARTESIAN_POINT('',(-1.122645034213,-16.09365026437));
#7481 = CARTESIAN_POINT('',(-1.109527222592,-17.));
#7482 = ( GEOMETRIC_REPRESENTATION_CONTEXT(2) 
PARAMETRIC_REPRESENTATION_CONTEXT() REPRESENTATION_CONTEXT('2D SPACE',''
  ) );
#7483 = ORIENTED_EDGE('',*,*,#7484,.T.);
#7484 = EDGE_CURVE('',#7429,#5496,#7485,.T.);
#7485 = SURFACE_CURVE('',#7486,(#7490,#7497),.PCURVE_S1.);
#7486 = LINE('',#7487,#7488);
#7487 = CARTESIAN_POINT('',(3.577624595061,181.,13.173549566399));
#7488 = VECTOR('',#7489,1.);
#7489 = DIRECTION('',(0.309016994375,0.,-0.951056516295));
#7490 = PCURVE('',#5533,#7491);
#7491 = DEFINITIONAL_REPRESENTATION('',(#7492),#7496);
#7492 = LINE('',#7493,#7494);
#7493 = CARTESIAN_POINT('',(0.,1.));
#7494 = VECTOR('',#7495,1.);
#7495 = DIRECTION('',(-1.,0.));
#7496 = ( GEOMETRIC_REPRESENTATION_CONTEXT(2) 
PARAMETRIC_REPRESENTATION_CONTEXT() REPRESENTATION_CONTEXT('2D SPACE',''
  ) );
#7497 = PCURVE('',#5571,#7498);
#7498 = DEFINITIONAL_REPRESENTATION('',(#7499),#7503);
#7499 = LINE('',#7500,#7501);
#7500 = CARTESIAN_POINT('',(5.135662580255,0.668931881262));
#7501 = VECTOR('',#7502,1.);
#7502 = DIRECTION('',(0.991010194463,-0.133786376252));
#7503 = ( GEOMETRIC_REPRESENTATION_CONTEXT(2) 
PARAMETRIC_REPRESENTATION_CONTEXT() REPRESENTATION_CONTEXT('2D SPACE',''
  ) );
#7504 = ORIENTED_EDGE('',*,*,#5495,.F.);
#7505 = ADVANCED_FACE('',(#7506),#5571,.F.);
#7506 = FACE_BOUND('',#7507,.F.);
#7507 = EDGE_LOOP('',(#7508,#7534,#7535,#7536));
#7508 = ORIENTED_EDGE('',*,*,#7509,.T.);
#7509 = EDGE_CURVE('',#7429,#7272,#7510,.T.);
#7510 = SURFACE_CURVE('',#7511,(#7516,#7527),.PCURVE_S1.);
#7511 = CIRCLE('',#7512,4.605);
#7512 = AXIS2_PLACEMENT_3D('',#7513,#7514,#7515);
#7513 = CARTESIAN_POINT('',(0.,181.,22.));
#7514 = DIRECTION('',(0.,1.,1.110223024625E-16));
#7515 = DIRECTION('',(1.,0.,-0.));
#7516 = PCURVE('',#5571,#7517);
#7517 = DEFINITIONAL_REPRESENTATION('',(#7518),#7526);
#7518 = ( BOUNDED_CURVE() B_SPLINE_CURVE(2,(#7519,#7520,#7521,#7522,
#7523,#7524,#7525),.UNSPECIFIED.,.T.,.F.) B_SPLINE_CURVE_WITH_KNOTS((1,2
    ,2,2,2,1),(-2.094395102393,0.,2.094395102393,4.188790204786,
6.28318530718,8.377580409573),.UNSPECIFIED.) CURVE() 
GEOMETRIC_REPRESENTATION_ITEM() RATIONAL_B_SPLINE_CURVE((1.,0.5,1.,0.5,
1.,0.5,1.)) REPRESENTATION_ITEM('') );
#7519 = CARTESIAN_POINT('',(-2.373076659704,5.420832817287));
#7520 = CARTESIAN_POINT('',(4.814695589391,1.963376368517));
#7521 = CARTESIAN_POINT('',(-1.773435652269,-2.532688771431));
#7522 = CARTESIAN_POINT('',(-8.36156689393,-7.028753911379));
#7523 = CARTESIAN_POINT('',(-8.961207901364,0.924767677339));
#7524 = CARTESIAN_POINT('',(-9.560848908799,8.878289266057));
#7525 = CARTESIAN_POINT('',(-2.373076659704,5.420832817287));
#7526 = ( GEOMETRIC_REPRESENTATION_CONTEXT(2) 
PARAMETRIC_REPRESENTATION_CONTEXT() REPRESENTATION_CONTEXT('2D SPACE',''
  ) );
#7527 = PCURVE('',#6994,#7528);
#7528 = DEFINITIONAL_REPRESENTATION('',(#7529),#7533);
#7529 = LINE('',#7530,#7531);
#7530 = CARTESIAN_POINT('',(-0.,-17.));
#7531 = VECTOR('',#7532,1.);
#7532 = DIRECTION('',(-1.,-0.));
#7533 = ( GEOMETRIC_REPRESENTATION_CONTEXT(2) 
PARAMETRIC_REPRESENTATION_CONTEXT() REPRESENTATION_CONTEXT('2D SPACE',''
  ) );
#7534 = ORIENTED_EDGE('',*,*,#7349,.T.);
#7535 = ORIENTED_EDGE('',*,*,#5556,.F.);
#7536 = ORIENTED_EDGE('',*,*,#7484,.F.);
#7537 = ADVANCED_FACE('',(#7538),#5629,.F.);
#7538 = FACE_BOUND('',#7539,.F.);
#7539 = EDGE_LOOP('',(#7540,#7598,#7619,#7620));
#7540 = ORIENTED_EDGE('',*,*,#7541,.F.);
#7541 = EDGE_CURVE('',#7542,#7544,#7546,.T.);
#7542 = VERTEX_POINT('',#7543);
#7543 = CARTESIAN_POINT('',(-4.878203355463,166.5,20.47003651261));
#7544 = VERTEX_POINT('',#7545);
#7545 = CARTESIAN_POINT('',(-4.082038361413,181.,19.868571414297));
#7546 = SURFACE_CURVE('',#7547,(#7562,#7580),.PCURVE_S1.);
#7547 = B_SPLINE_CURVE_WITH_KNOTS('',4,(#7548,#7549,#7550,#7551,#7552,
    #7553,#7554,#7555,#7556,#7557,#7558,#7559,#7560,#7561),
  .UNSPECIFIED.,.F.,.F.,(5,3,3,3,5),(0.,0.24999435125,0.499987225754,
    0.749977411904,1.),.UNSPECIFIED.);
#7548 = CARTESIAN_POINT('',(-4.878203355463,166.5,20.47003651261));
#7549 = CARTESIAN_POINT('',(-4.830724635113,167.40621585875,
    20.424640100687));
#7550 = CARTESIAN_POINT('',(-4.782707185403,168.3124315522,
    20.380409791996));
#7551 = CARTESIAN_POINT('',(-4.734203398183,169.21864791329,
    20.337405139219));
#7552 = CARTESIAN_POINT('',(-4.636343943612,171.0310784553,
    20.253949958612));
#7553 = CARTESIAN_POINT('',(-4.586988218206,171.93729263755,
    20.213499352583));
#7554 = CARTESIAN_POINT('',(-4.537266637074,172.84350932693,
    20.174376854974));
#7555 = CARTESIAN_POINT('',(-4.437224804053,174.65593997106,
    20.098870641201));
#7556 = CARTESIAN_POINT('',(-4.386904482798,175.56215392659,
    20.062486850302));
#7557 = CARTESIAN_POINT('',(-4.336350759756,176.46837238742,
    20.027513204637));
#7558 = CARTESIAN_POINT('',(-4.234909848274,178.28093789442,
    19.960440862827));
#7559 = CARTESIAN_POINT('',(-4.18402253492,179.18728494231,
    19.92834251606));
#7560 = CARTESIAN_POINT('',(-4.13304164162,180.09363861545,
    19.897713629346));
#7561 = CARTESIAN_POINT('',(-4.082038361413,181.,19.868571414297));
#7562 = PCURVE('',#5629,#7563);
#7563 = DEFINITIONAL_REPRESENTATION('',(#7564),#7579);
#7564 = B_SPLINE_CURVE_WITH_KNOTS('',4,(#7565,#7566,#7567,#7568,#7569,
    #7570,#7571,#7572,#7573,#7574,#7575,#7576,#7577,#7578),
  .UNSPECIFIED.,.F.,.F.,(5,3,3,3,5),(0.,0.24999435125,0.499987225754,
    0.749977411904,1.),.UNSPECIFIED.);
#7565 = CARTESIAN_POINT('',(-4.432255802628,0.));
#7566 = CARTESIAN_POINT('',(-4.458331158464,6.249764543164E-02));
#7567 = CARTESIAN_POINT('',(-4.485467424094,0.124995279463));
#7568 = CARTESIAN_POINT('',(-4.513649620918,0.187492959538));
#7569 = CARTESIAN_POINT('',(-4.572053706605,0.312488169331));
#7570 = CARTESIAN_POINT('',(-4.60227560586,0.374985699142));
#7571 = CARTESIAN_POINT('',(-4.633491401123,0.437483401857));
#7572 = CARTESIAN_POINT('',(-4.697837650791,0.562478618694));
#7573 = CARTESIAN_POINT('',(-4.730968127141,0.624976132869));
#7574 = CARTESIAN_POINT('',(-4.765019692796,0.687473957753));
#7575 = CARTESIAN_POINT('',(-4.834878525129,0.812478475478));
#7576 = CARTESIAN_POINT('',(-4.870686078093,0.874985168435));
#7577 = CARTESIAN_POINT('',(-4.907323951368,0.937492318307));
#7578 = CARTESIAN_POINT('',(-4.944739304935,1.));
#7579 = ( GEOMETRIC_REPRESENTATION_CONTEXT(2) 
PARAMETRIC_REPRESENTATION_CONTEXT() REPRESENTATION_CONTEXT('2D SPACE',''
  ) );
#7580 = PCURVE('',#6994,#7581);
#7581 = DEFINITIONAL_REPRESENTATION('',(#7582),#7597);
#7582 = B_SPLINE_CURVE_WITH_KNOTS('',4,(#7583,#7584,#7585,#7586,#7587,
    #7588,#7589,#7590,#7591,#7592,#7593,#7594,#7595,#7596),
  .UNSPECIFIED.,.F.,.F.,(5,3,3,3,5),(0.,0.24999435125,0.499987225754,
    0.749977411904,1.),.UNSPECIFIED.);
#7583 = CARTESIAN_POINT('',(-2.837676304646,-2.5));
#7584 = CARTESIAN_POINT('',(-2.826424582812,-3.406215858759));
#7585 = CARTESIAN_POINT('',(-2.815172820539,-4.312431552208));
#7586 = CARTESIAN_POINT('',(-2.803931372598,-5.218647913298));
#7587 = CARTESIAN_POINT('',(-2.781490789718,-7.031078455306));
#7588 = CARTESIAN_POINT('',(-2.770291646541,-7.937292637557));
#7589 = CARTESIAN_POINT('',(-2.759124428305,-8.843509326933));
#7590 = CARTESIAN_POINT('',(-2.736876009733,-10.65593997106));
#7591 = CARTESIAN_POINT('',(-2.725794800367,-11.56215392659));
#7592 = CARTESIAN_POINT('',(-2.714767554519,-12.46837238742));
#7593 = CARTESIAN_POINT('',(-2.692841557521,-14.28093789442));
#7594 = CARTESIAN_POINT('',(-2.681942815599,-15.18728494231));
#7595 = CARTESIAN_POINT('',(-2.671120037391,-16.09363861545));
#7596 = CARTESIAN_POINT('',(-2.660383961716,-17.));
#7597 = ( GEOMETRIC_REPRESENTATION_CONTEXT(2) 
PARAMETRIC_REPRESENTATION_CONTEXT() REPRESENTATION_CONTEXT('2D SPACE',''
  ) );
#7598 = ORIENTED_EDGE('',*,*,#7599,.T.);
#7599 = EDGE_CURVE('',#7542,#5590,#7600,.T.);
#7600 = SURFACE_CURVE('',#7601,(#7605,#7612),.PCURVE_S1.);
#7601 = LINE('',#7602,#7603);
#7602 = CARTESIAN_POINT('',(-8.895191303523,166.5,18.596884269713));
#7603 = VECTOR('',#7604,1.);
#7604 = DIRECTION('',(-0.906307787037,0.,-0.422618261741));
#7605 = PCURVE('',#5629,#7606);
#7606 = DEFINITIONAL_REPRESENTATION('',(#7607),#7611);
#7607 = LINE('',#7608,#7609);
#7608 = CARTESIAN_POINT('',(0.,0.));
#7609 = VECTOR('',#7610,1.);
#7610 = DIRECTION('',(1.,0.));
#7611 = ( GEOMETRIC_REPRESENTATION_CONTEXT(2) 
PARAMETRIC_REPRESENTATION_CONTEXT() REPRESENTATION_CONTEXT('2D SPACE',''
  ) );
#7612 = PCURVE('',#5669,#7613);
#7613 = DEFINITIONAL_REPRESENTATION('',(#7614),#7618);
#7614 = LINE('',#7615,#7616);
#7615 = CARTESIAN_POINT('',(4.955050972314,0.668931881262));
#7616 = VECTOR('',#7617,1.);
#7617 = DIRECTION('',(0.991010194463,0.133786376252));
#7618 = ( GEOMETRIC_REPRESENTATION_CONTEXT(2) 
PARAMETRIC_REPRESENTATION_CONTEXT() REPRESENTATION_CONTEXT('2D SPACE',''
  ) );
#7619 = ORIENTED_EDGE('',*,*,#5589,.T.);
#7620 = ORIENTED_EDGE('',*,*,#7621,.F.);
#7621 = EDGE_CURVE('',#7544,#5592,#7622,.T.);
#7622 = SURFACE_CURVE('',#7623,(#7627,#7634),.PCURVE_S1.);
#7623 = LINE('',#7624,#7625);
#7624 = CARTESIAN_POINT('',(-8.082416491859,181.,16.962126574425));
#7625 = VECTOR('',#7626,1.);
#7626 = DIRECTION('',(-0.809016994375,0.,-0.587785252292));
#7627 = PCURVE('',#5629,#7628);
#7628 = DEFINITIONAL_REPRESENTATION('',(#7629),#7633);
#7629 = LINE('',#7630,#7631);
#7630 = CARTESIAN_POINT('',(0.,1.));
#7631 = VECTOR('',#7632,1.);
#7632 = DIRECTION('',(1.,0.));
#7633 = ( GEOMETRIC_REPRESENTATION_CONTEXT(2) 
PARAMETRIC_REPRESENTATION_CONTEXT() REPRESENTATION_CONTEXT('2D SPACE',''
  ) );
#7634 = PCURVE('',#5757,#7635);
#7635 = DEFINITIONAL_REPRESENTATION('',(#7636),#7640);
#7636 = LINE('',#7637,#7638);
#7637 = CARTESIAN_POINT('',(4.955050972314,0.668931881262));
#7638 = VECTOR('',#7639,1.);
#7639 = DIRECTION('',(0.991010194463,0.133786376252));
#7640 = ( GEOMETRIC_REPRESENTATION_CONTEXT(2) 
PARAMETRIC_REPRESENTATION_CONTEXT() REPRESENTATION_CONTEXT('2D SPACE',''
  ) );
#7641 = ADVANCED_FACE('',(#7642),#5669,.F.);
#7642 = FACE_BOUND('',#7643,.F.);
#7643 = EDGE_LOOP('',(#7644,#7645,#7669,#7690));
#7644 = ORIENTED_EDGE('',*,*,#7599,.F.);
#7645 = ORIENTED_EDGE('',*,*,#7646,.F.);
#7646 = EDGE_CURVE('',#7647,#7542,#7649,.T.);
#7647 = VERTEX_POINT('',#7648);
#7648 = CARTESIAN_POINT('',(-4.307668702113,166.5,19.24652100011));
#7649 = SURFACE_CURVE('',#7650,(#7655,#7662),.PCURVE_S1.);
#7650 = CIRCLE('',#7651,5.1125);
#7651 = AXIS2_PLACEMENT_3D('',#7652,#7653,#7654);
#7652 = CARTESIAN_POINT('',(0.,166.5,22.));
#7653 = DIRECTION('',(0.,1.,1.110223024625E-16));
#7654 = DIRECTION('',(1.,0.,-0.));
#7655 = PCURVE('',#5669,#7656);
#7656 = DEFINITIONAL_REPRESENTATION('',(#7657),#7661);
#7657 = CIRCLE('',#7658,5.1125);
#7658 = AXIS2_PLACEMENT_2D('',#7659,#7660);
#7659 = CARTESIAN_POINT('',(-4.369240071112,-1.270970574399));
#7660 = DIRECTION('',(-0.841619690498,-0.540070640348));
#7661 = ( GEOMETRIC_REPRESENTATION_CONTEXT(2) 
PARAMETRIC_REPRESENTATION_CONTEXT() REPRESENTATION_CONTEXT('2D SPACE',''
  ) );
#7662 = PCURVE('',#6994,#7663);
#7663 = DEFINITIONAL_REPRESENTATION('',(#7664),#7668);
#7664 = LINE('',#7665,#7666);
#7665 = CARTESIAN_POINT('',(-0.,-2.5));
#7666 = VECTOR('',#7667,1.);
#7667 = DIRECTION('',(-1.,-0.));
#7668 = ( GEOMETRIC_REPRESENTATION_CONTEXT(2) 
PARAMETRIC_REPRESENTATION_CONTEXT() REPRESENTATION_CONTEXT('2D SPACE',''
  ) );
#7669 = ORIENTED_EDGE('',*,*,#7670,.T.);
#7670 = EDGE_CURVE('',#7647,#5653,#7671,.T.);
#7671 = SURFACE_CURVE('',#7672,(#7676,#7683),.PCURVE_S1.);
#7672 = LINE('',#7673,#7674);
#7673 = CARTESIAN_POINT('',(-8.324656650173,166.5,17.373368757214));
#7674 = VECTOR('',#7675,1.);
#7675 = DIRECTION('',(-0.906307787037,0.,-0.422618261741));
#7676 = PCURVE('',#5669,#7677);
#7677 = DEFINITIONAL_REPRESENTATION('',(#7678),#7682);
#7678 = LINE('',#7679,#7680);
#7679 = CARTESIAN_POINT('',(5.135662580255,-0.668931881262));
#7680 = VECTOR('',#7681,1.);
#7681 = DIRECTION('',(0.991010194463,0.133786376252));
#7682 = ( GEOMETRIC_REPRESENTATION_CONTEXT(2) 
PARAMETRIC_REPRESENTATION_CONTEXT() REPRESENTATION_CONTEXT('2D SPACE',''
  ) );
#7683 = PCURVE('',#5719,#7684);
#7684 = DEFINITIONAL_REPRESENTATION('',(#7685),#7689);
#7685 = LINE('',#7686,#7687);
#7686 = CARTESIAN_POINT('',(0.,0.));
#7687 = VECTOR('',#7688,1.);
#7688 = DIRECTION('',(-1.,0.));
#7689 = ( GEOMETRIC_REPRESENTATION_CONTEXT(2) 
PARAMETRIC_REPRESENTATION_CONTEXT() REPRESENTATION_CONTEXT('2D SPACE',''
  ) );
#7690 = ORIENTED_EDGE('',*,*,#5652,.T.);
#7691 = ADVANCED_FACE('',(#7692),#5719,.F.);
#7692 = FACE_BOUND('',#7693,.F.);
#7693 = EDGE_LOOP('',(#7694,#7695,#7751,#7772));
#7694 = ORIENTED_EDGE('',*,*,#7670,.F.);
#7695 = ORIENTED_EDGE('',*,*,#7696,.T.);
#7696 = EDGE_CURVE('',#7647,#7697,#7699,.T.);
#7697 = VERTEX_POINT('',#7698);
#7698 = CARTESIAN_POINT('',(-3.288528270818,181.,18.77639847189));
#7699 = SURFACE_CURVE('',#7700,(#7715,#7733),.PCURVE_S1.);
#7700 = B_SPLINE_CURVE_WITH_KNOTS('',4,(#7701,#7702,#7703,#7704,#7705,
    #7706,#7707,#7708,#7709,#7710,#7711,#7712,#7713,#7714),
  .UNSPECIFIED.,.F.,.F.,(5,3,3,3,5),(0.,0.249982997718,0.499972398404,
    0.749966560383,1.),.UNSPECIFIED.);
#7701 = CARTESIAN_POINT('',(-4.307668702113,166.5,19.24652100011));
#7702 = CARTESIAN_POINT('',(-4.246253548514,167.40623051764,
    19.209332588016));
#7703 = CARTESIAN_POINT('',(-4.184300319201,168.31245100456,
    19.17331072031));
#7704 = CARTESIAN_POINT('',(-4.121861414674,169.21866240816,
    19.138514897765));
#7705 = CARTESIAN_POINT('',(-3.99613112806,171.03109252472,
    19.071476924998));
#7706 = CARTESIAN_POINT('',(-3.932839661012,171.93731123844,
    19.0392347773));
#7707 = CARTESIAN_POINT('',(-3.869182956367,172.84352313547,
    19.00832108666));
#7708 = CARTESIAN_POINT('',(-3.741270303428,174.65595316735,
    18.949232085877));
#7709 = CARTESIAN_POINT('',(-3.677014267927,175.56217130248,
    18.92105678283));
#7710 = CARTESIAN_POINT('',(-3.612525383542,176.46838523436,
    18.894291929601));
#7711 = CARTESIAN_POINT('',(-3.483211590248,178.28094996785,
    18.843638024039));
#7712 = CARTESIAN_POINT('',(-3.418386547655,179.18730076833,
    18.819749400565));
#7713 = CARTESIAN_POINT('',(-3.353468394034,180.09365026437,
    18.797330498345));
#7714 = CARTESIAN_POINT('',(-3.288528270818,181.,18.77639847189));
#7715 = PCURVE('',#5719,#7716);
#7716 = DEFINITIONAL_REPRESENTATION('',(#7717),#7732);
#7717 = B_SPLINE_CURVE_WITH_KNOTS('',4,(#7718,#7719,#7720,#7721,#7722,
    #7723,#7724,#7725,#7726,#7727,#7728,#7729,#7730,#7731),
  .UNSPECIFIED.,.F.,.F.,(5,3,3,3,5),(0.,0.249982997718,0.499972398404,
    0.749966560383,1.),.UNSPECIFIED.);
#7718 = CARTESIAN_POINT('',(4.432255802628,0.));
#7719 = CARTESIAN_POINT('',(4.458331580257,6.249865638943E-02));
#7720 = CARTESIAN_POINT('',(4.485468018221,0.124996621004));
#7721 = CARTESIAN_POINT('',(4.513650088003,0.187493959184));
#7722 = CARTESIAN_POINT('',(4.57205415998,0.312489139636));
#7723 = CARTESIAN_POINT('',(4.602276236998,0.374986981962));
#7724 = CARTESIAN_POINT('',(4.633491891364,0.43748435417));
#7725 = CARTESIAN_POINT('',(4.697838119296,0.562479528783));
#7726 = CARTESIAN_POINT('',(4.730968771966,0.624977331206));
#7727 = CARTESIAN_POINT('',(4.765020187936,0.68747484375));
#7728 = CARTESIAN_POINT('',(4.834878990456,0.812479308128));
#7729 = CARTESIAN_POINT('',(4.870686711405,0.874986259885));
#7730 = CARTESIAN_POINT('',(4.907324432245,0.937493121681));
#7731 = CARTESIAN_POINT('',(4.944739304935,1.));
#7732 = ( GEOMETRIC_REPRESENTATION_CONTEXT(2) 
PARAMETRIC_REPRESENTATION_CONTEXT() REPRESENTATION_CONTEXT('2D SPACE',''
  ) );
#7733 = PCURVE('',#6994,#7734);
#7734 = DEFINITIONAL_REPRESENTATION('',(#7735),#7750);
#7735 = B_SPLINE_CURVE_WITH_KNOTS('',4,(#7736,#7737,#7738,#7739,#7740,
    #7741,#7742,#7743,#7744,#7745,#7746,#7747,#7748,#7749),
  .UNSPECIFIED.,.F.,.F.,(5,3,3,3,5),(0.,0.249982997718,0.499972398404,
    0.749966560383,1.),.UNSPECIFIED.);
#7736 = CARTESIAN_POINT('',(-2.572844376536,-2.5));
#7737 = CARTESIAN_POINT('',(-2.560245668702,-3.406230517647));
#7738 = CARTESIAN_POINT('',(-2.547574102686,-4.312451004563));
#7739 = CARTESIAN_POINT('',(-2.534836937119,-5.218662408165));
#7740 = CARTESIAN_POINT('',(-2.509246186735,-7.031092524722));
#7741 = CARTESIAN_POINT('',(-2.496392590404,-7.937311238442));
#7742 = CARTESIAN_POINT('',(-2.483488492801,-8.843523135471));
#7743 = CARTESIAN_POINT('',(-2.457594238287,-10.65595316735));
#7744 = CARTESIAN_POINT('',(-2.44460407076,-11.56217130248));
#7745 = CARTESIAN_POINT('',(-2.431578581981,-12.46838523436));
#7746 = CARTESIAN_POINT('',(-2.405469641179,-14.28094996785));
#7747 = CARTESIAN_POINT('',(-2.392386171493,-15.18730076833));
#7748 = CARTESIAN_POINT('',(-2.379282095649,-16.09365026437));
#7749 = CARTESIAN_POINT('',(-2.366164284028,-17.));
#7750 = ( GEOMETRIC_REPRESENTATION_CONTEXT(2) 
PARAMETRIC_REPRESENTATION_CONTEXT() REPRESENTATION_CONTEXT('2D SPACE',''
  ) );
#7751 = ORIENTED_EDGE('',*,*,#7752,.T.);
#7752 = EDGE_CURVE('',#7697,#5682,#7753,.T.);
#7753 = SURFACE_CURVE('',#7754,(#7758,#7765),.PCURVE_S1.);
#7754 = LINE('',#7755,#7756);
#7755 = CARTESIAN_POINT('',(-7.288906401265,181.,15.869953632018));
#7756 = VECTOR('',#7757,1.);
#7757 = DIRECTION('',(-0.809016994375,0.,-0.587785252292));
#7758 = PCURVE('',#5719,#7759);
#7759 = DEFINITIONAL_REPRESENTATION('',(#7760),#7764);
#7760 = LINE('',#7761,#7762);
#7761 = CARTESIAN_POINT('',(0.,1.));
#7762 = VECTOR('',#7763,1.);
#7763 = DIRECTION('',(-1.,0.));
#7764 = ( GEOMETRIC_REPRESENTATION_CONTEXT(2) 
PARAMETRIC_REPRESENTATION_CONTEXT() REPRESENTATION_CONTEXT('2D SPACE',''
  ) );
#7765 = PCURVE('',#5757,#7766);
#7766 = DEFINITIONAL_REPRESENTATION('',(#7767),#7771);
#7767 = LINE('',#7768,#7769);
#7768 = CARTESIAN_POINT('',(5.135662580255,-0.668931881262));
#7769 = VECTOR('',#7770,1.);
#7770 = DIRECTION('',(0.991010194463,0.133786376252));
#7771 = ( GEOMETRIC_REPRESENTATION_CONTEXT(2) 
PARAMETRIC_REPRESENTATION_CONTEXT() REPRESENTATION_CONTEXT('2D SPACE',''
  ) );
#7772 = ORIENTED_EDGE('',*,*,#5681,.F.);
#7773 = ADVANCED_FACE('',(#7774),#5757,.T.);
#7774 = FACE_BOUND('',#7775,.T.);
#7775 = EDGE_LOOP('',(#7776,#7777,#7799,#7800));
#7776 = ORIENTED_EDGE('',*,*,#7621,.F.);
#7777 = ORIENTED_EDGE('',*,*,#7778,.F.);
#7778 = EDGE_CURVE('',#7697,#7544,#7779,.T.);
#7779 = SURFACE_CURVE('',#7780,(#7785,#7792),.PCURVE_S1.);
#7780 = CIRCLE('',#7781,4.605);
#7781 = AXIS2_PLACEMENT_3D('',#7782,#7783,#7784);
#7782 = CARTESIAN_POINT('',(0.,181.,22.));
#7783 = DIRECTION('',(0.,1.,1.110223024625E-16));
#7784 = DIRECTION('',(1.,0.,-0.));
#7785 = PCURVE('',#5757,#7786);
#7786 = DEFINITIONAL_REPRESENTATION('',(#7787),#7791);
#7787 = CIRCLE('',#7788,4.605);
#7788 = AXIS2_PLACEMENT_2D('',#7789,#7790);
#7789 = CARTESIAN_POINT('',(-4.369240071112,-1.270970574399));
#7790 = DIRECTION('',(-0.72310643,-0.690736629181));
#7791 = ( GEOMETRIC_REPRESENTATION_CONTEXT(2) 
PARAMETRIC_REPRESENTATION_CONTEXT() REPRESENTATION_CONTEXT('2D SPACE',''
  ) );
#7792 = PCURVE('',#6994,#7793);
#7793 = DEFINITIONAL_REPRESENTATION('',(#7794),#7798);
#7794 = LINE('',#7795,#7796);
#7795 = CARTESIAN_POINT('',(-0.,-17.));
#7796 = VECTOR('',#7797,1.);
#7797 = DIRECTION('',(-1.,-0.));
#7798 = ( GEOMETRIC_REPRESENTATION_CONTEXT(2) 
PARAMETRIC_REPRESENTATION_CONTEXT() REPRESENTATION_CONTEXT('2D SPACE',''
  ) );
#7799 = ORIENTED_EDGE('',*,*,#7752,.T.);
#7800 = ORIENTED_EDGE('',*,*,#5742,.T.);
#7801 = ADVANCED_FACE('',(#7802),#5811,.F.);
#7802 = FACE_BOUND('',#7803,.F.);
#7803 = EDGE_LOOP('',(#7804,#7862,#7883,#7884));
#7804 = ORIENTED_EDGE('',*,*,#7805,.F.);
#7805 = EDGE_CURVE('',#7806,#7808,#7810,.T.);
#7806 = VERTEX_POINT('',#7807);
#7807 = CARTESIAN_POINT('',(-2.962529483231,166.5,26.166662370649));
#7808 = VERTEX_POINT('',#7809);
#7809 = CARTESIAN_POINT('',(-3.288528270818,181.,25.22360152811));
#7810 = SURFACE_CURVE('',#7811,(#7826,#7844),.PCURVE_S1.);
#7811 = B_SPLINE_CURVE_WITH_KNOTS('',4,(#7812,#7813,#7814,#7815,#7816,
    #7817,#7818,#7819,#7820,#7821,#7822,#7823,#7824,#7825),
  .UNSPECIFIED.,.F.,.F.,(5,3,3,3,5),(0.,0.24999435125,0.499987225754,
    0.749977411904,1.),.UNSPECIFIED.);
#7812 = CARTESIAN_POINT('',(-2.962529483231,166.5,26.166662370649));
#7813 = CARTESIAN_POINT('',(-2.991032305147,167.40621585875,
    26.107479161507));
#7814 = CARTESIAN_POINT('',(-3.018259620458,168.3124315522,
    26.048143936013));
#7815 = CARTESIAN_POINT('',(-3.044170981171,169.21864791329,
    25.988724924566));
#7816 = CARTESIAN_POINT('',(-3.093301339983,171.0310784553,
    25.869865983539));
#7817 = CARTESIAN_POINT('',(-3.116520394514,171.93729263755,
    25.81042597458));
#7818 = CARTESIAN_POINT('',(-3.138363287243,172.84350932693,
    25.751048424221));
#7819 = CARTESIAN_POINT('',(-3.17925933732,174.65593997106,
    25.632570283787));
#7820 = CARTESIAN_POINT('',(-3.198312544312,175.56215392659,
    25.573469604648));
#7821 = CARTESIAN_POINT('',(-3.215952498371,176.46837238742,
    25.51458270606));
#7822 = CARTESIAN_POINT('',(-3.24839512054,178.28093789442,
    25.397380172704));
#7823 = CARTESIAN_POINT('',(-3.26319741777,179.18728494231,25.3390645271
    ));
#7824 = CARTESIAN_POINT('',(-3.276573257649,180.09363861545,
    25.281113969807));
#7825 = CARTESIAN_POINT('',(-3.288528270818,181.,25.22360152811));
#7826 = PCURVE('',#5811,#7827);
#7827 = DEFINITIONAL_REPRESENTATION('',(#7828),#7843);
#7828 = B_SPLINE_CURVE_WITH_KNOTS('',4,(#7829,#7830,#7831,#7832,#7833,
    #7834,#7835,#7836,#7837,#7838,#7839,#7840,#7841,#7842),
  .UNSPECIFIED.,.F.,.F.,(5,3,3,3,5),(0.,0.24999435125,0.499987225754,
    0.749977411904,1.),.UNSPECIFIED.);
#7829 = CARTESIAN_POINT('',(-4.432255802628,0.));
#7830 = CARTESIAN_POINT('',(-4.458331158464,6.249764543164E-02));
#7831 = CARTESIAN_POINT('',(-4.485467424094,0.124995279463));
#7832 = CARTESIAN_POINT('',(-4.513649620918,0.187492959538));
#7833 = CARTESIAN_POINT('',(-4.572053706605,0.312488169331));
#7834 = CARTESIAN_POINT('',(-4.60227560586,0.374985699142));
#7835 = CARTESIAN_POINT('',(-4.633491401123,0.437483401857));
#7836 = CARTESIAN_POINT('',(-4.697837650791,0.562478618694));
#7837 = CARTESIAN_POINT('',(-4.730968127141,0.624976132869));
#7838 = CARTESIAN_POINT('',(-4.765019692796,0.687473957753));
#7839 = CARTESIAN_POINT('',(-4.834878525129,0.812478475478));
#7840 = CARTESIAN_POINT('',(-4.870686078093,0.874985168435));
#7841 = CARTESIAN_POINT('',(-4.907323951368,0.937492318307));
#7842 = CARTESIAN_POINT('',(-4.944739304935,1.));
#7843 = ( GEOMETRIC_REPRESENTATION_CONTEXT(2) 
PARAMETRIC_REPRESENTATION_CONTEXT() REPRESENTATION_CONTEXT('2D SPACE',''
  ) );
#7844 = PCURVE('',#6994,#7845);
#7845 = DEFINITIONAL_REPRESENTATION('',(#7846),#7861);
#7846 = B_SPLINE_CURVE_WITH_KNOTS('',4,(#7847,#7848,#7849,#7850,#7851,
    #7852,#7853,#7854,#7855,#7856,#7857,#7858,#7859,#7860),
  .UNSPECIFIED.,.F.,.F.,(5,3,3,3,5),(0.,0.24999435125,0.499987225754,
    0.749977411904,1.),.UNSPECIFIED.);
#7847 = CARTESIAN_POINT('',(-4.094313366082,-2.5));
#7848 = CARTESIAN_POINT('',(-4.083061644248,-3.406215858759));
#7849 = CARTESIAN_POINT('',(-4.071809881975,-4.312431552208));
#7850 = CARTESIAN_POINT('',(-4.060568434034,-5.218647913298));
#7851 = CARTESIAN_POINT('',(-4.038127851154,-7.031078455306));
#7852 = CARTESIAN_POINT('',(-4.026928707977,-7.937292637557));
#7853 = CARTESIAN_POINT('',(-4.015761489741,-8.843509326933));
#7854 = CARTESIAN_POINT('',(-3.993513071169,-10.65593997106));
#7855 = CARTESIAN_POINT('',(-3.982431861803,-11.56215392659));
#7856 = CARTESIAN_POINT('',(-3.971404615955,-12.46837238742));
#7857 = CARTESIAN_POINT('',(-3.949478618957,-14.28093789442));
#7858 = CARTESIAN_POINT('',(-3.938579877035,-15.18728494231));
#7859 = CARTESIAN_POINT('',(-3.927757098827,-16.09363861545));
#7860 = CARTESIAN_POINT('',(-3.917021023152,-17.));
#7861 = ( GEOMETRIC_REPRESENTATION_CONTEXT(2) 
PARAMETRIC_REPRESENTATION_CONTEXT() REPRESENTATION_CONTEXT('2D SPACE',''
  ) );
#7862 = ORIENTED_EDGE('',*,*,#7863,.T.);
#7863 = EDGE_CURVE('',#7806,#5772,#7864,.T.);
#7864 = SURFACE_CURVE('',#7865,(#7869,#7876),.PCURVE_S1.);
#7865 = LINE('',#7866,#7867);
#7866 = CARTESIAN_POINT('',(-5.985320672001,166.5,29.408209058424));
#7867 = VECTOR('',#7868,1.);
#7868 = DIRECTION('',(-0.681998360062,0.,0.731353701619));
#7869 = PCURVE('',#5811,#7870);
#7870 = DEFINITIONAL_REPRESENTATION('',(#7871),#7875);
#7871 = LINE('',#7872,#7873);
#7872 = CARTESIAN_POINT('',(0.,0.));
#7873 = VECTOR('',#7874,1.);
#7874 = DIRECTION('',(1.,0.));
#7875 = ( GEOMETRIC_REPRESENTATION_CONTEXT(2) 
PARAMETRIC_REPRESENTATION_CONTEXT() REPRESENTATION_CONTEXT('2D SPACE',''
  ) );
#7876 = PCURVE('',#5851,#7877);
#7877 = DEFINITIONAL_REPRESENTATION('',(#7878),#7882);
#7878 = LINE('',#7879,#7880);
#7879 = CARTESIAN_POINT('',(4.955050972314,0.668931881262));
#7880 = VECTOR('',#7881,1.);
#7881 = DIRECTION('',(0.991010194463,0.133786376252));
#7882 = ( GEOMETRIC_REPRESENTATION_CONTEXT(2) 
PARAMETRIC_REPRESENTATION_CONTEXT() REPRESENTATION_CONTEXT('2D SPACE',''
  ) );
#7883 = ORIENTED_EDGE('',*,*,#5771,.T.);
#7884 = ORIENTED_EDGE('',*,*,#7885,.F.);
#7885 = EDGE_CURVE('',#7808,#5774,#7886,.T.);
#7886 = SURFACE_CURVE('',#7887,(#7891,#7898),.PCURVE_S1.);
#7887 = LINE('',#7888,#7889);
#7888 = CARTESIAN_POINT('',(-7.288906401265,181.,28.130046367982));
#7889 = VECTOR('',#7890,1.);
#7890 = DIRECTION('',(-0.809016994375,0.,0.587785252292));
#7891 = PCURVE('',#5811,#7892);
#7892 = DEFINITIONAL_REPRESENTATION('',(#7893),#7897);
#7893 = LINE('',#7894,#7895);
#7894 = CARTESIAN_POINT('',(0.,1.));
#7895 = VECTOR('',#7896,1.);
#7896 = DIRECTION('',(1.,0.));
#7897 = ( GEOMETRIC_REPRESENTATION_CONTEXT(2) 
PARAMETRIC_REPRESENTATION_CONTEXT() REPRESENTATION_CONTEXT('2D SPACE',''
  ) );
#7898 = PCURVE('',#5939,#7899);
#7899 = DEFINITIONAL_REPRESENTATION('',(#7900),#7904);
#7900 = LINE('',#7901,#7902);
#7901 = CARTESIAN_POINT('',(4.955050972314,-0.668931881262));
#7902 = VECTOR('',#7903,1.);
#7903 = DIRECTION('',(0.991010194463,-0.133786376252));
#7904 = ( GEOMETRIC_REPRESENTATION_CONTEXT(2) 
PARAMETRIC_REPRESENTATION_CONTEXT() REPRESENTATION_CONTEXT('2D SPACE',''
  ) );
#7905 = ADVANCED_FACE('',(#7906),#5851,.F.);
#7906 = FACE_BOUND('',#7907,.F.);
#7907 = EDGE_LOOP('',(#7908,#7909,#7933,#7954));
#7908 = ORIENTED_EDGE('',*,*,#7863,.F.);
#7909 = ORIENTED_EDGE('',*,*,#7910,.F.);
#7910 = EDGE_CURVE('',#7911,#7806,#7913,.T.);
#7911 = VERTEX_POINT('',#7912);
#7912 = CARTESIAN_POINT('',(-3.949856980417,166.5,25.245964584565));
#7913 = SURFACE_CURVE('',#7914,(#7919,#7926),.PCURVE_S1.);
#7914 = CIRCLE('',#7915,5.1125);
#7915 = AXIS2_PLACEMENT_3D('',#7916,#7917,#7918);
#7916 = CARTESIAN_POINT('',(0.,166.5,22.));
#7917 = DIRECTION('',(0.,1.,1.110223024625E-16));
#7918 = DIRECTION('',(1.,0.,-0.));
#7919 = PCURVE('',#5851,#7920);
#7920 = DEFINITIONAL_REPRESENTATION('',(#7921),#7925);
#7921 = CIRCLE('',#7922,5.1125);
#7922 = AXIS2_PLACEMENT_2D('',#7923,#7924);
#7923 = CARTESIAN_POINT('',(-4.369240071112,-1.270970574399));
#7924 = DIRECTION('',(-0.773712488927,0.63353688486));
#7925 = ( GEOMETRIC_REPRESENTATION_CONTEXT(2) 
PARAMETRIC_REPRESENTATION_CONTEXT() REPRESENTATION_CONTEXT('2D SPACE',''
  ) );
#7926 = PCURVE('',#6994,#7927);
#7927 = DEFINITIONAL_REPRESENTATION('',(#7928),#7932);
#7928 = LINE('',#7929,#7930);
#7929 = CARTESIAN_POINT('',(-0.,-2.5));
#7930 = VECTOR('',#7931,1.);
#7931 = DIRECTION('',(-1.,-0.));
#7932 = ( GEOMETRIC_REPRESENTATION_CONTEXT(2) 
PARAMETRIC_REPRESENTATION_CONTEXT() REPRESENTATION_CONTEXT('2D SPACE',''
  ) );
#7933 = ORIENTED_EDGE('',*,*,#7934,.T.);
#7934 = EDGE_CURVE('',#7911,#5835,#7935,.T.);
#7935 = SURFACE_CURVE('',#7936,(#7940,#7947),.PCURVE_S1.);
#7936 = LINE('',#7937,#7938);
#7937 = CARTESIAN_POINT('',(-6.972648169187,166.5,28.48751127234));
#7938 = VECTOR('',#7939,1.);
#7939 = DIRECTION('',(-0.681998360062,0.,0.731353701619));
#7940 = PCURVE('',#5851,#7941);
#7941 = DEFINITIONAL_REPRESENTATION('',(#7942),#7946);
#7942 = LINE('',#7943,#7944);
#7943 = CARTESIAN_POINT('',(5.135662580255,-0.668931881262));
#7944 = VECTOR('',#7945,1.);
#7945 = DIRECTION('',(0.991010194463,0.133786376252));
#7946 = ( GEOMETRIC_REPRESENTATION_CONTEXT(2) 
PARAMETRIC_REPRESENTATION_CONTEXT() REPRESENTATION_CONTEXT('2D SPACE',''
  ) );
#7947 = PCURVE('',#5901,#7948);
#7948 = DEFINITIONAL_REPRESENTATION('',(#7949),#7953);
#7949 = LINE('',#7950,#7951);
#7950 = CARTESIAN_POINT('',(0.,0.));
#7951 = VECTOR('',#7952,1.);
#7952 = DIRECTION('',(-1.,0.));
#7953 = ( GEOMETRIC_REPRESENTATION_CONTEXT(2) 
PARAMETRIC_REPRESENTATION_CONTEXT() REPRESENTATION_CONTEXT('2D SPACE',''
  ) );
#7954 = ORIENTED_EDGE('',*,*,#5834,.T.);
#7955 = ADVANCED_FACE('',(#7956),#5901,.F.);
#7956 = FACE_BOUND('',#7957,.F.);
#7957 = EDGE_LOOP('',(#7958,#7959,#8015,#8036));
#7958 = ORIENTED_EDGE('',*,*,#7934,.F.);
#7959 = ORIENTED_EDGE('',*,*,#7960,.T.);
#7960 = EDGE_CURVE('',#7911,#7961,#7963,.T.);
#7961 = VERTEX_POINT('',#7962);
#7962 = CARTESIAN_POINT('',(-4.082038361413,181.,24.131428585703));
#7963 = SURFACE_CURVE('',#7964,(#7979,#7997),.PCURVE_S1.);
#7964 = B_SPLINE_CURVE_WITH_KNOTS('',4,(#7965,#7966,#7967,#7968,#7969,
    #7970,#7971,#7972,#7973,#7974,#7975,#7976,#7977,#7978),
  .UNSPECIFIED.,.F.,.F.,(5,3,3,3,5),(0.,0.249982997718,0.499972398404,
    0.749966560383,1.),.UNSPECIFIED.);
#7965 = CARTESIAN_POINT('',(-3.949856980417,166.5,25.245964584565));
#7966 = CARTESIAN_POINT('',(-3.966246935896,167.40623051764,
    25.176063451205));
#7967 = CARTESIAN_POINT('',(-3.981361167193,168.31245100456,
    25.106011059471));
#7968 = CARTESIAN_POINT('',(-3.995159278355,169.21866240816,
    25.03587563195));
#7969 = CARTESIAN_POINT('',(-4.020063383922,171.03109252472,
    24.895583150717));
#7970 = CARTESIAN_POINT('',(-4.031169349674,171.93731123844,
    24.825426016981));
#7971 = CARTESIAN_POINT('',(-4.040899013058,172.84352313547,
    24.755332037456));
#7972 = CARTESIAN_POINT('',(-4.057568808741,174.65595316735,
    24.615420369939));
#7973 = CARTESIAN_POINT('',(-4.064508907341,175.56217130248,
    24.545602601201));
#7974 = CARTESIAN_POINT('',(-4.070035634189,176.46838523437,
    24.475999232978));
#7975 = CARTESIAN_POINT('',(-4.078250201415,178.28094996785,
    24.337361589569));
#7976 = CARTESIAN_POINT('',(-4.080937592612,179.18730076833,
    24.268327319767));
#7977 = CARTESIAN_POINT('',(-4.082198422944,180.09365026437,
    24.199658664958));
#7978 = CARTESIAN_POINT('',(-4.082038361413,181.,24.131428585703));
#7979 = PCURVE('',#5901,#7980);
#7980 = DEFINITIONAL_REPRESENTATION('',(#7981),#7996);
#7981 = B_SPLINE_CURVE_WITH_KNOTS('',4,(#7982,#7983,#7984,#7985,#7986,
    #7987,#7988,#7989,#7990,#7991,#7992,#7993,#7994,#7995),
  .UNSPECIFIED.,.F.,.F.,(5,3,3,3,5),(0.,0.249982997718,0.499972398404,
    0.749966560383,1.),.UNSPECIFIED.);
#7982 = CARTESIAN_POINT('',(4.432255802628,0.));
#7983 = CARTESIAN_POINT('',(4.458331580257,6.249865638943E-02));
#7984 = CARTESIAN_POINT('',(4.485468018221,0.124996621004));
#7985 = CARTESIAN_POINT('',(4.513650088003,0.187493959184));
#7986 = CARTESIAN_POINT('',(4.57205415998,0.312489139636));
#7987 = CARTESIAN_POINT('',(4.602276236998,0.374986981962));
#7988 = CARTESIAN_POINT('',(4.633491891364,0.43748435417));
#7989 = CARTESIAN_POINT('',(4.697838119296,0.562479528783));
#7990 = CARTESIAN_POINT('',(4.730968771966,0.624977331206));
#7991 = CARTESIAN_POINT('',(4.765020187936,0.68747484375));
#7992 = CARTESIAN_POINT('',(4.834878990456,0.812479308128));
#7993 = CARTESIAN_POINT('',(4.870686711405,0.874986259885));
#7994 = CARTESIAN_POINT('',(4.907324432245,0.937493121681));
#7995 = CARTESIAN_POINT('',(4.944739304935,1.));
#7996 = ( GEOMETRIC_REPRESENTATION_CONTEXT(2) 
PARAMETRIC_REPRESENTATION_CONTEXT() REPRESENTATION_CONTEXT('2D SPACE',''
  ) );
#7997 = PCURVE('',#6994,#7998);
#7998 = DEFINITIONAL_REPRESENTATION('',(#7999),#8014);
#7999 = B_SPLINE_CURVE_WITH_KNOTS('',4,(#8000,#8001,#8002,#8003,#8004,
    #8005,#8006,#8007,#8008,#8009,#8010,#8011,#8012,#8013),
  .UNSPECIFIED.,.F.,.F.,(5,3,3,3,5),(0.,0.249982997718,0.499972398404,
    0.749966560383,1.),.UNSPECIFIED.);
#8000 = CARTESIAN_POINT('',(-3.829481437972,-2.5));
#8001 = CARTESIAN_POINT('',(-3.816882730138,-3.406230517647));
#8002 = CARTESIAN_POINT('',(-3.804211164122,-4.312451004563));
#8003 = CARTESIAN_POINT('',(-3.791473998555,-5.218662408166));
#8004 = CARTESIAN_POINT('',(-3.765883248171,-7.031092524722));
#8005 = CARTESIAN_POINT('',(-3.75302965184,-7.937311238442));
#8006 = CARTESIAN_POINT('',(-3.740125554237,-8.843523135471));
#8007 = CARTESIAN_POINT('',(-3.714231299723,-10.65595316735));
#8008 = CARTESIAN_POINT('',(-3.701241132196,-11.56217130248));
#8009 = CARTESIAN_POINT('',(-3.688215643417,-12.46838523437));
#8010 = CARTESIAN_POINT('',(-3.662106702615,-14.28094996785));
#8011 = CARTESIAN_POINT('',(-3.649023232929,-15.18730076833));
#8012 = CARTESIAN_POINT('',(-3.635919157085,-16.09365026437));
#8013 = CARTESIAN_POINT('',(-3.622801345464,-17.));
#8014 = ( GEOMETRIC_REPRESENTATION_CONTEXT(2) 
PARAMETRIC_REPRESENTATION_CONTEXT() REPRESENTATION_CONTEXT('2D SPACE',''
  ) );
#8015 = ORIENTED_EDGE('',*,*,#8016,.T.);
#8016 = EDGE_CURVE('',#7961,#5864,#8017,.T.);
#8017 = SURFACE_CURVE('',#8018,(#8022,#8029),.PCURVE_S1.);
#8018 = LINE('',#8019,#8020);
#8019 = CARTESIAN_POINT('',(-8.082416491859,181.,27.037873425575));
#8020 = VECTOR('',#8021,1.);
#8021 = DIRECTION('',(-0.809016994375,0.,0.587785252292));
#8022 = PCURVE('',#5901,#8023);
#8023 = DEFINITIONAL_REPRESENTATION('',(#8024),#8028);
#8024 = LINE('',#8025,#8026);
#8025 = CARTESIAN_POINT('',(0.,1.));
#8026 = VECTOR('',#8027,1.);
#8027 = DIRECTION('',(-1.,0.));
#8028 = ( GEOMETRIC_REPRESENTATION_CONTEXT(2) 
PARAMETRIC_REPRESENTATION_CONTEXT() REPRESENTATION_CONTEXT('2D SPACE',''
  ) );
#8029 = PCURVE('',#5939,#8030);
#8030 = DEFINITIONAL_REPRESENTATION('',(#8031),#8035);
#8031 = LINE('',#8032,#8033);
#8032 = CARTESIAN_POINT('',(5.135662580255,0.668931881262));
#8033 = VECTOR('',#8034,1.);
#8034 = DIRECTION('',(0.991010194463,-0.133786376252));
#8035 = ( GEOMETRIC_REPRESENTATION_CONTEXT(2) 
PARAMETRIC_REPRESENTATION_CONTEXT() REPRESENTATION_CONTEXT('2D SPACE',''
  ) );
#8036 = ORIENTED_EDGE('',*,*,#5863,.F.);
#8037 = ADVANCED_FACE('',(#8038),#5939,.F.);
#8038 = FACE_BOUND('',#8039,.F.);
#8039 = EDGE_LOOP('',(#8040,#8066,#8067,#8068));
#8040 = ORIENTED_EDGE('',*,*,#8041,.T.);
#8041 = EDGE_CURVE('',#7961,#7808,#8042,.T.);
#8042 = SURFACE_CURVE('',#8043,(#8048,#8059),.PCURVE_S1.);
#8043 = CIRCLE('',#8044,4.605);
#8044 = AXIS2_PLACEMENT_3D('',#8045,#8046,#8047);
#8045 = CARTESIAN_POINT('',(0.,181.,22.));
#8046 = DIRECTION('',(0.,1.,1.110223024625E-16));
#8047 = DIRECTION('',(1.,0.,-0.));
#8048 = PCURVE('',#5939,#8049);
#8049 = DEFINITIONAL_REPRESENTATION('',(#8050),#8058);
#8050 = ( BOUNDED_CURVE() B_SPLINE_CURVE(2,(#8051,#8052,#8053,#8054,
#8055,#8056,#8057),.UNSPECIFIED.,.T.,.F.) B_SPLINE_CURVE_WITH_KNOTS((1,2
    ,2,2,2,1),(-2.094395102393,0.,2.094395102393,4.188790204786,
6.28318530718,8.377580409573),.UNSPECIFIED.) CURVE() 
GEOMETRIC_REPRESENTATION_ITEM() RATIONAL_B_SPLINE_CURVE((1.,0.5,1.,0.5,
1.,0.5,1.)) REPRESENTATION_ITEM('') );
#8051 = CARTESIAN_POINT('',(-8.423398019907,-0.913023090021));
#8052 = CARTESIAN_POINT('',(-12.20618601009,6.1089844592));
#8053 = CARTESIAN_POINT('',(-4.233555091807,5.873971181219));
#8054 = CARTESIAN_POINT('',(3.739075826477,5.638957903239));
#8055 = CARTESIAN_POINT('',(-0.450767101623,-1.148036368002));
#8056 = CARTESIAN_POINT('',(-4.640610029723,-7.935030639243));
#8057 = CARTESIAN_POINT('',(-8.423398019907,-0.913023090021));
#8058 = ( GEOMETRIC_REPRESENTATION_CONTEXT(2) 
PARAMETRIC_REPRESENTATION_CONTEXT() REPRESENTATION_CONTEXT('2D SPACE',''
  ) );
#8059 = PCURVE('',#6994,#8060);
#8060 = DEFINITIONAL_REPRESENTATION('',(#8061),#8065);
#8061 = LINE('',#8062,#8063);
#8062 = CARTESIAN_POINT('',(-0.,-17.));
#8063 = VECTOR('',#8064,1.);
#8064 = DIRECTION('',(-1.,-0.));
#8065 = ( GEOMETRIC_REPRESENTATION_CONTEXT(2) 
PARAMETRIC_REPRESENTATION_CONTEXT() REPRESENTATION_CONTEXT('2D SPACE',''
  ) );
#8066 = ORIENTED_EDGE('',*,*,#7885,.T.);
#8067 = ORIENTED_EDGE('',*,*,#5924,.F.);
#8068 = ORIENTED_EDGE('',*,*,#8016,.F.);
#8069 = ADVANCED_FACE('',(#8070),#5997,.F.);
#8070 = FACE_BOUND('',#8071,.F.);
#8071 = EDGE_LOOP('',(#8072,#8130,#8151,#8152));
#8072 = ORIENTED_EDGE('',*,*,#8073,.F.);
#8073 = EDGE_CURVE('',#8074,#8076,#8078,.T.);
#8074 = VERTEX_POINT('',#8075);
#8075 = CARTESIAN_POINT('',(3.047259442153,166.5,26.105102452097));
#8076 = VERTEX_POINT('',#8077);
#8077 = CARTESIAN_POINT('',(2.049616117082,181.,26.123723896261));
#8078 = SURFACE_CURVE('',#8079,(#8094,#8112),.PCURVE_S1.);
#8079 = B_SPLINE_CURVE_WITH_KNOTS('',4,(#8080,#8081,#8082,#8083,#8084,
    #8085,#8086,#8087,#8088,#8089,#8090,#8091,#8092,#8093),
  .UNSPECIFIED.,.F.,.F.,(5,3,3,3,5),(0.,0.24999435125,0.499987225754,
    0.749977411904,1.),.UNSPECIFIED.);
#8080 = CARTESIAN_POINT('',(3.047259442153,166.5,26.105102452097));
#8081 = CARTESIAN_POINT('',(2.982165009083,167.40621585875,
    26.113921629206));
#8082 = CARTESIAN_POINT('',(2.917320153088,168.3124315522,
    26.121480751811));
#8083 = CARTESIAN_POINT('',(2.852802264253,169.21864791329,
    26.127762435937));
#8084 = CARTESIAN_POINT('',(2.724578578057,171.0310784553,
    26.137758751122));
#8085 = CARTESIAN_POINT('',(2.660872687764,171.93729263755,
    26.141473411323));
#8086 = CARTESIAN_POINT('',(2.597651456513,172.84350932693,
    26.143898564641));
#8087 = CARTESIAN_POINT('',(2.472334474539,174.65593997106,
    26.146181260703));
#8088 = CARTESIAN_POINT('',(2.410238623768,175.56215392659,
    26.146038823135));
#8089 = CARTESIAN_POINT('',(2.348782809557,176.46837238742,
    26.14461836398));
#8090 = CARTESIAN_POINT('',(2.227291254891,178.28093789442,
    26.139255556609));
#8091 = CARTESIAN_POINT('',(2.167255618737,179.18728494231,
    26.135312852317));
#8092 = CARTESIAN_POINT('',(2.108008001764,180.09363861545,
    26.130126324957));
#8093 = CARTESIAN_POINT('',(2.049616117082,181.,26.123723896261));
#8094 = PCURVE('',#5997,#8095);
#8095 = DEFINITIONAL_REPRESENTATION('',(#8096),#8111);
#8096 = B_SPLINE_CURVE_WITH_KNOTS('',4,(#8097,#8098,#8099,#8100,#8101,
    #8102,#8103,#8104,#8105,#8106,#8107,#8108,#8109,#8110),
  .UNSPECIFIED.,.F.,.F.,(5,3,3,3,5),(0.,0.24999435125,0.499987225754,
    0.749977411904,1.),.UNSPECIFIED.);
#8097 = CARTESIAN_POINT('',(-4.432255802628,0.));
#8098 = CARTESIAN_POINT('',(-4.458331158464,6.249764543164E-02));
#8099 = CARTESIAN_POINT('',(-4.485467424094,0.124995279463));
#8100 = CARTESIAN_POINT('',(-4.513649620918,0.187492959538));
#8101 = CARTESIAN_POINT('',(-4.572053706605,0.312488169331));
#8102 = CARTESIAN_POINT('',(-4.60227560586,0.374985699142));
#8103 = CARTESIAN_POINT('',(-4.633491401123,0.437483401857));
#8104 = CARTESIAN_POINT('',(-4.697837650791,0.562478618694));
#8105 = CARTESIAN_POINT('',(-4.730968127141,0.624976132869));
#8106 = CARTESIAN_POINT('',(-4.765019692796,0.687473957753));
#8107 = CARTESIAN_POINT('',(-4.834878525129,0.812478475478));
#8108 = CARTESIAN_POINT('',(-4.870686078093,0.874985168435));
#8109 = CARTESIAN_POINT('',(-4.907323951368,0.937492318307));
#8110 = CARTESIAN_POINT('',(-4.944739304935,1.));
#8111 = ( GEOMETRIC_REPRESENTATION_CONTEXT(2) 
PARAMETRIC_REPRESENTATION_CONTEXT() REPRESENTATION_CONTEXT('2D SPACE',''
  ) );
#8112 = PCURVE('',#6994,#8113);
#8113 = DEFINITIONAL_REPRESENTATION('',(#8114),#8129);
#8114 = B_SPLINE_CURVE_WITH_KNOTS('',4,(#8115,#8116,#8117,#8118,#8119,
    #8120,#8121,#8122,#8123,#8124,#8125,#8126,#8127,#8128),
  .UNSPECIFIED.,.F.,.F.,(5,3,3,3,5),(0.,0.24999435125,0.499987225754,
    0.749977411904,1.),.UNSPECIFIED.);
#8115 = CARTESIAN_POINT('',(-5.350950427518,-2.5));
#8116 = CARTESIAN_POINT('',(-5.339698705683,-3.406215858759));
#8117 = CARTESIAN_POINT('',(-5.328446943411,-4.312431552208));
#8118 = CARTESIAN_POINT('',(-5.31720549547,-5.218647913298));
#8119 = CARTESIAN_POINT('',(-5.29476491259,-7.031078455306));
#8120 = CARTESIAN_POINT('',(-5.283565769413,-7.937292637557));
#8121 = CARTESIAN_POINT('',(-5.272398551177,-8.843509326933));
#8122 = CARTESIAN_POINT('',(-5.250150132605,-10.65593997106));
#8123 = CARTESIAN_POINT('',(-5.239068923239,-11.56215392659));
#8124 = CARTESIAN_POINT('',(-5.228041677391,-12.46837238742));
#8125 = CARTESIAN_POINT('',(-5.206115680393,-14.28093789442));
#8126 = CARTESIAN_POINT('',(-5.195216938471,-15.18728494231));
#8127 = CARTESIAN_POINT('',(-5.184394160263,-16.09363861545));
#8128 = CARTESIAN_POINT('',(-5.173658084588,-17.));
#8129 = ( GEOMETRIC_REPRESENTATION_CONTEXT(2) 
PARAMETRIC_REPRESENTATION_CONTEXT() REPRESENTATION_CONTEXT('2D SPACE',''
  ) );
#8130 = ORIENTED_EDGE('',*,*,#8131,.T.);
#8131 = EDGE_CURVE('',#8074,#5958,#8132,.T.);
#8132 = SURFACE_CURVE('',#8133,(#8137,#8144),.PCURVE_S1.);
#8133 = LINE('',#8134,#8135);
#8134 = CARTESIAN_POINT('',(5.196059694659,166.5,29.981640724158));
#8135 = VECTOR('',#8136,1.);
#8136 = DIRECTION('',(0.484809620246,0.,0.874619707139));
#8137 = PCURVE('',#5997,#8138);
#8138 = DEFINITIONAL_REPRESENTATION('',(#8139),#8143);
#8139 = LINE('',#8140,#8141);
#8140 = CARTESIAN_POINT('',(0.,0.));
#8141 = VECTOR('',#8142,1.);
#8142 = DIRECTION('',(1.,0.));
#8143 = ( GEOMETRIC_REPRESENTATION_CONTEXT(2) 
PARAMETRIC_REPRESENTATION_CONTEXT() REPRESENTATION_CONTEXT('2D SPACE',''
  ) );
#8144 = PCURVE('',#6037,#8145);
#8145 = DEFINITIONAL_REPRESENTATION('',(#8146),#8150);
#8146 = LINE('',#8147,#8148);
#8147 = CARTESIAN_POINT('',(4.955050972314,0.668931881262));
#8148 = VECTOR('',#8149,1.);
#8149 = DIRECTION('',(0.991010194463,0.133786376252));
#8150 = ( GEOMETRIC_REPRESENTATION_CONTEXT(2) 
PARAMETRIC_REPRESENTATION_CONTEXT() REPRESENTATION_CONTEXT('2D SPACE',''
  ) );
#8151 = ORIENTED_EDGE('',*,*,#5957,.T.);
#8152 = ORIENTED_EDGE('',*,*,#8153,.F.);
#8153 = EDGE_CURVE('',#8076,#5960,#8154,.T.);
#8154 = SURFACE_CURVE('',#8155,(#8159,#8166),.PCURVE_S1.);
#8155 = LINE('',#8156,#8157);
#8156 = CARTESIAN_POINT('',(3.577624595061,181.,30.826450433601));
#8157 = VECTOR('',#8158,1.);
#8158 = DIRECTION('',(0.309016994375,0.,0.951056516295));
#8159 = PCURVE('',#5997,#8160);
#8160 = DEFINITIONAL_REPRESENTATION('',(#8161),#8165);
#8161 = LINE('',#8162,#8163);
#8162 = CARTESIAN_POINT('',(0.,1.));
#8163 = VECTOR('',#8164,1.);
#8164 = DIRECTION('',(1.,0.));
#8165 = ( GEOMETRIC_REPRESENTATION_CONTEXT(2) 
PARAMETRIC_REPRESENTATION_CONTEXT() REPRESENTATION_CONTEXT('2D SPACE',''
  ) );
#8166 = PCURVE('',#6125,#8167);
#8167 = DEFINITIONAL_REPRESENTATION('',(#8168),#8172);
#8168 = LINE('',#8169,#8170);
#8169 = CARTESIAN_POINT('',(4.955050972314,-0.668931881262));
#8170 = VECTOR('',#8171,1.);
#8171 = DIRECTION('',(0.991010194463,-0.133786376252));
#8172 = ( GEOMETRIC_REPRESENTATION_CONTEXT(2) 
PARAMETRIC_REPRESENTATION_CONTEXT() REPRESENTATION_CONTEXT('2D SPACE',''
  ) );
#8173 = ADVANCED_FACE('',(#8174),#6037,.F.);
#8174 = FACE_BOUND('',#8175,.F.);
#8175 = EDGE_LOOP('',(#8176,#8177,#8201,#8222));
#8176 = ORIENTED_EDGE('',*,*,#8131,.F.);
#8177 = ORIENTED_EDGE('',*,*,#8178,.F.);
#8178 = EDGE_CURVE('',#8179,#8074,#8181,.T.);
#8179 = VERTEX_POINT('',#8180);
#8180 = CARTESIAN_POINT('',(1.866522837515,166.5,26.759595439429));
#8181 = SURFACE_CURVE('',#8182,(#8187,#8194),.PCURVE_S1.);
#8182 = CIRCLE('',#8183,5.1125);
#8183 = AXIS2_PLACEMENT_3D('',#8184,#8185,#8186);
#8184 = CARTESIAN_POINT('',(0.,166.5,22.));
#8185 = DIRECTION('',(0.,1.,1.110223024625E-16));
#8186 = DIRECTION('',(1.,0.,-0.));
#8187 = PCURVE('',#6037,#8188);
#8188 = DEFINITIONAL_REPRESENTATION('',(#8189),#8193);
#8189 = CIRCLE('',#8190,5.1125);
#8190 = AXIS2_PLACEMENT_2D('',#8191,#8192);
#8191 = CARTESIAN_POINT('',(-4.369240071112,-1.270970574399));
#8192 = DIRECTION('',(0.363439074821,0.931617968318));
#8193 = ( GEOMETRIC_REPRESENTATION_CONTEXT(2) 
PARAMETRIC_REPRESENTATION_CONTEXT() REPRESENTATION_CONTEXT('2D SPACE',''
  ) );
#8194 = PCURVE('',#6994,#8195);
#8195 = DEFINITIONAL_REPRESENTATION('',(#8196),#8200);
#8196 = LINE('',#8197,#8198);
#8197 = CARTESIAN_POINT('',(-0.,-2.5));
#8198 = VECTOR('',#8199,1.);
#8199 = DIRECTION('',(-1.,-0.));
#8200 = ( GEOMETRIC_REPRESENTATION_CONTEXT(2) 
PARAMETRIC_REPRESENTATION_CONTEXT() REPRESENTATION_CONTEXT('2D SPACE',''
  ) );
#8201 = ORIENTED_EDGE('',*,*,#8202,.T.);
#8202 = EDGE_CURVE('',#8179,#6021,#8203,.T.);
#8203 = SURFACE_CURVE('',#8204,(#8208,#8215),.PCURVE_S1.);
#8204 = LINE('',#8205,#8206);
#8205 = CARTESIAN_POINT('',(4.015323090021,166.5,30.636133711491));
#8206 = VECTOR('',#8207,1.);
#8207 = DIRECTION('',(0.484809620246,0.,0.874619707139));
#8208 = PCURVE('',#6037,#8209);
#8209 = DEFINITIONAL_REPRESENTATION('',(#8210),#8214);
#8210 = LINE('',#8211,#8212);
#8211 = CARTESIAN_POINT('',(5.135662580255,-0.668931881262));
#8212 = VECTOR('',#8213,1.);
#8213 = DIRECTION('',(0.991010194463,0.133786376252));
#8214 = ( GEOMETRIC_REPRESENTATION_CONTEXT(2) 
PARAMETRIC_REPRESENTATION_CONTEXT() REPRESENTATION_CONTEXT('2D SPACE',''
  ) );
#8215 = PCURVE('',#6087,#8216);
#8216 = DEFINITIONAL_REPRESENTATION('',(#8217),#8221);
#8217 = LINE('',#8218,#8219);
#8218 = CARTESIAN_POINT('',(0.,0.));
#8219 = VECTOR('',#8220,1.);
#8220 = DIRECTION('',(-1.,0.));
#8221 = ( GEOMETRIC_REPRESENTATION_CONTEXT(2) 
PARAMETRIC_REPRESENTATION_CONTEXT() REPRESENTATION_CONTEXT('2D SPACE',''
  ) );
#8222 = ORIENTED_EDGE('',*,*,#6020,.T.);
#8223 = ADVANCED_FACE('',(#8224),#6087,.F.);
#8224 = FACE_BOUND('',#8225,.F.);
#8225 = EDGE_LOOP('',(#8226,#8227,#8283,#8304));
#8226 = ORIENTED_EDGE('',*,*,#8202,.F.);
#8227 = ORIENTED_EDGE('',*,*,#8228,.T.);
#8228 = EDGE_CURVE('',#8179,#8229,#8231,.T.);
#8229 = VERTEX_POINT('',#8230);
#8230 = CARTESIAN_POINT('',(0.765689820084,181.,26.540896838667));
#8231 = SURFACE_CURVE('',#8232,(#8247,#8265),.PCURVE_S1.);
#8232 = B_SPLINE_CURVE_WITH_KNOTS('',4,(#8233,#8234,#8235,#8236,#8237,
    #8238,#8239,#8240,#8241,#8242,#8243,#8244,#8245,#8246),
  .UNSPECIFIED.,.F.,.F.,(5,3,3,3,5),(0.,0.249982997718,0.499972398404,
    0.749966560383,1.),.UNSPECIFIED.);
#8233 = CARTESIAN_POINT('',(1.866522837515,166.5,26.759595439429));
#8234 = CARTESIAN_POINT('',(1.794978134356,167.40623051764,
    26.753582575255));
#8235 = CARTESIAN_POINT('',(1.723683796387,168.31245100456,
    26.746309683876));
#8236 = CARTESIAN_POINT('',(1.652717190182,169.21866240816,
    26.737759428398));
#8237 = CARTESIAN_POINT('',(1.511595319867,171.03109252472,
    26.718091879396));
#8238 = CARTESIAN_POINT('',(1.441439988507,171.93731123844,
    26.706974533893));
#8239 = CARTESIAN_POINT('',(1.371770021191,172.84352313547,
    26.694567762779));
#8240 = CARTESIAN_POINT('',(1.233554867935,174.65595316735,
    26.667186597615));
#8241 = CARTESIAN_POINT('',(1.165009615613,175.56217130248,
    26.652212146562));
#8242 = CARTESIAN_POINT('',(1.09710502619,176.46838523437,
    26.635959752499));
#8243 = CARTESIAN_POINT('',(0.962714351148,178.28094996785,
    26.600930882314));
#8244 = CARTESIAN_POINT('',(0.896228409454,179.18730076833,
    26.582153980661));
#8245 = CARTESIAN_POINT('',(0.830531019833,180.09365026437,
    26.562133320247));
#8246 = CARTESIAN_POINT('',(0.765689820084,181.,26.540896838667));
#8247 = PCURVE('',#6087,#8248);
#8248 = DEFINITIONAL_REPRESENTATION('',(#8249),#8264);
#8249 = B_SPLINE_CURVE_WITH_KNOTS('',4,(#8250,#8251,#8252,#8253,#8254,
    #8255,#8256,#8257,#8258,#8259,#8260,#8261,#8262,#8263),
  .UNSPECIFIED.,.F.,.F.,(5,3,3,3,5),(0.,0.249982997718,0.499972398404,
    0.749966560383,1.),.UNSPECIFIED.);
#8250 = CARTESIAN_POINT('',(4.432255802628,0.));
#8251 = CARTESIAN_POINT('',(4.458331580257,6.249865638943E-02));
#8252 = CARTESIAN_POINT('',(4.485468018221,0.124996621004));
#8253 = CARTESIAN_POINT('',(4.513650088003,0.187493959184));
#8254 = CARTESIAN_POINT('',(4.57205415998,0.312489139636));
#8255 = CARTESIAN_POINT('',(4.602276236998,0.374986981962));
#8256 = CARTESIAN_POINT('',(4.633491891364,0.43748435417));
#8257 = CARTESIAN_POINT('',(4.697838119296,0.562479528783));
#8258 = CARTESIAN_POINT('',(4.730968771966,0.624977331206));
#8259 = CARTESIAN_POINT('',(4.765020187936,0.68747484375));
#8260 = CARTESIAN_POINT('',(4.834878990456,0.812479308128));
#8261 = CARTESIAN_POINT('',(4.870686711405,0.874986259885));
#8262 = CARTESIAN_POINT('',(4.907324432245,0.937493121681));
#8263 = CARTESIAN_POINT('',(4.944739304935,1.));
#8264 = ( GEOMETRIC_REPRESENTATION_CONTEXT(2) 
PARAMETRIC_REPRESENTATION_CONTEXT() REPRESENTATION_CONTEXT('2D SPACE',''
  ) );
#8265 = PCURVE('',#6994,#8266);
#8266 = DEFINITIONAL_REPRESENTATION('',(#8267),#8282);
#8267 = B_SPLINE_CURVE_WITH_KNOTS('',4,(#8268,#8269,#8270,#8271,#8272,
    #8273,#8274,#8275,#8276,#8277,#8278,#8279,#8280,#8281),
  .UNSPECIFIED.,.F.,.F.,(5,3,3,3,5),(0.,0.249982997718,0.499972398404,
    0.749966560383,1.),.UNSPECIFIED.);
#8268 = CARTESIAN_POINT('',(-5.086118499408,-2.5));
#8269 = CARTESIAN_POINT('',(-5.073519791574,-3.406230517647));
#8270 = CARTESIAN_POINT('',(-5.060848225558,-4.312451004563));
#8271 = CARTESIAN_POINT('',(-5.04811105999,-5.218662408166));
#8272 = CARTESIAN_POINT('',(-5.022520309607,-7.031092524722));
#8273 = CARTESIAN_POINT('',(-5.009666713276,-7.937311238443));
#8274 = CARTESIAN_POINT('',(-4.996762615673,-8.843523135471));
#8275 = CARTESIAN_POINT('',(-4.970868361159,-10.65595316735));
#8276 = CARTESIAN_POINT('',(-4.957878193632,-11.56217130248));
#8277 = CARTESIAN_POINT('',(-4.944852704853,-12.46838523437));
#8278 = CARTESIAN_POINT('',(-4.918743764051,-14.28094996785));
#8279 = CARTESIAN_POINT('',(-4.905660294365,-15.18730076833));
#8280 = CARTESIAN_POINT('',(-4.892556218521,-16.09365026437));
#8281 = CARTESIAN_POINT('',(-4.8794384069,-17.));
#8282 = ( GEOMETRIC_REPRESENTATION_CONTEXT(2) 
PARAMETRIC_REPRESENTATION_CONTEXT() REPRESENTATION_CONTEXT('2D SPACE',''
  ) );
#8283 = ORIENTED_EDGE('',*,*,#8284,.T.);
#8284 = EDGE_CURVE('',#8229,#6050,#8285,.T.);
#8285 = SURFACE_CURVE('',#8286,(#8290,#8297),.PCURVE_S1.);
#8286 = LINE('',#8287,#8288);
#8287 = CARTESIAN_POINT('',(2.293698298063,181.,31.243623376007));
#8288 = VECTOR('',#8289,1.);
#8289 = DIRECTION('',(0.309016994375,0.,0.951056516295));
#8290 = PCURVE('',#6087,#8291);
#8291 = DEFINITIONAL_REPRESENTATION('',(#8292),#8296);
#8292 = LINE('',#8293,#8294);
#8293 = CARTESIAN_POINT('',(0.,1.));
#8294 = VECTOR('',#8295,1.);
#8295 = DIRECTION('',(-1.,0.));
#8296 = ( GEOMETRIC_REPRESENTATION_CONTEXT(2) 
PARAMETRIC_REPRESENTATION_CONTEXT() REPRESENTATION_CONTEXT('2D SPACE',''
  ) );
#8297 = PCURVE('',#6125,#8298);
#8298 = DEFINITIONAL_REPRESENTATION('',(#8299),#8303);
#8299 = LINE('',#8300,#8301);
#8300 = CARTESIAN_POINT('',(5.135662580255,0.668931881262));
#8301 = VECTOR('',#8302,1.);
#8302 = DIRECTION('',(0.991010194463,-0.133786376252));
#8303 = ( GEOMETRIC_REPRESENTATION_CONTEXT(2) 
PARAMETRIC_REPRESENTATION_CONTEXT() REPRESENTATION_CONTEXT('2D SPACE',''
  ) );
#8304 = ORIENTED_EDGE('',*,*,#6049,.F.);
#8305 = ADVANCED_FACE('',(#8306),#6125,.F.);
#8306 = FACE_BOUND('',#8307,.F.);
#8307 = EDGE_LOOP('',(#8308,#8334,#8335,#8336));
#8308 = ORIENTED_EDGE('',*,*,#8309,.T.);
#8309 = EDGE_CURVE('',#8229,#8076,#8310,.T.);
#8310 = SURFACE_CURVE('',#8311,(#8316,#8327),.PCURVE_S1.);
#8311 = CIRCLE('',#8312,4.605);
#8312 = AXIS2_PLACEMENT_3D('',#8313,#8314,#8315);
#8313 = CARTESIAN_POINT('',(0.,181.,22.));
#8314 = DIRECTION('',(0.,1.,1.110223024625E-16));
#8315 = DIRECTION('',(1.,0.,-0.));
#8316 = PCURVE('',#6125,#8317);
#8317 = DEFINITIONAL_REPRESENTATION('',(#8318),#8326);
#8318 = ( BOUNDED_CURVE() B_SPLINE_CURVE(2,(#8319,#8320,#8321,#8322,
#8323,#8324,#8325),.UNSPECIFIED.,.T.,.F.) B_SPLINE_CURVE_WITH_KNOTS((1,2
    ,2,2,2,1),(-2.094395102393,0.,2.094395102393,4.188790204786,
6.28318530718,8.377580409573),.UNSPECIFIED.) CURVE() 
GEOMETRIC_REPRESENTATION_ITEM() RATIONAL_B_SPLINE_CURVE((1.,0.5,1.,0.5,
1.,0.5,1.)) REPRESENTATION_ITEM('') );
#8319 = CARTESIAN_POINT('',(-3.544942369076,-3.259653918805));
#8320 = CARTESIAN_POINT('',(-11.39221418132,-4.687379419294));
#8321 = CARTESIAN_POINT('',(-8.705024828253,2.822420070756));
#8322 = CARTESIAN_POINT('',(-6.017835475185,10.332219560806));
#8323 = CARTESIAN_POINT('',(-0.857753016008,4.250145571245));
#8324 = CARTESIAN_POINT('',(4.302329443169,-1.831928418316));
#8325 = CARTESIAN_POINT('',(-3.544942369076,-3.259653918805));
#8326 = ( GEOMETRIC_REPRESENTATION_CONTEXT(2) 
PARAMETRIC_REPRESENTATION_CONTEXT() REPRESENTATION_CONTEXT('2D SPACE',''
  ) );
#8327 = PCURVE('',#6994,#8328);
#8328 = DEFINITIONAL_REPRESENTATION('',(#8329),#8333);
#8329 = LINE('',#8330,#8331);
#8330 = CARTESIAN_POINT('',(-0.,-17.));
#8331 = VECTOR('',#8332,1.);
#8332 = DIRECTION('',(-1.,-0.));
#8333 = ( GEOMETRIC_REPRESENTATION_CONTEXT(2) 
PARAMETRIC_REPRESENTATION_CONTEXT() REPRESENTATION_CONTEXT('2D SPACE',''
  ) );
#8334 = ORIENTED_EDGE('',*,*,#8153,.T.);
#8335 = ORIENTED_EDGE('',*,*,#6110,.F.);
#8336 = ORIENTED_EDGE('',*,*,#8284,.F.);
#8337 = ADVANCED_FACE('',(#8338),#6311,.T.);
#8338 = FACE_BOUND('',#8339,.T.);
#8339 = EDGE_LOOP('',(#8340,#8362));
#8340 = ORIENTED_EDGE('',*,*,#8341,.T.);
#8341 = EDGE_CURVE('',#6144,#6146,#8342,.T.);
#8342 = SURFACE_CURVE('',#8343,(#8348,#8355),.PCURVE_S1.);
#8343 = CIRCLE('',#8344,4.5);
#8344 = AXIS2_PLACEMENT_3D('',#8345,#8346,#8347);
#8345 = CARTESIAN_POINT('',(-7.,184.,32.));
#8346 = DIRECTION('',(-0.,0.,1.));
#8347 = DIRECTION('',(5.004442647742E-02,-0.998746992676,0.));
#8348 = PCURVE('',#6311,#8349);
#8349 = DEFINITIONAL_REPRESENTATION('',(#8350),#8354);
#8350 = LINE('',#8351,#8352);
#8351 = CARTESIAN_POINT('',(4.762454319355,0.));
#8352 = VECTOR('',#8353,1.);
#8353 = DIRECTION('',(1.,0.));
#8354 = ( GEOMETRIC_REPRESENTATION_CONTEXT(2) 
PARAMETRIC_REPRESENTATION_CONTEXT() REPRESENTATION_CONTEXT('2D SPACE',''
  ) );
#8355 = PCURVE('',#6431,#8356);
#8356 = DEFINITIONAL_REPRESENTATION('',(#8357),#8361);
#8357 = CIRCLE('',#8358,4.5);
#8358 = AXIS2_PLACEMENT_2D('',#8359,#8360);
#8359 = CARTESIAN_POINT('',(0.,0.));
#8360 = DIRECTION('',(5.004442647742E-02,-0.998746992676));
#8361 = ( GEOMETRIC_REPRESENTATION_CONTEXT(2) 
PARAMETRIC_REPRESENTATION_CONTEXT() REPRESENTATION_CONTEXT('2D SPACE',''
  ) );
#8362 = ORIENTED_EDGE('',*,*,#6143,.F.);
#8363 = ADVANCED_FACE('',(#8364),#6431,.F.);
#8364 = FACE_BOUND('',#8365,.F.);
#8365 = EDGE_LOOP('',(#8366,#8367,#8368,#8390));
#8366 = ORIENTED_EDGE('',*,*,#8341,.T.);
#8367 = ORIENTED_EDGE('',*,*,#6582,.F.);
#8368 = ORIENTED_EDGE('',*,*,#8369,.F.);
#8369 = EDGE_CURVE('',#6412,#6444,#8370,.T.);
#8370 = SURFACE_CURVE('',#8371,(#8376,#8383),.PCURVE_S1.);
#8371 = CIRCLE('',#8372,1.6);
#8372 = AXIS2_PLACEMENT_3D('',#8373,#8374,#8375);
#8373 = CARTESIAN_POINT('',(-7.,184.,32.));
#8374 = DIRECTION('',(-0.,0.,1.));
#8375 = DIRECTION('',(0.595462612717,-0.80338302002,0.));
#8376 = PCURVE('',#6431,#8377);
#8377 = DEFINITIONAL_REPRESENTATION('',(#8378),#8382);
#8378 = CIRCLE('',#8379,1.6);
#8379 = AXIS2_PLACEMENT_2D('',#8380,#8381);
#8380 = CARTESIAN_POINT('',(0.,0.));
#8381 = DIRECTION('',(0.595462612717,-0.80338302002));
#8382 = ( GEOMETRIC_REPRESENTATION_CONTEXT(2) 
PARAMETRIC_REPRESENTATION_CONTEXT() REPRESENTATION_CONTEXT('2D SPACE',''
  ) );
#8383 = PCURVE('',#6526,#8384);
#8384 = DEFINITIONAL_REPRESENTATION('',(#8385),#8389);
#8385 = LINE('',#8386,#8387);
#8386 = CARTESIAN_POINT('',(5.350230337124,3.));
#8387 = VECTOR('',#8388,1.);
#8388 = DIRECTION('',(1.,0.));
#8389 = ( GEOMETRIC_REPRESENTATION_CONTEXT(2) 
PARAMETRIC_REPRESENTATION_CONTEXT() REPRESENTATION_CONTEXT('2D SPACE',''
  ) );
#8390 = ORIENTED_EDGE('',*,*,#6411,.F.);
#8391 = ADVANCED_FACE('',(#8392),#6526,.F.);
#8392 = FACE_BOUND('',#8393,.F.);
#8393 = EDGE_LOOP('',(#8394,#8395));
#8394 = ORIENTED_EDGE('',*,*,#6443,.T.);
#8395 = ORIENTED_EDGE('',*,*,#8369,.T.);
#8396 = ADVANCED_FACE('',(#8397),#6678,.F.);
#8397 = FACE_BOUND('',#8398,.F.);
#8398 = EDGE_LOOP('',(#8399,#8400,#8421,#8422));
#8399 = ORIENTED_EDGE('',*,*,#6726,.F.);
#8400 = ORIENTED_EDGE('',*,*,#8401,.F.);
#8401 = EDGE_CURVE('',#6662,#6727,#8402,.T.);
#8402 = SEAM_CURVE('',#8403,(#8407,#8414),.PCURVE_S1.);
#8403 = LINE('',#8404,#8405);
#8404 = CARTESIAN_POINT('',(1.7,203.,1.5));
#8405 = VECTOR('',#8406,1.);
#8406 = DIRECTION('',(0.,0.,1.));
#8407 = PCURVE('',#6678,#8408);
#8408 = DEFINITIONAL_REPRESENTATION('',(#8409),#8413);
#8409 = LINE('',#8410,#8411);
#8410 = CARTESIAN_POINT('',(6.28318530718,-0.));
#8411 = VECTOR('',#8412,1.);
#8412 = DIRECTION('',(0.,1.));
#8413 = ( GEOMETRIC_REPRESENTATION_CONTEXT(2) 
PARAMETRIC_REPRESENTATION_CONTEXT() REPRESENTATION_CONTEXT('2D SPACE',''
  ) );
#8414 = PCURVE('',#6678,#8415);
#8415 = DEFINITIONAL_REPRESENTATION('',(#8416),#8420);
#8416 = LINE('',#8417,#8418);
#8417 = CARTESIAN_POINT('',(0.,-0.));
#8418 = VECTOR('',#8419,1.);
#8419 = DIRECTION('',(0.,1.));
#8420 = ( GEOMETRIC_REPRESENTATION_CONTEXT(2) 
PARAMETRIC_REPRESENTATION_CONTEXT() REPRESENTATION_CONTEXT('2D SPACE',''
  ) );
#8421 = ORIENTED_EDGE('',*,*,#6661,.T.);
#8422 = ORIENTED_EDGE('',*,*,#8401,.T.);
#8423 = ADVANCED_FACE('',(#8424),#6821,.F.);
#8424 = FACE_BOUND('',#8425,.F.);
#8425 = EDGE_LOOP('',(#8426,#8427,#8448,#8449));
#8426 = ORIENTED_EDGE('',*,*,#6869,.F.);
#8427 = ORIENTED_EDGE('',*,*,#8428,.F.);
#8428 = EDGE_CURVE('',#6805,#6870,#8429,.T.);
#8429 = SEAM_CURVE('',#8430,(#8434,#8441),.PCURVE_S1.);
#8430 = LINE('',#8431,#8432);
#8431 = CARTESIAN_POINT('',(1.7,203.,1.5));
#8432 = VECTOR('',#8433,1.);
#8433 = DIRECTION('',(0.,0.,1.));
#8434 = PCURVE('',#6821,#8435);
#8435 = DEFINITIONAL_REPRESENTATION('',(#8436),#8440);
#8436 = LINE('',#8437,#8438);
#8437 = CARTESIAN_POINT('',(6.28318530718,-0.));
#8438 = VECTOR('',#8439,1.);
#8439 = DIRECTION('',(0.,1.));
#8440 = ( GEOMETRIC_REPRESENTATION_CONTEXT(2) 
PARAMETRIC_REPRESENTATION_CONTEXT() REPRESENTATION_CONTEXT('2D SPACE',''
  ) );
#8441 = PCURVE('',#6821,#8442);
#8442 = DEFINITIONAL_REPRESENTATION('',(#8443),#8447);
#8443 = LINE('',#8444,#8445);
#8444 = CARTESIAN_POINT('',(0.,-0.));
#8445 = VECTOR('',#8446,1.);
#8446 = DIRECTION('',(0.,1.));
#8447 = ( GEOMETRIC_REPRESENTATION_CONTEXT(2) 
PARAMETRIC_REPRESENTATION_CONTEXT() REPRESENTATION_CONTEXT('2D SPACE',''
  ) );
#8448 = ORIENTED_EDGE('',*,*,#6804,.T.);
#8449 = ORIENTED_EDGE('',*,*,#8428,.T.);
#8450 = ADVANCED_FACE('',(#8451,#8454),#6913,.T.);
#8451 = FACE_BOUND('',#8452,.T.);
#8452 = EDGE_LOOP('',(#8453));
#8453 = ORIENTED_EDGE('',*,*,#6896,.T.);
#8454 = FACE_BOUND('',#8455,.T.);
#8455 = EDGE_LOOP('',(#8456));
#8456 = ORIENTED_EDGE('',*,*,#8457,.F.);
#8457 = EDGE_CURVE('',#8458,#8458,#8460,.T.);
#8458 = VERTEX_POINT('',#8459);
#8459 = CARTESIAN_POINT('',(-5.4,184.,45.));
#8460 = SURFACE_CURVE('',#8461,(#8466,#8473),.PCURVE_S1.);
#8461 = CIRCLE('',#8462,1.6);
#8462 = AXIS2_PLACEMENT_3D('',#8463,#8464,#8465);
#8463 = CARTESIAN_POINT('',(-7.,184.,45.));
#8464 = DIRECTION('',(0.,0.,1.));
#8465 = DIRECTION('',(1.,0.,-0.));
#8466 = PCURVE('',#6913,#8467);
#8467 = DEFINITIONAL_REPRESENTATION('',(#8468),#8472);
#8468 = CIRCLE('',#8469,1.6);
#8469 = AXIS2_PLACEMENT_2D('',#8470,#8471);
#8470 = CARTESIAN_POINT('',(0.,0.));
#8471 = DIRECTION('',(1.,0.));
#8472 = ( GEOMETRIC_REPRESENTATION_CONTEXT(2) 
PARAMETRIC_REPRESENTATION_CONTEXT() REPRESENTATION_CONTEXT('2D SPACE',''
  ) );
#8473 = PCURVE('',#8474,#8479);
#8474 = CYLINDRICAL_SURFACE('',#8475,1.6);
#8475 = AXIS2_PLACEMENT_3D('',#8476,#8477,#8478);
#8476 = CARTESIAN_POINT('',(-7.,184.,29.));
#8477 = DIRECTION('',(0.,0.,1.));
#8478 = DIRECTION('',(1.,0.,-0.));
#8479 = DEFINITIONAL_REPRESENTATION('',(#8480),#8484);
#8480 = LINE('',#8481,#8482);
#8481 = CARTESIAN_POINT('',(0.,16.));
#8482 = VECTOR('',#8483,1.);
#8483 = DIRECTION('',(1.,0.));
#8484 = ( GEOMETRIC_REPRESENTATION_CONTEXT(2) 
PARAMETRIC_REPRESENTATION_CONTEXT() REPRESENTATION_CONTEXT('2D SPACE',''
  ) );
#8485 = ADVANCED_FACE('',(#8486,#8596,#8602,#8608,#8614),#6994,.T.);
#8486 = FACE_BOUND('',#8487,.T.);
#8487 = EDGE_LOOP('',(#8488,#8517,#8538,#8539,#8540,#8563,#8590,#8591,
    #8592,#8593,#8594,#8595));
#8488 = ORIENTED_EDGE('',*,*,#8489,.T.);
#8489 = EDGE_CURVE('',#8490,#8490,#8492,.T.);
#8490 = VERTEX_POINT('',#8491);
#8491 = CARTESIAN_POINT('',(5.2,164.,22.));
#8492 = SURFACE_CURVE('',#8493,(#8498,#8505),.PCURVE_S1.);
#8493 = CIRCLE('',#8494,5.2);
#8494 = AXIS2_PLACEMENT_3D('',#8495,#8496,#8497);
#8495 = CARTESIAN_POINT('',(0.,164.,22.));
#8496 = DIRECTION('',(-0.,1.,1.110223024625E-16));
#8497 = DIRECTION('',(1.,0.,0.));
#8498 = PCURVE('',#6994,#8499);
#8499 = DEFINITIONAL_REPRESENTATION('',(#8500),#8504);
#8500 = LINE('',#8501,#8502);
#8501 = CARTESIAN_POINT('',(-0.,-0.));
#8502 = VECTOR('',#8503,1.);
#8503 = DIRECTION('',(-1.,-0.));
#8504 = ( GEOMETRIC_REPRESENTATION_CONTEXT(2) 
PARAMETRIC_REPRESENTATION_CONTEXT() REPRESENTATION_CONTEXT('2D SPACE',''
  ) );
#8505 = PCURVE('',#8506,#8511);
#8506 = PLANE('',#8507);
#8507 = AXIS2_PLACEMENT_3D('',#8508,#8509,#8510);
#8508 = CARTESIAN_POINT('',(0.,164.,22.));
#8509 = DIRECTION('',(0.,1.,1.110223024625E-16));
#8510 = DIRECTION('',(1.,0.,0.));
#8511 = DEFINITIONAL_REPRESENTATION('',(#8512),#8516);
#8512 = CIRCLE('',#8513,5.2);
#8513 = AXIS2_PLACEMENT_2D('',#8514,#8515);
#8514 = CARTESIAN_POINT('',(0.,0.));
#8515 = DIRECTION('',(1.,0.));
#8516 = ( GEOMETRIC_REPRESENTATION_CONTEXT(2) 
PARAMETRIC_REPRESENTATION_CONTEXT() REPRESENTATION_CONTEXT('2D SPACE',''
  ) );
#8517 = ORIENTED_EDGE('',*,*,#8518,.T.);
#8518 = EDGE_CURVE('',#8490,#6975,#8519,.T.);
#8519 = SEAM_CURVE('',#8520,(#8524,#8531),.PCURVE_S1.);
#8520 = LINE('',#8521,#8522);
#8521 = CARTESIAN_POINT('',(5.2,164.,22.));
#8522 = VECTOR('',#8523,1.);
#8523 = DIRECTION('',(-3.497858217562E-02,0.999388062161,
    1.023870819746E-16));
#8524 = PCURVE('',#6994,#8525);
#8525 = DEFINITIONAL_REPRESENTATION('',(#8526),#8530);
#8526 = LINE('',#8527,#8528);
#8527 = CARTESIAN_POINT('',(0.,-0.));
#8528 = VECTOR('',#8529,1.);
#8529 = DIRECTION('',(-0.,-1.));
#8530 = ( GEOMETRIC_REPRESENTATION_CONTEXT(2) 
PARAMETRIC_REPRESENTATION_CONTEXT() REPRESENTATION_CONTEXT('2D SPACE',''
  ) );
#8531 = PCURVE('',#6994,#8532);
#8532 = DEFINITIONAL_REPRESENTATION('',(#8533),#8537);
#8533 = LINE('',#8534,#8535);
#8534 = CARTESIAN_POINT('',(-6.28318530718,0.));
#8535 = VECTOR('',#8536,1.);
#8536 = DIRECTION('',(-0.,-1.));
#8537 = ( GEOMETRIC_REPRESENTATION_CONTEXT(2) 
PARAMETRIC_REPRESENTATION_CONTEXT() REPRESENTATION_CONTEXT('2D SPACE',''
  ) );
#8538 = ORIENTED_EDGE('',*,*,#7008,.T.);
#8539 = ORIENTED_EDGE('',*,*,#7126,.T.);
#8540 = ORIENTED_EDGE('',*,*,#8541,.T.);
#8541 = EDGE_CURVE('',#7073,#8542,#8544,.T.);
#8542 = VERTEX_POINT('',#8543);
#8543 = CARTESIAN_POINT('',(4.5,184.,22.));
#8544 = SEAM_CURVE('',#8545,(#8549,#8556),.PCURVE_S1.);
#8545 = LINE('',#8546,#8547);
#8546 = CARTESIAN_POINT('',(5.2,164.,22.));
#8547 = VECTOR('',#8548,1.);
#8548 = DIRECTION('',(-3.497858217562E-02,0.999388062161,
    1.023870819746E-16));
#8549 = PCURVE('',#6994,#8550);
#8550 = DEFINITIONAL_REPRESENTATION('',(#8551),#8555);
#8551 = LINE('',#8552,#8553);
#8552 = CARTESIAN_POINT('',(0.,-0.));
#8553 = VECTOR('',#8554,1.);
#8554 = DIRECTION('',(-0.,-1.));
#8555 = ( GEOMETRIC_REPRESENTATION_CONTEXT(2) 
PARAMETRIC_REPRESENTATION_CONTEXT() REPRESENTATION_CONTEXT('2D SPACE',''
  ) );
#8556 = PCURVE('',#6994,#8557);
#8557 = DEFINITIONAL_REPRESENTATION('',(#8558),#8562);
#8558 = LINE('',#8559,#8560);
#8559 = CARTESIAN_POINT('',(-6.28318530718,0.));
#8560 = VECTOR('',#8561,1.);
#8561 = DIRECTION('',(-0.,-1.));
#8562 = ( GEOMETRIC_REPRESENTATION_CONTEXT(2) 
PARAMETRIC_REPRESENTATION_CONTEXT() REPRESENTATION_CONTEXT('2D SPACE',''
  ) );
#8563 = ORIENTED_EDGE('',*,*,#8564,.F.);
#8564 = EDGE_CURVE('',#8542,#8542,#8565,.T.);
#8565 = SURFACE_CURVE('',#8566,(#8571,#8578),.PCURVE_S1.);
#8566 = CIRCLE('',#8567,4.5);
#8567 = AXIS2_PLACEMENT_3D('',#8568,#8569,#8570);
#8568 = CARTESIAN_POINT('',(0.,184.,22.));
#8569 = DIRECTION('',(-0.,1.,1.110223024625E-16));
#8570 = DIRECTION('',(1.,0.,0.));
#8571 = PCURVE('',#6994,#8572);
#8572 = DEFINITIONAL_REPRESENTATION('',(#8573),#8577);
#8573 = LINE('',#8574,#8575);
#8574 = CARTESIAN_POINT('',(-0.,-20.));
#8575 = VECTOR('',#8576,1.);
#8576 = DIRECTION('',(-1.,-0.));
#8577 = ( GEOMETRIC_REPRESENTATION_CONTEXT(2) 
PARAMETRIC_REPRESENTATION_CONTEXT() REPRESENTATION_CONTEXT('2D SPACE',''
  ) );
#8578 = PCURVE('',#8579,#8584);
#8579 = PLANE('',#8580);
#8580 = AXIS2_PLACEMENT_3D('',#8581,#8582,#8583);
#8581 = CARTESIAN_POINT('',(0.,184.,22.));
#8582 = DIRECTION('',(0.,1.,1.110223024625E-16));
#8583 = DIRECTION('',(1.,0.,0.));
#8584 = DEFINITIONAL_REPRESENTATION('',(#8585),#8589);
#8585 = CIRCLE('',#8586,4.5);
#8586 = AXIS2_PLACEMENT_2D('',#8587,#8588);
#8587 = CARTESIAN_POINT('',(0.,0.));
#8588 = DIRECTION('',(1.,0.));
#8589 = ( GEOMETRIC_REPRESENTATION_CONTEXT(2) 
PARAMETRIC_REPRESENTATION_CONTEXT() REPRESENTATION_CONTEXT('2D SPACE',''
  ) );
#8590 = ORIENTED_EDGE('',*,*,#8541,.F.);
#8591 = ORIENTED_EDGE('',*,*,#7072,.T.);
#8592 = ORIENTED_EDGE('',*,*,#7155,.F.);
#8593 = ORIENTED_EDGE('',*,*,#7237,.F.);
#8594 = ORIENTED_EDGE('',*,*,#6974,.T.);
#8595 = ORIENTED_EDGE('',*,*,#8518,.F.);
#8596 = FACE_BOUND('',#8597,.T.);
#8597 = EDGE_LOOP('',(#8598,#8599,#8600,#8601));
#8598 = ORIENTED_EDGE('',*,*,#7269,.F.);
#8599 = ORIENTED_EDGE('',*,*,#7373,.F.);
#8600 = ORIENTED_EDGE('',*,*,#7428,.T.);
#8601 = ORIENTED_EDGE('',*,*,#7509,.T.);
#8602 = FACE_BOUND('',#8603,.T.);
#8603 = EDGE_LOOP('',(#8604,#8605,#8606,#8607));
#8604 = ORIENTED_EDGE('',*,*,#7541,.F.);
#8605 = ORIENTED_EDGE('',*,*,#7646,.F.);
#8606 = ORIENTED_EDGE('',*,*,#7696,.T.);
#8607 = ORIENTED_EDGE('',*,*,#7778,.T.);
#8608 = FACE_BOUND('',#8609,.T.);
#8609 = EDGE_LOOP('',(#8610,#8611,#8612,#8613));
#8610 = ORIENTED_EDGE('',*,*,#7805,.F.);
#8611 = ORIENTED_EDGE('',*,*,#7910,.F.);
#8612 = ORIENTED_EDGE('',*,*,#7960,.T.);
#8613 = ORIENTED_EDGE('',*,*,#8041,.T.);
#8614 = FACE_BOUND('',#8615,.T.);
#8615 = EDGE_LOOP('',(#8616,#8617,#8618,#8619));
#8616 = ORIENTED_EDGE('',*,*,#8073,.F.);
#8617 = ORIENTED_EDGE('',*,*,#8178,.F.);
#8618 = ORIENTED_EDGE('',*,*,#8228,.T.);
#8619 = ORIENTED_EDGE('',*,*,#8309,.T.);
#8620 = ADVANCED_FACE('',(#8621),#8474,.F.);
#8621 = FACE_BOUND('',#8622,.F.);
#8622 = EDGE_LOOP('',(#8623,#9116,#9137,#9138));
#8623 = ORIENTED_EDGE('',*,*,#8624,.T.);
#8624 = EDGE_CURVE('',#8625,#8625,#8627,.T.);
#8625 = VERTEX_POINT('',#8626);
#8626 = CARTESIAN_POINT('',(-5.4,184.,34.808200498118));
#8627 = SURFACE_CURVE('',#8628,(#8787,#8949),.PCURVE_S1.);
#8628 = B_SPLINE_CURVE_WITH_KNOTS('',7,(#8629,#8630,#8631,#8632,#8633,
    #8634,#8635,#8636,#8637,#8638,#8639,#8640,#8641,#8642,#8643,#8644,
    #8645,#8646,#8647,#8648,#8649,#8650,#8651,#8652,#8653,#8654,#8655,
    #8656,#8657,#8658,#8659,#8660,#8661,#8662,#8663,#8664,#8665,#8666,
    #8667,#8668,#8669,#8670,#8671,#8672,#8673,#8674,#8675,#8676,#8677,
    #8678,#8679,#8680,#8681,#8682,#8683,#8684,#8685,#8686,#8687,#8688,
    #8689,#8690,#8691,#8692,#8693,#8694,#8695,#8696,#8697,#8698,#8699,
    #8700,#8701,#8702,#8703,#8704,#8705,#8706,#8707,#8708,#8709,#8710,
    #8711,#8712,#8713,#8714,#8715,#8716,#8717,#8718,#8719,#8720,#8721,
    #8722,#8723,#8724,#8725,#8726,#8727,#8728,#8729,#8730,#8731,#8732,
    #8733,#8734,#8735,#8736,#8737,#8738,#8739,#8740,#8741,#8742,#8743,
    #8744,#8745,#8746,#8747,#8748,#8749,#8750,#8751,#8752,#8753,#8754,
    #8755,#8756,#8757,#8758,#8759,#8760,#8761,#8762,#8763,#8764,#8765,
    #8766,#8767,#8768,#8769,#8770,#8771,#8772,#8773,#8774,#8775,#8776,
    #8777,#8778,#8779,#8780,#8781,#8782,#8783,#8784,#8785,#8786),
  .UNSPECIFIED.,.T.,.F.,(8,6,6,6,6,6,6,6,6,6,6,6,6,6,6,6,6,6,6,6,6,6,6,6
    ,6,6,8),(0.,1.932290208278E-02,0.130266020655,0.164057469962,
    0.184620855155,0.198717983558,0.232562892339,0.284886925507,
    0.303945318849,0.343367448622,0.386159162951,0.425807552095,
    0.473148150149,0.492816751883,0.523827544843,0.555952984912,
    0.620698684231,0.676591782256,0.699525423883,0.732829182405,
    0.762407750478,0.778925877036,0.814516389333,0.85035690852,
    0.867576367919,0.897513553654,1.),.UNSPECIFIED.);
#8629 = CARTESIAN_POINT('',(-5.4,184.,34.808200498118));
#8630 = CARTESIAN_POINT('',(-5.4,184.02675949054,34.804570431988));
#8631 = CARTESIAN_POINT('',(-5.400522108574,184.05349343478,
    34.800723527895));
#8632 = CARTESIAN_POINT('',(-5.401564593463,184.08019381263,
    34.79666133956));
#8633 = CARTESIAN_POINT('',(-5.403125780588,184.10685239655,
    34.792385272175));
#8634 = CARTESIAN_POINT('',(-5.405204054047,184.13346075154,
    34.7878965824));
#8635 = CARTESIAN_POINT('',(-5.407797856115,184.16001023518,
    34.783196378367));
#8636 = CARTESIAN_POINT('',(-5.428749408462,184.33853796346,
    34.750090326774));
#8637 = CARTESIAN_POINT('',(-5.463530899283,184.4882971526,
    34.714964564938));
#8638 = CARTESIAN_POINT('',(-5.514959731004,184.63430755803,
    34.673064372746));
#8639 = CARTESIAN_POINT('',(-5.582861517592,184.77482419204,
    34.624373657764));
#8640 = CARTESIAN_POINT('',(-5.666880291818,184.90788041045,
    34.568829705104));
#8641 = CARTESIAN_POINT('',(-5.766386542235,185.0313232489,
    34.506363948627));
#8642 = CARTESIAN_POINT('',(-5.914993628047,185.17691134969,
    34.415971853001));
#8643 = CARTESIAN_POINT('',(-5.951015245119,185.20979299859,
    34.394241214954));
#8644 = CARTESIAN_POINT('',(-5.988326188856,185.24149911352,
    34.371890336642));
#8645 = CARTESIAN_POINT('',(-6.026883935119,185.27196261674,
    34.348928042041));
#8646 = CARTESIAN_POINT('',(-6.066639534062,185.30111681409,
    34.325366268593));
#8647 = CARTESIAN_POINT('',(-6.107536991434,185.32889639856,
    34.301220743439));
#8648 = CARTESIAN_POINT('',(-6.175056438366,185.37126859907,
    34.261475240146));
#8649 = CARTESIAN_POINT('',(-6.200999585462,185.38676650412,
    34.246230099433));
#8650 = CARTESIAN_POINT('',(-6.227327749098,185.40171788431,
    34.230780747067));
#8651 = CARTESIAN_POINT('',(-6.25402566913,185.4161090278,
    34.215132293405));
#8652 = CARTESIAN_POINT('',(-6.281077167345,185.42992679582,
    34.199290449609));
#8653 = CARTESIAN_POINT('',(-6.308465147463,185.44315862268,
    34.183261527649));
#8654 = CARTESIAN_POINT('',(-6.355165615172,185.46445361949,
    34.155940379538));
#8655 = CARTESIAN_POINT('',(-6.37430933032,185.47283374882,
    34.14474364435));
#8656 = CARTESIAN_POINT('',(-6.393596934712,185.48092906378,
    34.133464470994));
#8657 = CARTESIAN_POINT('',(-6.413022459477,185.48873591386,
    34.122105227931));
#8658 = CARTESIAN_POINT('',(-6.432579772734,185.49625083794,
    34.110668415823));
#8659 = CARTESIAN_POINT('',(-6.452262579597,185.50347056428,
    34.099156667535));
#8660 = CARTESIAN_POINT('',(-6.519605420348,185.52700927562,
    34.059761644735));
#8661 = CARTESIAN_POINT('',(-6.567833582104,185.54190762235,
    34.03153396461));
#8662 = CARTESIAN_POINT('',(-6.616658147365,185.55504397671,
    34.002928853527));
#8663 = CARTESIAN_POINT('',(-6.665985594454,185.5663831788,
    33.97398867993));
#8664 = CARTESIAN_POINT('',(-6.715720036984,185.57589806669,
    33.944759174255));
#8665 = CARTESIAN_POINT('',(-6.76576362076,185.58356956034,
    33.915289568246));
#8666 = CARTESIAN_POINT('',(-6.893708231593,185.5983800799,
    33.839783440536));
#8667 = CARTESIAN_POINT('',(-6.971907332011,185.60294191958,
    33.793482912681));
#8668 = CARTESIAN_POINT('',(-7.050243718207,185.60303167056,
    33.746927607512));
#8669 = CARTESIAN_POINT('',(-7.128363308822,185.59865729015,
    33.700320627764));
#8670 = CARTESIAN_POINT('',(-7.205929259923,185.58986787061,
    33.653870777707));
#8671 = CARTESIAN_POINT('',(-7.282622780074,185.57674622288,
    33.607791618744));
#8672 = CARTESIAN_POINT('',(-7.3856516123,185.55308384125,33.54573094685
    ));
#8673 = CARTESIAN_POINT('',(-7.41300451033,185.54620577959,
    33.529238899079));
#8674 = CARTESIAN_POINT('',(-7.440188539713,185.53877250071,
    33.512834640457));
#8675 = CARTESIAN_POINT('',(-7.467190015388,185.53078958541,
    33.49652840385));
#8676 = CARTESIAN_POINT('',(-7.493995667031,185.52226296991,
    33.48033039624));
#8677 = CARTESIAN_POINT('',(-7.520592639045,185.51319894581,
    33.464250798722));
#8678 = CARTESIAN_POINT('',(-7.601526722369,185.48375742486,
    33.415305187665));
#8679 = CARTESIAN_POINT('',(-7.655138527137,185.46163971803,
    33.3828608685));
#8680 = CARTESIAN_POINT('',(-7.707694230312,185.43730944097,
    33.351056218304));
#8681 = CARTESIAN_POINT('',(-7.759090817613,185.41083007868,
    33.319980352836));
#8682 = CARTESIAN_POINT('',(-7.809231305406,185.38226968317,
    33.289721691617));
#8683 = CARTESIAN_POINT('',(-7.85802411107,185.35170035692,
    33.260367555232));
#8684 = CARTESIAN_POINT('',(-7.956788660972,185.28391697231,
    33.201215590653));
#8685 = CARTESIAN_POINT('',(-8.006504555274,185.24635837684,
    33.171594393398));
#8686 = CARTESIAN_POINT('',(-8.054418905004,185.20661933133,
    33.143249908125));
#8687 = CARTESIAN_POINT('',(-8.100425913399,185.16480306649,
    33.116290584327));
#8688 = CARTESIAN_POINT('',(-8.144425466646,185.1210195728,
    33.090821751327));
#8689 = CARTESIAN_POINT('',(-8.186323412334,185.07538651095,
    33.066943785893));
#8690 = CARTESIAN_POINT('',(-8.262823425578,184.98415236343,
    33.024187028818));
#8691 = CARTESIAN_POINT('',(-8.297735996315,184.9387944021,
    33.00506947716));
#8692 = CARTESIAN_POINT('',(-8.330698608619,184.89205818987,
    32.987472580038));
#8693 = CARTESIAN_POINT('',(-8.361646522877,184.84405090844,
    32.971465201557));
#8694 = CARTESIAN_POINT('',(-8.390521937581,184.7948854828,
    32.957108399983));
#8695 = CARTESIAN_POINT('',(-8.417274725548,184.74468109449,
    32.944453712968));
#8696 = CARTESIAN_POINT('',(-8.471222034328,184.63252897601,
    32.920512076161));
#8697 = CARTESIAN_POINT('',(-8.497497666939,184.57018750281,
    32.909965677847));
#8698 = CARTESIAN_POINT('',(-8.520616965155,184.50675757902,
    32.901972300677));
#8699 = CARTESIAN_POINT('',(-8.540530998416,184.44245892956,
    32.896575018844));
#8700 = CARTESIAN_POINT('',(-8.557213810058,184.377511893,
    32.893789944012));
#8701 = CARTESIAN_POINT('',(-8.570661218951,184.31213661429,
    32.89360624145));
#8702 = CARTESIAN_POINT('',(-8.585139216142,184.21930389156,
    32.896974925349));
#8703 = CARTESIAN_POINT('',(-8.58883328012,184.19201863924,
    32.89840628116));
#8704 = CARTESIAN_POINT('',(-8.591973108591,184.16471171123,
    32.900277506851));
#8705 = CARTESIAN_POINT('',(-8.594560543235,184.13739796262,
    32.902585239234));
#8706 = CARTESIAN_POINT('',(-8.596597971891,184.11009187281,
    32.905325458681));
#8707 = CARTESIAN_POINT('',(-8.598088328555,184.08280754555,
    32.90849348912));
#8708 = CARTESIAN_POINT('',(-8.600527824205,184.01259642593,
    32.917745027234));
#8709 = CARTESIAN_POINT('',(-8.600669185595,183.96972214433,
    32.924456385773));
#8710 = CARTESIAN_POINT('',(-8.599472573738,183.92698962587,
    32.932197435061));
#8711 = CARTESIAN_POINT('',(-8.596954214019,183.88444936454,
    32.940944152958));
#8712 = CARTESIAN_POINT('',(-8.593132535276,183.84214870108,
    32.950669795377));
#8713 = CARTESIAN_POINT('',(-8.588027544055,183.80013193754,
    32.961345557872));
#8714 = CARTESIAN_POINT('',(-8.575063986809,183.71525041377,
    32.984953709896));
#8715 = CARTESIAN_POINT('',(-8.567113033765,183.67240938374,
    32.997953441051));
#8716 = CARTESIAN_POINT('',(-8.557830611024,183.62996287984,
    33.011906948366));
#8717 = CARTESIAN_POINT('',(-8.547240992614,183.58795295537,
    33.026779257003));
#8718 = CARTESIAN_POINT('',(-8.535368883702,183.54641847636,
    33.042534513531));
#8719 = CARTESIAN_POINT('',(-8.522238848998,183.50539539926,
    33.05913659983));
#8720 = CARTESIAN_POINT('',(-8.47892527915,183.38333687031,
    33.111644251167));
#8721 = CARTESIAN_POINT('',(-8.444967003874,183.30397926014,
    33.150028870133));
#8722 = CARTESIAN_POINT('',(-8.406191708482,183.22710213323,
    33.191414982185));
#8723 = CARTESIAN_POINT('',(-8.36278290417,183.15294097831,
    33.235514951774));
#8724 = CARTESIAN_POINT('',(-8.314909696309,183.08171636292,
    33.282048845113));
#8725 = CARTESIAN_POINT('',(-8.262720660566,183.01364143874,
    33.330751145773));
#8726 = CARTESIAN_POINT('',(-8.157663949021,182.89306544753,
    33.425081718579));
#8727 = CARTESIAN_POINT('',(-8.105871952695,182.83971598621,
    33.470213150434));
#8728 = CARTESIAN_POINT('',(-8.051040412484,182.78901769526,
    33.516614170513));
#8729 = CARTESIAN_POINT('',(-7.993247219894,182.74112358601,
    33.564125233792));
#8730 = CARTESIAN_POINT('',(-7.932571861642,182.69620324933,
    33.61258466077));
#8731 = CARTESIAN_POINT('',(-7.869097805787,182.65444305619,
    33.661828452662));
#8732 = CARTESIAN_POINT('',(-7.775759203621,182.60029170962,
    33.732148970816));
#8733 = CARTESIAN_POINT('',(-7.748148484425,182.58510389632,
    33.752711116019));
#8734 = CARTESIAN_POINT('',(-7.720089412381,182.57049734373,
    33.773364629884));
#8735 = CARTESIAN_POINT('',(-7.691589482747,182.55648709426,
    33.794097170726));
#8736 = CARTESIAN_POINT('',(-7.662657003939,182.54308880722,
    33.814895967501));
#8737 = CARTESIAN_POINT('',(-7.633301097529,182.53031875884,
    33.83574781981));
#8738 = CARTESIAN_POINT('',(-7.560301194292,182.50058628989,
    33.886976978464));
#8739 = CARTESIAN_POINT('',(-7.516199359724,182.48433937895,
    33.917397598264));
#8740 = CARTESIAN_POINT('',(-7.471256721101,182.46950433019,
    33.947859433949));
#8741 = CARTESIAN_POINT('',(-7.425509769475,182.45613554719,
    33.978317733641));
#8742 = CARTESIAN_POINT('',(-7.379001827698,182.44428932744,
    34.008724677948));
#8743 = CARTESIAN_POINT('',(-7.331783917747,182.43402257345,
    34.039029540981));
#8744 = CARTESIAN_POINT('',(-7.241401643775,182.41772586215,
    34.095955811974));
#8745 = CARTESIAN_POINT('',(-7.198375017041,182.41135052511,
    34.122609837785));
#8746 = CARTESIAN_POINT('',(-7.154878356031,182.40630483745,
    34.149102978288));
#8747 = CARTESIAN_POINT('',(-7.110960425171,182.40262775755,
    34.17539512644));
#8748 = CARTESIAN_POINT('',(-7.066676556114,182.40035640712,
    34.201444351593));
#8749 = CARTESIAN_POINT('',(-7.02208905873,182.39952462081,
    34.227207232432));
#8750 = CARTESIAN_POINT('',(-6.952237143938,182.40051715813,
    34.266841645236));
#8751 = CARTESIAN_POINT('',(-6.927133683598,182.40133079106,
    34.280940921885));
#8752 = CARTESIAN_POINT('',(-6.901969452057,182.40260755317,
    34.294929189974));
#8753 = CARTESIAN_POINT('',(-6.876757269561,182.40435197955,
    34.308798609892));
#8754 = CARTESIAN_POINT('',(-6.851510575617,182.40656798174,
    34.32254133229));
#8755 = CARTESIAN_POINT('',(-6.826243428992,182.40925884779,
    34.33614949808));
#8756 = CARTESIAN_POINT('',(-6.746516619595,182.41925397168,
    34.378628976526));
#8757 = CARTESIAN_POINT('',(-6.692031965236,182.42829793543,
    34.406983702499));
#8758 = CARTESIAN_POINT('',(-6.637668839172,182.43958429369,
    34.434597865964));
#8759 = CARTESIAN_POINT('',(-6.583585225254,182.45312166283,
    34.461395236048));
#8760 = CARTESIAN_POINT('',(-6.529943369552,182.46889969178,
    34.487305683383));
#8761 = CARTESIAN_POINT('',(-6.476908353271,182.48688663838,
    34.512265962092));
#8762 = CARTESIAN_POINT('',(-6.372017863852,182.52730872949,
    34.56034329095));
#8763 = CARTESIAN_POINT('',(-6.320166890926,182.54977668537,
    34.583449059979));
#8764 = CARTESIAN_POINT('',(-6.26926393528,182.57437456257,
    34.605480690761));
#8765 = CARTESIAN_POINT('',(-6.219464732147,182.60102760536,
    34.626395964052));
#8766 = CARTESIAN_POINT('',(-6.170910525525,182.62964489189,
    34.646165778874));
#8767 = CARTESIAN_POINT('',(-6.123728030096,182.66012167304,
    34.66477238193));
#8768 = CARTESIAN_POINT('',(-6.056073633551,182.70782172249,
    34.690584288672));
#8769 = CARTESIAN_POINT('',(-6.034459628846,182.72370471709,
    34.698690860333));
#8770 = CARTESIAN_POINT('',(-6.0131992466,182.73997810535,
    34.706526676364));
#8771 = CARTESIAN_POINT('',(-5.99230335216,182.7566291138,
    34.714091607667));
#8772 = CARTESIAN_POINT('',(-5.971781808668,182.77364478521,
    34.721386031673));
#8773 = CARTESIAN_POINT('',(-5.951643477053,182.79101197856,
    34.728410832346));
#8774 = CARTESIAN_POINT('',(-5.897564277554,182.83949937872,
    34.74691414678));
#8775 = CARTESIAN_POINT('',(-5.864414453263,182.87130381466,
    34.757850014935));
#8776 = CARTESIAN_POINT('',(-5.832488039112,182.90406140508,
    34.767982057622));
#8777 = CARTESIAN_POINT('',(-5.801817362337,182.93770326036,
    34.777321051577));
#8778 = CARTESIAN_POINT('',(-5.772426959501,182.97216181545,
    34.785880547684));
#8779 = CARTESIAN_POINT('',(-5.744334754535,183.00737177222,
    34.793675921358));
#8780 = CARTESIAN_POINT('',(-5.625869849876,183.16616798324,
    34.824849718507));
#8781 = CARTESIAN_POINT('',(-5.549663910546,183.29698643903,
    34.840180738796));
#8782 = CARTESIAN_POINT('',(-5.489175601076,183.43344871307,
    34.84746131555));
#8783 = CARTESIAN_POINT('',(-5.44428404964,183.57354337902,
    34.847404965713));
#8784 = CARTESIAN_POINT('',(-5.41468731065,183.7155554389,
    34.840589566929));
#8785 = CARTESIAN_POINT('',(-5.4,183.85807504374,34.827453367523));
#8786 = CARTESIAN_POINT('',(-5.4,184.,34.808200498118));
#8787 = PCURVE('',#8474,#8788);
#8788 = DEFINITIONAL_REPRESENTATION('',(#8789),#8948);
#8789 = B_SPLINE_CURVE_WITH_KNOTS('',7,(#8790,#8791,#8792,#8793,#8794,
    #8795,#8796,#8797,#8798,#8799,#8800,#8801,#8802,#8803,#8804,#8805,
    #8806,#8807,#8808,#8809,#8810,#8811,#8812,#8813,#8814,#8815,#8816,
    #8817,#8818,#8819,#8820,#8821,#8822,#8823,#8824,#8825,#8826,#8827,
    #8828,#8829,#8830,#8831,#8832,#8833,#8834,#8835,#8836,#8837,#8838,
    #8839,#8840,#8841,#8842,#8843,#8844,#8845,#8846,#8847,#8848,#8849,
    #8850,#8851,#8852,#8853,#8854,#8855,#8856,#8857,#8858,#8859,#8860,
    #8861,#8862,#8863,#8864,#8865,#8866,#8867,#8868,#8869,#8870,#8871,
    #8872,#8873,#8874,#8875,#8876,#8877,#8878,#8879,#8880,#8881,#8882,
    #8883,#8884,#8885,#8886,#8887,#8888,#8889,#8890,#8891,#8892,#8893,
    #8894,#8895,#8896,#8897,#8898,#8899,#8900,#8901,#8902,#8903,#8904,
    #8905,#8906,#8907,#8908,#8909,#8910,#8911,#8912,#8913,#8914,#8915,
    #8916,#8917,#8918,#8919,#8920,#8921,#8922,#8923,#8924,#8925,#8926,
    #8927,#8928,#8929,#8930,#8931,#8932,#8933,#8934,#8935,#8936,#8937,
    #8938,#8939,#8940,#8941,#8942,#8943,#8944,#8945,#8946,#8947),
  .UNSPECIFIED.,.F.,.F.,(8,6,6,6,6,6,6,6,6,6,6,6,6,6,6,6,6,6,6,6,6,6,6,6
    ,6,6,8),(0.,1.932290208278E-02,0.130266020655,0.164057469962,
    0.184620855155,0.198717983558,0.232562892339,0.284886925507,
    0.303945318849,0.343367448622,0.386159162951,0.425807552095,
    0.473148150149,0.492816751883,0.523827544843,0.555952984912,
    0.620698684231,0.676591782256,0.699525423883,0.732829182405,
    0.762407750478,0.778925877036,0.814516389333,0.85035690852,
    0.867576367919,0.897513553654,1.),.UNSPECIFIED.);
#8790 = CARTESIAN_POINT('',(0.,5.808200498118));
#8791 = CARTESIAN_POINT('',(1.67246815879E-02,5.804570431988));
#8792 = CARTESIAN_POINT('',(3.34334051976E-02,5.800723527895));
#8793 = CARTESIAN_POINT('',(5.012877861991E-02,5.79666133956));
#8794 = CARTESIAN_POINT('',(6.681324156418E-02,5.792385272175));
#8795 = CARTESIAN_POINT('',(8.348906565825E-02,5.7878965824));
#8796 = CARTESIAN_POINT('',(0.100158354448,5.783196378367));
#8797 = CARTESIAN_POINT('',(0.212503938245,5.750090326774));
#8798 = CARTESIAN_POINT('',(0.30799938786,5.714964564938));
#8799 = CARTESIAN_POINT('',(0.403810205805,5.673064372746));
#8800 = CARTESIAN_POINT('',(0.500250944725,5.624373657764));
#8801 = CARTESIAN_POINT('',(0.597576014248,5.568829705104));
#8802 = CARTESIAN_POINT('',(0.695992609625,5.506363948627));
#8803 = CARTESIAN_POINT('',(0.826016587345,5.415971853001));
#8804 = CARTESIAN_POINT('',(0.856480469015,5.394241214954));
#8805 = CARTESIAN_POINT('',(0.887051463043,5.371890336642));
#8806 = CARTESIAN_POINT('',(0.91772845979,5.348928042041));
#8807 = CARTESIAN_POINT('',(0.948508892568,5.325366268593));
#8808 = CARTESIAN_POINT('',(0.979388561346,5.301220743439));
#8809 = CARTESIAN_POINT('',(1.029209643924,5.261475240146));
#8810 = CARTESIAN_POINT('',(1.04809240533,5.246230099433));
#8811 = CARTESIAN_POINT('',(1.067008388161,5.230780747067));
#8812 = CARTESIAN_POINT('',(1.085956066031,5.215132293405));
#8813 = CARTESIAN_POINT('',(1.104933738661,5.199290449609));
#8814 = CARTESIAN_POINT('',(1.123939531871,5.183261527649));
#8815 = CARTESIAN_POINT('',(1.156018600284,5.155940379538));
#8816 = CARTESIAN_POINT('',(1.169078067266,5.14474364435));
#8817 = CARTESIAN_POINT('',(1.182149137827,5.133464470994));
#8818 = CARTESIAN_POINT('',(1.195231127339,5.122105227931));
#8819 = CARTESIAN_POINT('',(1.208323327261,5.110668415823));
#8820 = CARTESIAN_POINT('',(1.221425005133,5.099156667535));
#8821 = CARTESIAN_POINT('',(1.266011337871,5.059761644735));
#8822 = CARTESIAN_POINT('',(1.297538211903,5.03153396461));
#8823 = CARTESIAN_POINT('',(1.329104530959,5.002928853527));
#8824 = CARTESIAN_POINT('',(1.360699537521,4.97398867993));
#8825 = CARTESIAN_POINT('',(1.392312821464,4.944759174255));
#8826 = CARTESIAN_POINT('',(1.423933929259,4.915289568246));
#8827 = CARTESIAN_POINT('',(1.504433286134,4.839783440536));
#8828 = CARTESIAN_POINT('',(1.553311222008,4.793482912681));
#8829 = CARTESIAN_POINT('',(1.602144228098,4.746927607512));
#8830 = CARTESIAN_POINT('',(1.650902824456,4.700320627764));
#8831 = CARTESIAN_POINT('',(1.699566295202,4.653870777707));
#8832 = CARTESIAN_POINT('',(1.748119379866,4.607791618744));
#8833 = CARTESIAN_POINT('',(1.814188852576,4.54573094685));
#8834 = CARTESIAN_POINT('',(1.831812864586,4.529238899079));
#8835 = CARTESIAN_POINT('',(1.849420660332,4.512834640457));
#8836 = CARTESIAN_POINT('',(1.867012010682,4.49652840385));
#8837 = CARTESIAN_POINT('',(1.884586797782,4.480330396239));
#8838 = CARTESIAN_POINT('',(1.902145015058,4.464250798722));
#8839 = CARTESIAN_POINT('',(1.955971737191,4.415305187665));
#8840 = CARTESIAN_POINT('',(1.992186033476,4.3828608685));
#8841 = CARTESIAN_POINT('',(2.028330826803,4.351056218304));
#8842 = CARTESIAN_POINT('',(2.064408655223,4.319980352836));
#8843 = CARTESIAN_POINT('',(2.100422990298,4.289721691617));
#8844 = CARTESIAN_POINT('',(2.136377803285,4.260367555232));
#8845 = CARTESIAN_POINT('',(2.211244934409,4.201215590653));
#8846 = CARTESIAN_POINT('',(2.25014729576,4.171594393398));
#8847 = CARTESIAN_POINT('',(2.28898903698,4.143249908125));
#8848 = CARTESIAN_POINT('',(2.327774403914,4.116290584327));
#8849 = CARTESIAN_POINT('',(2.366506385303,4.090821751327));
#8850 = CARTESIAN_POINT('',(2.405186031425,4.066943785893));
#8851 = CARTESIAN_POINT('',(2.479600206245,4.024187028818));
#8852 = CARTESIAN_POINT('',(2.515342990904,4.00506947716));
#8853 = CARTESIAN_POINT('',(2.551037609415,3.987472580038));
#8854 = CARTESIAN_POINT('',(2.586680818973,3.971465201557));
#8855 = CARTESIAN_POINT('',(2.622267988124,3.957108399983));
#8856 = CARTESIAN_POINT('',(2.657792433626,3.944453712968));
#8857 = CARTESIAN_POINT('',(2.73557520858,3.920512076161));
#8858 = CARTESIAN_POINT('',(2.777806325133,3.909965677847));
#8859 = CARTESIAN_POINT('',(2.819919307169,3.901972300677));
#8860 = CARTESIAN_POINT('',(2.861898290436,3.896575018844));
#8861 = CARTESIAN_POINT('',(2.903728651811,3.893789944012));
#8862 = CARTESIAN_POINT('',(2.945395314888,3.89360624145));
#8863 = CARTESIAN_POINT('',(3.004117139289,3.896974925349));
#8864 = CARTESIAN_POINT('',(3.021322503636,3.89840628116));
#8865 = CARTESIAN_POINT('',(3.038496250033,3.900277506851));
#8866 = CARTESIAN_POINT('',(3.055637605442,3.902585239234));
#8867 = CARTESIAN_POINT('',(3.072745922368,3.905325458681));
#8868 = CARTESIAN_POINT('',(3.089820678864,3.90849348912));
#8869 = CARTESIAN_POINT('',(3.133729108331,3.917745027234));
#8870 = CARTESIAN_POINT('',(3.160512435135,3.924456385773));
#8871 = CARTESIAN_POINT('',(3.187209874789,3.932197435061));
#8872 = CARTESIAN_POINT('',(3.213820988274,3.940944152958));
#8873 = CARTESIAN_POINT('',(3.240346372822,3.950669795377));
#8874 = CARTESIAN_POINT('',(3.266787553044,3.961345557872));
#8875 = CARTESIAN_POINT('',(3.320453646319,3.984953709896));
#8876 = CARTESIAN_POINT('',(3.347672616217,3.997953441051));
#8877 = CARTESIAN_POINT('',(3.374806747214,4.011906948366));
#8878 = CARTESIAN_POINT('',(3.4018600281,4.026779257003));
#8879 = CARTESIAN_POINT('',(3.428837453718,4.042534513531));
#8880 = CARTESIAN_POINT('',(3.45574500769,4.05913659983));
#8881 = CARTESIAN_POINT('',(3.53669240048,4.111644251167));
#8882 = CARTESIAN_POINT('',(3.590532734669,4.150028870133));
#8883 = CARTESIAN_POINT('',(3.644178127886,4.191414982185));
#8884 = CARTESIAN_POINT('',(3.69769803689,4.235514951774));
#8885 = CARTESIAN_POINT('',(3.751168120583,4.282048845113));
#8886 = CARTESIAN_POINT('',(3.804674465574,4.330751145773));
#8887 = CARTESIAN_POINT('',(3.904626567964,4.425081718579));
#8888 = CARTESIAN_POINT('',(3.951030650781,4.470213150434));
#8889 = CARTESIAN_POINT('',(3.997595637674,4.516614170513));
#8890 = CARTESIAN_POINT('',(4.044382671517,4.564125233792));
#8891 = CARTESIAN_POINT('',(4.091451523471,4.61258466077));
#8892 = CARTESIAN_POINT('',(4.138863655865,4.661828452662));
#8893 = CARTESIAN_POINT('',(4.20630710147,4.732148970816));
#8894 = CARTESIAN_POINT('',(4.225997154504,4.752711116019));
#8895 = CARTESIAN_POINT('',(4.245759590643,4.773364629884));
#8896 = CARTESIAN_POINT('',(4.265598381772,4.794097170726));
#8897 = CARTESIAN_POINT('',(4.285517325201,4.814895967501));
#8898 = CARTESIAN_POINT('',(4.30552004367,4.83574781981));
#8899 = CARTESIAN_POINT('',(4.354784181799,4.886976978464));
#8900 = CARTESIAN_POINT('',(4.384141971253,4.917397598264));
#8901 = CARTESIAN_POINT('',(4.413694099226,4.947859433949));
#8902 = CARTESIAN_POINT('',(4.44344954995,4.978317733641));
#8903 = CARTESIAN_POINT('',(4.473415440371,5.008724677948));
#8904 = CARTESIAN_POINT('',(4.503596914163,5.039029540981));
#8905 = CARTESIAN_POINT('',(4.560996753039,5.095955811974));
#8906 = CARTESIAN_POINT('',(4.588168705581,5.122609837785));
#8907 = CARTESIAN_POINT('',(4.615514398608,5.149102978288));
#8908 = CARTESIAN_POINT('',(4.643033593226,5.17539512644));
#8909 = CARTESIAN_POINT('',(4.670723999394,5.201444351593));
#8910 = CARTESIAN_POINT('',(4.698580968902,5.227207232432));
#8911 = CARTESIAN_POINT('',(4.742242822652,5.266841645236));
#8912 = CARTESIAN_POINT('',(4.757938114585,5.280940921885));
#8913 = CARTESIAN_POINT('',(4.773681768462,5.294929189974));
#8914 = CARTESIAN_POINT('',(4.789472242387,5.308798609892));
#8915 = CARTESIAN_POINT('',(4.805307748276,5.32254133229));
#8916 = CARTESIAN_POINT('',(4.821186251856,5.33614949808));
#8917 = CARTESIAN_POINT('',(4.87140556244,5.378628976526));
#8918 = CARTESIAN_POINT('',(4.905897161005,5.406983702499));
#8919 = CARTESIAN_POINT('',(4.940553509995,5.434597865964));
#8920 = CARTESIAN_POINT('',(4.97534673298,5.461395236048));
#8921 = CARTESIAN_POINT('',(5.010246482488,5.487305683383));
#8922 = CARTESIAN_POINT('',(5.045218587027,5.512265962092));
#8923 = CARTESIAN_POINT('',(5.115474703923,5.56034329095));
#8924 = CARTESIAN_POINT('',(5.150763388391,5.583449059979));
#8925 = CARTESIAN_POINT('',(5.186049537065,5.605480690761));
#8926 = CARTESIAN_POINT('',(5.221297582329,5.626395964052));
#8927 = CARTESIAN_POINT('',(5.256475278598,5.646165778874));
#8928 = CARTESIAN_POINT('',(5.291552377512,5.66477238193));
#8929 = CARTESIAN_POINT('',(5.34328943843,5.690584288672));
#8930 = CARTESIAN_POINT('',(5.360050120895,5.698690860333));
#8931 = CARTESIAN_POINT('',(5.376778523666,5.706526676364));
#8932 = CARTESIAN_POINT('',(5.393472092628,5.714091607667));
#8933 = CARTESIAN_POINT('',(5.410128546399,5.721386031673));
#8934 = CARTESIAN_POINT('',(5.426745876334,5.728410832346));
#8935 = CARTESIAN_POINT('',(5.472141652363,5.74691414678));
#8936 = CARTESIAN_POINT('',(5.500837433508,5.757850014935));
#8937 = CARTESIAN_POINT('',(5.529400740403,5.767982057622));
#8938 = CARTESIAN_POINT('',(5.557825279312,5.777321051577));
#8939 = CARTESIAN_POINT('',(5.586107129945,5.785880547684));
#8940 = CARTESIAN_POINT('',(5.614244463091,5.793675921358));
#8941 = CARTESIAN_POINT('',(5.738067311392,5.824849718507));
#8942 = CARTESIAN_POINT('',(5.832081324042,5.840180738796));
#8943 = CARTESIAN_POINT('',(5.924486669622,5.84746131555));
#8944 = CARTESIAN_POINT('',(6.015510414922,5.847404965713));
#8945 = CARTESIAN_POINT('',(6.105407355633,5.840589566929));
#8946 = CARTESIAN_POINT('',(6.19448220952,5.827453367523));
#8947 = CARTESIAN_POINT('',(6.28318530718,5.808200498118));
#8948 = ( GEOMETRIC_REPRESENTATION_CONTEXT(2) 
PARAMETRIC_REPRESENTATION_CONTEXT() REPRESENTATION_CONTEXT('2D SPACE',''
  ) );
#8949 = PCURVE('',#8950,#8955);
#8950 = CONICAL_SURFACE('',#8951,16.4,0.124354994547);
#8951 = AXIS2_PLACEMENT_3D('',#8952,#8953,#8954);
#8952 = CARTESIAN_POINT('',(0.,164.,22.));
#8953 = DIRECTION('',(-0.,-1.,-1.110223024625E-16));
#8954 = DIRECTION('',(1.,0.,0.));
#8955 = DEFINITIONAL_REPRESENTATION('',(#8956),#9115);
#8956 = B_SPLINE_CURVE_WITH_KNOTS('',7,(#8957,#8958,#8959,#8960,#8961,
    #8962,#8963,#8964,#8965,#8966,#8967,#8968,#8969,#8970,#8971,#8972,
    #8973,#8974,#8975,#8976,#8977,#8978,#8979,#8980,#8981,#8982,#8983,
    #8984,#8985,#8986,#8987,#8988,#8989,#8990,#8991,#8992,#8993,#8994,
    #8995,#8996,#8997,#8998,#8999,#9000,#9001,#9002,#9003,#9004,#9005,
    #9006,#9007,#9008,#9009,#9010,#9011,#9012,#9013,#9014,#9015,#9016,
    #9017,#9018,#9019,#9020,#9021,#9022,#9023,#9024,#9025,#9026,#9027,
    #9028,#9029,#9030,#9031,#9032,#9033,#9034,#9035,#9036,#9037,#9038,
    #9039,#9040,#9041,#9042,#9043,#9044,#9045,#9046,#9047,#9048,#9049,
    #9050,#9051,#9052,#9053,#9054,#9055,#9056,#9057,#9058,#9059,#9060,
    #9061,#9062,#9063,#9064,#9065,#9066,#9067,#9068,#9069,#9070,#9071,
    #9072,#9073,#9074,#9075,#9076,#9077,#9078,#9079,#9080,#9081,#9082,
    #9083,#9084,#9085,#9086,#9087,#9088,#9089,#9090,#9091,#9092,#9093,
    #9094,#9095,#9096,#9097,#9098,#9099,#9100,#9101,#9102,#9103,#9104,
    #9105,#9106,#9107,#9108,#9109,#9110,#9111,#9112,#9113,#9114),
  .UNSPECIFIED.,.F.,.F.,(8,6,6,6,6,6,6,6,6,6,6,6,6,6,6,6,6,6,6,6,6,6,6,6
    ,6,6,8),(0.,1.932290208278E-02,0.130266020655,0.164057469962,
    0.184620855155,0.198717983558,0.232562892339,0.284886925507,
    0.303945318849,0.343367448622,0.386159162951,0.425807552095,
    0.473148150149,0.492816751883,0.523827544843,0.555952984912,
    0.620698684231,0.676591782256,0.699525423883,0.732829182405,
    0.762407750478,0.778925877036,0.814516389333,0.85035690852,
    0.867576367919,0.897513553654,1.),.UNSPECIFIED.);
#8957 = CARTESIAN_POINT('',(-4.313397530075,-20.));
#8958 = CARTESIAN_POINT('',(-4.313296073851,-20.02675949054));
#8959 = CARTESIAN_POINT('',(-4.313153888903,-20.05349343478));
#8960 = CARTESIAN_POINT('',(-4.312971092344,-20.08019381263));
#8961 = CARTESIAN_POINT('',(-4.312747793737,-20.10685239655));
#8962 = CARTESIAN_POINT('',(-4.312484095097,-20.13346075154));
#8963 = CARTESIAN_POINT('',(-4.312180090894,-20.16001023518));
#8964 = CARTESIAN_POINT('',(-4.309859500537,-20.33853796346));
#8965 = CARTESIAN_POINT('',(-4.306558097436,-20.4882971526));
#8966 = CARTESIAN_POINT('',(-4.301947857725,-20.63430755803));
#8967 = CARTESIAN_POINT('',(-4.296033023024,-20.77482419204));
#8968 = CARTESIAN_POINT('',(-4.288829466376,-20.90788041045));
#8969 = CARTESIAN_POINT('',(-4.280372431432,-21.0313232489));
#8970 = CARTESIAN_POINT('',(-4.267798270804,-21.17691134968));
#8971 = CARTESIAN_POINT('',(-4.264753832572,-21.20979299859));
#8972 = CARTESIAN_POINT('',(-4.261603222017,-21.24149911352));
#8973 = CARTESIAN_POINT('',(-4.2583494677,-21.27196261674));
#8974 = CARTESIAN_POINT('',(-4.254996136905,-21.30111681409));
#8975 = CARTESIAN_POINT('',(-4.251547398994,-21.32889639856));
#8976 = CARTESIAN_POINT('',(-4.24585428355,-21.37126859907));
#8977 = CARTESIAN_POINT('',(-4.243666931659,-21.38676650412));
#8978 = CARTESIAN_POINT('',(-4.241447121029,-21.40171788431));
#8979 = CARTESIAN_POINT('',(-4.239196021852,-21.4161090278));
#8980 = CARTESIAN_POINT('',(-4.23691488657,-21.42992679582));
#8981 = CARTESIAN_POINT('',(-4.234605049873,-21.44315862268));
#8982 = CARTESIAN_POINT('',(-4.230665726688,-21.46445361949));
#8983 = CARTESIAN_POINT('',(-4.229050700093,-21.47283374882));
#8984 = CARTESIAN_POINT('',(-4.227423305867,-21.48092906378));
#8985 = CARTESIAN_POINT('',(-4.225784016508,-21.48873591386));
#8986 = CARTESIAN_POINT('',(-4.224133320062,-21.49625083794));
#8987 = CARTESIAN_POINT('',(-4.222471720123,-21.50347056428));
#8988 = CARTESIAN_POINT('',(-4.216785573932,-21.52700927562));
#8989 = CARTESIAN_POINT('',(-4.212711469534,-21.54190762235));
#8990 = CARTESIAN_POINT('',(-4.208584726324,-21.55504397671));
#8991 = CARTESIAN_POINT('',(-4.204412952892,-21.5663831788));
#8992 = CARTESIAN_POINT('',(-4.200204039917,-21.57589806669));
#8993 = CARTESIAN_POINT('',(-4.195966137353,-21.58356956034));
#8994 = CARTESIAN_POINT('',(-4.185124006371,-21.5983800799));
#8995 = CARTESIAN_POINT('',(-4.178490586722,-21.60294191958));
#8996 = CARTESIAN_POINT('',(-4.171838600267,-21.60303167056));
#8997 = CARTESIAN_POINT('',(-4.165198500286,-21.59865729015));
#8998 = CARTESIAN_POINT('',(-4.158599863473,-21.58986787061));
#8999 = CARTESIAN_POINT('',(-4.152071287667,-21.57674622288));
#9000 = CARTESIAN_POINT('',(-4.143297876674,-21.55308384125));
#9001 = CARTESIAN_POINT('',(-4.140968343101,-21.54620577959));
#9002 = CARTESIAN_POINT('',(-4.138652984921,-21.53877250071));
#9003 = CARTESIAN_POINT('',(-4.136353070493,-21.53078958541));
#9004 = CARTESIAN_POINT('',(-4.134069840483,-21.52226296991));
#9005 = CARTESIAN_POINT('',(-4.131804507862,-21.51319894581));
#9006 = CARTESIAN_POINT('',(-4.124911908365,-21.48375742486));
#9007 = CARTESIAN_POINT('',(-4.120347233994,-21.46163971803));
#9008 = CARTESIAN_POINT('',(-4.115874679268,-21.43730944097));
#9009 = CARTESIAN_POINT('',(-4.111504246024,-21.41083007868));
#9010 = CARTESIAN_POINT('',(-4.107245513644,-21.38226968317));
#9011 = CARTESIAN_POINT('',(-4.103107659233,-21.35170035692));
#9012 = CARTESIAN_POINT('',(-4.094748699311,-21.28391697231));
#9013 = CARTESIAN_POINT('',(-4.090550721287,-21.24635837684));
#9014 = CARTESIAN_POINT('',(-4.086516800824,-21.20661933133));
#9015 = CARTESIAN_POINT('',(-4.08265777005,-21.16480306649));
#9016 = CARTESIAN_POINT('',(-4.078983938086,-21.1210195728));
#9017 = CARTESIAN_POINT('',(-4.075504992996,-21.07538651095));
#9018 = CARTESIAN_POINT('',(-4.069195390758,-20.98415236343));
#9019 = CARTESIAN_POINT('',(-4.066335830034,-20.9387944021));
#9020 = CARTESIAN_POINT('',(-4.063658437736,-20.89205818987));
#9021 = CARTESIAN_POINT('',(-4.061169757256,-20.84405090844));
#9022 = CARTESIAN_POINT('',(-4.058875543788,-20.7948854828));
#9023 = CARTESIAN_POINT('',(-4.056780648913,-20.74468109449));
#9024 = CARTESIAN_POINT('',(-4.052630143053,-20.63252897601));
#9025 = CARTESIAN_POINT('',(-4.050660818661,-20.57018750281));
#9026 = CARTESIAN_POINT('',(-4.0489876441,-20.50675757902));
#9027 = CARTESIAN_POINT('',(-4.047614669843,-20.44245892956));
#9028 = CARTESIAN_POINT('',(-4.046543382182,-20.377511893));
#9029 = CARTESIAN_POINT('',(-4.045772800666,-20.31213661429));
#9030 = CARTESIAN_POINT('',(-4.045102964681,-20.21930389156));
#9031 = CARTESIAN_POINT('',(-4.04495767824,-20.19201863924));
#9032 = CARTESIAN_POINT('',(-4.044863468946,-20.16471171123));
#9033 = CARTESIAN_POINT('',(-4.044820029938,-20.13739796262));
#9034 = CARTESIAN_POINT('',(-4.044826994771,-20.11009187281));
#9035 = CARTESIAN_POINT('',(-4.044883937419,-20.08280754555));
#9036 = CARTESIAN_POINT('',(-4.045158184374,-20.01259642593));
#9037 = CARTESIAN_POINT('',(-4.045449036804,-19.96972214433));
#9038 = CARTESIAN_POINT('',(-4.045861053329,-19.92698962587));
#9039 = CARTESIAN_POINT('',(-4.046392054478,-19.88444936454));
#9040 = CARTESIAN_POINT('',(-4.047039625125,-19.84214870108));
#9041 = CARTESIAN_POINT('',(-4.047801182068,-19.80013193754));
#9042 = CARTESIAN_POINT('',(-4.049578275096,-19.71525041377));
#9043 = CARTESIAN_POINT('',(-4.050601957733,-19.67240938374));
#9044 = CARTESIAN_POINT('',(-4.051742111289,-19.62996287984));
#9045 = CARTESIAN_POINT('',(-4.05299565224,-19.58795295537));
#9046 = CARTESIAN_POINT('',(-4.054359452692,-19.54641847636));
#9047 = CARTESIAN_POINT('',(-4.05583040129,-19.50539539926));
#9048 = CARTESIAN_POINT('',(-4.060579850057,-19.38333687031));
#9049 = CARTESIAN_POINT('',(-4.064176730202,-19.30397926014));
#9050 = CARTESIAN_POINT('',(-4.068171642555,-19.22710213323));
#9051 = CARTESIAN_POINT('',(-4.072540997017,-19.15294097831));
#9052 = CARTESIAN_POINT('',(-4.077262727097,-19.08171636292));
#9053 = CARTESIAN_POINT('',(-4.082316941613,-19.01364143874));
#9054 = CARTESIAN_POINT('',(-4.092322027503,-18.89306544753));
#9055 = CARTESIAN_POINT('',(-4.097191844879,-18.83971598621));
#9056 = CARTESIAN_POINT('',(-4.102285018588,-18.78901769526));
#9057 = CARTESIAN_POINT('',(-4.107590724772,-18.74112358601));
#9058 = CARTESIAN_POINT('',(-4.113098193414,-18.69620324933));
#9059 = CARTESIAN_POINT('',(-4.118796576095,-18.65444305619));
#9060 = CARTESIAN_POINT('',(-4.127086728665,-18.60029170962));
#9061 = CARTESIAN_POINT('',(-4.129528833852,-18.58510389632));
#9062 = CARTESIAN_POINT('',(-4.132000320877,-18.57049734373));
#9063 = CARTESIAN_POINT('',(-4.134500323977,-18.55648709426));
#9064 = CARTESIAN_POINT('',(-4.137027920075,-18.54308880722));
#9065 = CARTESIAN_POINT('',(-4.139582128782,-18.53031875884));
#9066 = CARTESIAN_POINT('',(-4.145908220619,-18.50058628989));
#9067 = CARTESIAN_POINT('',(-4.149708407723,-18.48433937895));
#9068 = CARTESIAN_POINT('',(-4.153559297492,-18.46950433019));
#9069 = CARTESIAN_POINT('',(-4.157457270399,-18.45613554719));
#9070 = CARTESIAN_POINT('',(-4.161398215385,-18.44428932744));
#9071 = CARTESIAN_POINT('',(-4.165377481654,-18.43402257345));
#9072 = CARTESIAN_POINT('',(-4.172953378185,-18.41772586215));
#9073 = CARTESIAN_POINT('',(-4.176542989912,-18.41135052511));
#9074 = CARTESIAN_POINT('',(-4.180154923731,-18.40630483745));
#9075 = CARTESIAN_POINT('',(-4.18378500571,-18.40262775755));
#9076 = CARTESIAN_POINT('',(-4.187428611634,-18.40035640712));
#9077 = CARTESIAN_POINT('',(-4.191080648738,-18.39952462081));
#9078 = CARTESIAN_POINT('',(-4.196776606974,-18.40051715813));
#9079 = CARTESIAN_POINT('',(-4.198818567485,-18.40133079106));
#9080 = CARTESIAN_POINT('',(-4.200860441504,-18.40260755317));
#9081 = CARTESIAN_POINT('',(-4.202901213093,-18.40435197955));
#9082 = CARTESIAN_POINT('',(-4.204939827842,-18.40656798174));
#9083 = CARTESIAN_POINT('',(-4.206975192872,-18.40925884779));
#9084 = CARTESIAN_POINT('',(-4.213382203337,-18.41925397168));
#9085 = CARTESIAN_POINT('',(-4.217738210625,-18.42829793543));
#9086 = CARTESIAN_POINT('',(-4.222062439451,-18.43958429369));
#9087 = CARTESIAN_POINT('',(-4.226342949943,-18.45312166283));
#9088 = CARTESIAN_POINT('',(-4.230567711895,-18.46889969178));
#9089 = CARTESIAN_POINT('',(-4.234724695057,-18.48688663838));
#9090 = CARTESIAN_POINT('',(-4.242907864681,-18.52730872949));
#9091 = CARTESIAN_POINT('',(-4.246933424795,-18.54977668537));
#9092 = CARTESIAN_POINT('',(-4.250866429141,-18.57437456257));
#9093 = CARTESIAN_POINT('',(-4.254695985328,-18.60102760536));
#9094 = CARTESIAN_POINT('',(-4.258412457634,-18.62964489189));
#9095 = CARTESIAN_POINT('',(-4.262007405444,-18.66012167304));
#9096 = CARTESIAN_POINT('',(-4.26713880582,-18.70782172249));
#9097 = CARTESIAN_POINT('',(-4.268774409404,-18.72370471709));
#9098 = CARTESIAN_POINT('',(-4.270379567132,-18.73997810535));
#9099 = CARTESIAN_POINT('',(-4.271953589202,-18.7566291138));
#9100 = CARTESIAN_POINT('',(-4.273495861321,-18.77364478521));
#9101 = CARTESIAN_POINT('',(-4.275005844703,-18.79101197856));
#9102 = CARTESIAN_POINT('',(-4.279051341931,-18.83949937872));
#9103 = CARTESIAN_POINT('',(-4.281520604154,-18.87130381466));
#9104 = CARTESIAN_POINT('',(-4.283888422211,-18.90406140508));
#9105 = CARTESIAN_POINT('',(-4.286153009011,-18.93770326036));
#9106 = CARTESIAN_POINT('',(-4.288313131962,-18.97216181545));
#9107 = CARTESIAN_POINT('',(-4.290368014031,-19.00737177222));
#9108 = CARTESIAN_POINT('',(-4.298990163641,-19.16616798324));
#9109 = CARTESIAN_POINT('',(-4.304416295181,-19.29698643903));
#9110 = CARTESIAN_POINT('',(-4.308598383051,-19.43344871307));
#9111 = CARTESIAN_POINT('',(-4.311558915329,-19.57354337902));
#9112 = CARTESIAN_POINT('',(-4.313327519753,-19.7155554389));
#9113 = CARTESIAN_POINT('',(-4.313935625902,-19.85807504374));
#9114 = CARTESIAN_POINT('',(-4.313397530075,-20.));
#9115 = ( GEOMETRIC_REPRESENTATION_CONTEXT(2) 
PARAMETRIC_REPRESENTATION_CONTEXT() REPRESENTATION_CONTEXT('2D SPACE',''
  ) );
#9116 = ORIENTED_EDGE('',*,*,#9117,.T.);
#9117 = EDGE_CURVE('',#8625,#8458,#9118,.T.);
#9118 = SEAM_CURVE('',#9119,(#9123,#9130),.PCURVE_S1.);
#9119 = LINE('',#9120,#9121);
#9120 = CARTESIAN_POINT('',(-5.4,184.,29.));
#9121 = VECTOR('',#9122,1.);
#9122 = DIRECTION('',(0.,0.,1.));
#9123 = PCURVE('',#8474,#9124);
#9124 = DEFINITIONAL_REPRESENTATION('',(#9125),#9129);
#9125 = LINE('',#9126,#9127);
#9126 = CARTESIAN_POINT('',(0.,-0.));
#9127 = VECTOR('',#9128,1.);
#9128 = DIRECTION('',(0.,1.));
#9129 = ( GEOMETRIC_REPRESENTATION_CONTEXT(2) 
PARAMETRIC_REPRESENTATION_CONTEXT() REPRESENTATION_CONTEXT('2D SPACE',''
  ) );
#9130 = PCURVE('',#8474,#9131);
#9131 = DEFINITIONAL_REPRESENTATION('',(#9132),#9136);
#9132 = LINE('',#9133,#9134);
#9133 = CARTESIAN_POINT('',(6.28318530718,-0.));
#9134 = VECTOR('',#9135,1.);
#9135 = DIRECTION('',(0.,1.));
#9136 = ( GEOMETRIC_REPRESENTATION_CONTEXT(2) 
PARAMETRIC_REPRESENTATION_CONTEXT() REPRESENTATION_CONTEXT('2D SPACE',''
  ) );
#9137 = ORIENTED_EDGE('',*,*,#8457,.F.);
#9138 = ORIENTED_EDGE('',*,*,#9117,.F.);
#9139 = ADVANCED_FACE('',(#9140,#9143),#8506,.F.);
#9140 = FACE_BOUND('',#9141,.F.);
#9141 = EDGE_LOOP('',(#9142));
#9142 = ORIENTED_EDGE('',*,*,#8489,.T.);
#9143 = FACE_BOUND('',#9144,.F.);
#9144 = EDGE_LOOP('',(#9145));
#9145 = ORIENTED_EDGE('',*,*,#9146,.F.);
#9146 = EDGE_CURVE('',#9147,#9147,#9149,.T.);
#9147 = VERTEX_POINT('',#9148);
#9148 = CARTESIAN_POINT('',(3.56,164.,22.));
#9149 = SURFACE_CURVE('',#9150,(#9155,#9162),.PCURVE_S1.);
#9150 = CIRCLE('',#9151,3.56);
#9151 = AXIS2_PLACEMENT_3D('',#9152,#9153,#9154);
#9152 = CARTESIAN_POINT('',(0.,164.,22.));
#9153 = DIRECTION('',(0.,1.,1.110223024625E-16));
#9154 = DIRECTION('',(1.,0.,-0.));
#9155 = PCURVE('',#8506,#9156);
#9156 = DEFINITIONAL_REPRESENTATION('',(#9157),#9161);
#9157 = CIRCLE('',#9158,3.56);
#9158 = AXIS2_PLACEMENT_2D('',#9159,#9160);
#9159 = CARTESIAN_POINT('',(0.,0.));
#9160 = DIRECTION('',(1.,0.));
#9161 = ( GEOMETRIC_REPRESENTATION_CONTEXT(2) 
PARAMETRIC_REPRESENTATION_CONTEXT() REPRESENTATION_CONTEXT('2D SPACE',''
  ) );
#9162 = PCURVE('',#9163,#9168);
#9163 = CYLINDRICAL_SURFACE('',#9164,3.56);
#9164 = AXIS2_PLACEMENT_3D('',#9165,#9166,#9167);
#9165 = CARTESIAN_POINT('',(0.,163.9,22.));
#9166 = DIRECTION('',(0.,1.,1.110223024625E-16));
#9167 = DIRECTION('',(1.,0.,0.));
#9168 = DEFINITIONAL_REPRESENTATION('',(#9169),#9173);
#9169 = LINE('',#9170,#9171);
#9170 = CARTESIAN_POINT('',(0.,9.999999999999E-02));
#9171 = VECTOR('',#9172,1.);
#9172 = DIRECTION('',(1.,0.));
#9173 = ( GEOMETRIC_REPRESENTATION_CONTEXT(2) 
PARAMETRIC_REPRESENTATION_CONTEXT() REPRESENTATION_CONTEXT('2D SPACE',''
  ) );
#9174 = ADVANCED_FACE('',(#9175,#9178),#8579,.T.);
#9175 = FACE_BOUND('',#9176,.T.);
#9176 = EDGE_LOOP('',(#9177));
#9177 = ORIENTED_EDGE('',*,*,#8564,.T.);
#9178 = FACE_BOUND('',#9179,.T.);
#9179 = EDGE_LOOP('',(#9180));
#9180 = ORIENTED_EDGE('',*,*,#9181,.F.);
#9181 = EDGE_CURVE('',#9182,#9182,#9184,.T.);
#9182 = VERTEX_POINT('',#9183);
#9183 = CARTESIAN_POINT('',(2.125,184.,22.));
#9184 = SURFACE_CURVE('',#9185,(#9190,#9197),.PCURVE_S1.);
#9185 = CIRCLE('',#9186,2.125);
#9186 = AXIS2_PLACEMENT_3D('',#9187,#9188,#9189);
#9187 = CARTESIAN_POINT('',(0.,184.,22.));
#9188 = DIRECTION('',(0.,1.,1.110223024625E-16));
#9189 = DIRECTION('',(1.,0.,-0.));
#9190 = PCURVE('',#8579,#9191);
#9191 = DEFINITIONAL_REPRESENTATION('',(#9192),#9196);
#9192 = CIRCLE('',#9193,2.125);
#9193 = AXIS2_PLACEMENT_2D('',#9194,#9195);
#9194 = CARTESIAN_POINT('',(0.,0.));
#9195 = DIRECTION('',(1.,0.));
#9196 = ( GEOMETRIC_REPRESENTATION_CONTEXT(2) 
PARAMETRIC_REPRESENTATION_CONTEXT() REPRESENTATION_CONTEXT('2D SPACE',''
  ) );
#9197 = PCURVE('',#9198,#9203);
#9198 = CYLINDRICAL_SURFACE('',#9199,2.125);
#9199 = AXIS2_PLACEMENT_3D('',#9200,#9201,#9202);
#9200 = CARTESIAN_POINT('',(0.,163.5,22.));
#9201 = DIRECTION('',(0.,1.,1.110223024625E-16));
#9202 = DIRECTION('',(1.,0.,0.));
#9203 = DEFINITIONAL_REPRESENTATION('',(#9204),#9208);
#9204 = LINE('',#9205,#9206);
#9205 = CARTESIAN_POINT('',(0.,20.5));
#9206 = VECTOR('',#9207,1.);
#9207 = DIRECTION('',(1.,0.));
#9208 = ( GEOMETRIC_REPRESENTATION_CONTEXT(2) 
PARAMETRIC_REPRESENTATION_CONTEXT() REPRESENTATION_CONTEXT('2D SPACE',''
  ) );
#9209 = ADVANCED_FACE('',(#9210),#8950,.T.);
#9210 = FACE_BOUND('',#9211,.T.);
#9211 = EDGE_LOOP('',(#9212));
#9212 = ORIENTED_EDGE('',*,*,#8624,.T.);
#9213 = ADVANCED_FACE('',(#9214),#9163,.F.);
#9214 = FACE_BOUND('',#9215,.F.);
#9215 = EDGE_LOOP('',(#9216,#9239,#9266,#9267));
#9216 = ORIENTED_EDGE('',*,*,#9217,.T.);
#9217 = EDGE_CURVE('',#9147,#9218,#9220,.T.);
#9218 = VERTEX_POINT('',#9219);
#9219 = CARTESIAN_POINT('',(3.56,166.58,22.));
#9220 = SEAM_CURVE('',#9221,(#9225,#9232),.PCURVE_S1.);
#9221 = LINE('',#9222,#9223);
#9222 = CARTESIAN_POINT('',(3.56,163.9,22.));
#9223 = VECTOR('',#9224,1.);
#9224 = DIRECTION('',(0.,1.,1.110223024625E-16));
#9225 = PCURVE('',#9163,#9226);
#9226 = DEFINITIONAL_REPRESENTATION('',(#9227),#9231);
#9227 = LINE('',#9228,#9229);
#9228 = CARTESIAN_POINT('',(6.28318530718,-0.));
#9229 = VECTOR('',#9230,1.);
#9230 = DIRECTION('',(0.,1.));
#9231 = ( GEOMETRIC_REPRESENTATION_CONTEXT(2) 
PARAMETRIC_REPRESENTATION_CONTEXT() REPRESENTATION_CONTEXT('2D SPACE',''
  ) );
#9232 = PCURVE('',#9163,#9233);
#9233 = DEFINITIONAL_REPRESENTATION('',(#9234),#9238);
#9234 = LINE('',#9235,#9236);
#9235 = CARTESIAN_POINT('',(0.,-0.));
#9236 = VECTOR('',#9237,1.);
#9237 = DIRECTION('',(0.,1.));
#9238 = ( GEOMETRIC_REPRESENTATION_CONTEXT(2) 
PARAMETRIC_REPRESENTATION_CONTEXT() REPRESENTATION_CONTEXT('2D SPACE',''
  ) );
#9239 = ORIENTED_EDGE('',*,*,#9240,.F.);
#9240 = EDGE_CURVE('',#9218,#9218,#9241,.T.);
#9241 = SURFACE_CURVE('',#9242,(#9247,#9254),.PCURVE_S1.);
#9242 = CIRCLE('',#9243,3.56);
#9243 = AXIS2_PLACEMENT_3D('',#9244,#9245,#9246);
#9244 = CARTESIAN_POINT('',(0.,166.58,22.));
#9245 = DIRECTION('',(-0.,1.,1.110223024625E-16));
#9246 = DIRECTION('',(1.,0.,0.));
#9247 = PCURVE('',#9163,#9248);
#9248 = DEFINITIONAL_REPRESENTATION('',(#9249),#9253);
#9249 = LINE('',#9250,#9251);
#9250 = CARTESIAN_POINT('',(0.,2.68));
#9251 = VECTOR('',#9252,1.);
#9252 = DIRECTION('',(1.,0.));
#9253 = ( GEOMETRIC_REPRESENTATION_CONTEXT(2) 
PARAMETRIC_REPRESENTATION_CONTEXT() REPRESENTATION_CONTEXT('2D SPACE',''
  ) );
#9254 = PCURVE('',#9255,#9260);
#9255 = PLANE('',#9256);
#9256 = AXIS2_PLACEMENT_3D('',#9257,#9258,#9259);
#9257 = CARTESIAN_POINT('',(0.,166.58,22.));
#9258 = DIRECTION('',(0.,1.,1.110223024625E-16));
#9259 = DIRECTION('',(1.,0.,0.));
#9260 = DEFINITIONAL_REPRESENTATION('',(#9261),#9265);
#9261 = CIRCLE('',#9262,3.56);
#9262 = AXIS2_PLACEMENT_2D('',#9263,#9264);
#9263 = CARTESIAN_POINT('',(0.,0.));
#9264 = DIRECTION('',(1.,0.));
#9265 = ( GEOMETRIC_REPRESENTATION_CONTEXT(2) 
PARAMETRIC_REPRESENTATION_CONTEXT() REPRESENTATION_CONTEXT('2D SPACE',''
  ) );
#9266 = ORIENTED_EDGE('',*,*,#9217,.F.);
#9267 = ORIENTED_EDGE('',*,*,#9146,.T.);
#9268 = ADVANCED_FACE('',(#9269),#9198,.F.);
#9269 = FACE_BOUND('',#9270,.F.);
#9270 = EDGE_LOOP('',(#9271,#9294,#9295,#9296));
#9271 = ORIENTED_EDGE('',*,*,#9272,.T.);
#9272 = EDGE_CURVE('',#9273,#9182,#9275,.T.);
#9273 = VERTEX_POINT('',#9274);
#9274 = CARTESIAN_POINT('',(2.125,166.58,22.));
#9275 = SEAM_CURVE('',#9276,(#9280,#9287),.PCURVE_S1.);
#9276 = LINE('',#9277,#9278);
#9277 = CARTESIAN_POINT('',(2.125,163.5,22.));
#9278 = VECTOR('',#9279,1.);
#9279 = DIRECTION('',(0.,1.,1.110223024625E-16));
#9280 = PCURVE('',#9198,#9281);
#9281 = DEFINITIONAL_REPRESENTATION('',(#9282),#9286);
#9282 = LINE('',#9283,#9284);
#9283 = CARTESIAN_POINT('',(6.28318530718,-0.));
#9284 = VECTOR('',#9285,1.);
#9285 = DIRECTION('',(0.,1.));
#9286 = ( GEOMETRIC_REPRESENTATION_CONTEXT(2) 
PARAMETRIC_REPRESENTATION_CONTEXT() REPRESENTATION_CONTEXT('2D SPACE',''
  ) );
#9287 = PCURVE('',#9198,#9288);
#9288 = DEFINITIONAL_REPRESENTATION('',(#9289),#9293);
#9289 = LINE('',#9290,#9291);
#9290 = CARTESIAN_POINT('',(0.,-0.));
#9291 = VECTOR('',#9292,1.);
#9292 = DIRECTION('',(0.,1.));
#9293 = ( GEOMETRIC_REPRESENTATION_CONTEXT(2) 
PARAMETRIC_REPRESENTATION_CONTEXT() REPRESENTATION_CONTEXT('2D SPACE',''
  ) );
#9294 = ORIENTED_EDGE('',*,*,#9181,.F.);
#9295 = ORIENTED_EDGE('',*,*,#9272,.F.);
#9296 = ORIENTED_EDGE('',*,*,#9297,.T.);
#9297 = EDGE_CURVE('',#9273,#9273,#9298,.T.);
#9298 = SURFACE_CURVE('',#9299,(#9304,#9311),.PCURVE_S1.);
#9299 = CIRCLE('',#9300,2.125);
#9300 = AXIS2_PLACEMENT_3D('',#9301,#9302,#9303);
#9301 = CARTESIAN_POINT('',(0.,166.58,22.));
#9302 = DIRECTION('',(0.,1.,1.110223024625E-16));
#9303 = DIRECTION('',(1.,0.,-0.));
#9304 = PCURVE('',#9198,#9305);
#9305 = DEFINITIONAL_REPRESENTATION('',(#9306),#9310);
#9306 = LINE('',#9307,#9308);
#9307 = CARTESIAN_POINT('',(0.,3.08));
#9308 = VECTOR('',#9309,1.);
#9309 = DIRECTION('',(1.,0.));
#9310 = ( GEOMETRIC_REPRESENTATION_CONTEXT(2) 
PARAMETRIC_REPRESENTATION_CONTEXT() REPRESENTATION_CONTEXT('2D SPACE',''
  ) );
#9311 = PCURVE('',#9255,#9312);
#9312 = DEFINITIONAL_REPRESENTATION('',(#9313),#9317);
#9313 = CIRCLE('',#9314,2.125);
#9314 = AXIS2_PLACEMENT_2D('',#9315,#9316);
#9315 = CARTESIAN_POINT('',(0.,0.));
#9316 = DIRECTION('',(1.,0.));
#9317 = ( GEOMETRIC_REPRESENTATION_CONTEXT(2) 
PARAMETRIC_REPRESENTATION_CONTEXT() REPRESENTATION_CONTEXT('2D SPACE',''
  ) );
#9318 = ADVANCED_FACE('',(#9319,#9322),#9255,.F.);
#9319 = FACE_BOUND('',#9320,.F.);
#9320 = EDGE_LOOP('',(#9321));
#9321 = ORIENTED_EDGE('',*,*,#9240,.T.);
#9322 = FACE_BOUND('',#9323,.F.);
#9323 = EDGE_LOOP('',(#9324));
#9324 = ORIENTED_EDGE('',*,*,#9297,.F.);
#9325 = ( GEOMETRIC_REPRESENTATION_CONTEXT(3) 
GLOBAL_UNCERTAINTY_ASSIGNED_CONTEXT((#9329)) 
GLOBAL_UNIT_ASSIGNED_CONTEXT((#9326,#9327,#9328)) REPRESENTATION_CONTEXT
('Context #1','3D Context with UNIT and UNCERTAINTY') );
#9326 = ( LENGTH_UNIT() NAMED_UNIT(*) SI_UNIT(.MILLI.,.METRE.) );
#9327 = ( NAMED_UNIT(*) PLANE_ANGLE_UNIT() SI_UNIT($,.RADIAN.) );
#9328 = ( NAMED_UNIT(*) SI_UNIT($,.STERADIAN.) SOLID_ANGLE_UNIT() );
#9329 = UNCERTAINTY_MEASURE_WITH_UNIT(LENGTH_MEASURE(2.E-06),#9326,
  'distance_accuracy_value','confusion accuracy');
#9330 = PRODUCT_RELATED_PRODUCT_CATEGORY('part',$,(#7));

#9331=DESCRIPTIVE_REPRESENTATION_ITEM('cadpy:generator','cadpy');
#9332=REPRESENTATION('cadpy:generator',(#9331),#9325);
#9333=PROPERTY_DEFINITION('cadpy metadata','cadpy:generator',#5);
#9334=PROPERTY_DEFINITION_REPRESENTATION(#9333,#9332);
#9335=DESCRIPTIVE_REPRESENTATION_ITEM('cadpy:entryKind','part');
#9336=REPRESENTATION('cadpy:entryKind',(#9335),#9325);
#9337=PROPERTY_DEFINITION('cadpy metadata','cadpy:entryKind',#5);
#9338=PROPERTY_DEFINITION_REPRESENTATION(#9337,#9336);
#9339=DESCRIPTIVE_REPRESENTATION_ITEM('cadpy:sourcePath','nozzle_plate.py');
#9340=REPRESENTATION('cadpy:sourcePath',(#9339),#9325);
#9341=PROPERTY_DEFINITION('cadpy metadata','cadpy:sourcePath',#5);
#9342=PROPERTY_DEFINITION_REPRESENTATION(#9341,#9340);
#9343=DESCRIPTIVE_REPRESENTATION_ITEM('cadpy:sourceHash','43844a1be6daffd660dfd7833d64858db04f7018d5c6b7cc4c69940017993f31');
#9344=REPRESENTATION('cadpy:sourceHash',(#9343),#9325);
#9345=PROPERTY_DEFINITION('cadpy metadata','cadpy:sourceHash',#5);
#9346=PROPERTY_DEFINITION_REPRESENTATION(#9345,#9344);
ENDSEC;
END-ISO-10303-21;
