ISO-10303-21;
HEADER;
FILE_DESCRIPTION(('Open CASCADE Model'),'2;1');
FILE_NAME('Open CASCADE Shape Model','2026-07-29T22:55:18',('Author'),(
    'Open CASCADE'),'Open CASCADE STEP processor 7.9','Open CASCADE 7.9'
  ,'Unknown');
FILE_SCHEMA(('AUTOMOTIVE_DESIGN { 1 0 10303 214 1 1 1 1 }'));
ENDSEC;
DATA;
#1 = APPLICATION_PROTOCOL_DEFINITION('international standard',
  'automotive_design',2000,#2);
#2 = APPLICATION_CONTEXT(
  'core data for automotive mechanical design processes');
#3 = SHAPE_DEFINITION_REPRESENTATION(#4,#10);
#4 = PRODUCT_DEFINITION_SHAPE('','',#5);
#5 = PRODUCT_DEFINITION('design','',#6,#9);
#6 = PRODUCT_DEFINITION_FORMATION('','',#7);
#7 = PRODUCT('pump_housing','pump_housing','',(#8));
#8 = PRODUCT_CONTEXT('',#2,'mechanical');
#9 = PRODUCT_DEFINITION_CONTEXT('part definition',#2,'design');
#10 = ADVANCED_BREP_SHAPE_REPRESENTATION('',(#11,#15),#10000);
#11 = AXIS2_PLACEMENT_3D('',#12,#13,#14);
#12 = CARTESIAN_POINT('',(0.,0.,0.));
#13 = DIRECTION('',(0.,0.,1.));
#14 = DIRECTION('',(1.,0.,-0.));
#15 = MANIFOLD_SOLID_BREP('',#16);
#16 = CLOSED_SHELL('',(#17,#209,#264,#314,#364,#1783,#1833,#1883,#1930,
    #2396,#2422,#2449,#2455,#2504,#3829,#3857,#3906,#4320,#4346,#4373,
    #4379,#4548,#4646,#4653,#4728,#4733,#4808,#4813,#6023,#6151,#6272,
    #6851,#6900,#6949,#7062,#7111,#7138,#7737,#7763,#7790,#7796,#7897,
    #7974,#8023,#8073,#8122,#8171,#8198,#8224,#8251,#8257,#8380,#8503,
    #8553,#8603,#8653,#8703,#8964,#8990,#9196,#9202,#9463,#9489,#9661,
    #9667,#9744,#9771,#9778,#9785,#9834,#9883,#9910,#9917,#9924,#9929,
    #9934,#9964,#9969,#9995));
#17 = ADVANCED_FACE('',(#18,#54,#85,#116,#147,#178),#31,.T.);
#18 = FACE_BOUND('',#19,.T.);
#19 = EDGE_LOOP('',(#20));
#20 = ORIENTED_EDGE('',*,*,#21,.T.);
#21 = EDGE_CURVE('',#22,#22,#24,.T.);
#22 = VERTEX_POINT('',#23);
#23 = CARTESIAN_POINT('',(22.,157.,22.));
#24 = SURFACE_CURVE('',#25,(#30,#42),.PCURVE_S1.);
#25 = CIRCLE('',#26,22.);
#26 = AXIS2_PLACEMENT_3D('',#27,#28,#29);
#27 = CARTESIAN_POINT('',(0.,157.,22.));
#28 = DIRECTION('',(-0.,1.,1.110223024625E-16));
#29 = DIRECTION('',(1.,0.,0.));
#30 = PCURVE('',#31,#36);
#31 = PLANE('',#32);
#32 = AXIS2_PLACEMENT_3D('',#33,#34,#35);
#33 = CARTESIAN_POINT('',(0.,157.,22.));
#34 = DIRECTION('',(0.,1.,1.110223024625E-16));
#35 = DIRECTION('',(1.,0.,0.));
#36 = DEFINITIONAL_REPRESENTATION('',(#37),#41);
#37 = CIRCLE('',#38,22.);
#38 = AXIS2_PLACEMENT_2D('',#39,#40);
#39 = CARTESIAN_POINT('',(0.,1.06581410364E-14));
#40 = DIRECTION('',(1.,0.));
#41 = ( GEOMETRIC_REPRESENTATION_CONTEXT(2) 
PARAMETRIC_REPRESENTATION_CONTEXT() REPRESENTATION_CONTEXT('2D SPACE',''
  ) );
#42 = PCURVE('',#43,#48);
#43 = CYLINDRICAL_SURFACE('',#44,22.);
#44 = AXIS2_PLACEMENT_3D('',#45,#46,#47);
#45 = CARTESIAN_POINT('',(0.,153.,22.));
#46 = DIRECTION('',(0.,1.,1.110223024625E-16));
#47 = DIRECTION('',(1.,0.,0.));
#48 = DEFINITIONAL_REPRESENTATION('',(#49),#53);
#49 = LINE('',#50,#51);
#50 = CARTESIAN_POINT('',(0.,4.));
#51 = VECTOR('',#52,1.);
#52 = DIRECTION('',(1.,0.));
#53 = ( GEOMETRIC_REPRESENTATION_CONTEXT(2) 
PARAMETRIC_REPRESENTATION_CONTEXT() REPRESENTATION_CONTEXT('2D SPACE',''
  ) );
#54 = FACE_BOUND('',#55,.T.);
#55 = EDGE_LOOP('',(#56));
#56 = ORIENTED_EDGE('',*,*,#57,.F.);
#57 = EDGE_CURVE('',#58,#58,#60,.T.);
#58 = VERTEX_POINT('',#59);
#59 = CARTESIAN_POINT('',(-11.37792206135,157.,34.727922061358));
#60 = SURFACE_CURVE('',#61,(#66,#73),.PCURVE_S1.);
#61 = CIRCLE('',#62,1.35);
#62 = AXIS2_PLACEMENT_3D('',#63,#64,#65);
#63 = CARTESIAN_POINT('',(-12.72792206135,157.,34.727922061358));
#64 = DIRECTION('',(0.,1.,1.110223024625E-16));
#65 = DIRECTION('',(1.,0.,-0.));
#66 = PCURVE('',#31,#67);
#67 = DEFINITIONAL_REPRESENTATION('',(#68),#72);
#68 = CIRCLE('',#69,1.35);
#69 = AXIS2_PLACEMENT_2D('',#70,#71);
#70 = CARTESIAN_POINT('',(-12.72792206135,-12.72792206135));
#71 = DIRECTION('',(1.,0.));
#72 = ( GEOMETRIC_REPRESENTATION_CONTEXT(2) 
PARAMETRIC_REPRESENTATION_CONTEXT() REPRESENTATION_CONTEXT('2D SPACE',''
  ) );
#73 = PCURVE('',#74,#79);
#74 = CYLINDRICAL_SURFACE('',#75,1.35);
#75 = AXIS2_PLACEMENT_3D('',#76,#77,#78);
#76 = CARTESIAN_POINT('',(-12.72792206135,152.,34.727922061358));
#77 = DIRECTION('',(0.,1.,1.110223024625E-16));
#78 = DIRECTION('',(1.,0.,0.));
#79 = DEFINITIONAL_REPRESENTATION('',(#80),#84);
#80 = LINE('',#81,#82);
#81 = CARTESIAN_POINT('',(0.,5.));
#82 = VECTOR('',#83,1.);
#83 = DIRECTION('',(1.,0.));
#84 = ( GEOMETRIC_REPRESENTATION_CONTEXT(2) 
PARAMETRIC_REPRESENTATION_CONTEXT() REPRESENTATION_CONTEXT('2D SPACE',''
  ) );
#85 = FACE_BOUND('',#86,.T.);
#86 = EDGE_LOOP('',(#87));
#87 = ORIENTED_EDGE('',*,*,#88,.F.);
#88 = EDGE_CURVE('',#89,#89,#91,.T.);
#89 = VERTEX_POINT('',#90);
#90 = CARTESIAN_POINT('',(14.077922061358,157.,34.727922061358));
#91 = SURFACE_CURVE('',#92,(#97,#104),.PCURVE_S1.);
#92 = CIRCLE('',#93,1.35);
#93 = AXIS2_PLACEMENT_3D('',#94,#95,#96);
#94 = CARTESIAN_POINT('',(12.727922061358,157.,34.727922061358));
#95 = DIRECTION('',(0.,1.,1.110223024625E-16));
#96 = DIRECTION('',(1.,0.,-0.));
#97 = PCURVE('',#31,#98);
#98 = DEFINITIONAL_REPRESENTATION('',(#99),#103);
#99 = CIRCLE('',#100,1.35);
#100 = AXIS2_PLACEMENT_2D('',#101,#102);
#101 = CARTESIAN_POINT('',(12.727922061358,-12.72792206135));
#102 = DIRECTION('',(1.,0.));
#103 = ( GEOMETRIC_REPRESENTATION_CONTEXT(2) 
PARAMETRIC_REPRESENTATION_CONTEXT() REPRESENTATION_CONTEXT('2D SPACE',''
  ) );
#104 = PCURVE('',#105,#110);
#105 = CYLINDRICAL_SURFACE('',#106,1.35);
#106 = AXIS2_PLACEMENT_3D('',#107,#108,#109);
#107 = CARTESIAN_POINT('',(12.727922061358,152.,34.727922061358));
#108 = DIRECTION('',(0.,1.,1.110223024625E-16));
#109 = DIRECTION('',(1.,0.,0.));
#110 = DEFINITIONAL_REPRESENTATION('',(#111),#115);
#111 = LINE('',#112,#113);
#112 = CARTESIAN_POINT('',(0.,5.));
#113 = VECTOR('',#114,1.);
#114 = DIRECTION('',(1.,0.));
#115 = ( GEOMETRIC_REPRESENTATION_CONTEXT(2) 
PARAMETRIC_REPRESENTATION_CONTEXT() REPRESENTATION_CONTEXT('2D SPACE',''
  ) );
#116 = FACE_BOUND('',#117,.T.);
#117 = EDGE_LOOP('',(#118));
#118 = ORIENTED_EDGE('',*,*,#119,.F.);
#119 = EDGE_CURVE('',#120,#120,#122,.T.);
#120 = VERTEX_POINT('',#121);
#121 = CARTESIAN_POINT('',(14.,157.,22.));
#122 = SURFACE_CURVE('',#123,(#128,#135),.PCURVE_S1.);
#123 = CIRCLE('',#124,14.);
#124 = AXIS2_PLACEMENT_3D('',#125,#126,#127);
#125 = CARTESIAN_POINT('',(0.,157.,22.));
#126 = DIRECTION('',(0.,1.,1.110223024625E-16));
#127 = DIRECTION('',(1.,0.,-0.));
#128 = PCURVE('',#31,#129);
#129 = DEFINITIONAL_REPRESENTATION('',(#130),#134);
#130 = CIRCLE('',#131,14.);
#131 = AXIS2_PLACEMENT_2D('',#132,#133);
#132 = CARTESIAN_POINT('',(0.,0.));
#133 = DIRECTION('',(1.,0.));
#134 = ( GEOMETRIC_REPRESENTATION_CONTEXT(2) 
PARAMETRIC_REPRESENTATION_CONTEXT() REPRESENTATION_CONTEXT('2D SPACE',''
  ) );
#135 = PCURVE('',#136,#141);
#136 = CYLINDRICAL_SURFACE('',#137,14.);
#137 = AXIS2_PLACEMENT_3D('',#138,#139,#140);
#138 = CARTESIAN_POINT('',(0.,76.,22.));
#139 = DIRECTION('',(0.,1.,1.110223024625E-16));
#140 = DIRECTION('',(1.,0.,0.));
#141 = DEFINITIONAL_REPRESENTATION('',(#142),#146);
#142 = LINE('',#143,#144);
#143 = CARTESIAN_POINT('',(0.,81.));
#144 = VECTOR('',#145,1.);
#145 = DIRECTION('',(1.,0.));
#146 = ( GEOMETRIC_REPRESENTATION_CONTEXT(2) 
PARAMETRIC_REPRESENTATION_CONTEXT() REPRESENTATION_CONTEXT('2D SPACE',''
  ) );
#147 = FACE_BOUND('',#148,.T.);
#148 = EDGE_LOOP('',(#149));
#149 = ORIENTED_EDGE('',*,*,#150,.F.);
#150 = EDGE_CURVE('',#151,#151,#153,.T.);
#151 = VERTEX_POINT('',#152);
#152 = CARTESIAN_POINT('',(-11.37792206135,157.,9.272077938642));
#153 = SURFACE_CURVE('',#154,(#159,#166),.PCURVE_S1.);
#154 = CIRCLE('',#155,1.35);
#155 = AXIS2_PLACEMENT_3D('',#156,#157,#158);
#156 = CARTESIAN_POINT('',(-12.72792206135,157.,9.272077938642));
#157 = DIRECTION('',(0.,1.,1.110223024625E-16));
#158 = DIRECTION('',(1.,0.,-0.));
#159 = PCURVE('',#31,#160);
#160 = DEFINITIONAL_REPRESENTATION('',(#161),#165);
#161 = CIRCLE('',#162,1.35);
#162 = AXIS2_PLACEMENT_2D('',#163,#164);
#163 = CARTESIAN_POINT('',(-12.72792206135,12.727922061358));
#164 = DIRECTION('',(1.,0.));
#165 = ( GEOMETRIC_REPRESENTATION_CONTEXT(2) 
PARAMETRIC_REPRESENTATION_CONTEXT() REPRESENTATION_CONTEXT('2D SPACE',''
  ) );
#166 = PCURVE('',#167,#172);
#167 = CYLINDRICAL_SURFACE('',#168,1.35);
#168 = AXIS2_PLACEMENT_3D('',#169,#170,#171);
#169 = CARTESIAN_POINT('',(-12.72792206135,152.,9.272077938642));
#170 = DIRECTION('',(0.,1.,1.110223024625E-16));
#171 = DIRECTION('',(1.,0.,0.));
#172 = DEFINITIONAL_REPRESENTATION('',(#173),#177);
#173 = LINE('',#174,#175);
#174 = CARTESIAN_POINT('',(0.,5.));
#175 = VECTOR('',#176,1.);
#176 = DIRECTION('',(1.,0.));
#177 = ( GEOMETRIC_REPRESENTATION_CONTEXT(2) 
PARAMETRIC_REPRESENTATION_CONTEXT() REPRESENTATION_CONTEXT('2D SPACE',''
  ) );
#178 = FACE_BOUND('',#179,.T.);
#179 = EDGE_LOOP('',(#180));
#180 = ORIENTED_EDGE('',*,*,#181,.F.);
#181 = EDGE_CURVE('',#182,#182,#184,.T.);
#182 = VERTEX_POINT('',#183);
#183 = CARTESIAN_POINT('',(14.077922061358,157.,9.272077938642));
#184 = SURFACE_CURVE('',#185,(#190,#197),.PCURVE_S1.);
#185 = CIRCLE('',#186,1.35);
#186 = AXIS2_PLACEMENT_3D('',#187,#188,#189);
#187 = CARTESIAN_POINT('',(12.727922061358,157.,9.272077938642));
#188 = DIRECTION('',(0.,1.,1.110223024625E-16));
#189 = DIRECTION('',(1.,0.,-0.));
#190 = PCURVE('',#31,#191);
#191 = DEFINITIONAL_REPRESENTATION('',(#192),#196);
#192 = CIRCLE('',#193,1.35);
#193 = AXIS2_PLACEMENT_2D('',#194,#195);
#194 = CARTESIAN_POINT('',(12.727922061358,12.727922061358));
#195 = DIRECTION('',(1.,0.));
#196 = ( GEOMETRIC_REPRESENTATION_CONTEXT(2) 
PARAMETRIC_REPRESENTATION_CONTEXT() REPRESENTATION_CONTEXT('2D SPACE',''
  ) );
#197 = PCURVE('',#198,#203);
#198 = CYLINDRICAL_SURFACE('',#199,1.35);
#199 = AXIS2_PLACEMENT_3D('',#200,#201,#202);
#200 = CARTESIAN_POINT('',(12.727922061358,152.,9.272077938642));
#201 = DIRECTION('',(0.,1.,1.110223024625E-16));
#202 = DIRECTION('',(1.,0.,0.));
#203 = DEFINITIONAL_REPRESENTATION('',(#204),#208);
#204 = LINE('',#205,#206);
#205 = CARTESIAN_POINT('',(0.,5.));
#206 = VECTOR('',#207,1.);
#207 = DIRECTION('',(1.,0.));
#208 = ( GEOMETRIC_REPRESENTATION_CONTEXT(2) 
PARAMETRIC_REPRESENTATION_CONTEXT() REPRESENTATION_CONTEXT('2D SPACE',''
  ) );
#209 = ADVANCED_FACE('',(#210),#43,.T.);
#210 = FACE_BOUND('',#211,.T.);
#211 = EDGE_LOOP('',(#212,#213,#236,#263));
#212 = ORIENTED_EDGE('',*,*,#21,.F.);
#213 = ORIENTED_EDGE('',*,*,#214,.F.);
#214 = EDGE_CURVE('',#215,#22,#217,.T.);
#215 = VERTEX_POINT('',#216);
#216 = CARTESIAN_POINT('',(22.,153.,22.));
#217 = SEAM_CURVE('',#218,(#222,#229),.PCURVE_S1.);
#218 = LINE('',#219,#220);
#219 = CARTESIAN_POINT('',(22.,153.,22.));
#220 = VECTOR('',#221,1.);
#221 = DIRECTION('',(0.,1.,1.110223024625E-16));
#222 = PCURVE('',#43,#223);
#223 = DEFINITIONAL_REPRESENTATION('',(#224),#228);
#224 = LINE('',#225,#226);
#225 = CARTESIAN_POINT('',(6.28318530718,-0.));
#226 = VECTOR('',#227,1.);
#227 = DIRECTION('',(0.,1.));
#228 = ( GEOMETRIC_REPRESENTATION_CONTEXT(2) 
PARAMETRIC_REPRESENTATION_CONTEXT() REPRESENTATION_CONTEXT('2D SPACE',''
  ) );
#229 = PCURVE('',#43,#230);
#230 = DEFINITIONAL_REPRESENTATION('',(#231),#235);
#231 = LINE('',#232,#233);
#232 = CARTESIAN_POINT('',(0.,-0.));
#233 = VECTOR('',#234,1.);
#234 = DIRECTION('',(0.,1.));
#235 = ( GEOMETRIC_REPRESENTATION_CONTEXT(2) 
PARAMETRIC_REPRESENTATION_CONTEXT() REPRESENTATION_CONTEXT('2D SPACE',''
  ) );
#236 = ORIENTED_EDGE('',*,*,#237,.T.);
#237 = EDGE_CURVE('',#215,#215,#238,.T.);
#238 = SURFACE_CURVE('',#239,(#244,#251),.PCURVE_S1.);
#239 = CIRCLE('',#240,22.);
#240 = AXIS2_PLACEMENT_3D('',#241,#242,#243);
#241 = CARTESIAN_POINT('',(0.,153.,22.));
#242 = DIRECTION('',(-0.,1.,1.110223024625E-16));
#243 = DIRECTION('',(1.,0.,0.));
#244 = PCURVE('',#43,#245);
#245 = DEFINITIONAL_REPRESENTATION('',(#246),#250);
#246 = LINE('',#247,#248);
#247 = CARTESIAN_POINT('',(0.,0.));
#248 = VECTOR('',#249,1.);
#249 = DIRECTION('',(1.,0.));
#250 = ( GEOMETRIC_REPRESENTATION_CONTEXT(2) 
PARAMETRIC_REPRESENTATION_CONTEXT() REPRESENTATION_CONTEXT('2D SPACE',''
  ) );
#251 = PCURVE('',#252,#257);
#252 = PLANE('',#253);
#253 = AXIS2_PLACEMENT_3D('',#254,#255,#256);
#254 = CARTESIAN_POINT('',(0.,153.,22.));
#255 = DIRECTION('',(0.,1.,1.110223024625E-16));
#256 = DIRECTION('',(1.,0.,0.));
#257 = DEFINITIONAL_REPRESENTATION('',(#258),#262);
#258 = CIRCLE('',#259,22.);
#259 = AXIS2_PLACEMENT_2D('',#260,#261);
#260 = CARTESIAN_POINT('',(0.,0.));
#261 = DIRECTION('',(1.,0.));
#262 = ( GEOMETRIC_REPRESENTATION_CONTEXT(2) 
PARAMETRIC_REPRESENTATION_CONTEXT() REPRESENTATION_CONTEXT('2D SPACE',''
  ) );
#263 = ORIENTED_EDGE('',*,*,#214,.T.);
#264 = ADVANCED_FACE('',(#265),#74,.F.);
#265 = FACE_BOUND('',#266,.F.);
#266 = EDGE_LOOP('',(#267,#268,#291,#313));
#267 = ORIENTED_EDGE('',*,*,#57,.F.);
#268 = ORIENTED_EDGE('',*,*,#269,.F.);
#269 = EDGE_CURVE('',#270,#58,#272,.T.);
#270 = VERTEX_POINT('',#271);
#271 = CARTESIAN_POINT('',(-11.37792206135,153.,34.727922061358));
#272 = SEAM_CURVE('',#273,(#277,#284),.PCURVE_S1.);
#273 = LINE('',#274,#275);
#274 = CARTESIAN_POINT('',(-11.37792206135,152.,34.727922061358));
#275 = VECTOR('',#276,1.);
#276 = DIRECTION('',(0.,1.,1.110223024625E-16));
#277 = PCURVE('',#74,#278);
#278 = DEFINITIONAL_REPRESENTATION('',(#279),#283);
#279 = LINE('',#280,#281);
#280 = CARTESIAN_POINT('',(6.28318530718,-0.));
#281 = VECTOR('',#282,1.);
#282 = DIRECTION('',(0.,1.));
#283 = ( GEOMETRIC_REPRESENTATION_CONTEXT(2) 
PARAMETRIC_REPRESENTATION_CONTEXT() REPRESENTATION_CONTEXT('2D SPACE',''
  ) );
#284 = PCURVE('',#74,#285);
#285 = DEFINITIONAL_REPRESENTATION('',(#286),#290);
#286 = LINE('',#287,#288);
#287 = CARTESIAN_POINT('',(0.,-0.));
#288 = VECTOR('',#289,1.);
#289 = DIRECTION('',(0.,1.));
#290 = ( GEOMETRIC_REPRESENTATION_CONTEXT(2) 
PARAMETRIC_REPRESENTATION_CONTEXT() REPRESENTATION_CONTEXT('2D SPACE',''
  ) );
#291 = ORIENTED_EDGE('',*,*,#292,.T.);
#292 = EDGE_CURVE('',#270,#270,#293,.T.);
#293 = SURFACE_CURVE('',#294,(#299,#306),.PCURVE_S1.);
#294 = CIRCLE('',#295,1.35);
#295 = AXIS2_PLACEMENT_3D('',#296,#297,#298);
#296 = CARTESIAN_POINT('',(-12.72792206135,153.,34.727922061358));
#297 = DIRECTION('',(0.,1.,1.110223024625E-16));
#298 = DIRECTION('',(1.,0.,-0.));
#299 = PCURVE('',#74,#300);
#300 = DEFINITIONAL_REPRESENTATION('',(#301),#305);
#301 = LINE('',#302,#303);
#302 = CARTESIAN_POINT('',(0.,1.));
#303 = VECTOR('',#304,1.);
#304 = DIRECTION('',(1.,0.));
#305 = ( GEOMETRIC_REPRESENTATION_CONTEXT(2) 
PARAMETRIC_REPRESENTATION_CONTEXT() REPRESENTATION_CONTEXT('2D SPACE',''
  ) );
#306 = PCURVE('',#252,#307);
#307 = DEFINITIONAL_REPRESENTATION('',(#308),#312);
#308 = CIRCLE('',#309,1.35);
#309 = AXIS2_PLACEMENT_2D('',#310,#311);
#310 = CARTESIAN_POINT('',(-12.72792206135,-12.72792206135));
#311 = DIRECTION('',(1.,0.));
#312 = ( GEOMETRIC_REPRESENTATION_CONTEXT(2) 
PARAMETRIC_REPRESENTATION_CONTEXT() REPRESENTATION_CONTEXT('2D SPACE',''
  ) );
#313 = ORIENTED_EDGE('',*,*,#269,.T.);
#314 = ADVANCED_FACE('',(#315),#105,.F.);
#315 = FACE_BOUND('',#316,.F.);
#316 = EDGE_LOOP('',(#317,#318,#341,#363));
#317 = ORIENTED_EDGE('',*,*,#88,.F.);
#318 = ORIENTED_EDGE('',*,*,#319,.F.);
#319 = EDGE_CURVE('',#320,#89,#322,.T.);
#320 = VERTEX_POINT('',#321);
#321 = CARTESIAN_POINT('',(14.077922061358,153.,34.727922061358));
#322 = SEAM_CURVE('',#323,(#327,#334),.PCURVE_S1.);
#323 = LINE('',#324,#325);
#324 = CARTESIAN_POINT('',(14.077922061358,152.,34.727922061358));
#325 = VECTOR('',#326,1.);
#326 = DIRECTION('',(0.,1.,1.110223024625E-16));
#327 = PCURVE('',#105,#328);
#328 = DEFINITIONAL_REPRESENTATION('',(#329),#333);
#329 = LINE('',#330,#331);
#330 = CARTESIAN_POINT('',(6.28318530718,-0.));
#331 = VECTOR('',#332,1.);
#332 = DIRECTION('',(0.,1.));
#333 = ( GEOMETRIC_REPRESENTATION_CONTEXT(2) 
PARAMETRIC_REPRESENTATION_CONTEXT() REPRESENTATION_CONTEXT('2D SPACE',''
  ) );
#334 = PCURVE('',#105,#335);
#335 = DEFINITIONAL_REPRESENTATION('',(#336),#340);
#336 = LINE('',#337,#338);
#337 = CARTESIAN_POINT('',(0.,-0.));
#338 = VECTOR('',#339,1.);
#339 = DIRECTION('',(0.,1.));
#340 = ( GEOMETRIC_REPRESENTATION_CONTEXT(2) 
PARAMETRIC_REPRESENTATION_CONTEXT() REPRESENTATION_CONTEXT('2D SPACE',''
  ) );
#341 = ORIENTED_EDGE('',*,*,#342,.T.);
#342 = EDGE_CURVE('',#320,#320,#343,.T.);
#343 = SURFACE_CURVE('',#344,(#349,#356),.PCURVE_S1.);
#344 = CIRCLE('',#345,1.35);
#345 = AXIS2_PLACEMENT_3D('',#346,#347,#348);
#346 = CARTESIAN_POINT('',(12.727922061358,153.,34.727922061358));
#347 = DIRECTION('',(0.,1.,1.110223024625E-16));
#348 = DIRECTION('',(1.,0.,-0.));
#349 = PCURVE('',#105,#350);
#350 = DEFINITIONAL_REPRESENTATION('',(#351),#355);
#351 = LINE('',#352,#353);
#352 = CARTESIAN_POINT('',(0.,1.));
#353 = VECTOR('',#354,1.);
#354 = DIRECTION('',(1.,0.));
#355 = ( GEOMETRIC_REPRESENTATION_CONTEXT(2) 
PARAMETRIC_REPRESENTATION_CONTEXT() REPRESENTATION_CONTEXT('2D SPACE',''
  ) );
#356 = PCURVE('',#252,#357);
#357 = DEFINITIONAL_REPRESENTATION('',(#358),#362);
#358 = CIRCLE('',#359,1.35);
#359 = AXIS2_PLACEMENT_2D('',#360,#361);
#360 = CARTESIAN_POINT('',(12.727922061358,-12.72792206135));
#361 = DIRECTION('',(1.,0.));
#362 = ( GEOMETRIC_REPRESENTATION_CONTEXT(2) 
PARAMETRIC_REPRESENTATION_CONTEXT() REPRESENTATION_CONTEXT('2D SPACE',''
  ) );
#363 = ORIENTED_EDGE('',*,*,#319,.T.);
#364 = ADVANCED_FACE('',(#365),#136,.F.);
#365 = FACE_BOUND('',#366,.F.);
#366 = EDGE_LOOP('',(#367,#395,#424,#450,#479,#500,#524,#550,#579,#600,
    #624,#650,#679,#700,#701,#702,#726,#747,#771,#797,#950,#1007,#1202,
    #1223,#1252,#1279,#1308,#1330,#1359,#1380,#1575,#1632));
#367 = ORIENTED_EDGE('',*,*,#368,.F.);
#368 = EDGE_CURVE('',#369,#371,#373,.T.);
#369 = VERTEX_POINT('',#370);
#370 = CARTESIAN_POINT('',(-13.25707358356,76.,17.5));
#371 = VERTEX_POINT('',#372);
#372 = CARTESIAN_POINT('',(-13.25707359186,80.935426569757,17.5));
#373 = SURFACE_CURVE('',#374,(#378,#384),.PCURVE_S1.);
#374 = LINE('',#375,#376);
#375 = CARTESIAN_POINT('',(-13.25707358356,76.,17.5));
#376 = VECTOR('',#377,1.);
#377 = DIRECTION('',(0.,1.,1.110223024625E-16));
#378 = PCURVE('',#136,#379);
#379 = DEFINITIONAL_REPRESENTATION('',(#380),#383);
#380 = B_SPLINE_CURVE_WITH_KNOTS('',1,(#381,#382),.UNSPECIFIED.,.F.,.F.,
  (2,2),(-6.000000070117E-07,62.),.PIECEWISE_BEZIER_KNOTS.);
#381 = CARTESIAN_POINT('',(2.814354923231,-6.000000075113E-07));
#382 = CARTESIAN_POINT('',(2.814354923231,62.));
#383 = ( GEOMETRIC_REPRESENTATION_CONTEXT(2) 
PARAMETRIC_REPRESENTATION_CONTEXT() REPRESENTATION_CONTEXT('2D SPACE',''
  ) );
#384 = PCURVE('',#385,#390);
#385 = PLANE('',#386);
#386 = AXIS2_PLACEMENT_3D('',#387,#388,#389);
#387 = CARTESIAN_POINT('',(-14.,72.,17.5));
#388 = DIRECTION('',(0.,0.,1.));
#389 = DIRECTION('',(1.,0.,-0.));
#390 = DEFINITIONAL_REPRESENTATION('',(#391),#394);
#391 = B_SPLINE_CURVE_WITH_KNOTS('',1,(#392,#393),.UNSPECIFIED.,.F.,.F.,
  (2,2),(-6.000000070117E-07,62.),.PIECEWISE_BEZIER_KNOTS.);
#392 = CARTESIAN_POINT('',(0.742926416437,3.9999994));
#393 = CARTESIAN_POINT('',(0.742926416437,66.));
#394 = ( GEOMETRIC_REPRESENTATION_CONTEXT(2) 
PARAMETRIC_REPRESENTATION_CONTEXT() REPRESENTATION_CONTEXT('2D SPACE',''
  ) );
#395 = ORIENTED_EDGE('',*,*,#396,.T.);
#396 = EDGE_CURVE('',#369,#397,#399,.T.);
#397 = VERTEX_POINT('',#398);
#398 = CARTESIAN_POINT('',(-13.96836538461,76.,21.059378672431));
#399 = SURFACE_CURVE('',#400,(#405,#412),.PCURVE_S1.);
#400 = CIRCLE('',#401,14.);
#401 = AXIS2_PLACEMENT_3D('',#402,#403,#404);
#402 = CARTESIAN_POINT('',(0.,76.,22.));
#403 = DIRECTION('',(-0.,1.,1.110223024625E-16));
#404 = DIRECTION('',(1.,0.,0.));
#405 = PCURVE('',#136,#406);
#406 = DEFINITIONAL_REPRESENTATION('',(#407),#411);
#407 = LINE('',#408,#409);
#408 = CARTESIAN_POINT('',(0.,0.));
#409 = VECTOR('',#410,1.);
#410 = DIRECTION('',(1.,0.));
#411 = ( GEOMETRIC_REPRESENTATION_CONTEXT(2) 
PARAMETRIC_REPRESENTATION_CONTEXT() REPRESENTATION_CONTEXT('2D SPACE',''
  ) );
#412 = PCURVE('',#413,#418);
#413 = PLANE('',#414);
#414 = AXIS2_PLACEMENT_3D('',#415,#416,#417);
#415 = CARTESIAN_POINT('',(0.,76.,22.));
#416 = DIRECTION('',(0.,1.,1.110223024625E-16));
#417 = DIRECTION('',(1.,0.,0.));
#418 = DEFINITIONAL_REPRESENTATION('',(#419),#423);
#419 = CIRCLE('',#420,14.);
#420 = AXIS2_PLACEMENT_2D('',#421,#422);
#421 = CARTESIAN_POINT('',(0.,0.));
#422 = DIRECTION('',(1.,0.));
#423 = ( GEOMETRIC_REPRESENTATION_CONTEXT(2) 
PARAMETRIC_REPRESENTATION_CONTEXT() REPRESENTATION_CONTEXT('2D SPACE',''
  ) );
#424 = ORIENTED_EDGE('',*,*,#425,.T.);
#425 = EDGE_CURVE('',#397,#426,#428,.T.);
#426 = VERTEX_POINT('',#427);
#427 = CARTESIAN_POINT('',(-13.96836538461,77.,21.05937867243));
#428 = SURFACE_CURVE('',#429,(#433,#439),.PCURVE_S1.);
#429 = LINE('',#430,#431);
#430 = CARTESIAN_POINT('',(-13.96836538461,76.,21.05937867243));
#431 = VECTOR('',#432,1.);
#432 = DIRECTION('',(0.,1.,1.110223024625E-16));
#433 = PCURVE('',#136,#434);
#434 = DEFINITIONAL_REPRESENTATION('',(#435),#438);
#435 = B_SPLINE_CURVE_WITH_KNOTS('',1,(#436,#437),.UNSPECIFIED.,.F.,.F.,
  (2,2),(-6.000000070117E-07,1.0000006),.PIECEWISE_BEZIER_KNOTS.);
#436 = CARTESIAN_POINT('',(3.07435476435,-6.000000071161E-07));
#437 = CARTESIAN_POINT('',(3.07435476435,1.0000006));
#438 = ( GEOMETRIC_REPRESENTATION_CONTEXT(2) 
PARAMETRIC_REPRESENTATION_CONTEXT() REPRESENTATION_CONTEXT('2D SPACE',''
  ) );
#439 = PCURVE('',#440,#445);
#440 = CYLINDRICAL_SURFACE('',#441,1.35);
#441 = AXIS2_PLACEMENT_3D('',#442,#443,#444);
#442 = CARTESIAN_POINT('',(-13.,69.,22.));
#443 = DIRECTION('',(0.,1.,1.110223024625E-16));
#444 = DIRECTION('',(1.,0.,0.));
#445 = DEFINITIONAL_REPRESENTATION('',(#446),#449);
#446 = B_SPLINE_CURVE_WITH_KNOTS('',1,(#447,#448),.UNSPECIFIED.,.F.,.F.,
  (2,2),(-6.000000070117E-07,1.0000006),.PIECEWISE_BEZIER_KNOTS.);
#447 = CARTESIAN_POINT('',(2.370726861609,6.9999994));
#448 = CARTESIAN_POINT('',(2.370726861609,8.0000006));
#449 = ( GEOMETRIC_REPRESENTATION_CONTEXT(2) 
PARAMETRIC_REPRESENTATION_CONTEXT() REPRESENTATION_CONTEXT('2D SPACE',''
  ) );
#450 = ORIENTED_EDGE('',*,*,#451,.T.);
#451 = EDGE_CURVE('',#426,#452,#454,.T.);
#452 = VERTEX_POINT('',#453);
#453 = CARTESIAN_POINT('',(-13.96836538461,77.,22.94062132757));
#454 = SURFACE_CURVE('',#455,(#460,#467),.PCURVE_S1.);
#455 = CIRCLE('',#456,14.);
#456 = AXIS2_PLACEMENT_3D('',#457,#458,#459);
#457 = CARTESIAN_POINT('',(0.,77.,22.));
#458 = DIRECTION('',(0.,1.,1.110223024625E-16));
#459 = DIRECTION('',(1.,0.,-0.));
#460 = PCURVE('',#136,#461);
#461 = DEFINITIONAL_REPRESENTATION('',(#462),#466);
#462 = LINE('',#463,#464);
#463 = CARTESIAN_POINT('',(0.,1.));
#464 = VECTOR('',#465,1.);
#465 = DIRECTION('',(1.,0.));
#466 = ( GEOMETRIC_REPRESENTATION_CONTEXT(2) 
PARAMETRIC_REPRESENTATION_CONTEXT() REPRESENTATION_CONTEXT('2D SPACE',''
  ) );
#467 = PCURVE('',#468,#473);
#468 = PLANE('',#469);
#469 = AXIS2_PLACEMENT_3D('',#470,#471,#472);
#470 = CARTESIAN_POINT('',(-13.,77.,22.));
#471 = DIRECTION('',(0.,1.,1.110223024625E-16));
#472 = DIRECTION('',(1.,0.,0.));
#473 = DEFINITIONAL_REPRESENTATION('',(#474),#478);
#474 = CIRCLE('',#475,14.);
#475 = AXIS2_PLACEMENT_2D('',#476,#477);
#476 = CARTESIAN_POINT('',(13.,0.));
#477 = DIRECTION('',(1.,0.));
#478 = ( GEOMETRIC_REPRESENTATION_CONTEXT(2) 
PARAMETRIC_REPRESENTATION_CONTEXT() REPRESENTATION_CONTEXT('2D SPACE',''
  ) );
#479 = ORIENTED_EDGE('',*,*,#480,.F.);
#480 = EDGE_CURVE('',#481,#452,#483,.T.);
#481 = VERTEX_POINT('',#482);
#482 = CARTESIAN_POINT('',(-13.96836538461,76.,22.940621327569));
#483 = SURFACE_CURVE('',#484,(#488,#494),.PCURVE_S1.);
#484 = LINE('',#485,#486);
#485 = CARTESIAN_POINT('',(-13.96836538461,76.,22.94062132757));
#486 = VECTOR('',#487,1.);
#487 = DIRECTION('',(0.,1.,1.110223024625E-16));
#488 = PCURVE('',#136,#489);
#489 = DEFINITIONAL_REPRESENTATION('',(#490),#493);
#490 = B_SPLINE_CURVE_WITH_KNOTS('',1,(#491,#492),.UNSPECIFIED.,.F.,.F.,
  (2,2),(-6.000000070117E-07,1.0000006),.PIECEWISE_BEZIER_KNOTS.);
#491 = CARTESIAN_POINT('',(3.208830542829,-6.000000069072E-07));
#492 = CARTESIAN_POINT('',(3.208830542829,1.0000006));
#493 = ( GEOMETRIC_REPRESENTATION_CONTEXT(2) 
PARAMETRIC_REPRESENTATION_CONTEXT() REPRESENTATION_CONTEXT('2D SPACE',''
  ) );
#494 = PCURVE('',#440,#495);
#495 = DEFINITIONAL_REPRESENTATION('',(#496),#499);
#496 = B_SPLINE_CURVE_WITH_KNOTS('',1,(#497,#498),.UNSPECIFIED.,.F.,.F.,
  (2,2),(-6.000000070117E-07,1.0000006),.PIECEWISE_BEZIER_KNOTS.);
#497 = CARTESIAN_POINT('',(3.912458445571,6.9999994));
#498 = CARTESIAN_POINT('',(3.912458445571,8.0000006));
#499 = ( GEOMETRIC_REPRESENTATION_CONTEXT(2) 
PARAMETRIC_REPRESENTATION_CONTEXT() REPRESENTATION_CONTEXT('2D SPACE',''
  ) );
#500 = ORIENTED_EDGE('',*,*,#501,.T.);
#501 = EDGE_CURVE('',#481,#502,#504,.T.);
#502 = VERTEX_POINT('',#503);
#503 = CARTESIAN_POINT('',(-0.94062132757,76.,35.968365384615));
#504 = SURFACE_CURVE('',#505,(#510,#517),.PCURVE_S1.);
#505 = CIRCLE('',#506,14.);
#506 = AXIS2_PLACEMENT_3D('',#507,#508,#509);
#507 = CARTESIAN_POINT('',(0.,76.,22.));
#508 = DIRECTION('',(-0.,1.,1.110223024625E-16));
#509 = DIRECTION('',(1.,0.,0.));
#510 = PCURVE('',#136,#511);
#511 = DEFINITIONAL_REPRESENTATION('',(#512),#516);
#512 = LINE('',#513,#514);
#513 = CARTESIAN_POINT('',(0.,0.));
#514 = VECTOR('',#515,1.);
#515 = DIRECTION('',(1.,0.));
#516 = ( GEOMETRIC_REPRESENTATION_CONTEXT(2) 
PARAMETRIC_REPRESENTATION_CONTEXT() REPRESENTATION_CONTEXT('2D SPACE',''
  ) );
#517 = PCURVE('',#413,#518);
#518 = DEFINITIONAL_REPRESENTATION('',(#519),#523);
#519 = CIRCLE('',#520,14.);
#520 = AXIS2_PLACEMENT_2D('',#521,#522);
#521 = CARTESIAN_POINT('',(0.,0.));
#522 = DIRECTION('',(1.,0.));
#523 = ( GEOMETRIC_REPRESENTATION_CONTEXT(2) 
PARAMETRIC_REPRESENTATION_CONTEXT() REPRESENTATION_CONTEXT('2D SPACE',''
  ) );
#524 = ORIENTED_EDGE('',*,*,#525,.T.);
#525 = EDGE_CURVE('',#502,#526,#528,.T.);
#526 = VERTEX_POINT('',#527);
#527 = CARTESIAN_POINT('',(-0.94062132757,77.,35.968365384615));
#528 = SURFACE_CURVE('',#529,(#533,#539),.PCURVE_S1.);
#529 = LINE('',#530,#531);
#530 = CARTESIAN_POINT('',(-0.94062132757,76.,35.968365384615));
#531 = VECTOR('',#532,1.);
#532 = DIRECTION('',(0.,1.,1.110223024625E-16));
#533 = PCURVE('',#136,#534);
#534 = DEFINITIONAL_REPRESENTATION('',(#535),#538);
#535 = B_SPLINE_CURVE_WITH_KNOTS('',1,(#536,#537),.UNSPECIFIED.,.F.,.F.,
  (2,2),(-6.000000070117E-07,1.0000006),.PIECEWISE_BEZIER_KNOTS.);
#536 = CARTESIAN_POINT('',(4.645151091145,-6.000000054609E-07));
#537 = CARTESIAN_POINT('',(4.645151091145,1.0000006));
#538 = ( GEOMETRIC_REPRESENTATION_CONTEXT(2) 
PARAMETRIC_REPRESENTATION_CONTEXT() REPRESENTATION_CONTEXT('2D SPACE',''
  ) );
#539 = PCURVE('',#540,#545);
#540 = CYLINDRICAL_SURFACE('',#541,1.35);
#541 = AXIS2_PLACEMENT_3D('',#542,#543,#544);
#542 = CARTESIAN_POINT('',(7.960204194458E-16,69.,35.));
#543 = DIRECTION('',(0.,1.,1.110223024625E-16));
#544 = DIRECTION('',(1.,0.,0.));
#545 = DEFINITIONAL_REPRESENTATION('',(#546),#549);
#546 = B_SPLINE_CURVE_WITH_KNOTS('',1,(#547,#548),.UNSPECIFIED.,.F.,.F.,
  (2,2),(-6.000000070117E-07,1.0000006),.PIECEWISE_BEZIER_KNOTS.);
#547 = CARTESIAN_POINT('',(3.941523188404,6.9999994));
#548 = CARTESIAN_POINT('',(3.941523188404,8.0000006));
#549 = ( GEOMETRIC_REPRESENTATION_CONTEXT(2) 
PARAMETRIC_REPRESENTATION_CONTEXT() REPRESENTATION_CONTEXT('2D SPACE',''
  ) );
#550 = ORIENTED_EDGE('',*,*,#551,.T.);
#551 = EDGE_CURVE('',#526,#552,#554,.T.);
#552 = VERTEX_POINT('',#553);
#553 = CARTESIAN_POINT('',(0.94062132757,77.,35.968365384615));
#554 = SURFACE_CURVE('',#555,(#560,#567),.PCURVE_S1.);
#555 = CIRCLE('',#556,14.);
#556 = AXIS2_PLACEMENT_3D('',#557,#558,#559);
#557 = CARTESIAN_POINT('',(0.,77.,22.));
#558 = DIRECTION('',(0.,1.,1.110223024625E-16));
#559 = DIRECTION('',(1.,0.,-0.));
#560 = PCURVE('',#136,#561);
#561 = DEFINITIONAL_REPRESENTATION('',(#562),#566);
#562 = LINE('',#563,#564);
#563 = CARTESIAN_POINT('',(0.,1.));
#564 = VECTOR('',#565,1.);
#565 = DIRECTION('',(1.,0.));
#566 = ( GEOMETRIC_REPRESENTATION_CONTEXT(2) 
PARAMETRIC_REPRESENTATION_CONTEXT() REPRESENTATION_CONTEXT('2D SPACE',''
  ) );
#567 = PCURVE('',#568,#573);
#568 = PLANE('',#569);
#569 = AXIS2_PLACEMENT_3D('',#570,#571,#572);
#570 = CARTESIAN_POINT('',(7.960204194458E-16,77.,35.));
#571 = DIRECTION('',(0.,1.,1.110223024625E-16));
#572 = DIRECTION('',(1.,0.,0.));
#573 = DEFINITIONAL_REPRESENTATION('',(#574),#578);
#574 = CIRCLE('',#575,14.);
#575 = AXIS2_PLACEMENT_2D('',#576,#577);
#576 = CARTESIAN_POINT('',(-7.960204194458E-16,13.));
#577 = DIRECTION('',(1.,0.));
#578 = ( GEOMETRIC_REPRESENTATION_CONTEXT(2) 
PARAMETRIC_REPRESENTATION_CONTEXT() REPRESENTATION_CONTEXT('2D SPACE',''
  ) );
#579 = ORIENTED_EDGE('',*,*,#580,.F.);
#580 = EDGE_CURVE('',#581,#552,#583,.T.);
#581 = VERTEX_POINT('',#582);
#582 = CARTESIAN_POINT('',(0.94062132757,76.,35.968365384615));
#583 = SURFACE_CURVE('',#584,(#588,#594),.PCURVE_S1.);
#584 = LINE('',#585,#586);
#585 = CARTESIAN_POINT('',(0.94062132757,76.,35.968365384615));
#586 = VECTOR('',#587,1.);
#587 = DIRECTION('',(0.,1.,1.110223024625E-16));
#588 = PCURVE('',#136,#589);
#589 = DEFINITIONAL_REPRESENTATION('',(#590),#593);
#590 = B_SPLINE_CURVE_WITH_KNOTS('',1,(#591,#592),.UNSPECIFIED.,.F.,.F.,
  (2,2),(-6.000000070117E-07,1.0000006),.PIECEWISE_BEZIER_KNOTS.);
#591 = CARTESIAN_POINT('',(4.779626869624,-6.000000054609E-07));
#592 = CARTESIAN_POINT('',(4.779626869624,1.0000006));
#593 = ( GEOMETRIC_REPRESENTATION_CONTEXT(2) 
PARAMETRIC_REPRESENTATION_CONTEXT() REPRESENTATION_CONTEXT('2D SPACE',''
  ) );
#594 = PCURVE('',#540,#595);
#595 = DEFINITIONAL_REPRESENTATION('',(#596),#599);
#596 = B_SPLINE_CURVE_WITH_KNOTS('',1,(#597,#598),.UNSPECIFIED.,.F.,.F.,
  (2,2),(-6.000000070117E-07,1.0000006),.PIECEWISE_BEZIER_KNOTS.);
#597 = CARTESIAN_POINT('',(5.483254772366,6.9999994));
#598 = CARTESIAN_POINT('',(5.483254772366,8.0000006));
#599 = ( GEOMETRIC_REPRESENTATION_CONTEXT(2) 
PARAMETRIC_REPRESENTATION_CONTEXT() REPRESENTATION_CONTEXT('2D SPACE',''
  ) );
#600 = ORIENTED_EDGE('',*,*,#601,.T.);
#601 = EDGE_CURVE('',#581,#602,#604,.T.);
#602 = VERTEX_POINT('',#603);
#603 = CARTESIAN_POINT('',(13.968365384615,76.,22.940621327569));
#604 = SURFACE_CURVE('',#605,(#610,#617),.PCURVE_S1.);
#605 = CIRCLE('',#606,14.);
#606 = AXIS2_PLACEMENT_3D('',#607,#608,#609);
#607 = CARTESIAN_POINT('',(0.,76.,22.));
#608 = DIRECTION('',(-0.,1.,1.110223024625E-16));
#609 = DIRECTION('',(1.,0.,0.));
#610 = PCURVE('',#136,#611);
#611 = DEFINITIONAL_REPRESENTATION('',(#612),#616);
#612 = LINE('',#613,#614);
#613 = CARTESIAN_POINT('',(0.,0.));
#614 = VECTOR('',#615,1.);
#615 = DIRECTION('',(1.,0.));
#616 = ( GEOMETRIC_REPRESENTATION_CONTEXT(2) 
PARAMETRIC_REPRESENTATION_CONTEXT() REPRESENTATION_CONTEXT('2D SPACE',''
  ) );
#617 = PCURVE('',#413,#618);
#618 = DEFINITIONAL_REPRESENTATION('',(#619),#623);
#619 = CIRCLE('',#620,14.);
#620 = AXIS2_PLACEMENT_2D('',#621,#622);
#621 = CARTESIAN_POINT('',(0.,0.));
#622 = DIRECTION('',(1.,0.));
#623 = ( GEOMETRIC_REPRESENTATION_CONTEXT(2) 
PARAMETRIC_REPRESENTATION_CONTEXT() REPRESENTATION_CONTEXT('2D SPACE',''
  ) );
#624 = ORIENTED_EDGE('',*,*,#625,.T.);
#625 = EDGE_CURVE('',#602,#626,#628,.T.);
#626 = VERTEX_POINT('',#627);
#627 = CARTESIAN_POINT('',(13.968365384615,77.,22.94062132757));
#628 = SURFACE_CURVE('',#629,(#633,#639),.PCURVE_S1.);
#629 = LINE('',#630,#631);
#630 = CARTESIAN_POINT('',(13.968365384615,76.,22.94062132757));
#631 = VECTOR('',#632,1.);
#632 = DIRECTION('',(0.,1.,1.110223024625E-16));
#633 = PCURVE('',#136,#634);
#634 = DEFINITIONAL_REPRESENTATION('',(#635),#638);
#635 = B_SPLINE_CURVE_WITH_KNOTS('',1,(#636,#637),.UNSPECIFIED.,.F.,.F.,
  (2,2),(-6.000000070117E-07,1.0000006),.PIECEWISE_BEZIER_KNOTS.);
#636 = CARTESIAN_POINT('',(6.21594741794,-6.000000069072E-07));
#637 = CARTESIAN_POINT('',(6.21594741794,1.0000006));
#638 = ( GEOMETRIC_REPRESENTATION_CONTEXT(2) 
PARAMETRIC_REPRESENTATION_CONTEXT() REPRESENTATION_CONTEXT('2D SPACE',''
  ) );
#639 = PCURVE('',#640,#645);
#640 = CYLINDRICAL_SURFACE('',#641,1.35);
#641 = AXIS2_PLACEMENT_3D('',#642,#643,#644);
#642 = CARTESIAN_POINT('',(13.,69.,22.));
#643 = DIRECTION('',(0.,1.,1.110223024625E-16));
#644 = DIRECTION('',(1.,0.,0.));
#645 = DEFINITIONAL_REPRESENTATION('',(#646),#649);
#646 = B_SPLINE_CURVE_WITH_KNOTS('',1,(#647,#648),.UNSPECIFIED.,.F.,.F.,
  (2,2),(-6.000000070117E-07,1.0000006),.PIECEWISE_BEZIER_KNOTS.);
#647 = CARTESIAN_POINT('',(5.512319515199,6.9999994));
#648 = CARTESIAN_POINT('',(5.512319515199,8.0000006));
#649 = ( GEOMETRIC_REPRESENTATION_CONTEXT(2) 
PARAMETRIC_REPRESENTATION_CONTEXT() REPRESENTATION_CONTEXT('2D SPACE',''
  ) );
#650 = ORIENTED_EDGE('',*,*,#651,.T.);
#651 = EDGE_CURVE('',#626,#652,#654,.T.);
#652 = VERTEX_POINT('',#653);
#653 = CARTESIAN_POINT('',(14.,77.,22.));
#654 = SURFACE_CURVE('',#655,(#660,#667),.PCURVE_S1.);
#655 = CIRCLE('',#656,14.);
#656 = AXIS2_PLACEMENT_3D('',#657,#658,#659);
#657 = CARTESIAN_POINT('',(0.,77.,22.));
#658 = DIRECTION('',(0.,1.,1.110223024625E-16));
#659 = DIRECTION('',(1.,0.,-0.));
#660 = PCURVE('',#136,#661);
#661 = DEFINITIONAL_REPRESENTATION('',(#662),#666);
#662 = LINE('',#663,#664);
#663 = CARTESIAN_POINT('',(0.,1.));
#664 = VECTOR('',#665,1.);
#665 = DIRECTION('',(1.,0.));
#666 = ( GEOMETRIC_REPRESENTATION_CONTEXT(2) 
PARAMETRIC_REPRESENTATION_CONTEXT() REPRESENTATION_CONTEXT('2D SPACE',''
  ) );
#667 = PCURVE('',#668,#673);
#668 = PLANE('',#669);
#669 = AXIS2_PLACEMENT_3D('',#670,#671,#672);
#670 = CARTESIAN_POINT('',(13.,77.,22.));
#671 = DIRECTION('',(0.,1.,1.110223024625E-16));
#672 = DIRECTION('',(1.,0.,0.));
#673 = DEFINITIONAL_REPRESENTATION('',(#674),#678);
#674 = CIRCLE('',#675,14.);
#675 = AXIS2_PLACEMENT_2D('',#676,#677);
#676 = CARTESIAN_POINT('',(-13.,0.));
#677 = DIRECTION('',(1.,0.));
#678 = ( GEOMETRIC_REPRESENTATION_CONTEXT(2) 
PARAMETRIC_REPRESENTATION_CONTEXT() REPRESENTATION_CONTEXT('2D SPACE',''
  ) );
#679 = ORIENTED_EDGE('',*,*,#680,.T.);
#680 = EDGE_CURVE('',#652,#120,#681,.T.);
#681 = SEAM_CURVE('',#682,(#686,#693),.PCURVE_S1.);
#682 = LINE('',#683,#684);
#683 = CARTESIAN_POINT('',(14.,76.,22.));
#684 = VECTOR('',#685,1.);
#685 = DIRECTION('',(0.,1.,1.110223024625E-16));
#686 = PCURVE('',#136,#687);
#687 = DEFINITIONAL_REPRESENTATION('',(#688),#692);
#688 = LINE('',#689,#690);
#689 = CARTESIAN_POINT('',(0.,-0.));
#690 = VECTOR('',#691,1.);
#691 = DIRECTION('',(0.,1.));
#692 = ( GEOMETRIC_REPRESENTATION_CONTEXT(2) 
PARAMETRIC_REPRESENTATION_CONTEXT() REPRESENTATION_CONTEXT('2D SPACE',''
  ) );
#693 = PCURVE('',#136,#694);
#694 = DEFINITIONAL_REPRESENTATION('',(#695),#699);
#695 = LINE('',#696,#697);
#696 = CARTESIAN_POINT('',(6.28318530718,-0.));
#697 = VECTOR('',#698,1.);
#698 = DIRECTION('',(0.,1.));
#699 = ( GEOMETRIC_REPRESENTATION_CONTEXT(2) 
PARAMETRIC_REPRESENTATION_CONTEXT() REPRESENTATION_CONTEXT('2D SPACE',''
  ) );
#700 = ORIENTED_EDGE('',*,*,#119,.F.);
#701 = ORIENTED_EDGE('',*,*,#680,.F.);
#702 = ORIENTED_EDGE('',*,*,#703,.T.);
#703 = EDGE_CURVE('',#652,#704,#706,.T.);
#704 = VERTEX_POINT('',#705);
#705 = CARTESIAN_POINT('',(13.968365384615,77.,21.05937867243));
#706 = SURFACE_CURVE('',#707,(#712,#719),.PCURVE_S1.);
#707 = CIRCLE('',#708,14.);
#708 = AXIS2_PLACEMENT_3D('',#709,#710,#711);
#709 = CARTESIAN_POINT('',(0.,77.,22.));
#710 = DIRECTION('',(0.,1.,1.110223024625E-16));
#711 = DIRECTION('',(1.,0.,-0.));
#712 = PCURVE('',#136,#713);
#713 = DEFINITIONAL_REPRESENTATION('',(#714),#718);
#714 = LINE('',#715,#716);
#715 = CARTESIAN_POINT('',(0.,1.));
#716 = VECTOR('',#717,1.);
#717 = DIRECTION('',(1.,0.));
#718 = ( GEOMETRIC_REPRESENTATION_CONTEXT(2) 
PARAMETRIC_REPRESENTATION_CONTEXT() REPRESENTATION_CONTEXT('2D SPACE',''
  ) );
#719 = PCURVE('',#668,#720);
#720 = DEFINITIONAL_REPRESENTATION('',(#721),#725);
#721 = CIRCLE('',#722,14.);
#722 = AXIS2_PLACEMENT_2D('',#723,#724);
#723 = CARTESIAN_POINT('',(-13.,0.));
#724 = DIRECTION('',(1.,0.));
#725 = ( GEOMETRIC_REPRESENTATION_CONTEXT(2) 
PARAMETRIC_REPRESENTATION_CONTEXT() REPRESENTATION_CONTEXT('2D SPACE',''
  ) );
#726 = ORIENTED_EDGE('',*,*,#727,.F.);
#727 = EDGE_CURVE('',#728,#704,#730,.T.);
#728 = VERTEX_POINT('',#729);
#729 = CARTESIAN_POINT('',(13.968365384615,76.,21.059378672431));
#730 = SURFACE_CURVE('',#731,(#735,#741),.PCURVE_S1.);
#731 = LINE('',#732,#733);
#732 = CARTESIAN_POINT('',(13.968365384615,76.,21.05937867243));
#733 = VECTOR('',#734,1.);
#734 = DIRECTION('',(0.,1.,1.110223024625E-16));
#735 = PCURVE('',#136,#736);
#736 = DEFINITIONAL_REPRESENTATION('',(#737),#740);
#737 = B_SPLINE_CURVE_WITH_KNOTS('',1,(#738,#739),.UNSPECIFIED.,.F.,.F.,
  (2,2),(-6.000000070117E-07,1.0000006),.PIECEWISE_BEZIER_KNOTS.);
#738 = CARTESIAN_POINT('',(6.723788923968E-02,-6.000000071161E-07));
#739 = CARTESIAN_POINT('',(6.723788923968E-02,1.0000006));
#740 = ( GEOMETRIC_REPRESENTATION_CONTEXT(2) 
PARAMETRIC_REPRESENTATION_CONTEXT() REPRESENTATION_CONTEXT('2D SPACE',''
  ) );
#741 = PCURVE('',#640,#742);
#742 = DEFINITIONAL_REPRESENTATION('',(#743),#746);
#743 = B_SPLINE_CURVE_WITH_KNOTS('',1,(#744,#745),.UNSPECIFIED.,.F.,.F.,
  (2,2),(-6.000000070117E-07,1.0000006),.PIECEWISE_BEZIER_KNOTS.);
#744 = CARTESIAN_POINT('',(0.770865791981,6.9999994));
#745 = CARTESIAN_POINT('',(0.770865791981,8.0000006));
#746 = ( GEOMETRIC_REPRESENTATION_CONTEXT(2) 
PARAMETRIC_REPRESENTATION_CONTEXT() REPRESENTATION_CONTEXT('2D SPACE',''
  ) );
#747 = ORIENTED_EDGE('',*,*,#748,.T.);
#748 = EDGE_CURVE('',#728,#749,#751,.T.);
#749 = VERTEX_POINT('',#750);
#750 = CARTESIAN_POINT('',(13.257073583563,76.,17.5));
#751 = SURFACE_CURVE('',#752,(#757,#764),.PCURVE_S1.);
#752 = CIRCLE('',#753,14.);
#753 = AXIS2_PLACEMENT_3D('',#754,#755,#756);
#754 = CARTESIAN_POINT('',(0.,76.,22.));
#755 = DIRECTION('',(-0.,1.,1.110223024625E-16));
#756 = DIRECTION('',(1.,0.,0.));
#757 = PCURVE('',#136,#758);
#758 = DEFINITIONAL_REPRESENTATION('',(#759),#763);
#759 = LINE('',#760,#761);
#760 = CARTESIAN_POINT('',(0.,0.));
#761 = VECTOR('',#762,1.);
#762 = DIRECTION('',(1.,0.));
#763 = ( GEOMETRIC_REPRESENTATION_CONTEXT(2) 
PARAMETRIC_REPRESENTATION_CONTEXT() REPRESENTATION_CONTEXT('2D SPACE',''
  ) );
#764 = PCURVE('',#413,#765);
#765 = DEFINITIONAL_REPRESENTATION('',(#766),#770);
#766 = CIRCLE('',#767,14.);
#767 = AXIS2_PLACEMENT_2D('',#768,#769);
#768 = CARTESIAN_POINT('',(0.,0.));
#769 = DIRECTION('',(1.,0.));
#770 = ( GEOMETRIC_REPRESENTATION_CONTEXT(2) 
PARAMETRIC_REPRESENTATION_CONTEXT() REPRESENTATION_CONTEXT('2D SPACE',''
  ) );
#771 = ORIENTED_EDGE('',*,*,#772,.T.);
#772 = EDGE_CURVE('',#749,#773,#775,.T.);
#773 = VERTEX_POINT('',#774);
#774 = CARTESIAN_POINT('',(13.257073585799,80.935426519493,17.5));
#775 = SURFACE_CURVE('',#776,(#780,#786),.PCURVE_S1.);
#776 = LINE('',#777,#778);
#777 = CARTESIAN_POINT('',(13.257073583563,76.,17.5));
#778 = VECTOR('',#779,1.);
#779 = DIRECTION('',(0.,1.,1.110223024625E-16));
#780 = PCURVE('',#136,#781);
#781 = DEFINITIONAL_REPRESENTATION('',(#782),#785);
#782 = B_SPLINE_CURVE_WITH_KNOTS('',1,(#783,#784),.UNSPECIFIED.,.F.,.F.,
  (2,2),(-6.000000070117E-07,62.),.PIECEWISE_BEZIER_KNOTS.);
#783 = CARTESIAN_POINT('',(0.327237730359,-6.000000075113E-07));
#784 = CARTESIAN_POINT('',(0.327237730359,62.));
#785 = ( GEOMETRIC_REPRESENTATION_CONTEXT(2) 
PARAMETRIC_REPRESENTATION_CONTEXT() REPRESENTATION_CONTEXT('2D SPACE',''
  ) );
#786 = PCURVE('',#787,#792);
#787 = PLANE('',#788);
#788 = AXIS2_PLACEMENT_3D('',#789,#790,#791);
#789 = CARTESIAN_POINT('',(-14.,72.,17.5));
#790 = DIRECTION('',(0.,0.,1.));
#791 = DIRECTION('',(1.,0.,-0.));
#792 = DEFINITIONAL_REPRESENTATION('',(#793),#796);
#793 = B_SPLINE_CURVE_WITH_KNOTS('',1,(#794,#795),.UNSPECIFIED.,.F.,.F.,
  (2,2),(-6.000000070117E-07,62.),.PIECEWISE_BEZIER_KNOTS.);
#794 = CARTESIAN_POINT('',(27.257073583563,3.9999994));
#795 = CARTESIAN_POINT('',(27.257073583563,66.));
#796 = ( GEOMETRIC_REPRESENTATION_CONTEXT(2) 
PARAMETRIC_REPRESENTATION_CONTEXT() REPRESENTATION_CONTEXT('2D SPACE',''
  ) );
#797 = ORIENTED_EDGE('',*,*,#798,.F.);
#798 = EDGE_CURVE('',#799,#773,#801,.T.);
#799 = VERTEX_POINT('',#800);
#800 = CARTESIAN_POINT('',(13.821662665559,85.989477199929,
    19.772525834158));
#801 = SURFACE_CURVE('',#802,(#840,#881),.PCURVE_S1.);
#802 = B_SPLINE_CURVE_WITH_KNOTS('',8,(#803,#804,#805,#806,#807,#808,
    #809,#810,#811,#812,#813,#814,#815,#816,#817,#818,#819,#820,#821,
    #822,#823,#824,#825,#826,#827,#828,#829,#830,#831,#832,#833,#834,
    #835,#836,#837,#838,#839),.UNSPECIFIED.,.F.,.F.,(9,7,7,7,7,9),(0.,
    6.481991445058E-02,0.186578644741,0.352478797771,0.522570231879,1.),
  .UNSPECIFIED.);
#803 = CARTESIAN_POINT('',(13.821662665559,85.989477199929,
    19.772525834158));
#804 = CARTESIAN_POINT('',(13.821662665559,85.901441721446,
    19.772525834158));
#805 = CARTESIAN_POINT('',(13.82066708255,85.813436281221,
    19.766348071598));
#806 = CARTESIAN_POINT('',(13.818930230249,85.725586577966,
    19.755571340682));
#807 = CARTESIAN_POINT('',(13.816574993082,85.638002733443,
    19.741053185574));
#808 = CARTESIAN_POINT('',(13.813698285402,85.550745685735,
    19.72347751471));
#809 = CARTESIAN_POINT('',(13.810360320363,85.463828034361,
    19.703306555483));
#810 = CARTESIAN_POINT('',(13.806607263431,85.377209152559,
    19.680903751594));
#811 = CARTESIAN_POINT('',(13.794692180436,85.128470283644,
    19.610727010593));
#812 = CARTESIAN_POINT('',(13.785568519182,84.967179941294,
    19.558043291182));
#813 = CARTESIAN_POINT('',(13.775319812622,84.806739044128,
    19.500342097483));
#814 = CARTESIAN_POINT('',(13.764036527443,84.647087530298,
    19.438590284497));
#815 = CARTESIAN_POINT('',(13.751789437812,84.488160213196,
    19.373548974257));
#816 = CARTESIAN_POINT('',(13.738614969575,84.329895419029,
    19.305718291217));
#817 = CARTESIAN_POINT('',(13.724538617034,84.172208343012,
    19.235493370651));
#818 = CARTESIAN_POINT('',(13.689174027469,83.800778922396,
    19.064587658435));
#819 = CARTESIAN_POINT('',(13.667131729667,83.587547168813,
    18.962145858359));
#820 = CARTESIAN_POINT('',(13.643482256606,83.375150534756,
    18.856604160064));
#821 = CARTESIAN_POINT('',(13.618237370377,83.163502156802,
    18.748467429755));
#822 = CARTESIAN_POINT('',(13.591397873884,82.952537708568,
    18.638111137262));
#823 = CARTESIAN_POINT('',(13.562957881803,82.742202923977,
    18.525829607382));
#824 = CARTESIAN_POINT('',(13.532904265847,82.532450983889,
    18.411846230513));
#825 = CARTESIAN_POINT('',(13.468733091076,82.108734703995,
    18.17791833454));
#826 = CARTESIAN_POINT('',(13.434533826384,81.894809764551,
    18.057902431452));
#827 = CARTESIAN_POINT('',(13.398603306969,81.681422103604,
    17.936492129975));
#828 = CARTESIAN_POINT('',(13.360919746749,81.468545099641,
    17.813841109481));
#829 = CARTESIAN_POINT('',(13.321458172079,81.256160293448,
    17.690071751685));
#830 = CARTESIAN_POINT('',(13.280190762044,81.044254661692,
    17.565284564395));
#831 = CARTESIAN_POINT('',(13.237086755212,80.832819097658,
    17.439563500095));
#832 = CARTESIAN_POINT('',(13.065872033699,80.029673452382,
    16.957661906984));
#833 = CARTESIAN_POINT('',(12.924920568291,79.441291575921,
    16.595610065521));
#834 = CARTESIAN_POINT('',(12.768490141822,78.856456948797,
    16.228281809427));
#835 = CARTESIAN_POINT('',(12.595619885997,78.275324174022,
    15.85636620863));
#836 = CARTESIAN_POINT('',(12.405169067414,77.69827347939,
    15.480324457494));
#837 = CARTESIAN_POINT('',(12.195619071911,77.125980814448,
    15.10029893503));
#838 = CARTESIAN_POINT('',(11.965061400553,76.559384700726,
    14.716222864487));
#839 = CARTESIAN_POINT('',(11.710292411264,75.9999994,14.327382999087));
#840 = PCURVE('',#136,#841);
#841 = DEFINITIONAL_REPRESENTATION('',(#842),#880);
#842 = B_SPLINE_CURVE_WITH_KNOTS('',8,(#843,#844,#845,#846,#847,#848,
    #849,#850,#851,#852,#853,#854,#855,#856,#857,#858,#859,#860,#861,
    #862,#863,#864,#865,#866,#867,#868,#869,#870,#871,#872,#873,#874,
    #875,#876,#877,#878,#879),.UNSPECIFIED.,.F.,.F.,(9,7,7,7,7,9),(0.,
    6.481991445058E-02,0.186578644741,0.352478797771,0.522570231879,1.),
  .UNSPECIFIED.);
#843 = CARTESIAN_POINT('',(0.159784340086,9.989477199929));
#844 = CARTESIAN_POINT('',(0.159784340086,9.901441721446));
#845 = CARTESIAN_POINT('',(0.160231302248,9.813436281222));
#846 = CARTESIAN_POINT('',(0.161011001968,9.725586577963));
#847 = CARTESIAN_POINT('',(0.162061569447,9.638002733447));
#848 = CARTESIAN_POINT('',(0.163333676278,9.550745685731));
#849 = CARTESIAN_POINT('',(0.164794049263,9.463828034362));
#850 = CARTESIAN_POINT('',(0.166416545081,9.377209152559));
#851 = CARTESIAN_POINT('',(0.17150090695,9.128470283644));
#852 = CARTESIAN_POINT('',(0.175320021387,8.967179941296));
#853 = CARTESIAN_POINT('',(0.179505977342,8.806739044121));
#854 = CARTESIAN_POINT('',(0.183989733201,8.647087530309));
#855 = CARTESIAN_POINT('',(0.188717038724,8.488160213188));
#856 = CARTESIAN_POINT('',(0.193652484152,8.329895419032));
#857 = CARTESIAN_POINT('',(0.198768228517,8.172208343012));
#858 = CARTESIAN_POINT('',(0.211234390198,7.800778922396));
#859 = CARTESIAN_POINT('',(0.218718898403,7.587547168813));
#860 = CARTESIAN_POINT('',(0.226444062807,7.375150534755));
#861 = CARTESIAN_POINT('',(0.234375160092,7.163502156802));
#862 = CARTESIAN_POINT('',(0.242486818677,6.952537708569));
#863 = CARTESIAN_POINT('',(0.250759555679,6.742202923977));
#864 = CARTESIAN_POINT('',(0.259179060195,6.532450983889));
#865 = CARTESIAN_POINT('',(0.276505488072,6.108734703995));
#866 = CARTESIAN_POINT('',(0.285418872579,5.894809764551));
#867 = CARTESIAN_POINT('',(0.294462051397,5.681422103604));
#868 = CARTESIAN_POINT('',(0.303626017413,5.468545099641));
#869 = CARTESIAN_POINT('',(0.312904100752,5.256160293448));
#870 = CARTESIAN_POINT('',(0.322291303841,5.044254661692));
#871 = CARTESIAN_POINT('',(0.331783935358,4.832819097658));
#872 = CARTESIAN_POINT('',(0.368313461178,4.029673452382));
#873 = CARTESIAN_POINT('',(0.396052606047,3.44129157592));
#874 = CARTESIAN_POINT('',(0.424546775196,2.856456948799));
#875 = CARTESIAN_POINT('',(0.453809989214,2.275324174019));
#876 = CARTESIAN_POINT('',(0.483882566078,1.698273479392));
#877 = CARTESIAN_POINT('',(0.514846531755,1.125980814448));
#878 = CARTESIAN_POINT('',(0.546819105096,0.559384700725));
#879 = CARTESIAN_POINT('',(0.58002407144,-6.E-07));
#880 = ( GEOMETRIC_REPRESENTATION_CONTEXT(2) 
PARAMETRIC_REPRESENTATION_CONTEXT() REPRESENTATION_CONTEXT('2D SPACE',''
  ) );
#881 = PCURVE('',#882,#910);
#882 = B_SPLINE_SURFACE_WITH_KNOTS('',8,2,(
    (#883,#884,#885)
    ,(#886,#887,#888)
    ,(#889,#890,#891)
    ,(#892,#893,#894)
    ,(#895,#896,#897)
    ,(#898,#899,#900)
    ,(#901,#902,#903)
    ,(#904,#905,#906)
    ,(#907,#908,#909
    )),.UNSPECIFIED.,.F.,.F.,.F.,(9,9),(3,3),(3.,4.),(0.,1.),
  .PIECEWISE_BEZIER_KNOTS.);
#883 = CARTESIAN_POINT('',(10.,72.,11.2));
#884 = CARTESIAN_POINT('',(9.78287463056,78.90662256564,16.891479146052)
  );
#885 = CARTESIAN_POINT('',(6.5,82.,22.8));
#886 = CARTESIAN_POINT('',(10.785398163397,72.,11.2));
#887 = CARTESIAN_POINT('',(10.660919686463,78.90662256564,
    16.891479146052));
#888 = CARTESIAN_POINT('',(7.874446785945,82.,22.8));
#889 = CARTESIAN_POINT('',(11.570796574017,72.176243155845,11.2));
#890 = CARTESIAN_POINT('',(11.538965018751,79.103655661511,
    16.891479146052));
#891 = CARTESIAN_POINT('',(9.24889400453,82.308425522728,22.8));
#892 = CARTESIAN_POINT('',(12.31005293734,72.528727736514,11.2));
#893 = CARTESIAN_POINT('',(12.36542530999,79.497719918041,
    16.891479146052));
#894 = CARTESIAN_POINT('',(10.542592640345,82.9252735389,22.8));
#895 = CARTESIAN_POINT('',(12.95703502312,73.04296497688,11.2));
#896 = CARTESIAN_POINT('',(13.08872649422,80.07261745092,16.891479146052
    ));
#897 = CARTESIAN_POINT('',(11.67481129046,83.82518870954,22.8));
#898 = CARTESIAN_POINT('',(13.471272263486,73.68994706266,11.2));
#899 = CARTESIAN_POINT('',(13.663624027098,80.795918635149,
    16.891479146052));
#900 = CARTESIAN_POINT('',(12.5747264611,84.957407359655,22.8));
#901 = CARTESIAN_POINT('',(13.823756844155,74.429203425983,11.2));
#902 = CARTESIAN_POINT('',(14.057688283628,81.622378926389,
    16.891479146052));
#903 = CARTESIAN_POINT('',(13.191574477272,86.25110599547,22.8));
#904 = CARTESIAN_POINT('',(14.,75.214601836603,11.2));
#905 = CARTESIAN_POINT('',(14.2547213795,82.500424258677,16.891479146052
    ));
#906 = CARTESIAN_POINT('',(13.5,87.625553214055,22.8));
#907 = CARTESIAN_POINT('',(14.,76.,11.2));
#908 = CARTESIAN_POINT('',(14.2547213795,83.37846931458,16.891479146052)
  );
#909 = CARTESIAN_POINT('',(13.5,89.,22.8));
#910 = DEFINITIONAL_REPRESENTATION('',(#911),#949);
#911 = B_SPLINE_CURVE_WITH_KNOTS('',8,(#912,#913,#914,#915,#916,#917,
    #918,#919,#920,#921,#922,#923,#924,#925,#926,#927,#928,#929,#930,
    #931,#932,#933,#934,#935,#936,#937,#938,#939,#940,#941,#942,#943,
    #944,#945,#946,#947,#948),.UNSPECIFIED.,.F.,.F.,(9,7,7,7,7,9),(0.,
    6.481991445058E-02,0.186578644741,0.352478797771,0.522570231879,1.),
  .UNSPECIFIED.);
#912 = CARTESIAN_POINT('',(4.,0.742587383799));
#913 = CARTESIAN_POINT('',(3.990394508511,0.742587383799));
#914 = CARTESIAN_POINT('',(3.981491807924,0.742059609176));
#915 = CARTESIAN_POINT('',(3.97310967452,0.741138938026));
#916 = CARTESIAN_POINT('',(3.965156796366,0.739898575667));
#917 = CARTESIAN_POINT('',(3.95755802836,0.73839690084));
#918 = CARTESIAN_POINT('',(3.950260602585,0.736673350325));
#919 = CARTESIAN_POINT('',(3.943217533057,0.734758928578));
#920 = CARTESIAN_POINT('',(3.923561276546,0.728761429388));
#921 = CARTESIAN_POINT('',(3.911514412172,0.72425828295));
#922 = CARTESIAN_POINT('',(3.90001135756,0.719325337396));
#923 = CARTESIAN_POINT('',(3.888937629885,0.714044957479));
#924 = CARTESIAN_POINT('',(3.87820118601,0.708481982328));
#925 = CARTESIAN_POINT('',(3.867740725558,0.702678983045));
#926 = CARTESIAN_POINT('',(3.8575035448,0.696669584428));
#927 = CARTESIAN_POINT('',(3.833744749589,0.682040606619));
#928 = CARTESIAN_POINT('',(3.820384652404,0.673268896177));
#929 = CARTESIAN_POINT('',(3.807265937665,0.664228402304));
#930 = CARTESIAN_POINT('',(3.794324130497,0.654962028197));
#931 = CARTESIAN_POINT('',(3.781510834619,0.64550166302));
#932 = CARTESIAN_POINT('',(3.768786951263,0.635872291453));
#933 = CARTESIAN_POINT('',(3.756121321764,0.626092858277));
#934 = CARTESIAN_POINT('',(3.730532946746,0.60601395377));
#935 = CARTESIAN_POINT('',(3.717612526392,0.595708141161));
#936 = CARTESIAN_POINT('',(3.704697082936,0.585278029036));
#937 = CARTESIAN_POINT('',(3.69176376208,0.574736630527));
#938 = CARTESIAN_POINT('',(3.678793339294,0.564094297864));
#939 = CARTESIAN_POINT('',(3.665768867549,0.553359523675));
#940 = CARTESIAN_POINT('',(3.652674878337,0.542539392566));
#941 = CARTESIAN_POINT('',(3.602508521447,0.501045280314));
#942 = CARTESIAN_POINT('',(3.564868111012,0.469830841019));
#943 = CARTESIAN_POINT('',(3.526253746677,0.438119261633));
#944 = CARTESIAN_POINT('',(3.486417229724,0.405967837062));
#945 = CARTESIAN_POINT('',(3.445108682091,0.373414462811));
#946 = CARTESIAN_POINT('',(3.402037538617,0.340469600828));
#947 = CARTESIAN_POINT('',(3.356856563123,0.307125628699));
#948 = CARTESIAN_POINT('',(3.30897333363,0.273318173601));
#949 = ( GEOMETRIC_REPRESENTATION_CONTEXT(2) 
PARAMETRIC_REPRESENTATION_CONTEXT() REPRESENTATION_CONTEXT('2D SPACE',''
  ) );
#950 = ORIENTED_EDGE('',*,*,#951,.F.);
#951 = EDGE_CURVE('',#952,#799,#954,.T.);
#952 = VERTEX_POINT('',#953);
#953 = CARTESIAN_POINT('',(13.821662665559,123.97393260226,
    19.772525834158));
#954 = SURFACE_CURVE('',#955,(#961,#970),.PCURVE_S1.);
#955 = B_SPLINE_CURVE_WITH_KNOTS('',4,(#956,#957,#958,#959,#960),
  .UNSPECIFIED.,.F.,.F.,(5,5),(0.,1.),.PIECEWISE_BEZIER_KNOTS.);
#956 = CARTESIAN_POINT('',(13.821662665559,123.97393260226,
    19.772525834158));
#957 = CARTESIAN_POINT('',(13.821662665559,114.47781875168,
    19.772525834158));
#958 = CARTESIAN_POINT('',(13.821662665559,104.98170490109,
    19.772525834158));
#959 = CARTESIAN_POINT('',(13.821662665559,95.485591050513,
    19.772525834158));
#960 = CARTESIAN_POINT('',(13.821662665559,85.989477199929,
    19.772525834158));
#961 = PCURVE('',#136,#962);
#962 = DEFINITIONAL_REPRESENTATION('',(#963),#969);
#963 = B_SPLINE_CURVE_WITH_KNOTS('',4,(#964,#965,#966,#967,#968),
  .UNSPECIFIED.,.F.,.F.,(5,5),(0.,1.),.PIECEWISE_BEZIER_KNOTS.);
#964 = CARTESIAN_POINT('',(0.159784340086,47.973932602265));
#965 = CARTESIAN_POINT('',(0.159784340086,38.477818751681));
#966 = CARTESIAN_POINT('',(0.159784340086,28.981704901097));
#967 = CARTESIAN_POINT('',(0.159784340086,19.485591050513));
#968 = CARTESIAN_POINT('',(0.159784340086,9.989477199929));
#969 = ( GEOMETRIC_REPRESENTATION_CONTEXT(2) 
PARAMETRIC_REPRESENTATION_CONTEXT() REPRESENTATION_CONTEXT('2D SPACE',''
  ) );
#970 = PCURVE('',#971,#999);
#971 = B_SPLINE_SURFACE_WITH_KNOTS('',8,2,(
    (#972,#973,#974)
    ,(#975,#976,#977)
    ,(#978,#979,#980)
    ,(#981,#982,#983)
    ,(#984,#985,#986)
    ,(#987,#988,#989)
    ,(#990,#991,#992)
    ,(#993,#994,#995)
    ,(#996,#997,#998
    )),.UNSPECIFIED.,.F.,.F.,.F.,(9,9),(3,3),(4.,5.),(0.,1.),
  .PIECEWISE_BEZIER_KNOTS.);
#972 = CARTESIAN_POINT('',(14.,76.,11.2));
#973 = CARTESIAN_POINT('',(14.2547213795,83.37846931458,16.891479146052)
  );
#974 = CARTESIAN_POINT('',(13.5,89.,22.8));
#975 = CARTESIAN_POINT('',(14.,82.5,11.2));
#976 = CARTESIAN_POINT('',(14.2547213795,88.901879307897,16.891479146052
    ));
#977 = CARTESIAN_POINT('',(13.5,93.,22.8));
#978 = CARTESIAN_POINT('',(14.,89.,11.2));
#979 = CARTESIAN_POINT('',(14.2547213795,94.425289301215,16.891479146052
    ));
#980 = CARTESIAN_POINT('',(13.5,97.,22.8));
#981 = CARTESIAN_POINT('',(14.,95.5,11.2));
#982 = CARTESIAN_POINT('',(14.2547213795,99.948699294532,16.891479146052
    ));
#983 = CARTESIAN_POINT('',(13.5,101.,22.8));
#984 = CARTESIAN_POINT('',(14.,102.,11.2));
#985 = CARTESIAN_POINT('',(14.2547213795,105.47210928784,16.891479146052
    ));
#986 = CARTESIAN_POINT('',(13.5,105.,22.8));
#987 = CARTESIAN_POINT('',(14.,108.5,11.2));
#988 = CARTESIAN_POINT('',(14.2547213795,110.99551928116,16.891479146052
    ));
#989 = CARTESIAN_POINT('',(13.5,109.,22.8));
#990 = CARTESIAN_POINT('',(14.,115.,11.2));
#991 = CARTESIAN_POINT('',(14.2547213795,116.51892927448,16.891479146052
    ));
#992 = CARTESIAN_POINT('',(13.5,113.,22.8));
#993 = CARTESIAN_POINT('',(14.,121.5,11.2));
#994 = CARTESIAN_POINT('',(14.2547213795,122.0423392678,16.891479146052)
  );
#995 = CARTESIAN_POINT('',(13.5,117.,22.8));
#996 = CARTESIAN_POINT('',(14.,128.,11.2));
#997 = CARTESIAN_POINT('',(14.2547213795,127.56574926111,16.891479146052
    ));
#998 = CARTESIAN_POINT('',(13.5,121.,22.8));
#999 = DEFINITIONAL_REPRESENTATION('',(#1000),#1006);
#1000 = B_SPLINE_CURVE_WITH_KNOTS('',4,(#1001,#1002,#1003,#1004,#1005),
  .UNSPECIFIED.,.F.,.F.,(5,5),(0.,1.),.PIECEWISE_BEZIER_KNOTS.);
#1001 = CARTESIAN_POINT('',(5.,0.742587383799));
#1002 = CARTESIAN_POINT('',(4.75,0.742587383799));
#1003 = CARTESIAN_POINT('',(4.5,0.742587383799));
#1004 = CARTESIAN_POINT('',(4.25,0.742587383799));
#1005 = CARTESIAN_POINT('',(4.,0.742587383799));
#1006 = ( GEOMETRIC_REPRESENTATION_CONTEXT(2) 
PARAMETRIC_REPRESENTATION_CONTEXT() REPRESENTATION_CONTEXT('2D SPACE',''
  ) );
#1007 = ORIENTED_EDGE('',*,*,#1008,.F.);
#1008 = EDGE_CURVE('',#1009,#952,#1011,.T.);
#1009 = VERTEX_POINT('',#1010);
#1010 = CARTESIAN_POINT('',(13.257073586383,128.30513596451,17.5));
#1011 = SURFACE_CURVE('',#1012,(#1064,#1119),.PCURVE_S1.);
#1012 = B_SPLINE_CURVE_WITH_KNOTS('',8,(#1013,#1014,#1015,#1016,#1017,
    #1018,#1019,#1020,#1021,#1022,#1023,#1024,#1025,#1026,#1027,#1028,
    #1029,#1030,#1031,#1032,#1033,#1034,#1035,#1036,#1037,#1038,#1039,
    #1040,#1041,#1042,#1043,#1044,#1045,#1046,#1047,#1048,#1049,#1050,
    #1051,#1052,#1053,#1054,#1055,#1056,#1057,#1058,#1059,#1060,#1061,
    #1062,#1063),.UNSPECIFIED.,.F.,.F.,(9,7,7,7,7,7,7,9),(0.,
    0.172298462204,0.34370337065,0.572679716182,0.676542851641,
    0.812448453613,0.937031201897,1.),.UNSPECIFIED.);
#1013 = CARTESIAN_POINT('',(9.943008145536,131.97827582512,
    12.144210380806));
#1014 = CARTESIAN_POINT('',(10.170706044383,131.96620947187,
    12.373923285651));
#1015 = CARTESIAN_POINT('',(10.391142646846,131.93314126088,
    12.608441494591));
#1016 = CARTESIAN_POINT('',(10.602152317676,131.88034241059,
    12.845357242025));
#1017 = CARTESIAN_POINT('',(10.802557315248,131.80973790354,
    13.082622669727));
#1018 = CARTESIAN_POINT('',(10.991857591379,131.72343919868,
    13.318563074174));
#1019 = CARTESIAN_POINT('',(11.170031414293,131.62350468492,
    13.551902573762));
#1020 = CARTESIAN_POINT('',(11.337403695043,131.51179993919,
    13.781785936994));
#1021 = CARTESIAN_POINT('',(11.650859184459,131.26849231217,
    14.232602663356));
#1022 = CARTESIAN_POINT('',(11.797036116352,131.13700629799,
    14.453558501058));
#1023 = CARTESIAN_POINT('',(11.933718493801,130.9967864721,
    14.670353227524));
#1024 = CARTESIAN_POINT('',(12.061540217571,130.84904917795,
    14.8827789444));
#1025 = CARTESIAN_POINT('',(12.181122284261,130.69482397727,
    15.090725197523));
#1026 = CARTESIAN_POINT('',(12.293070964509,130.53495718228,
    15.294182644868));
#1027 = CARTESIAN_POINT('',(12.397972163893,130.37010738286,
    15.49323964822));
#1028 = CARTESIAN_POINT('',(12.627845628679,129.97446911973,
    15.948344098669));
#1029 = CARTESIAN_POINT('',(12.747621246877,129.74031087663,
    16.200870920125));
#1030 = CARTESIAN_POINT('',(12.857009938543,129.49947506635,
    16.445978369064));
#1031 = CARTESIAN_POINT('',(12.957042305653,129.25292503492,
    16.683885256934));
#1032 = CARTESIAN_POINT('',(13.048593043862,129.00142981928,
    16.914768130206));
#1033 = CARTESIAN_POINT('',(13.132424357181,128.74558326659,
    17.138780137972));
#1034 = CARTESIAN_POINT('',(13.209197968742,128.48580162649,
    17.356039599995));
#1035 = CARTESIAN_POINT('',(13.311382322399,128.10280264861,
    17.662115734779));
#1036 = CARTESIAN_POINT('',(13.341932441829,127.98254137969,
    17.756237245198));
#1037 = CARTESIAN_POINT('',(13.371198503012,127.86156402952,
    17.848968034707));
#1038 = CARTESIAN_POINT('',(13.399229146718,127.7398969875,
    17.940302611268));
#1039 = CARTESIAN_POINT('',(13.426069331105,127.61756304399,
    18.030229698485));
#1040 = CARTESIAN_POINT('',(13.451760634886,127.49458109636,
    18.118731298956));
#1041 = CARTESIAN_POINT('',(13.476341560492,127.37096585502,
    18.205781757625));
#1042 = CARTESIAN_POINT('',(13.530605956344,127.08416090214,
    18.403309283774));
#1043 = CARTESIAN_POINT('',(13.559522279691,126.92053610028,
    18.512721697916));
#1044 = CARTESIAN_POINT('',(13.586678526658,126.75586947843,
    18.61951359315));
#1045 = CARTESIAN_POINT('',(13.612144776476,126.59017136571,
    18.723574732263));
#1046 = CARTESIAN_POINT('',(13.635981792613,126.4234467103,
    18.824757187362));
#1047 = CARTESIAN_POINT('',(13.658241014082,126.25569110497,
    18.922862150018));
#1048 = CARTESIAN_POINT('',(13.678962213666,126.08688221359,
    19.017611479424));
#1049 = CARTESIAN_POINT('',(13.715775250972,125.76120735132,
    19.192015538193));
#1050 = CARTESIAN_POINT('',(13.732099988571,125.60459603482,
    19.272227507749));
#1051 = CARTESIAN_POINT('',(13.747171457997,125.44702241326,
    19.348974497022));
#1052 = CARTESIAN_POINT('',(13.760993451109,125.28840811149,
    19.421847470925));
#1053 = CARTESIAN_POINT('',(13.773552644266,125.12870713659,
    19.490303735983));
#1054 = CARTESIAN_POINT('',(13.784795040235,124.96787635669,
    19.553507860823));
#1055 = CARTESIAN_POINT('',(13.794640426038,124.80588250888,
    19.610374245551));
#1056 = CARTESIAN_POINT('',(13.807013894104,124.55999832809,
    19.683324695266));
#1057 = CARTESIAN_POINT('',(13.810749244244,124.47717383961,
    19.705648405981));
#1058 = CARTESIAN_POINT('',(13.814039022899,124.3940114859,
    19.725553219834));
#1059 = CARTESIAN_POINT('',(13.816844321389,124.31049067347,
    19.742709107566));
#1060 = CARTESIAN_POINT('',(13.81910711915,124.22663570514,
    19.756669132137));
#1061 = CARTESIAN_POINT('',(13.820749743589,124.14251486623,
    19.766860892762));
#1062 = CARTESIAN_POINT('',(13.821662665559,124.05823574828,
    19.772525834158));
#1063 = CARTESIAN_POINT('',(13.821662665559,123.97393260226,
    19.772525834158));
#1064 = PCURVE('',#136,#1065);
#1065 = DEFINITIONAL_REPRESENTATION('',(#1066),#1118);
#1066 = B_SPLINE_CURVE_WITH_KNOTS('',8,(#1067,#1068,#1069,#1070,#1071,
    #1072,#1073,#1074,#1075,#1076,#1077,#1078,#1079,#1080,#1081,#1082,
    #1083,#1084,#1085,#1086,#1087,#1088,#1089,#1090,#1091,#1092,#1093,
    #1094,#1095,#1096,#1097,#1098,#1099,#1100,#1101,#1102,#1103,#1104,
    #1105,#1106,#1107,#1108,#1109,#1110,#1111,#1112,#1113,#1114,#1115,
    #1116,#1117),.UNSPECIFIED.,.F.,.F.,(9,7,7,7,7,7,7,9),(0.,
    0.172298462204,0.34370337065,0.572679716182,0.676542851641,
    0.812448453613,0.937031201897,1.),.UNSPECIFIED.);
#1067 = CARTESIAN_POINT('',(0.780992948334,55.978275825129));
#1068 = CARTESIAN_POINT('',(0.757889989804,55.966209471877));
#1069 = CARTESIAN_POINT('',(0.734908392384,55.933141260889));
#1070 = CARTESIAN_POINT('',(0.712260404962,55.880342410591));
#1071 = CARTESIAN_POINT('',(0.690091183812,55.809737903541));
#1072 = CARTESIAN_POINT('',(0.66849733863,55.723439198684));
#1073 = CARTESIAN_POINT('',(0.64753609904,55.62350468492));
#1074 = CARTESIAN_POINT('',(0.627229570583,55.511799939194));
#1075 = CARTESIAN_POINT('',(0.588009491346,55.268492312177));
#1076 = CARTESIAN_POINT('',(0.569090799596,55.137006297996));
#1077 = CARTESIAN_POINT('',(0.550791892436,54.996786472103));
#1078 = CARTESIAN_POINT('',(0.533090847208,54.849049177952));
#1079 = CARTESIAN_POINT('',(0.515963007172,54.694823977277));
#1080 = CARTESIAN_POINT('',(0.499380222671,54.534957182284));
#1081 = CARTESIAN_POINT('',(0.483310726346,54.370107382869));
#1082 = CARTESIAN_POINT('',(0.446891829127,53.974469119735));
#1083 = CARTESIAN_POINT('',(0.426934241577,53.740310876638));
#1084 = CARTESIAN_POINT('',(0.407770433617,53.499475066353));
#1085 = CARTESIAN_POINT('',(0.389344285485,53.252925034921));
#1086 = CARTESIAN_POINT('',(0.371610428879,53.001429819285));
#1087 = CARTESIAN_POINT('',(0.354530751916,52.745583266594));
#1088 = CARTESIAN_POINT('',(0.338074306414,52.485801626496));
#1089 = CARTESIAN_POINT('',(0.31502552912,52.102802648616));
#1090 = CARTESIAN_POINT('',(0.307957533899,51.982541379699));
#1091 = CARTESIAN_POINT('',(0.301012242465,51.861564029525));
#1092 = CARTESIAN_POINT('',(0.294188440594,51.7398969875));
#1093 = CARTESIAN_POINT('',(0.287485463343,51.617563043991));
#1094 = CARTESIAN_POINT('',(0.280903246759,51.494581096364));
#1095 = CARTESIAN_POINT('',(0.274442379592,51.370965855021));
#1096 = CARTESIAN_POINT('',(0.259810546068,51.084160902142));
#1097 = CARTESIAN_POINT('',(0.251727426058,50.920536100282));
#1098 = CARTESIAN_POINT('',(0.243857232712,50.755869478433));
#1099 = CARTESIAN_POINT('',(0.236205549861,50.590171365713));
#1100 = CARTESIAN_POINT('',(0.228780903163,50.423446710302));
#1101 = CARTESIAN_POINT('',(0.221595667896,50.25569110497));
#1102 = CARTESIAN_POINT('',(0.214668088794,50.086882213598));
#1103 = CARTESIAN_POINT('',(0.201936163745,49.76120735132));
#1104 = CARTESIAN_POINT('',(0.1960894373,49.604596034821));
#1105 = CARTESIAN_POINT('',(0.190503017766,49.447022413269));
#1106 = CARTESIAN_POINT('',(0.185205206954,49.288408111495));
#1107 = CARTESIAN_POINT('',(0.18023401741,49.128707136597));
#1108 = CARTESIAN_POINT('',(0.17564865568,48.967876356691));
#1109 = CARTESIAN_POINT('',(0.17152636778,48.805882508888));
#1110 = CARTESIAN_POINT('',(0.166241198491,48.55999832809));
#1111 = CARTESIAN_POINT('',(0.164624483556,48.477173839618));
#1112 = CARTESIAN_POINT('',(0.163183427737,48.394011485901));
#1113 = CARTESIAN_POINT('',(0.161941735147,48.310490673479));
#1114 = CARTESIAN_POINT('',(0.160931576922,48.226635705147));
#1115 = CARTESIAN_POINT('',(0.160194199341,48.142514866232));
#1116 = CARTESIAN_POINT('',(0.159784340086,48.058235748288));
#1117 = CARTESIAN_POINT('',(0.159784340086,47.973932602265));
#1118 = ( GEOMETRIC_REPRESENTATION_CONTEXT(2) 
PARAMETRIC_REPRESENTATION_CONTEXT() REPRESENTATION_CONTEXT('2D SPACE',''
  ) );
#1119 = PCURVE('',#1120,#1148);
#1120 = B_SPLINE_SURFACE_WITH_KNOTS('',8,2,(
    (#1121,#1122,#1123)
    ,(#1124,#1125,#1126)
    ,(#1127,#1128,#1129)
    ,(#1130,#1131,#1132)
    ,(#1133,#1134,#1135)
    ,(#1136,#1137,#1138)
    ,(#1139,#1140,#1141)
    ,(#1142,#1143,#1144)
    ,(#1145,#1146,#1147
  )),.UNSPECIFIED.,.F.,.F.,.F.,(9,9),(3,3),(5.,6.),(0.,1.),
  .PIECEWISE_BEZIER_KNOTS.);
#1121 = CARTESIAN_POINT('',(14.,128.,11.2));
#1122 = CARTESIAN_POINT('',(14.2547213795,127.56574926111,
    16.891479146052));
#1123 = CARTESIAN_POINT('',(13.5,121.,22.8));
#1124 = CARTESIAN_POINT('',(14.,128.78539816339,11.2));
#1125 = CARTESIAN_POINT('',(14.2547213795,128.44379431702,
    16.891479146052));
#1126 = CARTESIAN_POINT('',(13.5,122.37444678594,22.8));
#1127 = CARTESIAN_POINT('',(13.823756844155,129.57079657401,11.2));
#1128 = CARTESIAN_POINT('',(14.057688283628,129.32183964931,
    16.891479146052));
#1129 = CARTESIAN_POINT('',(13.191574477272,123.74889400452,22.8));
#1130 = CARTESIAN_POINT('',(13.471272263486,130.31005293734,11.2));
#1131 = CARTESIAN_POINT('',(13.663624027098,130.14829994055,
    16.891479146052));
#1132 = CARTESIAN_POINT('',(12.5747264611,125.04259264034,22.8));
#1133 = CARTESIAN_POINT('',(12.95703502312,130.95703502312,11.2));
#1134 = CARTESIAN_POINT('',(13.08872649422,130.87160112477,
    16.891479146052));
#1135 = CARTESIAN_POINT('',(11.674811290459,126.17481129045,22.8));
#1136 = CARTESIAN_POINT('',(12.31005293734,131.47127226348,11.2));
#1137 = CARTESIAN_POINT('',(12.365425309991,131.44649865765,
    16.891479146052));
#1138 = CARTESIAN_POINT('',(10.542592640345,127.0747264611,22.8));
#1139 = CARTESIAN_POINT('',(11.570796574017,131.82375684415,11.2));
#1140 = CARTESIAN_POINT('',(11.538965018751,131.84056291418,
    16.891479146052));
#1141 = CARTESIAN_POINT('',(9.248894004529,127.69157447727,22.8));
#1142 = CARTESIAN_POINT('',(10.785398163397,132.,11.2));
#1143 = CARTESIAN_POINT('',(10.660919686463,132.03759601005,
    16.891479146052));
#1144 = CARTESIAN_POINT('',(7.874446785946,128.,22.8));
#1145 = CARTESIAN_POINT('',(10.,132.,11.2));
#1146 = CARTESIAN_POINT('',(9.78287463056,132.03759601005,
    16.891479146052));
#1147 = CARTESIAN_POINT('',(6.5,128.,22.8));
#1148 = DEFINITIONAL_REPRESENTATION('',(#1149),#1201);
#1149 = B_SPLINE_CURVE_WITH_KNOTS('',8,(#1150,#1151,#1152,#1153,#1154,
    #1155,#1156,#1157,#1158,#1159,#1160,#1161,#1162,#1163,#1164,#1165,
    #1166,#1167,#1168,#1169,#1170,#1171,#1172,#1173,#1174,#1175,#1176,
    #1177,#1178,#1179,#1180,#1181,#1182,#1183,#1184,#1185,#1186,#1187,
    #1188,#1189,#1190,#1191,#1192,#1193,#1194,#1195,#1196,#1197,#1198,
    #1199,#1200),.UNSPECIFIED.,.F.,.F.,(9,7,7,7,7,7,7,9),(0.,
    0.172298462204,0.34370337065,0.572679716182,0.676542851641,
    0.812448453613,0.937031201897,1.),.UNSPECIFIED.);
#1150 = CARTESIAN_POINT('',(6.,8.281869102226E-02));
#1151 = CARTESIAN_POINT('',(5.961629588448,0.102935579129));
#1152 = CARTESIAN_POINT('',(5.924442333049,0.123455705443));
#1153 = CARTESIAN_POINT('',(5.888623191013,0.144166978456));
#1154 = CARTESIAN_POINT('',(5.854248821908,0.164889829517));
#1155 = CARTESIAN_POINT('',(5.821340053055,0.185478212952));
#1156 = CARTESIAN_POINT('',(5.789877962773,0.205821555908));
#1157 = CARTESIAN_POINT('',(5.759805327569,0.225846330183));
#1158 = CARTESIAN_POINT('',(5.702414235453,0.265083498386));
#1159 = CARTESIAN_POINT('',(5.675084427178,0.284298021518));
#1160 = CARTESIAN_POINT('',(5.648943046201,0.303134889583));
#1161 = CARTESIAN_POINT('',(5.623900133101,0.321577144898));
#1162 = CARTESIAN_POINT('',(5.599872011243,0.33961633046));
#1163 = CARTESIAN_POINT('',(5.576777011394,0.357252744974));
#1164 = CARTESIAN_POINT('',(5.554533387091,0.374495092702));
#1165 = CARTESIAN_POINT('',(5.504372784063,0.413888385791));
#1166 = CARTESIAN_POINT('',(5.477082241977,0.435725008572));
#1167 = CARTESIAN_POINT('',(5.451001150514,0.456899967549));
#1168 = CARTESIAN_POINT('',(5.425982717285,0.477434283137));
#1169 = CARTESIAN_POINT('',(5.401898234951,0.497345146076));
#1170 = CARTESIAN_POINT('',(5.378628362076,0.516647575751));
#1171 = CARTESIAN_POINT('',(5.356058441644,0.535353446866));
#1172 = CARTESIAN_POINT('',(5.324094418986,0.561686631159));
#1173 = CARTESIAN_POINT('',(5.314240730476,0.569781469872));
#1174 = CARTESIAN_POINT('',(5.304497192851,0.577753926666));
#1175 = CARTESIAN_POINT('',(5.294853376349,0.585603675942));
#1176 = CARTESIAN_POINT('',(5.285298780741,0.593329892483));
#1177 = CARTESIAN_POINT('',(5.275822605483,0.600931172495));
#1178 = CARTESIAN_POINT('',(5.266413519885,0.608405454644));
#1179 = CARTESIAN_POINT('',(5.244819548838,0.625360250354));
#1180 = CARTESIAN_POINT('',(5.232674418631,0.634747743677));
#1181 = CARTESIAN_POINT('',(5.220596580828,0.643906689976));
#1182 = CARTESIAN_POINT('',(5.208556198847,0.652827950813));
#1183 = CARTESIAN_POINT('',(5.196520864271,0.661499163051));
#1184 = CARTESIAN_POINT('',(5.184453457499,0.669903618491));
#1185 = CARTESIAN_POINT('',(5.172308066103,0.678017840467));
#1186 = CARTESIAN_POINT('',(5.148763294929,0.692948856082));
#1187 = CARTESIAN_POINT('',(5.137391605391,0.699813767725));
#1188 = CARTESIAN_POINT('',(5.125857233079,0.706380163794));
#1189 = CARTESIAN_POINT('',(5.114100002238,0.712613342701));
#1190 = CARTESIAN_POINT('',(5.102051164812,0.718467202939));
#1191 = CARTESIAN_POINT('',(5.089612912195,0.723870659989));
#1192 = CARTESIAN_POINT('',(5.076662938721,0.7287313107));
#1193 = CARTESIAN_POINT('',(5.056036400723,0.734965813104));
#1194 = CARTESIAN_POINT('',(5.048925205116,0.736873459766));
#1195 = CARTESIAN_POINT('',(5.041593531627,0.738574253837));
#1196 = CARTESIAN_POINT('',(5.03400423032,0.740040052318));
#1197 = CARTESIAN_POINT('',(5.026113026338,0.741232723741));
#1198 = CARTESIAN_POINT('',(5.017867181384,0.742103420243));
#1199 = CARTESIAN_POINT('',(5.00919825922,0.742587383799));
#1200 = CARTESIAN_POINT('',(5.,0.742587383799));
#1201 = ( GEOMETRIC_REPRESENTATION_CONTEXT(2) 
PARAMETRIC_REPRESENTATION_CONTEXT() REPRESENTATION_CONTEXT('2D SPACE',''
  ) );
#1202 = ORIENTED_EDGE('',*,*,#1203,.T.);
#1203 = EDGE_CURVE('',#1009,#1204,#1206,.T.);
#1204 = VERTEX_POINT('',#1205);
#1205 = CARTESIAN_POINT('',(13.257073583563,132.,17.5));
#1206 = SURFACE_CURVE('',#1207,(#1211,#1217),.PCURVE_S1.);
#1207 = LINE('',#1208,#1209);
#1208 = CARTESIAN_POINT('',(13.257073583563,76.,17.5));
#1209 = VECTOR('',#1210,1.);
#1210 = DIRECTION('',(0.,1.,1.110223024625E-16));
#1211 = PCURVE('',#136,#1212);
#1212 = DEFINITIONAL_REPRESENTATION('',(#1213),#1216);
#1213 = B_SPLINE_CURVE_WITH_KNOTS('',1,(#1214,#1215),.UNSPECIFIED.,.F.,
  .F.,(2,2),(-6.000000070117E-07,62.),.PIECEWISE_BEZIER_KNOTS.);
#1214 = CARTESIAN_POINT('',(0.327237730359,-6.000000075113E-07));
#1215 = CARTESIAN_POINT('',(0.327237730359,62.));
#1216 = ( GEOMETRIC_REPRESENTATION_CONTEXT(2) 
PARAMETRIC_REPRESENTATION_CONTEXT() REPRESENTATION_CONTEXT('2D SPACE',''
  ) );
#1217 = PCURVE('',#787,#1218);
#1218 = DEFINITIONAL_REPRESENTATION('',(#1219),#1222);
#1219 = B_SPLINE_CURVE_WITH_KNOTS('',1,(#1220,#1221),.UNSPECIFIED.,.F.,
  .F.,(2,2),(-6.000000070117E-07,62.),.PIECEWISE_BEZIER_KNOTS.);
#1220 = CARTESIAN_POINT('',(27.257073583563,3.9999994));
#1221 = CARTESIAN_POINT('',(27.257073583563,66.));
#1222 = ( GEOMETRIC_REPRESENTATION_CONTEXT(2) 
PARAMETRIC_REPRESENTATION_CONTEXT() REPRESENTATION_CONTEXT('2D SPACE',''
  ) );
#1223 = ORIENTED_EDGE('',*,*,#1224,.T.);
#1224 = EDGE_CURVE('',#1204,#1225,#1227,.T.);
#1225 = VERTEX_POINT('',#1226);
#1226 = CARTESIAN_POINT('',(9.797958971132,132.,12.));
#1227 = SURFACE_CURVE('',#1228,(#1233,#1240),.PCURVE_S1.);
#1228 = CIRCLE('',#1229,14.);
#1229 = AXIS2_PLACEMENT_3D('',#1230,#1231,#1232);
#1230 = CARTESIAN_POINT('',(0.,132.,22.));
#1231 = DIRECTION('',(0.,1.,1.110223024625E-16));
#1232 = DIRECTION('',(1.,0.,-0.));
#1233 = PCURVE('',#136,#1234);
#1234 = DEFINITIONAL_REPRESENTATION('',(#1235),#1239);
#1235 = LINE('',#1236,#1237);
#1236 = CARTESIAN_POINT('',(0.,56.));
#1237 = VECTOR('',#1238,1.);
#1238 = DIRECTION('',(1.,0.));
#1239 = ( GEOMETRIC_REPRESENTATION_CONTEXT(2) 
PARAMETRIC_REPRESENTATION_CONTEXT() REPRESENTATION_CONTEXT('2D SPACE',''
  ) );
#1240 = PCURVE('',#1241,#1246);
#1241 = PLANE('',#1242);
#1242 = AXIS2_PLACEMENT_3D('',#1243,#1244,#1245);
#1243 = CARTESIAN_POINT('',(-14.,132.,10.5));
#1244 = DIRECTION('',(-0.,1.,0.));
#1245 = DIRECTION('',(0.,0.,1.));
#1246 = DEFINITIONAL_REPRESENTATION('',(#1247),#1251);
#1247 = CIRCLE('',#1248,14.);
#1248 = AXIS2_PLACEMENT_2D('',#1249,#1250);
#1249 = CARTESIAN_POINT('',(11.5,14.));
#1250 = DIRECTION('',(0.,1.));
#1251 = ( GEOMETRIC_REPRESENTATION_CONTEXT(2) 
PARAMETRIC_REPRESENTATION_CONTEXT() REPRESENTATION_CONTEXT('2D SPACE',''
  ) );
#1252 = ORIENTED_EDGE('',*,*,#1253,.T.);
#1253 = EDGE_CURVE('',#1225,#1254,#1256,.T.);
#1254 = VERTEX_POINT('',#1255);
#1255 = CARTESIAN_POINT('',(9.797958971133,136.,12.));
#1256 = SURFACE_CURVE('',#1257,(#1261,#1267),.PCURVE_S1.);
#1257 = LINE('',#1258,#1259);
#1258 = CARTESIAN_POINT('',(9.797958971133,76.,12.));
#1259 = VECTOR('',#1260,1.);
#1260 = DIRECTION('',(0.,1.,1.110223024625E-16));
#1261 = PCURVE('',#136,#1262);
#1262 = DEFINITIONAL_REPRESENTATION('',(#1263),#1266);
#1263 = B_SPLINE_CURVE_WITH_KNOTS('',1,(#1264,#1265),.UNSPECIFIED.,.F.,
  .F.,(2,2),(55.6,60.4),.PIECEWISE_BEZIER_KNOTS.);
#1264 = CARTESIAN_POINT('',(0.795602953485,55.6));
#1265 = CARTESIAN_POINT('',(0.795602953485,60.4));
#1266 = ( GEOMETRIC_REPRESENTATION_CONTEXT(2) 
PARAMETRIC_REPRESENTATION_CONTEXT() REPRESENTATION_CONTEXT('2D SPACE',''
  ) );
#1267 = PCURVE('',#1268,#1273);
#1268 = PLANE('',#1269);
#1269 = AXIS2_PLACEMENT_3D('',#1270,#1271,#1272);
#1270 = CARTESIAN_POINT('',(-30.,132.,12.));
#1271 = DIRECTION('',(0.,0.,1.));
#1272 = DIRECTION('',(1.,0.,-0.));
#1273 = DEFINITIONAL_REPRESENTATION('',(#1274),#1278);
#1274 = LINE('',#1275,#1276);
#1275 = CARTESIAN_POINT('',(39.797958971133,-56.));
#1276 = VECTOR('',#1277,1.);
#1277 = DIRECTION('',(0.,1.));
#1278 = ( GEOMETRIC_REPRESENTATION_CONTEXT(2) 
PARAMETRIC_REPRESENTATION_CONTEXT() REPRESENTATION_CONTEXT('2D SPACE',''
  ) );
#1279 = ORIENTED_EDGE('',*,*,#1280,.T.);
#1280 = EDGE_CURVE('',#1254,#1281,#1283,.T.);
#1281 = VERTEX_POINT('',#1282);
#1282 = CARTESIAN_POINT('',(-9.797958971133,136.,12.));
#1283 = SURFACE_CURVE('',#1284,(#1289,#1296),.PCURVE_S1.);
#1284 = CIRCLE('',#1285,14.);
#1285 = AXIS2_PLACEMENT_3D('',#1286,#1287,#1288);
#1286 = CARTESIAN_POINT('',(0.,136.,22.));
#1287 = DIRECTION('',(0.,1.,1.110223024625E-16));
#1288 = DIRECTION('',(1.,0.,-0.));
#1289 = PCURVE('',#136,#1290);
#1290 = DEFINITIONAL_REPRESENTATION('',(#1291),#1295);
#1291 = LINE('',#1292,#1293);
#1292 = CARTESIAN_POINT('',(0.,60.));
#1293 = VECTOR('',#1294,1.);
#1294 = DIRECTION('',(1.,0.));
#1295 = ( GEOMETRIC_REPRESENTATION_CONTEXT(2) 
PARAMETRIC_REPRESENTATION_CONTEXT() REPRESENTATION_CONTEXT('2D SPACE',''
  ) );
#1296 = PCURVE('',#1297,#1302);
#1297 = PLANE('',#1298);
#1298 = AXIS2_PLACEMENT_3D('',#1299,#1300,#1301);
#1299 = CARTESIAN_POINT('',(-30.,136.,-1.));
#1300 = DIRECTION('',(-0.,1.,0.));
#1301 = DIRECTION('',(0.,0.,1.));
#1302 = DEFINITIONAL_REPRESENTATION('',(#1303),#1307);
#1303 = CIRCLE('',#1304,14.);
#1304 = AXIS2_PLACEMENT_2D('',#1305,#1306);
#1305 = CARTESIAN_POINT('',(23.,30.));
#1306 = DIRECTION('',(0.,1.));
#1307 = ( GEOMETRIC_REPRESENTATION_CONTEXT(2) 
PARAMETRIC_REPRESENTATION_CONTEXT() REPRESENTATION_CONTEXT('2D SPACE',''
  ) );
#1308 = ORIENTED_EDGE('',*,*,#1309,.F.);
#1309 = EDGE_CURVE('',#1310,#1281,#1312,.T.);
#1310 = VERTEX_POINT('',#1311);
#1311 = CARTESIAN_POINT('',(-9.797958971132,132.,12.));
#1312 = SURFACE_CURVE('',#1313,(#1317,#1323),.PCURVE_S1.);
#1313 = LINE('',#1314,#1315);
#1314 = CARTESIAN_POINT('',(-9.797958971133,76.,12.));
#1315 = VECTOR('',#1316,1.);
#1316 = DIRECTION('',(0.,1.,1.110223024625E-16));
#1317 = PCURVE('',#136,#1318);
#1318 = DEFINITIONAL_REPRESENTATION('',(#1319),#1322);
#1319 = B_SPLINE_CURVE_WITH_KNOTS('',1,(#1320,#1321),.UNSPECIFIED.,.F.,
  .F.,(2,2),(55.6,60.4),.PIECEWISE_BEZIER_KNOTS.);
#1320 = CARTESIAN_POINT('',(2.345989700105,55.6));
#1321 = CARTESIAN_POINT('',(2.345989700105,60.4));
#1322 = ( GEOMETRIC_REPRESENTATION_CONTEXT(2) 
PARAMETRIC_REPRESENTATION_CONTEXT() REPRESENTATION_CONTEXT('2D SPACE',''
  ) );
#1323 = PCURVE('',#1268,#1324);
#1324 = DEFINITIONAL_REPRESENTATION('',(#1325),#1329);
#1325 = LINE('',#1326,#1327);
#1326 = CARTESIAN_POINT('',(20.202041028867,-56.));
#1327 = VECTOR('',#1328,1.);
#1328 = DIRECTION('',(0.,1.));
#1329 = ( GEOMETRIC_REPRESENTATION_CONTEXT(2) 
PARAMETRIC_REPRESENTATION_CONTEXT() REPRESENTATION_CONTEXT('2D SPACE',''
  ) );
#1330 = ORIENTED_EDGE('',*,*,#1331,.T.);
#1331 = EDGE_CURVE('',#1310,#1332,#1334,.T.);
#1332 = VERTEX_POINT('',#1333);
#1333 = CARTESIAN_POINT('',(-13.25707358356,132.,17.5));
#1334 = SURFACE_CURVE('',#1335,(#1340,#1347),.PCURVE_S1.);
#1335 = CIRCLE('',#1336,14.);
#1336 = AXIS2_PLACEMENT_3D('',#1337,#1338,#1339);
#1337 = CARTESIAN_POINT('',(0.,132.,22.));
#1338 = DIRECTION('',(0.,1.,1.110223024625E-16));
#1339 = DIRECTION('',(1.,0.,-0.));
#1340 = PCURVE('',#136,#1341);
#1341 = DEFINITIONAL_REPRESENTATION('',(#1342),#1346);
#1342 = LINE('',#1343,#1344);
#1343 = CARTESIAN_POINT('',(0.,56.));
#1344 = VECTOR('',#1345,1.);
#1345 = DIRECTION('',(1.,0.));
#1346 = ( GEOMETRIC_REPRESENTATION_CONTEXT(2) 
PARAMETRIC_REPRESENTATION_CONTEXT() REPRESENTATION_CONTEXT('2D SPACE',''
  ) );
#1347 = PCURVE('',#1348,#1353);
#1348 = PLANE('',#1349);
#1349 = AXIS2_PLACEMENT_3D('',#1350,#1351,#1352);
#1350 = CARTESIAN_POINT('',(-14.,132.,10.5));
#1351 = DIRECTION('',(-0.,1.,0.));
#1352 = DIRECTION('',(0.,0.,1.));
#1353 = DEFINITIONAL_REPRESENTATION('',(#1354),#1358);
#1354 = CIRCLE('',#1355,14.);
#1355 = AXIS2_PLACEMENT_2D('',#1356,#1357);
#1356 = CARTESIAN_POINT('',(11.5,14.));
#1357 = DIRECTION('',(0.,1.));
#1358 = ( GEOMETRIC_REPRESENTATION_CONTEXT(2) 
PARAMETRIC_REPRESENTATION_CONTEXT() REPRESENTATION_CONTEXT('2D SPACE',''
  ) );
#1359 = ORIENTED_EDGE('',*,*,#1360,.F.);
#1360 = EDGE_CURVE('',#1361,#1332,#1363,.T.);
#1361 = VERTEX_POINT('',#1362);
#1362 = CARTESIAN_POINT('',(-13.25707358173,128.3051359587,17.5));
#1363 = SURFACE_CURVE('',#1364,(#1368,#1374),.PCURVE_S1.);
#1364 = LINE('',#1365,#1366);
#1365 = CARTESIAN_POINT('',(-13.25707358356,76.,17.5));
#1366 = VECTOR('',#1367,1.);
#1367 = DIRECTION('',(0.,1.,1.110223024625E-16));
#1368 = PCURVE('',#136,#1369);
#1369 = DEFINITIONAL_REPRESENTATION('',(#1370),#1373);
#1370 = B_SPLINE_CURVE_WITH_KNOTS('',1,(#1371,#1372),.UNSPECIFIED.,.F.,
  .F.,(2,2),(-6.000000070117E-07,62.),.PIECEWISE_BEZIER_KNOTS.);
#1371 = CARTESIAN_POINT('',(2.814354923231,-6.000000075113E-07));
#1372 = CARTESIAN_POINT('',(2.814354923231,62.));
#1373 = ( GEOMETRIC_REPRESENTATION_CONTEXT(2) 
PARAMETRIC_REPRESENTATION_CONTEXT() REPRESENTATION_CONTEXT('2D SPACE',''
  ) );
#1374 = PCURVE('',#385,#1375);
#1375 = DEFINITIONAL_REPRESENTATION('',(#1376),#1379);
#1376 = B_SPLINE_CURVE_WITH_KNOTS('',1,(#1377,#1378),.UNSPECIFIED.,.F.,
  .F.,(2,2),(-6.000000070117E-07,62.),.PIECEWISE_BEZIER_KNOTS.);
#1377 = CARTESIAN_POINT('',(0.742926416437,3.9999994));
#1378 = CARTESIAN_POINT('',(0.742926416437,66.));
#1379 = ( GEOMETRIC_REPRESENTATION_CONTEXT(2) 
PARAMETRIC_REPRESENTATION_CONTEXT() REPRESENTATION_CONTEXT('2D SPACE',''
  ) );
#1380 = ORIENTED_EDGE('',*,*,#1381,.F.);
#1381 = EDGE_CURVE('',#1382,#1361,#1384,.T.);
#1382 = VERTEX_POINT('',#1383);
#1383 = CARTESIAN_POINT('',(-13.82166266555,123.97393260226,
    19.772525834158));
#1384 = SURFACE_CURVE('',#1385,(#1437,#1492),.PCURVE_S1.);
#1385 = B_SPLINE_CURVE_WITH_KNOTS('',8,(#1386,#1387,#1388,#1389,#1390,
    #1391,#1392,#1393,#1394,#1395,#1396,#1397,#1398,#1399,#1400,#1401,
    #1402,#1403,#1404,#1405,#1406,#1407,#1408,#1409,#1410,#1411,#1412,
    #1413,#1414,#1415,#1416,#1417,#1418,#1419,#1420,#1421,#1422,#1423,
    #1424,#1425,#1426,#1427,#1428,#1429,#1430,#1431,#1432,#1433,#1434,
    #1435,#1436),.UNSPECIFIED.,.F.,.F.,(9,7,7,7,7,7,7,9),(0.,
    8.00350083739E-02,0.197972192626,0.3240620434,0.601752413167,
    0.806680168446,0.903403586223,1.),.UNSPECIFIED.);
#1386 = CARTESIAN_POINT('',(-13.82166266555,123.97393260226,
    19.772525834158));
#1387 = CARTESIAN_POINT('',(-13.82166266555,124.08108240352,
    19.772525834158));
#1388 = CARTESIAN_POINT('',(-13.82018781846,124.18815128627,
    19.76337410283));
#1389 = CARTESIAN_POINT('',(-13.81761685074,124.29492441932,
    19.747422247995));
#1390 = CARTESIAN_POINT('',(-13.81412781165,124.40121251135,
    19.72598404197));
#1391 = CARTESIAN_POINT('',(-13.80985698501,124.50691062106,
    19.700083253543));
#1392 = CARTESIAN_POINT('',(-13.80488502194,124.611997779,
    19.670409116622));
#1393 = CARTESIAN_POINT('',(-13.79926896939,124.71654568266,
    19.637480228119));
#1394 = CARTESIAN_POINT('',(-13.78385137874,124.9742294541,
    19.548813430765));
#1395 = CARTESIAN_POINT('',(-13.7733470124,125.12660311239,
    19.489772354498));
#1396 = CARTESIAN_POINT('',(-13.76164547497,125.27796616689,
    19.425784373583));
#1397 = CARTESIAN_POINT('',(-13.74879604037,125.42836553936,
    19.357611845559));
#1398 = CARTESIAN_POINT('',(-13.73482131883,125.57783522308,
    19.285802439746));
#1399 = CARTESIAN_POINT('',(-13.71972798562,125.72641518408,
    19.210772245235));
#1400 = CARTESIAN_POINT('',(-13.70350414446,125.8741522484,
    19.132808720469));
#1401 = CARTESIAN_POINT('',(-13.66754620003,126.17822833432,
    18.965866378354));
#1402 = CARTESIAN_POINT('',(-13.64765235993,126.3344096896,
    18.876523677081));
#1403 = CARTESIAN_POINT('',(-13.62642049975,126.48969035496,
    18.784381025108));
#1404 = CARTESIAN_POINT('',(-13.60381592045,126.64408509859,
    18.689641424011));
#1405 = CARTESIAN_POINT('',(-13.57979569843,126.79759605535,
    18.592454121449));
#1406 = CARTESIAN_POINT('',(-13.55431000813,126.95021805122,
    18.492932012337));
#1407 = CARTESIAN_POINT('',(-13.52730210195,127.10194123748,
    18.391160294337));
#1408 = CARTESIAN_POINT('',(-13.43573122937,127.58488266993,
    18.058234424924));
#1409 = CARTESIAN_POINT('',(-13.36508485877,127.91243817289,
    17.818741933777));
#1410 = CARTESIAN_POINT('',(-13.28606683911,128.23537664566,
    17.569286410416));
#1411 = CARTESIAN_POINT('',(-13.19782458021,128.55330340395,
    17.310001411652));
#1412 = CARTESIAN_POINT('',(-13.09936122959,128.86558169778,
    17.040867609621));
#1413 = CARTESIAN_POINT('',(-12.98947372794,129.17131294233,
    16.761697315137));
#1414 = CARTESIAN_POINT('',(-12.86671556913,129.46934427569,
    16.472175200408));
#1415 = CARTESIAN_POINT('',(-12.62760364497,129.9712797833,
    15.949949931334));
#1416 = CARTESIAN_POINT('',(-12.51809094061,130.17919542354,
    15.722434896397));
#1417 = CARTESIAN_POINT('',(-12.39979254958,130.38138832135,
    15.488830592847));
#1418 = CARTESIAN_POINT('',(-12.27183836703,130.57703860657,
    15.248927094639));
#1419 = CARTESIAN_POINT('',(-12.1332832239,130.7650118504,15.00263166013
    ));
#1420 = CARTESIAN_POINT('',(-11.98311737575,130.94387198488,
    14.749982651432));
#1421 = CARTESIAN_POINT('',(-11.8202547672,131.11186987033,
    14.491141367362));
#1422 = CARTESIAN_POINT('',(-11.56001130392,131.34002436837,
    14.10134672887));
#1423 = CARTESIAN_POINT('',(-11.47349262028,131.41025730127,
    13.975078705494));
#1424 = CARTESIAN_POINT('',(-11.38378842547,131.47733336169,
    13.847574190177));
#1425 = CARTESIAN_POINT('',(-11.29080012723,131.5409870584,
    13.718910770614));
#1426 = CARTESIAN_POINT('',(-11.19444748635,131.60092414087,
    13.58919919732));
#1427 = CARTESIAN_POINT('',(-11.09467414764,131.6568267977,
    13.458584140383));
#1428 = CARTESIAN_POINT('',(-10.99145476166,131.70836016686,
    13.32724491516));
#1429 = CARTESIAN_POINT('',(-10.77829267165,131.80193867109,
    13.063720564488));
#1430 = CARTESIAN_POINT('',(-10.66835707811,131.84399713551,
    12.931534411488));
#1431 = CARTESIAN_POINT('',(-10.55503233869,131.88100288304,
    12.79907776385));
#1432 = CARTESIAN_POINT('',(-10.43840586328,131.91259700348,
    12.666636824996));
#1433 = CARTESIAN_POINT('',(-10.31862605668,131.93842650785,
    12.534541202067));
#1434 = CARTESIAN_POINT('',(-10.19591323203,131.95816128258,
    12.403160968365));
#1435 = CARTESIAN_POINT('',(-10.07057243027,131.97151583423,
    12.272903542007));
#1436 = CARTESIAN_POINT('',(-9.943008145536,131.97827582512,
    12.144210380806));
#1437 = PCURVE('',#136,#1438);
#1438 = DEFINITIONAL_REPRESENTATION('',(#1439),#1491);
#1439 = B_SPLINE_CURVE_WITH_KNOTS('',8,(#1440,#1441,#1442,#1443,#1444,
    #1445,#1446,#1447,#1448,#1449,#1450,#1451,#1452,#1453,#1454,#1455,
    #1456,#1457,#1458,#1459,#1460,#1461,#1462,#1463,#1464,#1465,#1466,
    #1467,#1468,#1469,#1470,#1471,#1472,#1473,#1474,#1475,#1476,#1477,
    #1478,#1479,#1480,#1481,#1482,#1483,#1484,#1485,#1486,#1487,#1488,
    #1489,#1490),.UNSPECIFIED.,.F.,.F.,(9,7,7,7,7,7,7,9),(0.,
    8.00350083739E-02,0.197972192626,0.3240620434,0.601752413167,
    0.806680168446,0.903403586223,1.),.UNSPECIFIED.);
#1440 = CARTESIAN_POINT('',(2.981808313504,47.973932602265));
#1441 = CARTESIAN_POINT('',(2.981808313504,48.081082403522));
#1442 = CARTESIAN_POINT('',(2.981146184315,48.188151286271));
#1443 = CARTESIAN_POINT('',(2.979992062063,48.294924419329));
#1444 = CARTESIAN_POINT('',(2.978440616957,48.401212511355));
#1445 = CARTESIAN_POINT('',(2.976565588256,48.50691062106));
#1446 = CARTESIAN_POINT('',(2.974416474634,48.611997779008));
#1447 = CARTESIAN_POINT('',(2.972030460902,48.716545682669));
#1448 = CARTESIAN_POINT('',(2.965602086677,48.974229454102));
#1449 = CARTESIAN_POINT('',(2.961318673371,49.126603112395));
#1450 = CARTESIAN_POINT('',(2.956672398699,49.277966166898));
#1451 = CARTESIAN_POINT('',(2.951717343278,49.428365539363));
#1452 = CARTESIAN_POINT('',(2.94649206881,49.577835223081));
#1453 = CARTESIAN_POINT('',(2.941025603989,49.726415184083));
#1454 = CARTESIAN_POINT('',(2.93533762211,49.874152248405));
#1455 = CARTESIAN_POINT('',(2.923139696693,50.178228334323));
#1456 = CARTESIAN_POINT('',(2.91660194169,50.334409689608));
#1457 = CARTESIAN_POINT('',(2.909848168452,50.489690354964));
#1458 = CARTESIAN_POINT('',(2.9028915292,50.644085098598));
#1459 = CARTESIAN_POINT('',(2.895741183937,50.797596055358));
#1460 = CARTESIAN_POINT('',(2.888403532737,50.950218051224));
#1461 = CARTESIAN_POINT('',(2.880882810131,51.101941237485));
#1462 = CARTESIAN_POINT('',(2.856219272305,51.584882669935));
#1463 = CARTESIAN_POINT('',(2.838386949554,51.912438172897));
#1464 = CARTESIAN_POINT('',(2.819702450975,52.235376645663));
#1465 = CARTESIAN_POINT('',(2.800148153358,52.55330340395));
#1466 = CARTESIAN_POINT('',(2.779689518918,52.865581697783));
#1467 = CARTESIAN_POINT('',(2.758271244039,53.171312942338));
#1468 = CARTESIAN_POINT('',(2.73581798894,53.469344275696));
#1469 = CARTESIAN_POINT('',(2.694792005142,53.971279783306));
#1470 = CARTESIAN_POINT('',(2.676759645682,54.179195423545));
#1471 = CARTESIAN_POINT('',(2.658062501774,54.38138832135));
#1472 = CARTESIAN_POINT('',(2.638650664828,54.577038606571));
#1473 = CARTESIAN_POINT('',(2.618476286491,54.765011850408));
#1474 = CARTESIAN_POINT('',(2.597493840308,54.943871984889));
#1475 = CARTESIAN_POINT('',(2.575657883989,55.111869870331));
#1476 = CARTESIAN_POINT('',(2.542180316082,55.340024368372));
#1477 = CARTESIAN_POINT('',(2.531247848354,55.410257301274));
#1478 = CARTESIAN_POINT('',(2.520113697025,55.477333361695));
#1479 = CARTESIAN_POINT('',(2.508776388436,55.540987058408));
#1480 = CARTESIAN_POINT('',(2.497236812144,55.600924140876));
#1481 = CARTESIAN_POINT('',(2.485498469844,55.656826797701));
#1482 = CARTESIAN_POINT('',(2.47356781996,55.708360166867));
#1483 = CARTESIAN_POINT('',(2.449357521087,55.801938671093));
#1484 = CARTESIAN_POINT('',(2.43707813567,55.843997135517));
#1485 = CARTESIAN_POINT('',(2.424628782969,55.881002883046));
#1486 = CARTESIAN_POINT('',(2.412026250293,55.912597003481));
#1487 = CARTESIAN_POINT('',(2.39929216146,55.938426507858));
#1488 = CARTESIAN_POINT('',(2.386453414482,55.958161282582));
#1489 = CARTESIAN_POINT('',(2.373542786396,55.971515834239));
#1490 = CARTESIAN_POINT('',(2.360599705256,55.978275825129));
#1491 = ( GEOMETRIC_REPRESENTATION_CONTEXT(2) 
PARAMETRIC_REPRESENTATION_CONTEXT() REPRESENTATION_CONTEXT('2D SPACE',''
  ) );
#1492 = PCURVE('',#1493,#1521);
#1493 = B_SPLINE_SURFACE_WITH_KNOTS('',8,2,(
    (#1494,#1495,#1496)
    ,(#1497,#1498,#1499)
    ,(#1500,#1501,#1502)
    ,(#1503,#1504,#1505)
    ,(#1506,#1507,#1508)
    ,(#1509,#1510,#1511)
    ,(#1512,#1513,#1514)
    ,(#1515,#1516,#1517)
    ,(#1518,#1519,#1520
  )),.UNSPECIFIED.,.F.,.F.,.F.,(9,9),(3,3),(7.,8.),(0.,1.),
  .PIECEWISE_BEZIER_KNOTS.);
#1494 = CARTESIAN_POINT('',(-10.,132.,11.2));
#1495 = CARTESIAN_POINT('',(-9.78287463056,132.03759601005,
    16.891479146052));
#1496 = CARTESIAN_POINT('',(-6.5,128.,22.8));
#1497 = CARTESIAN_POINT('',(-10.78539816339,132.,11.2));
#1498 = CARTESIAN_POINT('',(-10.66091968646,132.03759601006,
    16.891479146052));
#1499 = CARTESIAN_POINT('',(-7.874446785946,128.,22.8));
#1500 = CARTESIAN_POINT('',(-11.57079657401,131.82375684415,11.2));
#1501 = CARTESIAN_POINT('',(-11.53896501875,131.84056291418,
    16.891479146052));
#1502 = CARTESIAN_POINT('',(-9.24889400453,127.69157447727,22.8));
#1503 = CARTESIAN_POINT('',(-12.31005293734,131.47127226348,11.2));
#1504 = CARTESIAN_POINT('',(-12.36542530999,131.44649865765,
    16.891479146052));
#1505 = CARTESIAN_POINT('',(-10.54259264034,127.0747264611,22.8));
#1506 = CARTESIAN_POINT('',(-12.95703502312,130.95703502312,11.2));
#1507 = CARTESIAN_POINT('',(-13.08872649421,130.87160112477,
    16.891479146052));
#1508 = CARTESIAN_POINT('',(-11.67481129045,126.17481129045,22.8));
#1509 = CARTESIAN_POINT('',(-13.47127226348,130.31005293734,11.2));
#1510 = CARTESIAN_POINT('',(-13.66362402709,130.14829994055,
    16.891479146052));
#1511 = CARTESIAN_POINT('',(-12.5747264611,125.04259264034,22.8));
#1512 = CARTESIAN_POINT('',(-13.82375684415,129.57079657401,11.2));
#1513 = CARTESIAN_POINT('',(-14.05768828362,129.32183964931,
    16.891479146052));
#1514 = CARTESIAN_POINT('',(-13.19157447727,123.74889400453,22.8));
#1515 = CARTESIAN_POINT('',(-14.,128.78539816339,11.2));
#1516 = CARTESIAN_POINT('',(-14.2547213795,128.44379431702,
    16.891479146052));
#1517 = CARTESIAN_POINT('',(-13.5,122.37444678594,22.8));
#1518 = CARTESIAN_POINT('',(-14.,128.,11.2));
#1519 = CARTESIAN_POINT('',(-14.2547213795,127.56574926111,
    16.891479146052));
#1520 = CARTESIAN_POINT('',(-13.5,121.,22.8));
#1521 = DEFINITIONAL_REPRESENTATION('',(#1522),#1574);
#1522 = B_SPLINE_CURVE_WITH_KNOTS('',8,(#1523,#1524,#1525,#1526,#1527,
    #1528,#1529,#1530,#1531,#1532,#1533,#1534,#1535,#1536,#1537,#1538,
    #1539,#1540,#1541,#1542,#1543,#1544,#1545,#1546,#1547,#1548,#1549,
    #1550,#1551,#1552,#1553,#1554,#1555,#1556,#1557,#1558,#1559,#1560,
    #1561,#1562,#1563,#1564,#1565,#1566,#1567,#1568,#1569,#1570,#1571,
    #1572,#1573),.UNSPECIFIED.,.F.,.F.,(9,7,7,7,7,7,7,9),(0.,
    8.00350083739E-02,0.197972192626,0.3240620434,0.601752413167,
    0.806680168446,0.903403586223,1.),.UNSPECIFIED.);
#1523 = CARTESIAN_POINT('',(8.,0.742587383799));
#1524 = CARTESIAN_POINT('',(7.988308957686,0.742587383799));
#1525 = CARTESIAN_POINT('',(7.977477658275,0.741805539027));
#1526 = CARTESIAN_POINT('',(7.967279886609,0.740442749621));
#1527 = CARTESIAN_POINT('',(7.957597579009,0.738611130126));
#1528 = CARTESIAN_POINT('',(7.948334729046,0.736398037918));
#1529 = CARTESIAN_POINT('',(7.939421381243,0.733862244649));
#1530 = CARTESIAN_POINT('',(7.930794490648,0.731047958678));
#1531 = CARTESIAN_POINT('',(7.910024547057,0.723468928864));
#1532 = CARTESIAN_POINT('',(7.898177122653,0.718421371745));
#1533 = CARTESIAN_POINT('',(7.886704580778,0.712949743412));
#1534 = CARTESIAN_POINT('',(7.875517061884,0.707118909632));
#1535 = CARTESIAN_POINT('',(7.86454789793,0.70097542581));
#1536 = CARTESIAN_POINT('',(7.85374263296,0.694554627435));
#1537 = CARTESIAN_POINT('',(7.84305815237,0.687880870967));
#1538 = CARTESIAN_POINT('',(7.821119236042,0.673586096258));
#1539 = CARTESIAN_POINT('',(7.809879841218,0.665933629724));
#1540 = CARTESIAN_POINT('',(7.798692729411,0.658038802169));
#1541 = CARTESIAN_POINT('',(7.78752317211,0.649918730259));
#1542 = CARTESIAN_POINT('',(7.776342333299,0.641585943806));
#1543 = CARTESIAN_POINT('',(7.765124745683,0.633049867617));
#1544 = CARTESIAN_POINT('',(7.753846899598,0.624317556675));
#1545 = CARTESIAN_POINT('',(7.717468673265,0.595740450785));
#1546 = CARTESIAN_POINT('',(7.692062996468,0.575166867259));
#1547 = CARTESIAN_POINT('',(7.666027943369,0.553718952124));
#1548 = CARTESIAN_POINT('',(7.639170298696,0.531405507621));
#1549 = CARTESIAN_POINT('',(7.611301250086,0.50822204081));
#1550 = CARTESIAN_POINT('',(7.582223724131,0.484149338572));
#1551 = CARTESIAN_POINT('',(7.551717055428,0.459156890544));
#1552 = CARTESIAN_POINT('',(7.495710699629,0.414024633369));
#1553 = CARTESIAN_POINT('',(7.471014844297,0.39434636354));
#1554 = CARTESIAN_POINT('',(7.445280584095,0.374124614946));
#1555 = CARTESIAN_POINT('',(7.418384988204,0.353339580349));
#1556 = CARTESIAN_POINT('',(7.390200134475,0.33198143183));
#1557 = CARTESIAN_POINT('',(7.360591480059,0.310051613948));
#1558 = CARTESIAN_POINT('',(7.329409836923,0.28756223029));
#1559 = CARTESIAN_POINT('',(7.280917405463,0.253660519896));
#1560 = CARTESIAN_POINT('',(7.264981895784,0.242673479712));
#1561 = CARTESIAN_POINT('',(7.24864289555,0.23157360792));
#1562 = CARTESIAN_POINT('',(7.231885420768,0.220367468061));
#1563 = CARTESIAN_POINT('',(7.21469651046,0.209064527086));
#1564 = CARTESIAN_POINT('',(7.197065480202,0.197677234519));
#1565 = CARTESIAN_POINT('',(7.178984335498,0.18622109992));
#1566 = CARTESIAN_POINT('',(7.141936693419,0.163223545907));
#1567 = CARTESIAN_POINT('',(7.12297107469,0.151682051783));
#1568 = CARTESIAN_POINT('',(7.103550394279,0.140111147625));
#1569 = CARTESIAN_POINT('',(7.083678980659,0.128535779751));
#1570 = CARTESIAN_POINT('',(7.06336687978,0.116984759469));
#1571 = CARTESIAN_POINT('',(7.042630904578,0.10549052305));
#1572 = CARTESIAN_POINT('',(7.021496439491,9.40888716232E-02));
#1573 = CARTESIAN_POINT('',(7.,8.281869102226E-02));
#1574 = ( GEOMETRIC_REPRESENTATION_CONTEXT(2) 
PARAMETRIC_REPRESENTATION_CONTEXT() REPRESENTATION_CONTEXT('2D SPACE',''
  ) );
#1575 = ORIENTED_EDGE('',*,*,#1576,.F.);
#1576 = EDGE_CURVE('',#1577,#1382,#1579,.T.);
#1577 = VERTEX_POINT('',#1578);
#1578 = CARTESIAN_POINT('',(-13.82166266555,85.989477199929,
    19.772525834158));
#1579 = SURFACE_CURVE('',#1580,(#1586,#1595),.PCURVE_S1.);
#1580 = B_SPLINE_CURVE_WITH_KNOTS('',4,(#1581,#1582,#1583,#1584,#1585),
  .UNSPECIFIED.,.F.,.F.,(5,5),(0.,1.),.PIECEWISE_BEZIER_KNOTS.);
#1581 = CARTESIAN_POINT('',(-13.82166266555,85.989477199929,
    19.772525834158));
#1582 = CARTESIAN_POINT('',(-13.82166266555,95.485591050513,
    19.772525834158));
#1583 = CARTESIAN_POINT('',(-13.82166266555,104.98170490109,
    19.772525834158));
#1584 = CARTESIAN_POINT('',(-13.82166266555,114.47781875168,
    19.772525834158));
#1585 = CARTESIAN_POINT('',(-13.82166266555,123.97393260226,
    19.772525834158));
#1586 = PCURVE('',#136,#1587);
#1587 = DEFINITIONAL_REPRESENTATION('',(#1588),#1594);
#1588 = B_SPLINE_CURVE_WITH_KNOTS('',4,(#1589,#1590,#1591,#1592,#1593),
  .UNSPECIFIED.,.F.,.F.,(5,5),(0.,1.),.PIECEWISE_BEZIER_KNOTS.);
#1589 = CARTESIAN_POINT('',(2.981808313504,9.989477199929));
#1590 = CARTESIAN_POINT('',(2.981808313504,19.485591050513));
#1591 = CARTESIAN_POINT('',(2.981808313504,28.981704901097));
#1592 = CARTESIAN_POINT('',(2.981808313504,38.477818751681));
#1593 = CARTESIAN_POINT('',(2.981808313504,47.973932602265));
#1594 = ( GEOMETRIC_REPRESENTATION_CONTEXT(2) 
PARAMETRIC_REPRESENTATION_CONTEXT() REPRESENTATION_CONTEXT('2D SPACE',''
  ) );
#1595 = PCURVE('',#1596,#1624);
#1596 = B_SPLINE_SURFACE_WITH_KNOTS('',8,2,(
    (#1597,#1598,#1599)
    ,(#1600,#1601,#1602)
    ,(#1603,#1604,#1605)
    ,(#1606,#1607,#1608)
    ,(#1609,#1610,#1611)
    ,(#1612,#1613,#1614)
    ,(#1615,#1616,#1617)
    ,(#1618,#1619,#1620)
    ,(#1621,#1622,#1623
  )),.UNSPECIFIED.,.F.,.F.,.F.,(9,9),(3,3),(0.,1.),(0.,1.),
  .PIECEWISE_BEZIER_KNOTS.);
#1597 = CARTESIAN_POINT('',(-14.,128.,11.2));
#1598 = CARTESIAN_POINT('',(-14.2547213795,127.56574926111,
    16.891479146052));
#1599 = CARTESIAN_POINT('',(-13.5,121.,22.8));
#1600 = CARTESIAN_POINT('',(-14.,121.5,11.2));
#1601 = CARTESIAN_POINT('',(-14.2547213795,122.0423392678,
    16.891479146052));
#1602 = CARTESIAN_POINT('',(-13.5,117.,22.8));
#1603 = CARTESIAN_POINT('',(-14.,115.,11.2));
#1604 = CARTESIAN_POINT('',(-14.2547213795,116.51892927448,
    16.891479146052));
#1605 = CARTESIAN_POINT('',(-13.5,113.,22.8));
#1606 = CARTESIAN_POINT('',(-14.,108.5,11.2));
#1607 = CARTESIAN_POINT('',(-14.2547213795,110.99551928116,
    16.891479146052));
#1608 = CARTESIAN_POINT('',(-13.5,109.,22.8));
#1609 = CARTESIAN_POINT('',(-14.,102.,11.2));
#1610 = CARTESIAN_POINT('',(-14.2547213795,105.47210928785,
    16.891479146052));
#1611 = CARTESIAN_POINT('',(-13.5,105.,22.8));
#1612 = CARTESIAN_POINT('',(-14.,95.5,11.2));
#1613 = CARTESIAN_POINT('',(-14.2547213795,99.948699294532,
    16.891479146052));
#1614 = CARTESIAN_POINT('',(-13.5,101.,22.8));
#1615 = CARTESIAN_POINT('',(-14.,89.,11.2));
#1616 = CARTESIAN_POINT('',(-14.2547213795,94.425289301215,
    16.891479146052));
#1617 = CARTESIAN_POINT('',(-13.5,97.,22.8));
#1618 = CARTESIAN_POINT('',(-14.,82.5,11.2));
#1619 = CARTESIAN_POINT('',(-14.2547213795,88.901879307897,
    16.891479146052));
#1620 = CARTESIAN_POINT('',(-13.5,93.,22.8));
#1621 = CARTESIAN_POINT('',(-14.,76.,11.2));
#1622 = CARTESIAN_POINT('',(-14.2547213795,83.37846931458,
    16.891479146052));
#1623 = CARTESIAN_POINT('',(-13.5,89.,22.8));
#1624 = DEFINITIONAL_REPRESENTATION('',(#1625),#1631);
#1625 = B_SPLINE_CURVE_WITH_KNOTS('',4,(#1626,#1627,#1628,#1629,#1630),
  .UNSPECIFIED.,.F.,.F.,(5,5),(0.,1.),.PIECEWISE_BEZIER_KNOTS.);
#1626 = CARTESIAN_POINT('',(1.,0.742587383799));
#1627 = CARTESIAN_POINT('',(0.75,0.742587383799));
#1628 = CARTESIAN_POINT('',(0.5,0.742587383799));
#1629 = CARTESIAN_POINT('',(0.25,0.742587383799));
#1630 = CARTESIAN_POINT('',(0.,0.742587383799));
#1631 = ( GEOMETRIC_REPRESENTATION_CONTEXT(2) 
PARAMETRIC_REPRESENTATION_CONTEXT() REPRESENTATION_CONTEXT('2D SPACE',''
  ) );
#1632 = ORIENTED_EDGE('',*,*,#1633,.F.);
#1633 = EDGE_CURVE('',#371,#1577,#1634,.T.);
#1634 = SURFACE_CURVE('',#1635,(#1673,#1714),.PCURVE_S1.);
#1635 = B_SPLINE_CURVE_WITH_KNOTS('',8,(#1636,#1637,#1638,#1639,#1640,
    #1641,#1642,#1643,#1644,#1645,#1646,#1647,#1648,#1649,#1650,#1651,
    #1652,#1653,#1654,#1655,#1656,#1657,#1658,#1659,#1660,#1661,#1662,
    #1663,#1664,#1665,#1666,#1667,#1668,#1669,#1670,#1671,#1672),
  .UNSPECIFIED.,.F.,.F.,(9,7,7,7,7,9),(0.,0.476518555972,0.672854445848,
    0.859846506422,0.958635794228,1.),.UNSPECIFIED.);
#1636 = CARTESIAN_POINT('',(-11.71029241126,75.9999994,14.327382999087)
  );
#1637 = CARTESIAN_POINT('',(-11.96457335582,76.558313115658,
    14.715477987214));
#1638 = CARTESIAN_POINT('',(-12.19473581438,77.123810437892,
    15.098827674245));
#1639 = CARTESIAN_POINT('',(-12.40396485896,77.694985333859,
    15.478140919275));
#1640 = CARTESIAN_POINT('',(-12.59416031971,78.270903376398,
    15.853485175694));
#1641 = CARTESIAN_POINT('',(-12.7668338959,78.850891473522,
    16.224719738653));
#1642 = CARTESIAN_POINT('',(-12.92312176007,79.434570157848,
    16.591388035497));
#1643 = CARTESIAN_POINT('',(-13.0639809369,80.021784442456,
    16.952806966798));
#1644 = CARTESIAN_POINT('',(-13.2421713799,80.856276406314,
    17.453687011331));
#1645 = CARTESIAN_POINT('',(-13.29167215018,81.1003949801,
    17.598690733629));
#1646 = CARTESIAN_POINT('',(-13.33873166487,81.345140386776,
    17.74244014189));
#1647 = CARTESIAN_POINT('',(-13.38339656087,81.590528180228,
    17.884802718932));
#1648 = CARTESIAN_POINT('',(-13.42570832837,81.836580222684,
    18.025616692488));
#1649 = CARTESIAN_POINT('',(-13.4657034652,82.083327989496,
    18.164679408024));
#1650 = CARTESIAN_POINT('',(-13.50341242812,82.330819177189,
    18.301724312724));
#1651 = CARTESIAN_POINT('',(-13.57261547172,82.815618795403,
    18.564640072515));
#1652 = CARTESIAN_POINT('',(-13.60431396905,83.052810437941,
    18.69070935737));
#1653 = CARTESIAN_POINT('',(-13.63397890947,83.290803869549,
    18.81430188335));
#1654 = CARTESIAN_POINT('',(-13.66162087493,83.529695759055,
    18.935009535719));
#1655 = CARTESIAN_POINT('',(-13.68724102718,83.769577507222,
    19.052314480308));
#1656 = CARTESIAN_POINT('',(-13.71081240606,84.010571634933,
    19.165432059609));
#1657 = CARTESIAN_POINT('',(-13.73229433588,84.252822955483,
    19.273350644377));
#1658 = CARTESIAN_POINT('',(-13.76170177417,84.625498185811,
    19.42735510798));
#1659 = CARTESIAN_POINT('',(-13.77123698893,84.754706459301,
    19.478568736279));
#1660 = CARTESIAN_POINT('',(-13.78012487757,84.884394386768,
    19.527497149163));
#1661 = CARTESIAN_POINT('',(-13.78833284089,85.01463122875,
    19.573770251697));
#1662 = CARTESIAN_POINT('',(-13.79581657595,85.145457378797,
    19.616918403434));
#1663 = CARTESIAN_POINT('',(-13.80249848225,85.276902962265,
    19.656237856698));
#1664 = CARTESIAN_POINT('',(-13.80827905308,85.408982689891,
    19.690834409414));
#1665 = CARTESIAN_POINT('',(-13.81488245531,85.597395782166,
    19.73082265357));
#1666 = CARTESIAN_POINT('',(-13.81663305215,85.653108371509,
    19.741495532055));
#1667 = CARTESIAN_POINT('',(-13.81816976733,85.708941025522,
    19.750920550242));
#1668 = CARTESIAN_POINT('',(-13.81947136987,85.764894683047,
    19.758944843935));
#1669 = CARTESIAN_POINT('',(-13.82051164023,85.82095663565,
    19.765383901675));
#1670 = CARTESIAN_POINT('',(-13.8212572219,85.877101173404,
    19.770009881434));
#1671 = CARTESIAN_POINT('',(-13.82166266555,85.933290683245,
    19.772525834158));
#1672 = CARTESIAN_POINT('',(-13.82166266555,85.989477199929,
    19.772525834158));
#1673 = PCURVE('',#136,#1674);
#1674 = DEFINITIONAL_REPRESENTATION('',(#1675),#1713);
#1675 = B_SPLINE_CURVE_WITH_KNOTS('',8,(#1676,#1677,#1678,#1679,#1680,
    #1681,#1682,#1683,#1684,#1685,#1686,#1687,#1688,#1689,#1690,#1691,
    #1692,#1693,#1694,#1695,#1696,#1697,#1698,#1699,#1700,#1701,#1702,
    #1703,#1704,#1705,#1706,#1707,#1708,#1709,#1710,#1711,#1712),
  .UNSPECIFIED.,.F.,.F.,(9,7,7,7,7,9),(0.,0.476518555972,0.672854445848,
    0.859846506422,0.958635794228,1.),.UNSPECIFIED.);
#1676 = CARTESIAN_POINT('',(2.56156858215,-6.E-07));
#1677 = CARTESIAN_POINT('',(2.594709939765,0.558313115658));
#1678 = CARTESIAN_POINT('',(2.626623643286,1.123810437891));
#1679 = CARTESIAN_POINT('',(2.657532169212,1.694985333863));
#1680 = CARTESIAN_POINT('',(2.687552249387,2.270903376392));
#1681 = CARTESIAN_POINT('',(2.716765589271,2.850891473527));
#1682 = CARTESIAN_POINT('',(2.745212515305,3.434570157847));
#1683 = CARTESIAN_POINT('',(2.772907197618,4.021784442456));
#1684 = CARTESIAN_POINT('',(2.810880916577,4.856276406314));
#1685 = CARTESIAN_POINT('',(2.821824310878,5.1003949801));
#1686 = CARTESIAN_POINT('',(2.832626922556,5.345140386776));
#1687 = CARTESIAN_POINT('',(2.843282803502,5.590528180228));
#1688 = CARTESIAN_POINT('',(2.853783699668,5.836580222684));
#1689 = CARTESIAN_POINT('',(2.864118248386,6.083327989496));
#1690 = CARTESIAN_POINT('',(2.874270347993,6.330819177189));
#1691 = CARTESIAN_POINT('',(2.893689694278,6.815618795403));
#1692 = CARTESIAN_POINT('',(2.902974363854,7.05281043794));
#1693 = CARTESIAN_POINT('',(2.912052271919,7.290803869551));
#1694 = CARTESIAN_POINT('',(2.9208964959,7.529695759053));
#1695 = CARTESIAN_POINT('',(2.929472122545,7.769577507224));
#1696 = CARTESIAN_POINT('',(2.93772494731,8.010571634932));
#1697 = CARTESIAN_POINT('',(2.945584413227,8.252822955483));
#1698 = CARTESIAN_POINT('',(2.956783486675,8.625498185811));
#1699 = CARTESIAN_POINT('',(2.960504427522,8.754706459301));
#1700 = CARTESIAN_POINT('',(2.964056451512,8.884394386767));
#1701 = CARTESIAN_POINT('',(2.967413215459,9.014631228751));
#1702 = CARTESIAN_POINT('',(2.970541201639,9.145457378796));
#1703 = CARTESIAN_POINT('',(2.973389981313,9.276902962266));
#1704 = CARTESIAN_POINT('',(2.975895416249,9.408982689891));
#1705 = CARTESIAN_POINT('',(2.978790401878,9.597395782166));
#1706 = CARTESIAN_POINT('',(2.979562936761,9.653108371509));
#1707 = CARTESIAN_POINT('',(2.98024504161,9.708941025522));
#1708 = CARTESIAN_POINT('',(2.980825696581,9.764894683047));
#1709 = CARTESIAN_POINT('',(2.981291592771,9.82095663565));
#1710 = CARTESIAN_POINT('',(2.981626284096,9.877101173404));
#1711 = CARTESIAN_POINT('',(2.981808313504,9.933290683245));
#1712 = CARTESIAN_POINT('',(2.981808313504,9.989477199929));
#1713 = ( GEOMETRIC_REPRESENTATION_CONTEXT(2) 
PARAMETRIC_REPRESENTATION_CONTEXT() REPRESENTATION_CONTEXT('2D SPACE',''
  ) );
#1714 = PCURVE('',#1715,#1743);
#1715 = B_SPLINE_SURFACE_WITH_KNOTS('',8,2,(
    (#1716,#1717,#1718)
    ,(#1719,#1720,#1721)
    ,(#1722,#1723,#1724)
    ,(#1725,#1726,#1727)
    ,(#1728,#1729,#1730)
    ,(#1731,#1732,#1733)
    ,(#1734,#1735,#1736)
    ,(#1737,#1738,#1739)
    ,(#1740,#1741,#1742
  )),.UNSPECIFIED.,.F.,.F.,.F.,(9,9),(3,3),(1.,2.),(0.,1.),
  .PIECEWISE_BEZIER_KNOTS.);
#1716 = CARTESIAN_POINT('',(-14.,76.,11.2));
#1717 = CARTESIAN_POINT('',(-14.2547213795,83.37846931458,
    16.891479146052));
#1718 = CARTESIAN_POINT('',(-13.5,89.,22.8));
#1719 = CARTESIAN_POINT('',(-14.,75.214601836603,11.2));
#1720 = CARTESIAN_POINT('',(-14.2547213795,82.500424258677,
    16.891479146052));
#1721 = CARTESIAN_POINT('',(-13.5,87.625553214055,22.8));
#1722 = CARTESIAN_POINT('',(-13.82375684415,74.429203425983,11.2));
#1723 = CARTESIAN_POINT('',(-14.05768828362,81.622378926389,
    16.891479146052));
#1724 = CARTESIAN_POINT('',(-13.19157447727,86.25110599547,22.8));
#1725 = CARTESIAN_POINT('',(-13.47127226348,73.68994706266,11.2));
#1726 = CARTESIAN_POINT('',(-13.66362402709,80.795918635149,
    16.891479146052));
#1727 = CARTESIAN_POINT('',(-12.5747264611,84.957407359655,22.8));
#1728 = CARTESIAN_POINT('',(-12.95703502312,73.04296497688,11.2));
#1729 = CARTESIAN_POINT('',(-13.08872649422,80.07261745092,
    16.891479146052));
#1730 = CARTESIAN_POINT('',(-11.67481129046,83.825188709541,22.8));
#1731 = CARTESIAN_POINT('',(-12.31005293734,72.528727736514,11.2));
#1732 = CARTESIAN_POINT('',(-12.36542530999,79.497719918041,
    16.891479146052));
#1733 = CARTESIAN_POINT('',(-10.54259264034,82.9252735389,22.8));
#1734 = CARTESIAN_POINT('',(-11.57079657401,72.176243155845,11.2));
#1735 = CARTESIAN_POINT('',(-11.53896501875,79.103655661511,
    16.891479146052));
#1736 = CARTESIAN_POINT('',(-9.24889400453,82.308425522728,22.8));
#1737 = CARTESIAN_POINT('',(-10.78539816339,72.,11.2));
#1738 = CARTESIAN_POINT('',(-10.66091968646,78.90662256564,
    16.891479146052));
#1739 = CARTESIAN_POINT('',(-7.874446785945,82.,22.8));
#1740 = CARTESIAN_POINT('',(-10.,72.,11.2));
#1741 = CARTESIAN_POINT('',(-9.78287463056,78.90662256564,
    16.891479146052));
#1742 = CARTESIAN_POINT('',(-6.5,82.,22.8));
#1743 = DEFINITIONAL_REPRESENTATION('',(#1744),#1782);
#1744 = B_SPLINE_CURVE_WITH_KNOTS('',8,(#1745,#1746,#1747,#1748,#1749,
    #1750,#1751,#1752,#1753,#1754,#1755,#1756,#1757,#1758,#1759,#1760,
    #1761,#1762,#1763,#1764,#1765,#1766,#1767,#1768,#1769,#1770,#1771,
    #1772,#1773,#1774,#1775,#1776,#1777,#1778,#1779,#1780,#1781),
  .UNSPECIFIED.,.F.,.F.,(9,7,7,7,7,9),(0.,0.476518555972,0.672854445848,
    0.859846506422,0.958635794228,1.),.UNSPECIFIED.);
#1745 = CARTESIAN_POINT('',(1.691026674954,0.273318171275));
#1746 = CARTESIAN_POINT('',(1.643235172544,0.307060863457));
#1747 = CARTESIAN_POINT('',(1.598135478025,0.34034188885));
#1748 = CARTESIAN_POINT('',(1.55513892997,0.373225135555));
#1749 = CARTESIAN_POINT('',(1.51389917058,0.405718463164));
#1750 = CARTESIAN_POINT('',(1.474127891733,0.437811306202));
#1751 = CARTESIAN_POINT('',(1.435575745872,0.469466354232));
#1752 = CARTESIAN_POINT('',(1.397996249557,0.500626706605));
#1753 = CARTESIAN_POINT('',(1.345855105983,0.543755713201));
#1754 = CARTESIAN_POINT('',(1.330752808997,0.556234704976));
#1755 = CARTESIAN_POINT('',(1.315740947437,0.568599124918));
#1756 = CARTESIAN_POINT('',(1.300795346206,0.580837787743));
#1757 = CARTESIAN_POINT('',(1.285889284826,0.592937020094));
#1758 = CARTESIAN_POINT('',(1.270991763366,0.604879673275));
#1759 = CARTESIAN_POINT('',(1.256064222496,0.616643165676));
#1760 = CARTESIAN_POINT('',(1.226761483197,0.639200106296));
#1761 = CARTESIAN_POINT('',(1.212396185567,0.650011107108));
#1762 = CARTESIAN_POINT('',(1.197913667181,0.660604774973));
#1763 = CARTESIAN_POINT('',(1.183257037701,0.670946472391));
#1764 = CARTESIAN_POINT('',(1.168359571541,0.680992225956));
#1765 = CARTESIAN_POINT('',(1.153122195672,0.690675328453));
#1766 = CARTESIAN_POINT('',(1.137420151888,0.69990977244));
#1767 = CARTESIAN_POINT('',(1.112325695908,0.713083221929));
#1768 = CARTESIAN_POINT('',(1.103454963113,0.717463125));
#1769 = CARTESIAN_POINT('',(1.094348139181,0.721646789662));
#1770 = CARTESIAN_POINT('',(1.084956338653,0.725602694177));
#1771 = CARTESIAN_POINT('',(1.075222862448,0.729290828867));
#1772 = CARTESIAN_POINT('',(1.065064285964,0.732651200644));
#1773 = CARTESIAN_POINT('',(1.054376792023,0.735607578281));
#1774 = CARTESIAN_POINT('',(1.038166451392,0.739024407718));
#1775 = CARTESIAN_POINT('',(1.033254542749,0.73993631771));
#1776 = CARTESIAN_POINT('',(1.028199275276,0.740741574735));
#1777 = CARTESIAN_POINT('',(1.022982310963,0.741427131788));
#1778 = CARTESIAN_POINT('',(1.017582927642,0.741977238613));
#1779 = CARTESIAN_POINT('',(1.011976396497,0.742372442612));
#1780 = CARTESIAN_POINT('',(1.006130472818,0.742587383799));
#1781 = CARTESIAN_POINT('',(1.,0.742587383799));
#1782 = ( GEOMETRIC_REPRESENTATION_CONTEXT(2) 
PARAMETRIC_REPRESENTATION_CONTEXT() REPRESENTATION_CONTEXT('2D SPACE',''
  ) );
#1783 = ADVANCED_FACE('',(#1784),#167,.F.);
#1784 = FACE_BOUND('',#1785,.F.);
#1785 = EDGE_LOOP('',(#1786,#1787,#1810,#1832));
#1786 = ORIENTED_EDGE('',*,*,#150,.F.);
#1787 = ORIENTED_EDGE('',*,*,#1788,.F.);
#1788 = EDGE_CURVE('',#1789,#151,#1791,.T.);
#1789 = VERTEX_POINT('',#1790);
#1790 = CARTESIAN_POINT('',(-11.37792206135,153.,9.272077938642));
#1791 = SEAM_CURVE('',#1792,(#1796,#1803),.PCURVE_S1.);
#1792 = LINE('',#1793,#1794);
#1793 = CARTESIAN_POINT('',(-11.37792206135,152.,9.272077938642));
#1794 = VECTOR('',#1795,1.);
#1795 = DIRECTION('',(0.,1.,1.110223024625E-16));
#1796 = PCURVE('',#167,#1797);
#1797 = DEFINITIONAL_REPRESENTATION('',(#1798),#1802);
#1798 = LINE('',#1799,#1800);
#1799 = CARTESIAN_POINT('',(6.28318530718,-0.));
#1800 = VECTOR('',#1801,1.);
#1801 = DIRECTION('',(0.,1.));
#1802 = ( GEOMETRIC_REPRESENTATION_CONTEXT(2) 
PARAMETRIC_REPRESENTATION_CONTEXT() REPRESENTATION_CONTEXT('2D SPACE',''
  ) );
#1803 = PCURVE('',#167,#1804);
#1804 = DEFINITIONAL_REPRESENTATION('',(#1805),#1809);
#1805 = LINE('',#1806,#1807);
#1806 = CARTESIAN_POINT('',(0.,-0.));
#1807 = VECTOR('',#1808,1.);
#1808 = DIRECTION('',(0.,1.));
#1809 = ( GEOMETRIC_REPRESENTATION_CONTEXT(2) 
PARAMETRIC_REPRESENTATION_CONTEXT() REPRESENTATION_CONTEXT('2D SPACE',''
  ) );
#1810 = ORIENTED_EDGE('',*,*,#1811,.T.);
#1811 = EDGE_CURVE('',#1789,#1789,#1812,.T.);
#1812 = SURFACE_CURVE('',#1813,(#1818,#1825),.PCURVE_S1.);
#1813 = CIRCLE('',#1814,1.35);
#1814 = AXIS2_PLACEMENT_3D('',#1815,#1816,#1817);
#1815 = CARTESIAN_POINT('',(-12.72792206135,153.,9.272077938642));
#1816 = DIRECTION('',(0.,1.,1.110223024625E-16));
#1817 = DIRECTION('',(1.,0.,-0.));
#1818 = PCURVE('',#167,#1819);
#1819 = DEFINITIONAL_REPRESENTATION('',(#1820),#1824);
#1820 = LINE('',#1821,#1822);
#1821 = CARTESIAN_POINT('',(0.,1.));
#1822 = VECTOR('',#1823,1.);
#1823 = DIRECTION('',(1.,0.));
#1824 = ( GEOMETRIC_REPRESENTATION_CONTEXT(2) 
PARAMETRIC_REPRESENTATION_CONTEXT() REPRESENTATION_CONTEXT('2D SPACE',''
  ) );
#1825 = PCURVE('',#252,#1826);
#1826 = DEFINITIONAL_REPRESENTATION('',(#1827),#1831);
#1827 = CIRCLE('',#1828,1.35);
#1828 = AXIS2_PLACEMENT_2D('',#1829,#1830);
#1829 = CARTESIAN_POINT('',(-12.72792206135,12.727922061358));
#1830 = DIRECTION('',(1.,0.));
#1831 = ( GEOMETRIC_REPRESENTATION_CONTEXT(2) 
PARAMETRIC_REPRESENTATION_CONTEXT() REPRESENTATION_CONTEXT('2D SPACE',''
  ) );
#1832 = ORIENTED_EDGE('',*,*,#1788,.T.);
#1833 = ADVANCED_FACE('',(#1834),#198,.F.);
#1834 = FACE_BOUND('',#1835,.F.);
#1835 = EDGE_LOOP('',(#1836,#1837,#1860,#1882));
#1836 = ORIENTED_EDGE('',*,*,#181,.F.);
#1837 = ORIENTED_EDGE('',*,*,#1838,.F.);
#1838 = EDGE_CURVE('',#1839,#182,#1841,.T.);
#1839 = VERTEX_POINT('',#1840);
#1840 = CARTESIAN_POINT('',(14.077922061358,153.,9.272077938642));
#1841 = SEAM_CURVE('',#1842,(#1846,#1853),.PCURVE_S1.);
#1842 = LINE('',#1843,#1844);
#1843 = CARTESIAN_POINT('',(14.077922061358,152.,9.272077938642));
#1844 = VECTOR('',#1845,1.);
#1845 = DIRECTION('',(0.,1.,1.110223024625E-16));
#1846 = PCURVE('',#198,#1847);
#1847 = DEFINITIONAL_REPRESENTATION('',(#1848),#1852);
#1848 = LINE('',#1849,#1850);
#1849 = CARTESIAN_POINT('',(6.28318530718,-0.));
#1850 = VECTOR('',#1851,1.);
#1851 = DIRECTION('',(0.,1.));
#1852 = ( GEOMETRIC_REPRESENTATION_CONTEXT(2) 
PARAMETRIC_REPRESENTATION_CONTEXT() REPRESENTATION_CONTEXT('2D SPACE',''
  ) );
#1853 = PCURVE('',#198,#1854);
#1854 = DEFINITIONAL_REPRESENTATION('',(#1855),#1859);
#1855 = LINE('',#1856,#1857);
#1856 = CARTESIAN_POINT('',(0.,-0.));
#1857 = VECTOR('',#1858,1.);
#1858 = DIRECTION('',(0.,1.));
#1859 = ( GEOMETRIC_REPRESENTATION_CONTEXT(2) 
PARAMETRIC_REPRESENTATION_CONTEXT() REPRESENTATION_CONTEXT('2D SPACE',''
  ) );
#1860 = ORIENTED_EDGE('',*,*,#1861,.T.);
#1861 = EDGE_CURVE('',#1839,#1839,#1862,.T.);
#1862 = SURFACE_CURVE('',#1863,(#1868,#1875),.PCURVE_S1.);
#1863 = CIRCLE('',#1864,1.35);
#1864 = AXIS2_PLACEMENT_3D('',#1865,#1866,#1867);
#1865 = CARTESIAN_POINT('',(12.727922061358,153.,9.272077938642));
#1866 = DIRECTION('',(0.,1.,1.110223024625E-16));
#1867 = DIRECTION('',(1.,0.,-0.));
#1868 = PCURVE('',#198,#1869);
#1869 = DEFINITIONAL_REPRESENTATION('',(#1870),#1874);
#1870 = LINE('',#1871,#1872);
#1871 = CARTESIAN_POINT('',(0.,1.));
#1872 = VECTOR('',#1873,1.);
#1873 = DIRECTION('',(1.,0.));
#1874 = ( GEOMETRIC_REPRESENTATION_CONTEXT(2) 
PARAMETRIC_REPRESENTATION_CONTEXT() REPRESENTATION_CONTEXT('2D SPACE',''
  ) );
#1875 = PCURVE('',#252,#1876);
#1876 = DEFINITIONAL_REPRESENTATION('',(#1877),#1881);
#1877 = CIRCLE('',#1878,1.35);
#1878 = AXIS2_PLACEMENT_2D('',#1879,#1880);
#1879 = CARTESIAN_POINT('',(12.727922061358,12.727922061358));
#1880 = DIRECTION('',(1.,0.));
#1881 = ( GEOMETRIC_REPRESENTATION_CONTEXT(2) 
PARAMETRIC_REPRESENTATION_CONTEXT() REPRESENTATION_CONTEXT('2D SPACE',''
  ) );
#1882 = ORIENTED_EDGE('',*,*,#1838,.T.);
#1883 = ADVANCED_FACE('',(#1884,#1887,#1890,#1893,#1896,#1927),#252,.F.
  );
#1884 = FACE_BOUND('',#1885,.F.);
#1885 = EDGE_LOOP('',(#1886));
#1886 = ORIENTED_EDGE('',*,*,#237,.T.);
#1887 = FACE_BOUND('',#1888,.F.);
#1888 = EDGE_LOOP('',(#1889));
#1889 = ORIENTED_EDGE('',*,*,#292,.F.);
#1890 = FACE_BOUND('',#1891,.F.);
#1891 = EDGE_LOOP('',(#1892));
#1892 = ORIENTED_EDGE('',*,*,#342,.F.);
#1893 = FACE_BOUND('',#1894,.F.);
#1894 = EDGE_LOOP('',(#1895));
#1895 = ORIENTED_EDGE('',*,*,#1811,.F.);
#1896 = FACE_BOUND('',#1897,.F.);
#1897 = EDGE_LOOP('',(#1898));
#1898 = ORIENTED_EDGE('',*,*,#1899,.F.);
#1899 = EDGE_CURVE('',#1900,#1900,#1902,.T.);
#1900 = VERTEX_POINT('',#1901);
#1901 = CARTESIAN_POINT('',(16.4,153.,22.));
#1902 = SURFACE_CURVE('',#1903,(#1908,#1915),.PCURVE_S1.);
#1903 = CIRCLE('',#1904,16.4);
#1904 = AXIS2_PLACEMENT_3D('',#1905,#1906,#1907);
#1905 = CARTESIAN_POINT('',(0.,153.,22.));
#1906 = DIRECTION('',(0.,1.,1.110223024625E-16));
#1907 = DIRECTION('',(1.,0.,-0.));
#1908 = PCURVE('',#252,#1909);
#1909 = DEFINITIONAL_REPRESENTATION('',(#1910),#1914);
#1910 = CIRCLE('',#1911,16.4);
#1911 = AXIS2_PLACEMENT_2D('',#1912,#1913);
#1912 = CARTESIAN_POINT('',(0.,-1.06581410364E-14));
#1913 = DIRECTION('',(1.,0.));
#1914 = ( GEOMETRIC_REPRESENTATION_CONTEXT(2) 
PARAMETRIC_REPRESENTATION_CONTEXT() REPRESENTATION_CONTEXT('2D SPACE',''
  ) );
#1915 = PCURVE('',#1916,#1921);
#1916 = CYLINDRICAL_SURFACE('',#1917,16.4);
#1917 = AXIS2_PLACEMENT_3D('',#1918,#1919,#1920);
#1918 = CARTESIAN_POINT('',(0.,70.,22.));
#1919 = DIRECTION('',(0.,1.,1.110223024625E-16));
#1920 = DIRECTION('',(1.,0.,0.));
#1921 = DEFINITIONAL_REPRESENTATION('',(#1922),#1926);
#1922 = LINE('',#1923,#1924);
#1923 = CARTESIAN_POINT('',(0.,83.));
#1924 = VECTOR('',#1925,1.);
#1925 = DIRECTION('',(1.,0.));
#1926 = ( GEOMETRIC_REPRESENTATION_CONTEXT(2) 
PARAMETRIC_REPRESENTATION_CONTEXT() REPRESENTATION_CONTEXT('2D SPACE',''
  ) );
#1927 = FACE_BOUND('',#1928,.F.);
#1928 = EDGE_LOOP('',(#1929));
#1929 = ORIENTED_EDGE('',*,*,#1861,.F.);
#1930 = ADVANCED_FACE('',(#1931),#385,.F.);
#1931 = FACE_BOUND('',#1932,.F.);
#1932 = EDGE_LOOP('',(#1933,#1956,#1984,#2012,#2038,#2057,#2058,#2138,
    #2167,#2395));
#1933 = ORIENTED_EDGE('',*,*,#1934,.F.);
#1934 = EDGE_CURVE('',#1935,#1332,#1937,.T.);
#1935 = VERTEX_POINT('',#1936);
#1936 = CARTESIAN_POINT('',(-14.,132.,17.5));
#1937 = SURFACE_CURVE('',#1938,(#1942,#1949),.PCURVE_S1.);
#1938 = LINE('',#1939,#1940);
#1939 = CARTESIAN_POINT('',(-14.,132.,17.5));
#1940 = VECTOR('',#1941,1.);
#1941 = DIRECTION('',(1.,0.,-0.));
#1942 = PCURVE('',#385,#1943);
#1943 = DEFINITIONAL_REPRESENTATION('',(#1944),#1948);
#1944 = LINE('',#1945,#1946);
#1945 = CARTESIAN_POINT('',(0.,60.));
#1946 = VECTOR('',#1947,1.);
#1947 = DIRECTION('',(1.,0.));
#1948 = ( GEOMETRIC_REPRESENTATION_CONTEXT(2) 
PARAMETRIC_REPRESENTATION_CONTEXT() REPRESENTATION_CONTEXT('2D SPACE',''
  ) );
#1949 = PCURVE('',#1348,#1950);
#1950 = DEFINITIONAL_REPRESENTATION('',(#1951),#1955);
#1951 = LINE('',#1952,#1953);
#1952 = CARTESIAN_POINT('',(7.,0.));
#1953 = VECTOR('',#1954,1.);
#1954 = DIRECTION('',(0.,1.));
#1955 = ( GEOMETRIC_REPRESENTATION_CONTEXT(2) 
PARAMETRIC_REPRESENTATION_CONTEXT() REPRESENTATION_CONTEXT('2D SPACE',''
  ) );
#1956 = ORIENTED_EDGE('',*,*,#1957,.F.);
#1957 = EDGE_CURVE('',#1958,#1935,#1960,.T.);
#1958 = VERTEX_POINT('',#1959);
#1959 = CARTESIAN_POINT('',(-14.,72.,17.5));
#1960 = SURFACE_CURVE('',#1961,(#1965,#1972),.PCURVE_S1.);
#1961 = LINE('',#1962,#1963);
#1962 = CARTESIAN_POINT('',(-14.,72.,17.5));
#1963 = VECTOR('',#1964,1.);
#1964 = DIRECTION('',(-0.,1.,0.));
#1965 = PCURVE('',#385,#1966);
#1966 = DEFINITIONAL_REPRESENTATION('',(#1967),#1971);
#1967 = LINE('',#1968,#1969);
#1968 = CARTESIAN_POINT('',(0.,0.));
#1969 = VECTOR('',#1970,1.);
#1970 = DIRECTION('',(0.,1.));
#1971 = ( GEOMETRIC_REPRESENTATION_CONTEXT(2) 
PARAMETRIC_REPRESENTATION_CONTEXT() REPRESENTATION_CONTEXT('2D SPACE',''
  ) );
#1972 = PCURVE('',#1973,#1978);
#1973 = PLANE('',#1974);
#1974 = AXIS2_PLACEMENT_3D('',#1975,#1976,#1977);
#1975 = CARTESIAN_POINT('',(-14.,72.,10.5));
#1976 = DIRECTION('',(1.,0.,-0.));
#1977 = DIRECTION('',(0.,0.,1.));
#1978 = DEFINITIONAL_REPRESENTATION('',(#1979),#1983);
#1979 = LINE('',#1980,#1981);
#1980 = CARTESIAN_POINT('',(7.,0.));
#1981 = VECTOR('',#1982,1.);
#1982 = DIRECTION('',(0.,-1.));
#1983 = ( GEOMETRIC_REPRESENTATION_CONTEXT(2) 
PARAMETRIC_REPRESENTATION_CONTEXT() REPRESENTATION_CONTEXT('2D SPACE',''
  ) );
#1984 = ORIENTED_EDGE('',*,*,#1985,.T.);
#1985 = EDGE_CURVE('',#1958,#1986,#1988,.T.);
#1986 = VERTEX_POINT('',#1987);
#1987 = CARTESIAN_POINT('',(-7.966963034934,72.,17.5));
#1988 = SURFACE_CURVE('',#1989,(#1993,#2000),.PCURVE_S1.);
#1989 = LINE('',#1990,#1991);
#1990 = CARTESIAN_POINT('',(-14.,72.,17.5));
#1991 = VECTOR('',#1992,1.);
#1992 = DIRECTION('',(1.,0.,-0.));
#1993 = PCURVE('',#385,#1994);
#1994 = DEFINITIONAL_REPRESENTATION('',(#1995),#1999);
#1995 = LINE('',#1996,#1997);
#1996 = CARTESIAN_POINT('',(0.,0.));
#1997 = VECTOR('',#1998,1.);
#1998 = DIRECTION('',(1.,0.));
#1999 = ( GEOMETRIC_REPRESENTATION_CONTEXT(2) 
PARAMETRIC_REPRESENTATION_CONTEXT() REPRESENTATION_CONTEXT('2D SPACE',''
  ) );
#2000 = PCURVE('',#2001,#2006);
#2001 = PLANE('',#2002);
#2002 = AXIS2_PLACEMENT_3D('',#2003,#2004,#2005);
#2003 = CARTESIAN_POINT('',(-14.,72.,10.5));
#2004 = DIRECTION('',(-0.,1.,0.));
#2005 = DIRECTION('',(0.,0.,1.));
#2006 = DEFINITIONAL_REPRESENTATION('',(#2007),#2011);
#2007 = LINE('',#2008,#2009);
#2008 = CARTESIAN_POINT('',(7.,0.));
#2009 = VECTOR('',#2010,1.);
#2010 = DIRECTION('',(0.,1.));
#2011 = ( GEOMETRIC_REPRESENTATION_CONTEXT(2) 
PARAMETRIC_REPRESENTATION_CONTEXT() REPRESENTATION_CONTEXT('2D SPACE',''
  ) );
#2012 = ORIENTED_EDGE('',*,*,#2013,.T.);
#2013 = EDGE_CURVE('',#1986,#2014,#2016,.T.);
#2014 = VERTEX_POINT('',#2015);
#2015 = CARTESIAN_POINT('',(-7.966963034934,76.,17.5));
#2016 = SURFACE_CURVE('',#2017,(#2021,#2027),.PCURVE_S1.);
#2017 = LINE('',#2018,#2019);
#2018 = CARTESIAN_POINT('',(-7.966963034934,69.,17.5));
#2019 = VECTOR('',#2020,1.);
#2020 = DIRECTION('',(0.,1.,1.110223024625E-16));
#2021 = PCURVE('',#385,#2022);
#2022 = DEFINITIONAL_REPRESENTATION('',(#2023),#2026);
#2023 = B_SPLINE_CURVE_WITH_KNOTS('',1,(#2024,#2025),.UNSPECIFIED.,.F.,
  .F.,(2,2),(-5.999999928008E-07,20.0000006),.PIECEWISE_BEZIER_KNOTS.);
#2024 = CARTESIAN_POINT('',(6.033036965066,-3.0000006));
#2025 = CARTESIAN_POINT('',(6.033036965066,17.0000006));
#2026 = ( GEOMETRIC_REPRESENTATION_CONTEXT(2) 
PARAMETRIC_REPRESENTATION_CONTEXT() REPRESENTATION_CONTEXT('2D SPACE',''
  ) );
#2027 = PCURVE('',#2028,#2033);
#2028 = CYLINDRICAL_SURFACE('',#2029,9.15);
#2029 = AXIS2_PLACEMENT_3D('',#2030,#2031,#2032);
#2030 = CARTESIAN_POINT('',(0.,69.,22.));
#2031 = DIRECTION('',(0.,1.,1.110223024625E-16));
#2032 = DIRECTION('',(1.,0.,0.));
#2033 = DEFINITIONAL_REPRESENTATION('',(#2034),#2037);
#2034 = B_SPLINE_CURVE_WITH_KNOTS('',1,(#2035,#2036),.UNSPECIFIED.,.F.,
  .F.,(2,2),(-5.999999928008E-07,20.0000006),.PIECEWISE_BEZIER_KNOTS.);
#2035 = CARTESIAN_POINT('',(2.627433056459,-5.999999933004E-07));
#2036 = CARTESIAN_POINT('',(2.627433056459,20.0000006));
#2037 = ( GEOMETRIC_REPRESENTATION_CONTEXT(2) 
PARAMETRIC_REPRESENTATION_CONTEXT() REPRESENTATION_CONTEXT('2D SPACE',''
  ) );
#2038 = ORIENTED_EDGE('',*,*,#2039,.F.);
#2039 = EDGE_CURVE('',#369,#2014,#2040,.T.);
#2040 = SURFACE_CURVE('',#2041,(#2045,#2051),.PCURVE_S1.);
#2041 = LINE('',#2042,#2043);
#2042 = CARTESIAN_POINT('',(-7.,76.,17.5));
#2043 = VECTOR('',#2044,1.);
#2044 = DIRECTION('',(1.,0.,0.));
#2045 = PCURVE('',#385,#2046);
#2046 = DEFINITIONAL_REPRESENTATION('',(#2047),#2050);
#2047 = B_SPLINE_CURVE_WITH_KNOTS('',1,(#2048,#2049),.UNSPECIFIED.,.F.,
  .F.,(2,2),(-7.,21.),.PIECEWISE_BEZIER_KNOTS.);
#2048 = CARTESIAN_POINT('',(0.,4.));
#2049 = CARTESIAN_POINT('',(28.,4.));
#2050 = ( GEOMETRIC_REPRESENTATION_CONTEXT(2) 
PARAMETRIC_REPRESENTATION_CONTEXT() REPRESENTATION_CONTEXT('2D SPACE',''
  ) );
#2051 = PCURVE('',#413,#2052);
#2052 = DEFINITIONAL_REPRESENTATION('',(#2053),#2056);
#2053 = B_SPLINE_CURVE_WITH_KNOTS('',1,(#2054,#2055),.UNSPECIFIED.,.F.,
  .F.,(2,2),(-7.,21.),.PIECEWISE_BEZIER_KNOTS.);
#2054 = CARTESIAN_POINT('',(-14.,4.5));
#2055 = CARTESIAN_POINT('',(14.,4.5));
#2056 = ( GEOMETRIC_REPRESENTATION_CONTEXT(2) 
PARAMETRIC_REPRESENTATION_CONTEXT() REPRESENTATION_CONTEXT('2D SPACE',''
  ) );
#2057 = ORIENTED_EDGE('',*,*,#368,.T.);
#2058 = ORIENTED_EDGE('',*,*,#2059,.T.);
#2059 = EDGE_CURVE('',#371,#2060,#2062,.T.);
#2060 = VERTEX_POINT('',#2061);
#2061 = CARTESIAN_POINT('',(-13.97619099688,83.555830269631,17.5));
#2062 = SURFACE_CURVE('',#2063,(#2086,#2112),.PCURVE_S1.);
#2063 = B_SPLINE_CURVE_WITH_KNOTS('',6,(#2064,#2065,#2066,#2067,#2068,
    #2069,#2070,#2071,#2072,#2073,#2074,#2075,#2076,#2077,#2078,#2079,
    #2080,#2081,#2082,#2083,#2084,#2085),.UNSPECIFIED.,.F.,.F.,(7,5,5,5,
    7),(0.,0.251999872979,0.5009999361,0.74999999928,1.),.UNSPECIFIED.);
#2064 = CARTESIAN_POINT('',(-8.842366094101,78.422005366847,17.5));
#2065 = CARTESIAN_POINT('',(-9.181056667639,78.422005366847,17.5));
#2066 = CARTESIAN_POINT('',(-9.519767389267,78.448818480135,17.5));
#2067 = CARTESIAN_POINT('',(-9.855800328613,78.502450408803,17.5));
#2068 = CARTESIAN_POINT('',(-10.18652838221,78.58253457991,17.5));
#2069 = CARTESIAN_POINT('',(-10.50938622248,78.6883963059,17.5));
#2070 = CARTESIAN_POINT('',(-11.13066734196,78.948029050634,17.5));
#2071 = CARTESIAN_POINT('',(-11.42937138884,79.101229650149,17.5));
#2072 = CARTESIAN_POINT('',(-11.71559633422,79.277593577202,17.5));
#2073 = CARTESIAN_POINT('',(-11.9871377938,79.475821196871,17.5));
#2074 = CARTESIAN_POINT('',(-12.24195875601,79.694363660147,17.5));
#2075 = CARTESIAN_POINT('',(-12.71449376557,80.168385518997,17.5));
#2076 = CARTESIAN_POINT('',(-12.93223460807,80.42389179406,17.5));
#2077 = CARTESIAN_POINT('',(-13.12960817838,80.696054663095,17.5));
#2078 = CARTESIAN_POINT('',(-13.30507203462,80.982832258691,17.5));
#2079 = CARTESIAN_POINT('',(-13.45733347327,81.282016124674,17.5));
#2080 = CARTESIAN_POINT('',(-13.71398453188,81.901626587688,17.5));
#2081 = CARTESIAN_POINT('',(-13.81819417712,82.222169220542,17.5));
#2082 = CARTESIAN_POINT('',(-13.89701789013,82.550397517207,17.5));
#2083 = CARTESIAN_POINT('',(-13.94980177372,82.883805457119,17.5));
#2084 = CARTESIAN_POINT('',(-13.97619099688,83.219827546049,17.5));
#2085 = CARTESIAN_POINT('',(-13.97619099688,83.555830269631,17.5));
#2086 = PCURVE('',#385,#2087);
#2087 = DEFINITIONAL_REPRESENTATION('',(#2088),#2111);
#2088 = B_SPLINE_CURVE_WITH_KNOTS('',6,(#2089,#2090,#2091,#2092,#2093,
    #2094,#2095,#2096,#2097,#2098,#2099,#2100,#2101,#2102,#2103,#2104,
    #2105,#2106,#2107,#2108,#2109,#2110),.UNSPECIFIED.,.F.,.F.,(7,5,5,5,
    7),(0.,0.251999872979,0.5009999361,0.74999999928,1.),.UNSPECIFIED.);
#2089 = CARTESIAN_POINT('',(5.157633905899,6.422005366847));
#2090 = CARTESIAN_POINT('',(4.818943332361,6.422005366847));
#2091 = CARTESIAN_POINT('',(4.480232610733,6.448818480135));
#2092 = CARTESIAN_POINT('',(4.144199671387,6.502450408803));
#2093 = CARTESIAN_POINT('',(3.813471617787,6.58253457991));
#2094 = CARTESIAN_POINT('',(3.49061377752,6.6883963059));
#2095 = CARTESIAN_POINT('',(2.869332658038,6.948029050634));
#2096 = CARTESIAN_POINT('',(2.570628611156,7.101229650149));
#2097 = CARTESIAN_POINT('',(2.284403665774,7.277593577202));
#2098 = CARTESIAN_POINT('',(2.012862206196,7.475821196871));
#2099 = CARTESIAN_POINT('',(1.758041243982,7.694363660147));
#2100 = CARTESIAN_POINT('',(1.285506234425,8.168385518997));
#2101 = CARTESIAN_POINT('',(1.067765391921,8.42389179406));
#2102 = CARTESIAN_POINT('',(0.870391821618,8.696054663095));
#2103 = CARTESIAN_POINT('',(0.69492796538,8.982832258691));
#2104 = CARTESIAN_POINT('',(0.542666526728,9.282016124674));
#2105 = CARTESIAN_POINT('',(0.286015468119,9.901626587688));
#2106 = CARTESIAN_POINT('',(0.181805822879,10.222169220542));
#2107 = CARTESIAN_POINT('',(0.102982109862,10.550397517207));
#2108 = CARTESIAN_POINT('',(5.019822627455E-02,10.883805457119));
#2109 = CARTESIAN_POINT('',(2.380900311575E-02,11.219827546049));
#2110 = CARTESIAN_POINT('',(2.380900311573E-02,11.555830269631));
#2111 = ( GEOMETRIC_REPRESENTATION_CONTEXT(2) 
PARAMETRIC_REPRESENTATION_CONTEXT() REPRESENTATION_CONTEXT('2D SPACE',''
  ) );
#2112 = PCURVE('',#1715,#2113);
#2113 = DEFINITIONAL_REPRESENTATION('',(#2114),#2137);
#2114 = B_SPLINE_CURVE_WITH_KNOTS('',6,(#2115,#2116,#2117,#2118,#2119,
    #2120,#2121,#2122,#2123,#2124,#2125,#2126,#2127,#2128,#2129,#2130,
    #2131,#2132,#2133,#2134,#2135,#2136),.UNSPECIFIED.,.F.,.F.,(7,5,5,5,
    7),(0.,0.251999872979,0.5009999361,0.74999999928,1.),.UNSPECIFIED.);
#2115 = CARTESIAN_POINT('',(2.,0.547738430869));
#2116 = CARTESIAN_POINT('',(1.958000687614,0.547738430869));
#2117 = CARTESIAN_POINT('',(1.915998904686,0.547738430869));
#2118 = CARTESIAN_POINT('',(1.874000000741,0.547738430869));
#2119 = CARTESIAN_POINT('',(1.83200110025,0.547738430869));
#2120 = CARTESIAN_POINT('',(1.789999312839,0.547738430869));
#2121 = CARTESIAN_POINT('',(1.706500647543,0.547738430869));
#2122 = CARTESIAN_POINT('',(1.664998964319,0.547738430869));
#2123 = CARTESIAN_POINT('',(1.623500002618,0.547738430869));
#2124 = CARTESIAN_POINT('',(1.582001039244,0.547738430869));
#2125 = CARTESIAN_POINT('',(1.54049935379,0.547738430869));
#2126 = CARTESIAN_POINT('',(1.4575006462,0.547738430869));
#2127 = CARTESIAN_POINT('',(1.415998960764,0.547738430869));
#2128 = CARTESIAN_POINT('',(1.374499997433,0.547738430869));
#2129 = CARTESIAN_POINT('',(1.333001035759,0.547738430869));
#2130 = CARTESIAN_POINT('',(1.291499352507,0.547738430869));
#2131 = CARTESIAN_POINT('',(1.208333993879,0.547738430869));
#2132 = CARTESIAN_POINT('',(1.166665608948,0.547738430869));
#2133 = CARTESIAN_POINT('',(1.124999999156,0.547738430869));
#2134 = CARTESIAN_POINT('',(1.083334386101,0.547738430869));
#2135 = CARTESIAN_POINT('',(1.041666005649,0.547738430869));
#2136 = CARTESIAN_POINT('',(1.,0.547738430869));
#2137 = ( GEOMETRIC_REPRESENTATION_CONTEXT(2) 
PARAMETRIC_REPRESENTATION_CONTEXT() REPRESENTATION_CONTEXT('2D SPACE',''
  ) );
#2138 = ORIENTED_EDGE('',*,*,#2139,.T.);
#2139 = EDGE_CURVE('',#2060,#2140,#2142,.T.);
#2140 = VERTEX_POINT('',#2141);
#2141 = CARTESIAN_POINT('',(-13.97619099688,125.6847321882,17.5));
#2142 = SURFACE_CURVE('',#2143,(#2149,#2158),.PCURVE_S1.);
#2143 = B_SPLINE_CURVE_WITH_KNOTS('',4,(#2144,#2145,#2146,#2147,#2148),
  .UNSPECIFIED.,.F.,.F.,(5,5),(0.,1.),.PIECEWISE_BEZIER_KNOTS.);
#2144 = CARTESIAN_POINT('',(-13.97619099688,83.555830269631,17.5));
#2145 = CARTESIAN_POINT('',(-13.97619099688,94.088055749273,17.5));
#2146 = CARTESIAN_POINT('',(-13.97619099688,104.62028122891,17.5));
#2147 = CARTESIAN_POINT('',(-13.97619099688,115.15250670855,17.5));
#2148 = CARTESIAN_POINT('',(-13.97619099688,125.6847321882,17.5));
#2149 = PCURVE('',#385,#2150);
#2150 = DEFINITIONAL_REPRESENTATION('',(#2151),#2157);
#2151 = B_SPLINE_CURVE_WITH_KNOTS('',4,(#2152,#2153,#2154,#2155,#2156),
  .UNSPECIFIED.,.F.,.F.,(5,5),(0.,1.),.PIECEWISE_BEZIER_KNOTS.);
#2152 = CARTESIAN_POINT('',(2.380900311573E-02,11.555830269631));
#2153 = CARTESIAN_POINT('',(2.380900311573E-02,22.088055749273));
#2154 = CARTESIAN_POINT('',(2.380900311573E-02,32.620281228916));
#2155 = CARTESIAN_POINT('',(2.380900311573E-02,43.152506708559));
#2156 = CARTESIAN_POINT('',(2.380900311573E-02,53.684732188202));
#2157 = ( GEOMETRIC_REPRESENTATION_CONTEXT(2) 
PARAMETRIC_REPRESENTATION_CONTEXT() REPRESENTATION_CONTEXT('2D SPACE',''
  ) );
#2158 = PCURVE('',#1596,#2159);
#2159 = DEFINITIONAL_REPRESENTATION('',(#2160),#2166);
#2160 = B_SPLINE_CURVE_WITH_KNOTS('',4,(#2161,#2162,#2163,#2164,#2165),
  .UNSPECIFIED.,.F.,.F.,(5,5),(0.,1.),.PIECEWISE_BEZIER_KNOTS.);
#2161 = CARTESIAN_POINT('',(1.,0.547738430869));
#2162 = CARTESIAN_POINT('',(0.75,0.547738430869));
#2163 = CARTESIAN_POINT('',(0.5,0.547738430869));
#2164 = CARTESIAN_POINT('',(0.25,0.547738430869));
#2165 = CARTESIAN_POINT('',(0.,0.547738430869));
#2166 = ( GEOMETRIC_REPRESENTATION_CONTEXT(2) 
PARAMETRIC_REPRESENTATION_CONTEXT() REPRESENTATION_CONTEXT('2D SPACE',''
  ) );
#2167 = ORIENTED_EDGE('',*,*,#2168,.T.);
#2168 = EDGE_CURVE('',#2140,#1361,#2169,.T.);
#2169 = SURFACE_CURVE('',#2170,(#2243,#2319),.PCURVE_S1.);
#2170 = B_SPLINE_CURVE_WITH_KNOTS('',6,(#2171,#2172,#2173,#2174,#2175,
    #2176,#2177,#2178,#2179,#2180,#2181,#2182,#2183,#2184,#2185,#2186,
    #2187,#2188,#2189,#2190,#2191,#2192,#2193,#2194,#2195,#2196,#2197,
    #2198,#2199,#2200,#2201,#2202,#2203,#2204,#2205,#2206,#2207,#2208,
    #2209,#2210,#2211,#2212,#2213,#2214,#2215,#2216,#2217,#2218,#2219,
    #2220,#2221,#2222,#2223,#2224,#2225,#2226,#2227,#2228,#2229,#2230,
    #2231,#2232,#2233,#2234,#2235,#2236,#2237,#2238,#2239,#2240,#2241,
    #2242),.UNSPECIFIED.,.F.,.F.,(7,5,5,5,5,5,5,5,5,5,5,5,5,5,7),(0.,
    2.80007134576E-02,0.144003579353,0.507987517926,0.545988484594,
    0.563988942757,0.595989757429,0.623990470647,0.675991794384,
    0.756993844159,0.788994658849,0.814995320477,0.846996134389,
    0.938998448607,1.),.UNSPECIFIED.);
#2171 = CARTESIAN_POINT('',(-13.97619099688,125.6847321882,17.5));
#2172 = CARTESIAN_POINT('',(-13.97619099688,125.72236509089,17.5));
#2173 = CARTESIAN_POINT('',(-13.97585996016,125.75999799394,17.5));
#2174 = CARTESIAN_POINT('',(-13.97519788686,125.79762725665,17.5));
#2175 = CARTESIAN_POINT('',(-13.97420483048,125.83524923947,17.5));
#2176 = CARTESIAN_POINT('',(-13.9728808978,125.87286030407,17.5));
#2177 = CARTESIAN_POINT('',(-13.96437128046,126.06621365928,17.5));
#2178 = CARTESIAN_POINT('',(-13.95184011336,126.22172112016,17.5));
#2179 = CARTESIAN_POINT('',(-13.93364420642,126.37671970179,17.5));
#2180 = CARTESIAN_POINT('',(-13.90981060404,126.53095202864,17.5));
#2181 = CARTESIAN_POINT('',(-13.88038193619,126.68416284382,17.5));
#2182 = CARTESIAN_POINT('',(-13.73570458732,127.31283140181,17.5));
#2183 = CARTESIAN_POINT('',(-13.57145189338,127.7771405145,17.5));
#2184 = CARTESIAN_POINT('',(-13.3544657899,128.22094810877,17.5));
#2185 = CARTESIAN_POINT('',(-13.0881241059,128.63701331558,17.5));
#2186 = CARTESIAN_POINT('',(-12.7768567128,129.01868662092,17.5));
#2187 = CARTESIAN_POINT('',(-12.39005992569,129.39588229018,17.5));
#2188 = CARTESIAN_POINT('',(-12.35306905926,129.43110333217,17.5));
#2189 = CARTESIAN_POINT('',(-12.31565902637,129.46588150353,17.5));
#2190 = CARTESIAN_POINT('',(-12.27783646599,129.5002105829,17.5));
#2191 = CARTESIAN_POINT('',(-12.23960813957,129.53408448226,17.5));
#2192 = CARTESIAN_POINT('',(-12.18268383198,129.58332434622,17.5));
#2193 = CARTESIAN_POINT('',(-12.16429723276,129.59904797788,17.5));
#2194 = CARTESIAN_POINT('',(-12.14582186481,129.61466750922,17.5));
#2195 = CARTESIAN_POINT('',(-12.12725846542,129.63018231451,17.5));
#2196 = CARTESIAN_POINT('',(-12.10860777776,129.64559177502,17.5));
#2197 = CARTESIAN_POINT('',(-12.05655992508,129.68810150839,17.5));
#2198 = CARTESIAN_POINT('',(-12.02297579192,129.7149728633,17.5));
#2199 = CARTESIAN_POINT('',(-11.98912236071,129.74150590578,17.5));
#2200 = CARTESIAN_POINT('',(-11.95500389656,129.76769726988,17.5));
#2201 = CARTESIAN_POINT('',(-11.92062472041,129.79354366154,17.5));
#2202 = CARTESIAN_POINT('',(-11.85568313607,129.84135278147,17.5));
#2203 = CARTESIAN_POINT('',(-11.82518080575,129.86339711834,17.5));
#2204 = CARTESIAN_POINT('',(-11.79448514992,129.88517271087,17.5));
#2205 = CARTESIAN_POINT('',(-11.76359913114,129.90667744434,17.5));
#2206 = CARTESIAN_POINT('',(-11.73252574266,129.92790924765,17.5));
#2207 = CARTESIAN_POINT('',(-11.64321793152,129.98778594916,17.5));
#2208 = CARTESIAN_POINT('',(-11.58453204239,130.02575748675,17.5));
#2209 = CARTESIAN_POINT('',(-11.52522972027,130.06276771369,17.5));
#2210 = CARTESIAN_POINT('',(-11.46533067612,130.09880417877,17.5));
#2211 = CARTESIAN_POINT('',(-11.4048549526,130.13385497215,17.5));
#2212 = CARTESIAN_POINT('',(-11.24875381705,130.22095398652,17.5));
#2213 = CARTESIAN_POINT('',(-11.1523348097,130.27158006677,17.5));
#2214 = CARTESIAN_POINT('',(-11.05464299073,130.31974395796,17.5));
#2215 = CARTESIAN_POINT('',(-10.95575705918,130.36540602588,17.5));
#2216 = CARTESIAN_POINT('',(-10.85575732443,130.40853001023,17.5));
#2217 = CARTESIAN_POINT('',(-10.7148119744,130.46510397096,17.5));
#2218 = CARTESIAN_POINT('',(-10.67473718181,130.48072366095,17.5));
#2219 = CARTESIAN_POINT('',(-10.63450637216,130.49594007006,17.5));
#2220 = CARTESIAN_POINT('',(-10.59412462096,130.51075125912,17.5));
#2221 = CARTESIAN_POINT('',(-10.5535970355,130.52515537427,17.5));
#2222 = CARTESIAN_POINT('',(-10.47988577718,130.5505218059,17.5));
#2223 = CARTESIAN_POINT('',(-10.44674991806,130.56162306517,17.5));
#2224 = CARTESIAN_POINT('',(-10.41352393369,130.57245347628,17.5));
#2225 = CARTESIAN_POINT('',(-10.38021059244,130.5830121285,17.5));
#2226 = CARTESIAN_POINT('',(-10.34681267481,130.59329814887,17.5));
#2227 = CARTESIAN_POINT('',(-10.27212718769,130.61563384463,17.5));
#2228 = CARTESIAN_POINT('',(-10.23079751551,130.62754274144,17.5));
#2229 = CARTESIAN_POINT('',(-10.18934916392,130.63903583545,17.5));
#2230 = CARTESIAN_POINT('',(-10.14778736379,130.6501116573,17.5));
#2231 = CARTESIAN_POINT('',(-10.1061173699,130.66076882551,17.5));
#2232 = CARTESIAN_POINT('',(-9.944247381156,130.70043804841,17.5));
#2233 = CARTESIAN_POINT('',(-9.823299507233,130.72639895409,17.5));
#2234 = CARTESIAN_POINT('',(-9.701626530601,130.74885797052,17.5));
#2235 = CARTESIAN_POINT('',(-9.579355183591,130.76779043918,17.5));
#2236 = CARTESIAN_POINT('',(-9.456613239394,130.78317783608,17.5));
#2237 = CARTESIAN_POINT('',(-9.251919626671,130.80285153552,17.5));
#2238 = CARTESIAN_POINT('',(-9.170159408569,130.80913135258,17.5));
#2239 = CARTESIAN_POINT('',(-9.088286358778,130.81384361944,17.5));
#2240 = CARTESIAN_POINT('',(-9.006338035962,130.81698593309,17.5));
#2241 = CARTESIAN_POINT('',(-8.924352056423,130.81855709098,17.5));
#2242 = CARTESIAN_POINT('',(-8.842366094101,130.81855709098,17.5));
#2243 = PCURVE('',#385,#2244);
#2244 = DEFINITIONAL_REPRESENTATION('',(#2245),#2318);
#2245 = B_SPLINE_CURVE_WITH_KNOTS('',6,(#2246,#2247,#2248,#2249,#2250,
    #2251,#2252,#2253,#2254,#2255,#2256,#2257,#2258,#2259,#2260,#2261,
    #2262,#2263,#2264,#2265,#2266,#2267,#2268,#2269,#2270,#2271,#2272,
    #2273,#2274,#2275,#2276,#2277,#2278,#2279,#2280,#2281,#2282,#2283,
    #2284,#2285,#2286,#2287,#2288,#2289,#2290,#2291,#2292,#2293,#2294,
    #2295,#2296,#2297,#2298,#2299,#2300,#2301,#2302,#2303,#2304,#2305,
    #2306,#2307,#2308,#2309,#2310,#2311,#2312,#2313,#2314,#2315,#2316,
    #2317),.UNSPECIFIED.,.F.,.F.,(7,5,5,5,5,5,5,5,5,5,5,5,5,5,7),(0.,
    2.80007134576E-02,0.144003579353,0.507987517926,0.545988484594,
    0.563988942757,0.595989757429,0.623990470647,0.675991794384,
    0.756993844159,0.788994658849,0.814995320477,0.846996134389,
    0.938998448607,1.),.UNSPECIFIED.);
#2246 = CARTESIAN_POINT('',(2.380900311573E-02,53.684732188202));
#2247 = CARTESIAN_POINT('',(2.380900311573E-02,53.722365090897));
#2248 = CARTESIAN_POINT('',(2.414003983868E-02,53.759997993948));
#2249 = CARTESIAN_POINT('',(2.480211313096E-02,53.79762725665));
#2250 = CARTESIAN_POINT('',(2.579516951593E-02,53.835249239474));
#2251 = CARTESIAN_POINT('',(2.711910219394E-02,53.87286030407));
#2252 = CARTESIAN_POINT('',(3.562871953306E-02,54.066213659282));
#2253 = CARTESIAN_POINT('',(4.815988663373E-02,54.221721120165));
#2254 = CARTESIAN_POINT('',(6.63557935711E-02,54.37671970179));
#2255 = CARTESIAN_POINT('',(9.018939595945E-02,54.530952028645));
#2256 = CARTESIAN_POINT('',(0.119618063801,54.684162843826));
#2257 = CARTESIAN_POINT('',(0.264295412673,55.312831401815));
#2258 = CARTESIAN_POINT('',(0.428548106617,55.777140514505));
#2259 = CARTESIAN_POINT('',(0.645534210099,56.22094810877));
#2260 = CARTESIAN_POINT('',(0.911875894097,56.637013315589));
#2261 = CARTESIAN_POINT('',(1.223143287195,57.018686620928));
#2262 = CARTESIAN_POINT('',(1.609940074302,57.395882290184));
#2263 = CARTESIAN_POINT('',(1.646930940735,57.431103332178));
#2264 = CARTESIAN_POINT('',(1.684340973628,57.465881503534));
#2265 = CARTESIAN_POINT('',(1.722163534008,57.500210582903));
#2266 = CARTESIAN_POINT('',(1.760391860427,57.534084482267));
#2267 = CARTESIAN_POINT('',(1.817316168014,57.583324346229));
#2268 = CARTESIAN_POINT('',(1.835702767233,57.599047977887));
#2269 = CARTESIAN_POINT('',(1.854178135185,57.61466750922));
#2270 = CARTESIAN_POINT('',(1.872741534574,57.630182314511));
#2271 = CARTESIAN_POINT('',(1.891392222234,57.645591775021));
#2272 = CARTESIAN_POINT('',(1.943440074917,57.688101508395));
#2273 = CARTESIAN_POINT('',(1.977024208075,57.7149728633));
#2274 = CARTESIAN_POINT('',(2.010877639289,57.741505905787));
#2275 = CARTESIAN_POINT('',(2.044996103433,57.767697269883));
#2276 = CARTESIAN_POINT('',(2.079375279582,57.793543661548));
#2277 = CARTESIAN_POINT('',(2.144316863923,57.841352781474));
#2278 = CARTESIAN_POINT('',(2.174819194241,57.863397118341));
#2279 = CARTESIAN_POINT('',(2.205514850077,57.885172710878));
#2280 = CARTESIAN_POINT('',(2.23640086886,57.906677444343));
#2281 = CARTESIAN_POINT('',(2.267474257332,57.927909247655));
#2282 = CARTESIAN_POINT('',(2.356782068475,57.98778594916));
#2283 = CARTESIAN_POINT('',(2.415467957608,58.025757486758));
#2284 = CARTESIAN_POINT('',(2.474770279721,58.062767713692));
#2285 = CARTESIAN_POINT('',(2.534669323871,58.098804178779));
#2286 = CARTESIAN_POINT('',(2.595145047396,58.133854972152));
#2287 = CARTESIAN_POINT('',(2.751246182948,58.220953986522));
#2288 = CARTESIAN_POINT('',(2.847665190291,58.271580066778));
#2289 = CARTESIAN_POINT('',(2.945357009261,58.319743957962));
#2290 = CARTESIAN_POINT('',(3.044242940816,58.365406025886));
#2291 = CARTESIAN_POINT('',(3.144242675566,58.408530010236));
#2292 = CARTESIAN_POINT('',(3.285188025591,58.465103970963));
#2293 = CARTESIAN_POINT('',(3.325262818188,58.480723660957));
#2294 = CARTESIAN_POINT('',(3.365493627836,58.495940070067));
#2295 = CARTESIAN_POINT('',(3.405875379032,58.510751259123));
#2296 = CARTESIAN_POINT('',(3.446402964495,58.52515537427));
#2297 = CARTESIAN_POINT('',(3.520114222814,58.550521805905));
#2298 = CARTESIAN_POINT('',(3.553250081935,58.561623065178));
#2299 = CARTESIAN_POINT('',(3.586476066304,58.572453476287));
#2300 = CARTESIAN_POINT('',(3.619789407555,58.583012128504));
#2301 = CARTESIAN_POINT('',(3.653187325182,58.593298148874));
#2302 = CARTESIAN_POINT('',(3.727872812303,58.615633844634));
#2303 = CARTESIAN_POINT('',(3.769202484482,58.627542741446));
#2304 = CARTESIAN_POINT('',(3.810650836076,58.639035835451));
#2305 = CARTESIAN_POINT('',(3.852212636204,58.650111657304));
#2306 = CARTESIAN_POINT('',(3.893882630098,58.660768825517));
#2307 = CARTESIAN_POINT('',(4.055752618844,58.700438048416));
#2308 = CARTESIAN_POINT('',(4.176700492767,58.726398954099));
#2309 = CARTESIAN_POINT('',(4.298373469399,58.748857970521));
#2310 = CARTESIAN_POINT('',(4.420644816409,58.767790439185));
#2311 = CARTESIAN_POINT('',(4.543386760606,58.783177836081));
#2312 = CARTESIAN_POINT('',(4.748080373329,58.802851535523));
#2313 = CARTESIAN_POINT('',(4.829840591431,58.809131352588));
#2314 = CARTESIAN_POINT('',(4.911713641222,58.813843619446));
#2315 = CARTESIAN_POINT('',(4.993661964038,58.816985933098));
#2316 = CARTESIAN_POINT('',(5.075647943577,58.818557090985));
#2317 = CARTESIAN_POINT('',(5.157633905899,58.818557090985));
#2318 = ( GEOMETRIC_REPRESENTATION_CONTEXT(2) 
PARAMETRIC_REPRESENTATION_CONTEXT() REPRESENTATION_CONTEXT('2D SPACE',''
  ) );
#2319 = PCURVE('',#1493,#2320);
#2320 = DEFINITIONAL_REPRESENTATION('',(#2321),#2394);
#2321 = B_SPLINE_CURVE_WITH_KNOTS('',6,(#2322,#2323,#2324,#2325,#2326,
    #2327,#2328,#2329,#2330,#2331,#2332,#2333,#2334,#2335,#2336,#2337,
    #2338,#2339,#2340,#2341,#2342,#2343,#2344,#2345,#2346,#2347,#2348,
    #2349,#2350,#2351,#2352,#2353,#2354,#2355,#2356,#2357,#2358,#2359,
    #2360,#2361,#2362,#2363,#2364,#2365,#2366,#2367,#2368,#2369,#2370,
    #2371,#2372,#2373,#2374,#2375,#2376,#2377,#2378,#2379,#2380,#2381,
    #2382,#2383,#2384,#2385,#2386,#2387,#2388,#2389,#2390,#2391,#2392,
    #2393),.UNSPECIFIED.,.F.,.F.,(7,5,5,5,5,5,5,5,5,5,5,5,5,5,7),(0.,
    2.80007134576E-02,0.144003579353,0.507987517926,0.545988484594,
    0.563988942757,0.595989757429,0.623990470647,0.675991794384,
    0.756993844159,0.788994658849,0.814995320477,0.846996134389,
    0.938998448607,1.),.UNSPECIFIED.);
#2322 = CARTESIAN_POINT('',(8.,0.547738430869));
#2323 = CARTESIAN_POINT('',(7.995333333255,0.547738430869));
#2324 = CARTESIAN_POINT('',(7.990666666553,0.547738430869));
#2325 = CARTESIAN_POINT('',(7.985999999882,0.547738430869));
#2326 = CARTESIAN_POINT('',(7.981333333235,0.547738430869));
#2327 = CARTESIAN_POINT('',(7.976666666608,0.547738430869));
#2328 = CARTESIAN_POINT('',(7.952666681884,0.547738430869));
#2329 = CARTESIAN_POINT('',(7.93333334619,0.547738430869));
#2330 = CARTESIAN_POINT('',(7.914000001385,0.547738430869));
#2331 = CARTESIAN_POINT('',(7.894666656135,0.547738430869));
#2332 = CARTESIAN_POINT('',(7.875333319314,0.547738430869));
#2333 = CARTESIAN_POINT('',(7.795337552955,0.547738430869));
#2334 = CARTESIAN_POINT('',(7.734659890107,0.547738430869));
#2335 = CARTESIAN_POINT('',(7.674000001513,0.547738430869));
#2336 = CARTESIAN_POINT('',(7.613340108527,0.547738430869));
#2337 = CARTESIAN_POINT('',(7.552662446217,0.547738430869));
#2338 = CARTESIAN_POINT('',(7.485666666706,0.547738430869));
#2339 = CARTESIAN_POINT('',(7.479333333348,0.547738430869));
#2340 = CARTESIAN_POINT('',(7.472999999963,0.547738430869));
#2341 = CARTESIAN_POINT('',(7.466666666586,0.547738430869));
#2342 = CARTESIAN_POINT('',(7.460333333253,0.547738430869));
#2343 = CARTESIAN_POINT('',(7.450999999993,0.547738430869));
#2344 = CARTESIAN_POINT('',(7.447999999988,0.547738430869));
#2345 = CARTESIAN_POINT('',(7.444999999985,0.547738430869));
#2346 = CARTESIAN_POINT('',(7.441999999985,0.547738430869));
#2347 = CARTESIAN_POINT('',(7.43899999999,0.547738430869));
#2348 = CARTESIAN_POINT('',(7.430666666658,0.547738430869));
#2349 = CARTESIAN_POINT('',(7.4253333333,0.547738430869));
#2350 = CARTESIAN_POINT('',(7.41999999994,0.547738430869));
#2351 = CARTESIAN_POINT('',(7.414666666595,0.547738430869));
#2352 = CARTESIAN_POINT('',(7.409333333276,0.547738430869));
#2353 = CARTESIAN_POINT('',(7.39933333332,0.547738430869));
#2354 = CARTESIAN_POINT('',(7.394666666635,0.547738430869));
#2355 = CARTESIAN_POINT('',(7.389999999954,0.547738430869));
#2356 = CARTESIAN_POINT('',(7.385333333284,0.547738430869));
#2357 = CARTESIAN_POINT('',(7.38066666663,0.547738430869));
#2358 = CARTESIAN_POINT('',(7.367333333536,0.547738430869));
#2359 = CARTESIAN_POINT('',(7.358666666787,0.547738430869));
#2360 = CARTESIAN_POINT('',(7.349999999907,0.547738430869));
#2361 = CARTESIAN_POINT('',(7.341333333049,0.547738430869));
#2362 = CARTESIAN_POINT('',(7.332666666364,0.547738430869));
#2363 = CARTESIAN_POINT('',(7.310500002504,0.547738430869));
#2364 = CARTESIAN_POINT('',(7.297000002117,0.547738430869));
#2365 = CARTESIAN_POINT('',(7.28350000025,0.547738430869));
#2366 = CARTESIAN_POINT('',(7.269999998324,0.547738430869));
#2367 = CARTESIAN_POINT('',(7.256499997763,0.547738430869));
#2368 = CARTESIAN_POINT('',(7.237666666733,0.547738430869));
#2369 = CARTESIAN_POINT('',(7.232333333422,0.547738430869));
#2370 = CARTESIAN_POINT('',(7.227000000079,0.547738430869));
#2371 = CARTESIAN_POINT('',(7.221666666718,0.547738430869));
#2372 = CARTESIAN_POINT('',(7.216333333353,0.547738430869));
#2373 = CARTESIAN_POINT('',(7.206666666701,0.547738430869));
#2374 = CARTESIAN_POINT('',(7.202333333381,0.547738430869));
#2375 = CARTESIAN_POINT('',(7.198000000046,0.547738430869));
#2376 = CARTESIAN_POINT('',(7.1936666667,0.547738430869));
#2377 = CARTESIAN_POINT('',(7.189333333349,0.547738430869));
#2378 = CARTESIAN_POINT('',(7.179666666713,0.547738430869));
#2379 = CARTESIAN_POINT('',(7.174333333386,0.547738430869));
#2380 = CARTESIAN_POINT('',(7.169000000034,0.547738430869));
#2381 = CARTESIAN_POINT('',(7.163666666675,0.547738430869));
#2382 = CARTESIAN_POINT('',(7.158333333324,0.547738430869));
#2383 = CARTESIAN_POINT('',(7.137666670989,0.547738430869));
#2384 = CARTESIAN_POINT('',(7.122333336463,0.547738430869));
#2385 = CARTESIAN_POINT('',(7.106999999289,0.547738430869));
#2386 = CARTESIAN_POINT('',(7.091666662298,0.547738430869));
#2387 = CARTESIAN_POINT('',(7.076333328284,0.547738430869));
#2388 = CARTESIAN_POINT('',(7.050833333853,0.547738430869));
#2389 = CARTESIAN_POINT('',(7.040666667094,0.547738430869));
#2390 = CARTESIAN_POINT('',(7.030500000065,0.547738430869));
#2391 = CARTESIAN_POINT('',(7.020333333057,0.547738430869));
#2392 = CARTESIAN_POINT('',(7.010166666308,0.547738430869));
#2393 = CARTESIAN_POINT('',(7.,0.547738430869));
#2394 = ( GEOMETRIC_REPRESENTATION_CONTEXT(2) 
PARAMETRIC_REPRESENTATION_CONTEXT() REPRESENTATION_CONTEXT('2D SPACE',''
  ) );
#2395 = ORIENTED_EDGE('',*,*,#1360,.T.);
#2396 = ADVANCED_FACE('',(#2397),#1715,.F.);
#2397 = FACE_BOUND('',#2398,.F.);
#2398 = EDGE_LOOP('',(#2399,#2420,#2421));
#2399 = ORIENTED_EDGE('',*,*,#2400,.F.);
#2400 = EDGE_CURVE('',#2060,#1577,#2401,.T.);
#2401 = SURFACE_CURVE('',#2402,(#2406,#2413),.PCURVE_S1.);
#2402 = B_SPLINE_CURVE_WITH_KNOTS('',2,(#2403,#2404,#2405),
  .UNSPECIFIED.,.F.,.F.,(3,3),(0.,1.),.PIECEWISE_BEZIER_KNOTS.);
#2403 = CARTESIAN_POINT('',(-14.,76.,11.2));
#2404 = CARTESIAN_POINT('',(-14.2547213795,83.37846931458,
    16.891479146052));
#2405 = CARTESIAN_POINT('',(-13.5,89.,22.8));
#2406 = PCURVE('',#1715,#2407);
#2407 = DEFINITIONAL_REPRESENTATION('',(#2408),#2412);
#2408 = LINE('',#2409,#2410);
#2409 = CARTESIAN_POINT('',(1.,0.));
#2410 = VECTOR('',#2411,1.);
#2411 = DIRECTION('',(0.,1.));
#2412 = ( GEOMETRIC_REPRESENTATION_CONTEXT(2) 
PARAMETRIC_REPRESENTATION_CONTEXT() REPRESENTATION_CONTEXT('2D SPACE',''
  ) );
#2413 = PCURVE('',#1596,#2414);
#2414 = DEFINITIONAL_REPRESENTATION('',(#2415),#2419);
#2415 = LINE('',#2416,#2417);
#2416 = CARTESIAN_POINT('',(1.,0.));
#2417 = VECTOR('',#2418,1.);
#2418 = DIRECTION('',(0.,1.));
#2419 = ( GEOMETRIC_REPRESENTATION_CONTEXT(2) 
PARAMETRIC_REPRESENTATION_CONTEXT() REPRESENTATION_CONTEXT('2D SPACE',''
  ) );
#2420 = ORIENTED_EDGE('',*,*,#2059,.F.);
#2421 = ORIENTED_EDGE('',*,*,#1633,.T.);
#2422 = ADVANCED_FACE('',(#2423),#1596,.F.);
#2423 = FACE_BOUND('',#2424,.F.);
#2424 = EDGE_LOOP('',(#2425,#2446,#2447,#2448));
#2425 = ORIENTED_EDGE('',*,*,#2426,.F.);
#2426 = EDGE_CURVE('',#2140,#1382,#2427,.T.);
#2427 = SURFACE_CURVE('',#2428,(#2432,#2439),.PCURVE_S1.);
#2428 = B_SPLINE_CURVE_WITH_KNOTS('',2,(#2429,#2430,#2431),
  .UNSPECIFIED.,.F.,.F.,(3,3),(0.,1.),.PIECEWISE_BEZIER_KNOTS.);
#2429 = CARTESIAN_POINT('',(-14.,128.,11.2));
#2430 = CARTESIAN_POINT('',(-14.2547213795,127.56574926111,
    16.891479146052));
#2431 = CARTESIAN_POINT('',(-13.5,121.,22.8));
#2432 = PCURVE('',#1596,#2433);
#2433 = DEFINITIONAL_REPRESENTATION('',(#2434),#2438);
#2434 = LINE('',#2435,#2436);
#2435 = CARTESIAN_POINT('',(0.,0.));
#2436 = VECTOR('',#2437,1.);
#2437 = DIRECTION('',(0.,1.));
#2438 = ( GEOMETRIC_REPRESENTATION_CONTEXT(2) 
PARAMETRIC_REPRESENTATION_CONTEXT() REPRESENTATION_CONTEXT('2D SPACE',''
  ) );
#2439 = PCURVE('',#1493,#2440);
#2440 = DEFINITIONAL_REPRESENTATION('',(#2441),#2445);
#2441 = LINE('',#2442,#2443);
#2442 = CARTESIAN_POINT('',(8.,0.));
#2443 = VECTOR('',#2444,1.);
#2444 = DIRECTION('',(0.,1.));
#2445 = ( GEOMETRIC_REPRESENTATION_CONTEXT(2) 
PARAMETRIC_REPRESENTATION_CONTEXT() REPRESENTATION_CONTEXT('2D SPACE',''
  ) );
#2446 = ORIENTED_EDGE('',*,*,#2139,.F.);
#2447 = ORIENTED_EDGE('',*,*,#2400,.T.);
#2448 = ORIENTED_EDGE('',*,*,#1576,.T.);
#2449 = ADVANCED_FACE('',(#2450),#1493,.F.);
#2450 = FACE_BOUND('',#2451,.F.);
#2451 = EDGE_LOOP('',(#2452,#2453,#2454));
#2452 = ORIENTED_EDGE('',*,*,#1381,.T.);
#2453 = ORIENTED_EDGE('',*,*,#2168,.F.);
#2454 = ORIENTED_EDGE('',*,*,#2426,.T.);
#2455 = ADVANCED_FACE('',(#2456),#1348,.F.);
#2456 = FACE_BOUND('',#2457,.F.);
#2457 = EDGE_LOOP('',(#2458,#2459,#2482,#2503));
#2458 = ORIENTED_EDGE('',*,*,#1331,.F.);
#2459 = ORIENTED_EDGE('',*,*,#2460,.F.);
#2460 = EDGE_CURVE('',#2461,#1310,#2463,.T.);
#2461 = VERTEX_POINT('',#2462);
#2462 = CARTESIAN_POINT('',(-14.,132.,12.));
#2463 = SURFACE_CURVE('',#2464,(#2468,#2475),.PCURVE_S1.);
#2464 = LINE('',#2465,#2466);
#2465 = CARTESIAN_POINT('',(-14.,132.,12.));
#2466 = VECTOR('',#2467,1.);
#2467 = DIRECTION('',(1.,0.,-5.580124068042E-14));
#2468 = PCURVE('',#1348,#2469);
#2469 = DEFINITIONAL_REPRESENTATION('',(#2470),#2474);
#2470 = LINE('',#2471,#2472);
#2471 = CARTESIAN_POINT('',(1.5,0.));
#2472 = VECTOR('',#2473,1.);
#2473 = DIRECTION('',(-5.580124068042E-14,1.));
#2474 = ( GEOMETRIC_REPRESENTATION_CONTEXT(2) 
PARAMETRIC_REPRESENTATION_CONTEXT() REPRESENTATION_CONTEXT('2D SPACE',''
  ) );
#2475 = PCURVE('',#1268,#2476);
#2476 = DEFINITIONAL_REPRESENTATION('',(#2477),#2481);
#2477 = LINE('',#2478,#2479);
#2478 = CARTESIAN_POINT('',(16.,0.));
#2479 = VECTOR('',#2480,1.);
#2480 = DIRECTION('',(1.,0.));
#2481 = ( GEOMETRIC_REPRESENTATION_CONTEXT(2) 
PARAMETRIC_REPRESENTATION_CONTEXT() REPRESENTATION_CONTEXT('2D SPACE',''
  ) );
#2482 = ORIENTED_EDGE('',*,*,#2483,.T.);
#2483 = EDGE_CURVE('',#2461,#1935,#2484,.T.);
#2484 = SURFACE_CURVE('',#2485,(#2489,#2496),.PCURVE_S1.);
#2485 = LINE('',#2486,#2487);
#2486 = CARTESIAN_POINT('',(-14.,132.,10.5));
#2487 = VECTOR('',#2488,1.);
#2488 = DIRECTION('',(0.,0.,1.));
#2489 = PCURVE('',#1348,#2490);
#2490 = DEFINITIONAL_REPRESENTATION('',(#2491),#2495);
#2491 = LINE('',#2492,#2493);
#2492 = CARTESIAN_POINT('',(0.,0.));
#2493 = VECTOR('',#2494,1.);
#2494 = DIRECTION('',(1.,0.));
#2495 = ( GEOMETRIC_REPRESENTATION_CONTEXT(2) 
PARAMETRIC_REPRESENTATION_CONTEXT() REPRESENTATION_CONTEXT('2D SPACE',''
  ) );
#2496 = PCURVE('',#1973,#2497);
#2497 = DEFINITIONAL_REPRESENTATION('',(#2498),#2502);
#2498 = LINE('',#2499,#2500);
#2499 = CARTESIAN_POINT('',(0.,-60.));
#2500 = VECTOR('',#2501,1.);
#2501 = DIRECTION('',(1.,0.));
#2502 = ( GEOMETRIC_REPRESENTATION_CONTEXT(2) 
PARAMETRIC_REPRESENTATION_CONTEXT() REPRESENTATION_CONTEXT('2D SPACE',''
  ) );
#2503 = ORIENTED_EDGE('',*,*,#1934,.T.);
#2504 = ADVANCED_FACE('',(#2505,#3643,#3674,#3705,#3736,#3767,#3798),
  #1268,.F.);
#2505 = FACE_BOUND('',#2506,.F.);
#2506 = EDGE_LOOP('',(#2507,#2530,#2558,#2586,#2614,#2642,#2670,#2691,
    #2692,#2715,#2742,#2850,#2907,#3000,#3022,#3050,#3078,#3106,#3134,
    #3157,#3185,#3213,#3241,#3264,#3292,#3320,#3348,#3371,#3393,#3471,
    #3528,#3621,#3641,#3642));
#2507 = ORIENTED_EDGE('',*,*,#2508,.F.);
#2508 = EDGE_CURVE('',#2509,#1281,#2511,.T.);
#2509 = VERTEX_POINT('',#2510);
#2510 = CARTESIAN_POINT('',(-12.99846144741,136.,12.));
#2511 = SURFACE_CURVE('',#2512,(#2516,#2523),.PCURVE_S1.);
#2512 = LINE('',#2513,#2514);
#2513 = CARTESIAN_POINT('',(-30.,136.,12.));
#2514 = VECTOR('',#2515,1.);
#2515 = DIRECTION('',(1.,0.,-0.));
#2516 = PCURVE('',#1268,#2517);
#2517 = DEFINITIONAL_REPRESENTATION('',(#2518),#2522);
#2518 = LINE('',#2519,#2520);
#2519 = CARTESIAN_POINT('',(0.,4.));
#2520 = VECTOR('',#2521,1.);
#2521 = DIRECTION('',(1.,0.));
#2522 = ( GEOMETRIC_REPRESENTATION_CONTEXT(2) 
PARAMETRIC_REPRESENTATION_CONTEXT() REPRESENTATION_CONTEXT('2D SPACE',''
  ) );
#2523 = PCURVE('',#1297,#2524);
#2524 = DEFINITIONAL_REPRESENTATION('',(#2525),#2529);
#2525 = LINE('',#2526,#2527);
#2526 = CARTESIAN_POINT('',(13.,0.));
#2527 = VECTOR('',#2528,1.);
#2528 = DIRECTION('',(0.,1.));
#2529 = ( GEOMETRIC_REPRESENTATION_CONTEXT(2) 
PARAMETRIC_REPRESENTATION_CONTEXT() REPRESENTATION_CONTEXT('2D SPACE',''
  ) );
#2530 = ORIENTED_EDGE('',*,*,#2531,.F.);
#2531 = EDGE_CURVE('',#2532,#2509,#2534,.T.);
#2532 = VERTEX_POINT('',#2533);
#2533 = CARTESIAN_POINT('',(-23.,136.,12.));
#2534 = SURFACE_CURVE('',#2535,(#2539,#2546),.PCURVE_S1.);
#2535 = LINE('',#2536,#2537);
#2536 = CARTESIAN_POINT('',(-23.,136.,12.));
#2537 = VECTOR('',#2538,1.);
#2538 = DIRECTION('',(1.,0.,-0.));
#2539 = PCURVE('',#1268,#2540);
#2540 = DEFINITIONAL_REPRESENTATION('',(#2541),#2545);
#2541 = LINE('',#2542,#2543);
#2542 = CARTESIAN_POINT('',(7.,4.));
#2543 = VECTOR('',#2544,1.);
#2544 = DIRECTION('',(1.,0.));
#2545 = ( GEOMETRIC_REPRESENTATION_CONTEXT(2) 
PARAMETRIC_REPRESENTATION_CONTEXT() REPRESENTATION_CONTEXT('2D SPACE',''
  ) );
#2546 = PCURVE('',#2547,#2552);
#2547 = PLANE('',#2548);
#2548 = AXIS2_PLACEMENT_3D('',#2549,#2550,#2551);
#2549 = CARTESIAN_POINT('',(-23.,136.,12.));
#2550 = DIRECTION('',(-0.,1.,0.));
#2551 = DIRECTION('',(0.,0.,1.));
#2552 = DEFINITIONAL_REPRESENTATION('',(#2553),#2557);
#2553 = LINE('',#2554,#2555);
#2554 = CARTESIAN_POINT('',(0.,0.));
#2555 = VECTOR('',#2556,1.);
#2556 = DIRECTION('',(0.,1.));
#2557 = ( GEOMETRIC_REPRESENTATION_CONTEXT(2) 
PARAMETRIC_REPRESENTATION_CONTEXT() REPRESENTATION_CONTEXT('2D SPACE',''
  ) );
#2558 = ORIENTED_EDGE('',*,*,#2559,.F.);
#2559 = EDGE_CURVE('',#2560,#2532,#2562,.T.);
#2560 = VERTEX_POINT('',#2561);
#2561 = CARTESIAN_POINT('',(-23.,70.,12.));
#2562 = SURFACE_CURVE('',#2563,(#2567,#2574),.PCURVE_S1.);
#2563 = LINE('',#2564,#2565);
#2564 = CARTESIAN_POINT('',(-23.,70.,12.));
#2565 = VECTOR('',#2566,1.);
#2566 = DIRECTION('',(0.,1.,0.));
#2567 = PCURVE('',#1268,#2568);
#2568 = DEFINITIONAL_REPRESENTATION('',(#2569),#2573);
#2569 = LINE('',#2570,#2571);
#2570 = CARTESIAN_POINT('',(7.,-62.));
#2571 = VECTOR('',#2572,1.);
#2572 = DIRECTION('',(0.,1.));
#2573 = ( GEOMETRIC_REPRESENTATION_CONTEXT(2) 
PARAMETRIC_REPRESENTATION_CONTEXT() REPRESENTATION_CONTEXT('2D SPACE',''
  ) );
#2574 = PCURVE('',#2575,#2580);
#2575 = PLANE('',#2576);
#2576 = AXIS2_PLACEMENT_3D('',#2577,#2578,#2579);
#2577 = CARTESIAN_POINT('',(-23.,70.,12.));
#2578 = DIRECTION('',(1.,0.,-0.));
#2579 = DIRECTION('',(0.,0.,1.));
#2580 = DEFINITIONAL_REPRESENTATION('',(#2581),#2585);
#2581 = LINE('',#2582,#2583);
#2582 = CARTESIAN_POINT('',(0.,0.));
#2583 = VECTOR('',#2584,1.);
#2584 = DIRECTION('',(0.,-1.));
#2585 = ( GEOMETRIC_REPRESENTATION_CONTEXT(2) 
PARAMETRIC_REPRESENTATION_CONTEXT() REPRESENTATION_CONTEXT('2D SPACE',''
  ) );
#2586 = ORIENTED_EDGE('',*,*,#2587,.F.);
#2587 = EDGE_CURVE('',#2588,#2560,#2590,.T.);
#2588 = VERTEX_POINT('',#2589);
#2589 = CARTESIAN_POINT('',(23.,70.,12.));
#2590 = SURFACE_CURVE('',#2591,(#2595,#2602),.PCURVE_S1.);
#2591 = LINE('',#2592,#2593);
#2592 = CARTESIAN_POINT('',(23.,70.,12.));
#2593 = VECTOR('',#2594,1.);
#2594 = DIRECTION('',(-1.,0.,0.));
#2595 = PCURVE('',#1268,#2596);
#2596 = DEFINITIONAL_REPRESENTATION('',(#2597),#2601);
#2597 = LINE('',#2598,#2599);
#2598 = CARTESIAN_POINT('',(53.,-62.));
#2599 = VECTOR('',#2600,1.);
#2600 = DIRECTION('',(-1.,0.));
#2601 = ( GEOMETRIC_REPRESENTATION_CONTEXT(2) 
PARAMETRIC_REPRESENTATION_CONTEXT() REPRESENTATION_CONTEXT('2D SPACE',''
  ) );
#2602 = PCURVE('',#2603,#2608);
#2603 = PLANE('',#2604);
#2604 = AXIS2_PLACEMENT_3D('',#2605,#2606,#2607);
#2605 = CARTESIAN_POINT('',(0.,70.,22.));
#2606 = DIRECTION('',(0.,1.,1.110223024625E-16));
#2607 = DIRECTION('',(1.,0.,0.));
#2608 = DEFINITIONAL_REPRESENTATION('',(#2609),#2613);
#2609 = LINE('',#2610,#2611);
#2610 = CARTESIAN_POINT('',(23.,10.));
#2611 = VECTOR('',#2612,1.);
#2612 = DIRECTION('',(-1.,0.));
#2613 = ( GEOMETRIC_REPRESENTATION_CONTEXT(2) 
PARAMETRIC_REPRESENTATION_CONTEXT() REPRESENTATION_CONTEXT('2D SPACE',''
  ) );
#2614 = ORIENTED_EDGE('',*,*,#2615,.F.);
#2615 = EDGE_CURVE('',#2616,#2588,#2618,.T.);
#2616 = VERTEX_POINT('',#2617);
#2617 = CARTESIAN_POINT('',(23.,136.,12.));
#2618 = SURFACE_CURVE('',#2619,(#2623,#2630),.PCURVE_S1.);
#2619 = LINE('',#2620,#2621);
#2620 = CARTESIAN_POINT('',(23.,136.,12.));
#2621 = VECTOR('',#2622,1.);
#2622 = DIRECTION('',(0.,-1.,0.));
#2623 = PCURVE('',#1268,#2624);
#2624 = DEFINITIONAL_REPRESENTATION('',(#2625),#2629);
#2625 = LINE('',#2626,#2627);
#2626 = CARTESIAN_POINT('',(53.,4.));
#2627 = VECTOR('',#2628,1.);
#2628 = DIRECTION('',(0.,-1.));
#2629 = ( GEOMETRIC_REPRESENTATION_CONTEXT(2) 
PARAMETRIC_REPRESENTATION_CONTEXT() REPRESENTATION_CONTEXT('2D SPACE',''
  ) );
#2630 = PCURVE('',#2631,#2636);
#2631 = PLANE('',#2632);
#2632 = AXIS2_PLACEMENT_3D('',#2633,#2634,#2635);
#2633 = CARTESIAN_POINT('',(23.,70.,12.));
#2634 = DIRECTION('',(1.,0.,-0.));
#2635 = DIRECTION('',(0.,0.,1.));
#2636 = DEFINITIONAL_REPRESENTATION('',(#2637),#2641);
#2637 = LINE('',#2638,#2639);
#2638 = CARTESIAN_POINT('',(0.,-66.));
#2639 = VECTOR('',#2640,1.);
#2640 = DIRECTION('',(0.,1.));
#2641 = ( GEOMETRIC_REPRESENTATION_CONTEXT(2) 
PARAMETRIC_REPRESENTATION_CONTEXT() REPRESENTATION_CONTEXT('2D SPACE',''
  ) );
#2642 = ORIENTED_EDGE('',*,*,#2643,.F.);
#2643 = EDGE_CURVE('',#2644,#2616,#2646,.T.);
#2644 = VERTEX_POINT('',#2645);
#2645 = CARTESIAN_POINT('',(12.998461447418,136.,12.));
#2646 = SURFACE_CURVE('',#2647,(#2651,#2658),.PCURVE_S1.);
#2647 = LINE('',#2648,#2649);
#2648 = CARTESIAN_POINT('',(-23.,136.,12.));
#2649 = VECTOR('',#2650,1.);
#2650 = DIRECTION('',(1.,0.,-0.));
#2651 = PCURVE('',#1268,#2652);
#2652 = DEFINITIONAL_REPRESENTATION('',(#2653),#2657);
#2653 = LINE('',#2654,#2655);
#2654 = CARTESIAN_POINT('',(7.,4.));
#2655 = VECTOR('',#2656,1.);
#2656 = DIRECTION('',(1.,0.));
#2657 = ( GEOMETRIC_REPRESENTATION_CONTEXT(2) 
PARAMETRIC_REPRESENTATION_CONTEXT() REPRESENTATION_CONTEXT('2D SPACE',''
  ) );
#2658 = PCURVE('',#2659,#2664);
#2659 = PLANE('',#2660);
#2660 = AXIS2_PLACEMENT_3D('',#2661,#2662,#2663);
#2661 = CARTESIAN_POINT('',(-23.,136.,12.));
#2662 = DIRECTION('',(-0.,1.,0.));
#2663 = DIRECTION('',(0.,0.,1.));
#2664 = DEFINITIONAL_REPRESENTATION('',(#2665),#2669);
#2665 = LINE('',#2666,#2667);
#2666 = CARTESIAN_POINT('',(0.,0.));
#2667 = VECTOR('',#2668,1.);
#2668 = DIRECTION('',(0.,1.));
#2669 = ( GEOMETRIC_REPRESENTATION_CONTEXT(2) 
PARAMETRIC_REPRESENTATION_CONTEXT() REPRESENTATION_CONTEXT('2D SPACE',''
  ) );
#2670 = ORIENTED_EDGE('',*,*,#2671,.F.);
#2671 = EDGE_CURVE('',#1254,#2644,#2672,.T.);
#2672 = SURFACE_CURVE('',#2673,(#2677,#2684),.PCURVE_S1.);
#2673 = LINE('',#2674,#2675);
#2674 = CARTESIAN_POINT('',(-30.,136.,12.));
#2675 = VECTOR('',#2676,1.);
#2676 = DIRECTION('',(1.,0.,-0.));
#2677 = PCURVE('',#1268,#2678);
#2678 = DEFINITIONAL_REPRESENTATION('',(#2679),#2683);
#2679 = LINE('',#2680,#2681);
#2680 = CARTESIAN_POINT('',(0.,4.));
#2681 = VECTOR('',#2682,1.);
#2682 = DIRECTION('',(1.,0.));
#2683 = ( GEOMETRIC_REPRESENTATION_CONTEXT(2) 
PARAMETRIC_REPRESENTATION_CONTEXT() REPRESENTATION_CONTEXT('2D SPACE',''
  ) );
#2684 = PCURVE('',#1297,#2685);
#2685 = DEFINITIONAL_REPRESENTATION('',(#2686),#2690);
#2686 = LINE('',#2687,#2688);
#2687 = CARTESIAN_POINT('',(13.,0.));
#2688 = VECTOR('',#2689,1.);
#2689 = DIRECTION('',(0.,1.));
#2690 = ( GEOMETRIC_REPRESENTATION_CONTEXT(2) 
PARAMETRIC_REPRESENTATION_CONTEXT() REPRESENTATION_CONTEXT('2D SPACE',''
  ) );
#2691 = ORIENTED_EDGE('',*,*,#1253,.F.);
#2692 = ORIENTED_EDGE('',*,*,#2693,.F.);
#2693 = EDGE_CURVE('',#2694,#1225,#2696,.T.);
#2694 = VERTEX_POINT('',#2695);
#2695 = CARTESIAN_POINT('',(14.,132.,12.));
#2696 = SURFACE_CURVE('',#2697,(#2701,#2708),.PCURVE_S1.);
#2697 = LINE('',#2698,#2699);
#2698 = CARTESIAN_POINT('',(14.,132.,12.));
#2699 = VECTOR('',#2700,1.);
#2700 = DIRECTION('',(-1.,0.,-5.537850400859E-14));
#2701 = PCURVE('',#1268,#2702);
#2702 = DEFINITIONAL_REPRESENTATION('',(#2703),#2707);
#2703 = LINE('',#2704,#2705);
#2704 = CARTESIAN_POINT('',(44.,0.));
#2705 = VECTOR('',#2706,1.);
#2706 = DIRECTION('',(-1.,0.));
#2707 = ( GEOMETRIC_REPRESENTATION_CONTEXT(2) 
PARAMETRIC_REPRESENTATION_CONTEXT() REPRESENTATION_CONTEXT('2D SPACE',''
  ) );
#2708 = PCURVE('',#1241,#2709);
#2709 = DEFINITIONAL_REPRESENTATION('',(#2710),#2714);
#2710 = LINE('',#2711,#2712);
#2711 = CARTESIAN_POINT('',(1.5,28.));
#2712 = VECTOR('',#2713,1.);
#2713 = DIRECTION('',(-5.537850400859E-14,-1.));
#2714 = ( GEOMETRIC_REPRESENTATION_CONTEXT(2) 
PARAMETRIC_REPRESENTATION_CONTEXT() REPRESENTATION_CONTEXT('2D SPACE',''
  ) );
#2715 = ORIENTED_EDGE('',*,*,#2716,.F.);
#2716 = EDGE_CURVE('',#2717,#2694,#2719,.T.);
#2717 = VERTEX_POINT('',#2718);
#2718 = CARTESIAN_POINT('',(14.,128.40885893945,12.));
#2719 = SURFACE_CURVE('',#2720,(#2724,#2731),.PCURVE_S1.);
#2720 = LINE('',#2721,#2722);
#2721 = CARTESIAN_POINT('',(14.,70.5,12.));
#2722 = VECTOR('',#2723,1.);
#2723 = DIRECTION('',(-0.,1.,0.));
#2724 = PCURVE('',#1268,#2725);
#2725 = DEFINITIONAL_REPRESENTATION('',(#2726),#2730);
#2726 = LINE('',#2727,#2728);
#2727 = CARTESIAN_POINT('',(44.,-61.5));
#2728 = VECTOR('',#2729,1.);
#2729 = DIRECTION('',(0.,1.));
#2730 = ( GEOMETRIC_REPRESENTATION_CONTEXT(2) 
PARAMETRIC_REPRESENTATION_CONTEXT() REPRESENTATION_CONTEXT('2D SPACE',''
  ) );
#2731 = PCURVE('',#2732,#2737);
#2732 = PLANE('',#2733);
#2733 = AXIS2_PLACEMENT_3D('',#2734,#2735,#2736);
#2734 = CARTESIAN_POINT('',(14.,72.,10.5));
#2735 = DIRECTION('',(1.,0.,-0.));
#2736 = DIRECTION('',(0.,0.,1.));
#2737 = DEFINITIONAL_REPRESENTATION('',(#2738),#2741);
#2738 = B_SPLINE_CURVE_WITH_KNOTS('',1,(#2739,#2740),.UNSPECIFIED.,.F.,
  .F.,(2,2),(1.5,61.5),.PIECEWISE_BEZIER_KNOTS.);
#2739 = CARTESIAN_POINT('',(1.5,0.));
#2740 = CARTESIAN_POINT('',(1.5,-60.));
#2741 = ( GEOMETRIC_REPRESENTATION_CONTEXT(2) 
PARAMETRIC_REPRESENTATION_CONTEXT() REPRESENTATION_CONTEXT('2D SPACE',''
  ) );
#2742 = ORIENTED_EDGE('',*,*,#2743,.T.);
#2743 = EDGE_CURVE('',#2717,#2744,#2746,.T.);
#2744 = VERTEX_POINT('',#2745);
#2745 = CARTESIAN_POINT('',(14.030783369411,127.9088381475,12.));
#2746 = SURFACE_CURVE('',#2747,(#2770,#2796),.PCURVE_S1.);
#2747 = B_SPLINE_CURVE_WITH_KNOTS('',6,(#2748,#2749,#2750,#2751,#2752,
    #2753,#2754,#2755,#2756,#2757,#2758,#2759,#2760,#2761,#2762,#2763,
    #2764,#2765,#2766,#2767,#2768,#2769),.UNSPECIFIED.,.F.,.F.,(7,5,5,5,
    7),(0.,8.899496372313E-02,0.123537466534,0.216370442607,1.),
  .UNSPECIFIED.);
#2748 = CARTESIAN_POINT('',(12.998461447418,130.62002827251,12.));
#2749 = CARTESIAN_POINT('',(13.027720496461,130.58717709598,12.));
#2750 = CARTESIAN_POINT('',(13.056554112768,130.55394700282,12.));
#2751 = CARTESIAN_POINT('',(13.084956159534,130.52034488334,12.));
#2752 = CARTESIAN_POINT('',(13.112920652948,130.48637775525,12.));
#2753 = CARTESIAN_POINT('',(13.140441762189,130.45205276361,12.));
#2754 = CARTESIAN_POINT('',(13.178021553112,130.40391820113,12.));
#2755 = CARTESIAN_POINT('',(13.188461644596,130.3904064037,12.));
#2756 = CARTESIAN_POINT('',(13.198833751996,130.37684221367,12.));
#2757 = CARTESIAN_POINT('',(13.209137547022,130.36322605888,12.));
#2758 = CARTESIAN_POINT('',(13.21937270498,130.34955836991,12.));
#2759 = CARTESIAN_POINT('',(13.256860566644,130.29897033244,12.));
#2760 = CARTESIAN_POINT('',(13.28368416884,130.26173199871,12.));
#2761 = CARTESIAN_POINT('',(13.310003475975,130.22413299336,12.));
#2762 = CARTESIAN_POINT('',(13.335812446664,130.18618186475,12.));
#2763 = CARTESIAN_POINT('',(13.361105233524,130.14788729506,12.));
#2764 = CARTESIAN_POINT('',(13.594974815277,129.78317807983,12.));
#2765 = CARTESIAN_POINT('',(13.766942081968,129.43317218163,12.));
#2766 = CARTESIAN_POINT('',(13.898228103341,129.06470421846,12.));
#2767 = CARTESIAN_POINT('',(13.986611209814,128.68366214792,12.));
#2768 = CARTESIAN_POINT('',(14.030783369411,128.29620155157,12.));
#2769 = CARTESIAN_POINT('',(14.030783369411,127.9088381475,12.));
#2770 = PCURVE('',#1268,#2771);
#2771 = DEFINITIONAL_REPRESENTATION('',(#2772),#2795);
#2772 = B_SPLINE_CURVE_WITH_KNOTS('',6,(#2773,#2774,#2775,#2776,#2777,
    #2778,#2779,#2780,#2781,#2782,#2783,#2784,#2785,#2786,#2787,#2788,
    #2789,#2790,#2791,#2792,#2793,#2794),.UNSPECIFIED.,.F.,.F.,(7,5,5,5,
    7),(0.,8.899496372313E-02,0.123537466534,0.216370442607,1.),
  .UNSPECIFIED.);
#2773 = CARTESIAN_POINT('',(42.998461447418,-1.379971727484));
#2774 = CARTESIAN_POINT('',(43.027720496461,-1.412822904016));
#2775 = CARTESIAN_POINT('',(43.056554112768,-1.446052997178));
#2776 = CARTESIAN_POINT('',(43.084956159534,-1.479655116653));
#2777 = CARTESIAN_POINT('',(43.112920652948,-1.513622244748));
#2778 = CARTESIAN_POINT('',(43.140441762189,-1.547947236388));
#2779 = CARTESIAN_POINT('',(43.178021553112,-1.596081798862));
#2780 = CARTESIAN_POINT('',(43.188461644596,-1.609593596299));
#2781 = CARTESIAN_POINT('',(43.198833751996,-1.623157786327));
#2782 = CARTESIAN_POINT('',(43.209137547022,-1.636773941112));
#2783 = CARTESIAN_POINT('',(43.21937270498,-1.650441630082));
#2784 = CARTESIAN_POINT('',(43.256860566644,-1.701029667556));
#2785 = CARTESIAN_POINT('',(43.28368416884,-1.738268001286));
#2786 = CARTESIAN_POINT('',(43.310003475975,-1.775867006631));
#2787 = CARTESIAN_POINT('',(43.335812446664,-1.813818135249));
#2788 = CARTESIAN_POINT('',(43.361105233524,-1.852112704936));
#2789 = CARTESIAN_POINT('',(43.594974815277,-2.216821920161));
#2790 = CARTESIAN_POINT('',(43.766942081968,-2.566827818364));
#2791 = CARTESIAN_POINT('',(43.898228103341,-2.935295781539));
#2792 = CARTESIAN_POINT('',(43.986611209814,-3.316337852076));
#2793 = CARTESIAN_POINT('',(44.030783369411,-3.703798448424));
#2794 = CARTESIAN_POINT('',(44.030783369411,-4.091161852498));
#2795 = ( GEOMETRIC_REPRESENTATION_CONTEXT(2) 
PARAMETRIC_REPRESENTATION_CONTEXT() REPRESENTATION_CONTEXT('2D SPACE',''
  ) );
#2796 = PCURVE('',#2797,#2825);
#2797 = B_SPLINE_SURFACE_WITH_KNOTS('',8,2,(
    (#2798,#2799,#2800)
    ,(#2801,#2802,#2803)
    ,(#2804,#2805,#2806)
    ,(#2807,#2808,#2809)
    ,(#2810,#2811,#2812)
    ,(#2813,#2814,#2815)
    ,(#2816,#2817,#2818)
    ,(#2819,#2820,#2821)
    ,(#2822,#2823,#2824
  )),.UNSPECIFIED.,.F.,.F.,.F.,(9,9),(3,3),(5.,6.),(0.,1.),
  .PIECEWISE_BEZIER_KNOTS.);
#2798 = CARTESIAN_POINT('',(14.,128.,11.2));
#2799 = CARTESIAN_POINT('',(14.2547213795,127.56574926111,
    16.891479146052));
#2800 = CARTESIAN_POINT('',(13.5,121.,22.8));
#2801 = CARTESIAN_POINT('',(14.,128.78539816339,11.2));
#2802 = CARTESIAN_POINT('',(14.2547213795,128.44379431702,
    16.891479146052));
#2803 = CARTESIAN_POINT('',(13.5,122.37444678594,22.8));
#2804 = CARTESIAN_POINT('',(13.823756844155,129.57079657401,11.2));
#2805 = CARTESIAN_POINT('',(14.057688283628,129.32183964931,
    16.891479146052));
#2806 = CARTESIAN_POINT('',(13.191574477272,123.74889400452,22.8));
#2807 = CARTESIAN_POINT('',(13.471272263486,130.31005293734,11.2));
#2808 = CARTESIAN_POINT('',(13.663624027098,130.14829994055,
    16.891479146052));
#2809 = CARTESIAN_POINT('',(12.5747264611,125.04259264034,22.8));
#2810 = CARTESIAN_POINT('',(12.95703502312,130.95703502312,11.2));
#2811 = CARTESIAN_POINT('',(13.08872649422,130.87160112477,
    16.891479146052));
#2812 = CARTESIAN_POINT('',(11.674811290459,126.17481129045,22.8));
#2813 = CARTESIAN_POINT('',(12.31005293734,131.47127226348,11.2));
#2814 = CARTESIAN_POINT('',(12.365425309991,131.44649865765,
    16.891479146052));
#2815 = CARTESIAN_POINT('',(10.542592640345,127.0747264611,22.8));
#2816 = CARTESIAN_POINT('',(11.570796574017,131.82375684415,11.2));
#2817 = CARTESIAN_POINT('',(11.538965018751,131.84056291418,
    16.891479146052));
#2818 = CARTESIAN_POINT('',(9.248894004529,127.69157447727,22.8));
#2819 = CARTESIAN_POINT('',(10.785398163397,132.,11.2));
#2820 = CARTESIAN_POINT('',(10.660919686463,132.03759601005,
    16.891479146052));
#2821 = CARTESIAN_POINT('',(7.874446785946,128.,22.8));
#2822 = CARTESIAN_POINT('',(10.,132.,11.2));
#2823 = CARTESIAN_POINT('',(9.78287463056,132.03759601005,
    16.891479146052));
#2824 = CARTESIAN_POINT('',(6.5,128.,22.8));
#2825 = DEFINITIONAL_REPRESENTATION('',(#2826),#2849);
#2826 = B_SPLINE_CURVE_WITH_KNOTS('',6,(#2827,#2828,#2829,#2830,#2831,
    #2832,#2833,#2834,#2835,#2836,#2837,#2838,#2839,#2840,#2841,#2842,
    #2843,#2844,#2845,#2846,#2847,#2848),.UNSPECIFIED.,.F.,.F.,(7,5,5,5,
    7),(0.,8.899496372313E-02,0.123537466534,0.216370442607,1.),
  .UNSPECIFIED.);
#2827 = CARTESIAN_POINT('',(5.463222243097,7.01865717536E-02));
#2828 = CARTESIAN_POINT('',(5.456351869325,7.01865717536E-02));
#2829 = CARTESIAN_POINT('',(5.449481495414,7.01865717536E-02));
#2830 = CARTESIAN_POINT('',(5.442611121467,7.01865717536E-02));
#2831 = CARTESIAN_POINT('',(5.435740747558,7.01865717536E-02));
#2832 = CARTESIAN_POINT('',(5.428870373731,7.01865717536E-02));
#2833 = CARTESIAN_POINT('',(5.419333333326,7.01865717536E-02));
#2834 = CARTESIAN_POINT('',(5.416666666654,7.01865717536E-02));
#2835 = CARTESIAN_POINT('',(5.413999999985,7.01865717536E-02));
#2836 = CARTESIAN_POINT('',(5.411333333319,7.01865717536E-02));
#2837 = CARTESIAN_POINT('',(5.408666666657,7.01865717536E-02));
#2838 = CARTESIAN_POINT('',(5.398833333376,7.01865717536E-02));
#2839 = CARTESIAN_POINT('',(5.391666666655,7.01865717536E-02));
#2840 = CARTESIAN_POINT('',(5.384499999897,7.01865717536E-02));
#2841 = CARTESIAN_POINT('',(5.377333333163,7.01865717536E-02));
#2842 = CARTESIAN_POINT('',(5.370166666512,7.01865717536E-02));
#2843 = CARTESIAN_POINT('',(5.302504129411,7.01865717536E-02));
#2844 = CARTESIAN_POINT('',(5.241993375601,7.01865717536E-02));
#2845 = CARTESIAN_POINT('',(5.181500008182,7.01865717536E-02));
#2846 = CARTESIAN_POINT('',(5.121006619857,7.01865717536E-02));
#2847 = CARTESIAN_POINT('',(5.060495869417,7.01865717536E-02));
#2848 = CARTESIAN_POINT('',(5.,7.01865717536E-02));
#2849 = ( GEOMETRIC_REPRESENTATION_CONTEXT(2) 
PARAMETRIC_REPRESENTATION_CONTEXT() REPRESENTATION_CONTEXT('2D SPACE',''
  ) );
#2850 = ORIENTED_EDGE('',*,*,#2851,.T.);
#2851 = EDGE_CURVE('',#2744,#2852,#2854,.T.);
#2852 = VERTEX_POINT('',#2853);
#2853 = CARTESIAN_POINT('',(14.030783369411,77.027083980202,12.));
#2854 = SURFACE_CURVE('',#2855,(#2861,#2870),.PCURVE_S1.);
#2855 = B_SPLINE_CURVE_WITH_KNOTS('',4,(#2856,#2857,#2858,#2859,#2860),
  .UNSPECIFIED.,.F.,.F.,(5,5),(0.,1.),.PIECEWISE_BEZIER_KNOTS.);
#2856 = CARTESIAN_POINT('',(14.030783369411,127.9088381475,12.));
#2857 = CARTESIAN_POINT('',(14.030783369411,115.18839960567,12.));
#2858 = CARTESIAN_POINT('',(14.030783369411,102.46796106385,12.));
#2859 = CARTESIAN_POINT('',(14.030783369411,89.747522522027,12.));
#2860 = CARTESIAN_POINT('',(14.030783369411,77.027083980202,12.));
#2861 = PCURVE('',#1268,#2862);
#2862 = DEFINITIONAL_REPRESENTATION('',(#2863),#2869);
#2863 = B_SPLINE_CURVE_WITH_KNOTS('',4,(#2864,#2865,#2866,#2867,#2868),
  .UNSPECIFIED.,.F.,.F.,(5,5),(0.,1.),.PIECEWISE_BEZIER_KNOTS.);
#2864 = CARTESIAN_POINT('',(44.030783369411,-4.091161852498));
#2865 = CARTESIAN_POINT('',(44.030783369411,-16.81160039432));
#2866 = CARTESIAN_POINT('',(44.030783369411,-29.53203893614));
#2867 = CARTESIAN_POINT('',(44.030783369411,-42.25247747797));
#2868 = CARTESIAN_POINT('',(44.030783369411,-54.97291601979));
#2869 = ( GEOMETRIC_REPRESENTATION_CONTEXT(2) 
PARAMETRIC_REPRESENTATION_CONTEXT() REPRESENTATION_CONTEXT('2D SPACE',''
  ) );
#2870 = PCURVE('',#2871,#2899);
#2871 = B_SPLINE_SURFACE_WITH_KNOTS('',8,2,(
    (#2872,#2873,#2874)
    ,(#2875,#2876,#2877)
    ,(#2878,#2879,#2880)
    ,(#2881,#2882,#2883)
    ,(#2884,#2885,#2886)
    ,(#2887,#2888,#2889)
    ,(#2890,#2891,#2892)
    ,(#2893,#2894,#2895)
    ,(#2896,#2897,#2898
  )),.UNSPECIFIED.,.F.,.F.,.F.,(9,9),(3,3),(4.,5.),(0.,1.),
  .PIECEWISE_BEZIER_KNOTS.);
#2872 = CARTESIAN_POINT('',(14.,76.,11.2));
#2873 = CARTESIAN_POINT('',(14.2547213795,83.37846931458,16.891479146052
    ));
#2874 = CARTESIAN_POINT('',(13.5,89.,22.8));
#2875 = CARTESIAN_POINT('',(14.,82.5,11.2));
#2876 = CARTESIAN_POINT('',(14.2547213795,88.901879307897,
    16.891479146052));
#2877 = CARTESIAN_POINT('',(13.5,93.,22.8));
#2878 = CARTESIAN_POINT('',(14.,89.,11.2));
#2879 = CARTESIAN_POINT('',(14.2547213795,94.425289301215,
    16.891479146052));
#2880 = CARTESIAN_POINT('',(13.5,97.,22.8));
#2881 = CARTESIAN_POINT('',(14.,95.5,11.2));
#2882 = CARTESIAN_POINT('',(14.2547213795,99.948699294532,
    16.891479146052));
#2883 = CARTESIAN_POINT('',(13.5,101.,22.8));
#2884 = CARTESIAN_POINT('',(14.,102.,11.2));
#2885 = CARTESIAN_POINT('',(14.2547213795,105.47210928784,
    16.891479146052));
#2886 = CARTESIAN_POINT('',(13.5,105.,22.8));
#2887 = CARTESIAN_POINT('',(14.,108.5,11.2));
#2888 = CARTESIAN_POINT('',(14.2547213795,110.99551928116,
    16.891479146052));
#2889 = CARTESIAN_POINT('',(13.5,109.,22.8));
#2890 = CARTESIAN_POINT('',(14.,115.,11.2));
#2891 = CARTESIAN_POINT('',(14.2547213795,116.51892927448,
    16.891479146052));
#2892 = CARTESIAN_POINT('',(13.5,113.,22.8));
#2893 = CARTESIAN_POINT('',(14.,121.5,11.2));
#2894 = CARTESIAN_POINT('',(14.2547213795,122.0423392678,16.891479146052
    ));
#2895 = CARTESIAN_POINT('',(13.5,117.,22.8));
#2896 = CARTESIAN_POINT('',(14.,128.,11.2));
#2897 = CARTESIAN_POINT('',(14.2547213795,127.56574926111,
    16.891479146052));
#2898 = CARTESIAN_POINT('',(13.5,121.,22.8));
#2899 = DEFINITIONAL_REPRESENTATION('',(#2900),#2906);
#2900 = B_SPLINE_CURVE_WITH_KNOTS('',4,(#2901,#2902,#2903,#2904,#2905),
  .UNSPECIFIED.,.F.,.F.,(5,5),(0.,1.),.PIECEWISE_BEZIER_KNOTS.);
#2901 = CARTESIAN_POINT('',(5.,7.01865717536E-02));
#2902 = CARTESIAN_POINT('',(4.75,7.01865717536E-02));
#2903 = CARTESIAN_POINT('',(4.5,7.01865717536E-02));
#2904 = CARTESIAN_POINT('',(4.25,7.01865717536E-02));
#2905 = CARTESIAN_POINT('',(4.,7.01865717536E-02));
#2906 = ( GEOMETRIC_REPRESENTATION_CONTEXT(2) 
PARAMETRIC_REPRESENTATION_CONTEXT() REPRESENTATION_CONTEXT('2D SPACE',''
  ) );
#2907 = ORIENTED_EDGE('',*,*,#2908,.T.);
#2908 = EDGE_CURVE('',#2852,#2909,#2911,.T.);
#2909 = VERTEX_POINT('',#2910);
#2910 = CARTESIAN_POINT('',(14.,76.527063390949,12.));
#2911 = SURFACE_CURVE('',#2912,(#2930,#2951),.PCURVE_S1.);
#2912 = B_SPLINE_CURVE_WITH_KNOTS('',6,(#2913,#2914,#2915,#2916,#2917,
    #2918,#2919,#2920,#2921,#2922,#2923,#2924,#2925,#2926,#2927,#2928,
    #2929),.UNSPECIFIED.,.F.,.F.,(7,5,5,7),(0.,5.397536524862E-02,
    0.103632701793,1.),.UNSPECIFIED.);
#2913 = CARTESIAN_POINT('',(14.030783369411,77.027083980202,12.));
#2914 = CARTESIAN_POINT('',(14.030783369411,77.000404237839,12.));
#2915 = CARTESIAN_POINT('',(14.030573826939,76.973724495313,12.));
#2916 = CARTESIAN_POINT('',(14.03015474208,76.947046810147,12.));
#2917 = CARTESIAN_POINT('',(14.02952614183,76.920373239337,12.));
#2918 = CARTESIAN_POINT('',(14.02868808009,76.893705839346,12.));
#2919 = CARTESIAN_POINT('',(14.026676990637,76.842520226468,12.));
#2920 = CARTESIAN_POINT('',(14.025536123785,76.818000749717,12.));
#2921 = CARTESIAN_POINT('',(14.024218100044,76.793489836741,12.));
#2922 = CARTESIAN_POINT('',(14.022723001598,76.768989087321,12.));
#2923 = CARTESIAN_POINT('',(14.021050929883,76.744500100135,12.));
#2924 = CARTESIAN_POINT('',(13.985826972011,76.27821358409,12.));
#2925 = CARTESIAN_POINT('',(13.894811125523,75.840567085021,12.));
#2926 = CARTESIAN_POINT('',(13.746811894918,75.416918078278,12.));
#2927 = CARTESIAN_POINT('',(13.544803217439,75.016200238153,12.));
#2928 = CARTESIAN_POINT('',(13.293147123601,74.646758031787,12.));
#2929 = CARTESIAN_POINT('',(12.998461447418,74.315893855188,12.));
#2930 = PCURVE('',#1268,#2931);
#2931 = DEFINITIONAL_REPRESENTATION('',(#2932),#2950);
#2932 = B_SPLINE_CURVE_WITH_KNOTS('',6,(#2933,#2934,#2935,#2936,#2937,
    #2938,#2939,#2940,#2941,#2942,#2943,#2944,#2945,#2946,#2947,#2948,
    #2949),.UNSPECIFIED.,.F.,.F.,(7,5,5,7),(0.,5.397536524862E-02,
    0.103632701793,1.),.UNSPECIFIED.);
#2933 = CARTESIAN_POINT('',(44.030783369411,-54.97291601979));
#2934 = CARTESIAN_POINT('',(44.030783369411,-54.99959576216));
#2935 = CARTESIAN_POINT('',(44.030573826939,-55.02627550468));
#2936 = CARTESIAN_POINT('',(44.03015474208,-55.05295318985));
#2937 = CARTESIAN_POINT('',(44.02952614183,-55.07962676066));
#2938 = CARTESIAN_POINT('',(44.02868808009,-55.10629416065));
#2939 = CARTESIAN_POINT('',(44.026676990637,-55.15747977353));
#2940 = CARTESIAN_POINT('',(44.025536123785,-55.18199925028));
#2941 = CARTESIAN_POINT('',(44.024218100044,-55.20651016325));
#2942 = CARTESIAN_POINT('',(44.022723001598,-55.23101091267));
#2943 = CARTESIAN_POINT('',(44.021050929883,-55.25549989986));
#2944 = CARTESIAN_POINT('',(43.985826972011,-55.72178641591));
#2945 = CARTESIAN_POINT('',(43.894811125523,-56.15943291497));
#2946 = CARTESIAN_POINT('',(43.746811894918,-56.58308192172));
#2947 = CARTESIAN_POINT('',(43.544803217439,-56.98379976184));
#2948 = CARTESIAN_POINT('',(43.293147123601,-57.35324196821));
#2949 = CARTESIAN_POINT('',(42.998461447418,-57.68410614481));
#2950 = ( GEOMETRIC_REPRESENTATION_CONTEXT(2) 
PARAMETRIC_REPRESENTATION_CONTEXT() REPRESENTATION_CONTEXT('2D SPACE',''
  ) );
#2951 = PCURVE('',#2952,#2980);
#2952 = B_SPLINE_SURFACE_WITH_KNOTS('',8,2,(
    (#2953,#2954,#2955)
    ,(#2956,#2957,#2958)
    ,(#2959,#2960,#2961)
    ,(#2962,#2963,#2964)
    ,(#2965,#2966,#2967)
    ,(#2968,#2969,#2970)
    ,(#2971,#2972,#2973)
    ,(#2974,#2975,#2976)
    ,(#2977,#2978,#2979
  )),.UNSPECIFIED.,.F.,.F.,.F.,(9,9),(3,3),(3.,4.),(0.,1.),
  .PIECEWISE_BEZIER_KNOTS.);
#2953 = CARTESIAN_POINT('',(10.,72.,11.2));
#2954 = CARTESIAN_POINT('',(9.78287463056,78.90662256564,16.891479146052
    ));
#2955 = CARTESIAN_POINT('',(6.5,82.,22.8));
#2956 = CARTESIAN_POINT('',(10.785398163397,72.,11.2));
#2957 = CARTESIAN_POINT('',(10.660919686463,78.90662256564,
    16.891479146052));
#2958 = CARTESIAN_POINT('',(7.874446785945,82.,22.8));
#2959 = CARTESIAN_POINT('',(11.570796574017,72.176243155845,11.2));
#2960 = CARTESIAN_POINT('',(11.538965018751,79.103655661511,
    16.891479146052));
#2961 = CARTESIAN_POINT('',(9.24889400453,82.308425522728,22.8));
#2962 = CARTESIAN_POINT('',(12.31005293734,72.528727736514,11.2));
#2963 = CARTESIAN_POINT('',(12.36542530999,79.497719918041,
    16.891479146052));
#2964 = CARTESIAN_POINT('',(10.542592640345,82.9252735389,22.8));
#2965 = CARTESIAN_POINT('',(12.95703502312,73.04296497688,11.2));
#2966 = CARTESIAN_POINT('',(13.08872649422,80.07261745092,
    16.891479146052));
#2967 = CARTESIAN_POINT('',(11.67481129046,83.82518870954,22.8));
#2968 = CARTESIAN_POINT('',(13.471272263486,73.68994706266,11.2));
#2969 = CARTESIAN_POINT('',(13.663624027098,80.795918635149,
    16.891479146052));
#2970 = CARTESIAN_POINT('',(12.5747264611,84.957407359655,22.8));
#2971 = CARTESIAN_POINT('',(13.823756844155,74.429203425983,11.2));
#2972 = CARTESIAN_POINT('',(14.057688283628,81.622378926389,
    16.891479146052));
#2973 = CARTESIAN_POINT('',(13.191574477272,86.25110599547,22.8));
#2974 = CARTESIAN_POINT('',(14.,75.214601836603,11.2));
#2975 = CARTESIAN_POINT('',(14.2547213795,82.500424258677,
    16.891479146052));
#2976 = CARTESIAN_POINT('',(13.5,87.625553214055,22.8));
#2977 = CARTESIAN_POINT('',(14.,76.,11.2));
#2978 = CARTESIAN_POINT('',(14.2547213795,83.37846931458,16.891479146052
    ));
#2979 = CARTESIAN_POINT('',(13.5,89.,22.8));
#2980 = DEFINITIONAL_REPRESENTATION('',(#2981),#2999);
#2981 = B_SPLINE_CURVE_WITH_KNOTS('',6,(#2982,#2983,#2984,#2985,#2986,
    #2987,#2988,#2989,#2990,#2991,#2992,#2993,#2994,#2995,#2996,#2997,
    #2998),.UNSPECIFIED.,.F.,.F.,(7,5,5,7),(0.,5.397536524862E-02,
    0.103632701793,1.),.UNSPECIFIED.);
#2982 = CARTESIAN_POINT('',(4.,7.01865717536E-02));
#2983 = CARTESIAN_POINT('',(3.995833333265,7.01865717536E-02));
#2984 = CARTESIAN_POINT('',(3.991666666567,7.01865717536E-02));
#2985 = CARTESIAN_POINT('',(3.987499999897,7.01865717536E-02));
#2986 = CARTESIAN_POINT('',(3.983333333249,7.01865717536E-02));
#2987 = CARTESIAN_POINT('',(3.979166666617,7.01865717536E-02));
#2988 = CARTESIAN_POINT('',(3.971166666672,7.01865717536E-02));
#2989 = CARTESIAN_POINT('',(3.967333333345,7.01865717536E-02));
#2990 = CARTESIAN_POINT('',(3.963500000015,7.01865717536E-02));
#2991 = CARTESIAN_POINT('',(3.959666666681,7.01865717536E-02));
#2992 = CARTESIAN_POINT('',(3.955833333342,7.01865717536E-02));
#2993 = CARTESIAN_POINT('',(3.882804290152,7.01865717536E-02));
#2994 = CARTESIAN_POINT('',(3.813579735222,7.01865717536E-02));
#2995 = CARTESIAN_POINT('',(3.74438887238,7.01865717536E-02));
#2996 = CARTESIAN_POINT('',(3.675198020131,7.01865717536E-02));
#2997 = CARTESIAN_POINT('',(3.605973469227,7.01865717536E-02));
#2998 = CARTESIAN_POINT('',(3.536777756903,7.01865717536E-02));
#2999 = ( GEOMETRIC_REPRESENTATION_CONTEXT(2) 
PARAMETRIC_REPRESENTATION_CONTEXT() REPRESENTATION_CONTEXT('2D SPACE',''
  ) );
#3000 = ORIENTED_EDGE('',*,*,#3001,.F.);
#3001 = EDGE_CURVE('',#3002,#2909,#3004,.T.);
#3002 = VERTEX_POINT('',#3003);
#3003 = CARTESIAN_POINT('',(14.,72.,12.));
#3004 = SURFACE_CURVE('',#3005,(#3009,#3016),.PCURVE_S1.);
#3005 = LINE('',#3006,#3007);
#3006 = CARTESIAN_POINT('',(14.,70.5,12.));
#3007 = VECTOR('',#3008,1.);
#3008 = DIRECTION('',(-0.,1.,0.));
#3009 = PCURVE('',#1268,#3010);
#3010 = DEFINITIONAL_REPRESENTATION('',(#3011),#3015);
#3011 = LINE('',#3012,#3013);
#3012 = CARTESIAN_POINT('',(44.,-61.5));
#3013 = VECTOR('',#3014,1.);
#3014 = DIRECTION('',(0.,1.));
#3015 = ( GEOMETRIC_REPRESENTATION_CONTEXT(2) 
PARAMETRIC_REPRESENTATION_CONTEXT() REPRESENTATION_CONTEXT('2D SPACE',''
  ) );
#3016 = PCURVE('',#2732,#3017);
#3017 = DEFINITIONAL_REPRESENTATION('',(#3018),#3021);
#3018 = B_SPLINE_CURVE_WITH_KNOTS('',1,(#3019,#3020),.UNSPECIFIED.,.F.,
  .F.,(2,2),(1.5,61.5),.PIECEWISE_BEZIER_KNOTS.);
#3019 = CARTESIAN_POINT('',(1.5,0.));
#3020 = CARTESIAN_POINT('',(1.5,-60.));
#3021 = ( GEOMETRIC_REPRESENTATION_CONTEXT(2) 
PARAMETRIC_REPRESENTATION_CONTEXT() REPRESENTATION_CONTEXT('2D SPACE',''
  ) );
#3022 = ORIENTED_EDGE('',*,*,#3023,.T.);
#3023 = EDGE_CURVE('',#3002,#3024,#3026,.T.);
#3024 = VERTEX_POINT('',#3025);
#3025 = CARTESIAN_POINT('',(9.1,72.,12.));
#3026 = SURFACE_CURVE('',#3027,(#3031,#3038),.PCURVE_S1.);
#3027 = LINE('',#3028,#3029);
#3028 = CARTESIAN_POINT('',(14.,72.,12.));
#3029 = VECTOR('',#3030,1.);
#3030 = DIRECTION('',(-1.,0.,0.));
#3031 = PCURVE('',#1268,#3032);
#3032 = DEFINITIONAL_REPRESENTATION('',(#3033),#3037);
#3033 = LINE('',#3034,#3035);
#3034 = CARTESIAN_POINT('',(44.,-60.));
#3035 = VECTOR('',#3036,1.);
#3036 = DIRECTION('',(-1.,0.));
#3037 = ( GEOMETRIC_REPRESENTATION_CONTEXT(2) 
PARAMETRIC_REPRESENTATION_CONTEXT() REPRESENTATION_CONTEXT('2D SPACE',''
  ) );
#3038 = PCURVE('',#3039,#3044);
#3039 = PLANE('',#3040);
#3040 = AXIS2_PLACEMENT_3D('',#3041,#3042,#3043);
#3041 = CARTESIAN_POINT('',(-14.,72.,10.5));
#3042 = DIRECTION('',(-0.,1.,0.));
#3043 = DIRECTION('',(0.,0.,1.));
#3044 = DEFINITIONAL_REPRESENTATION('',(#3045),#3049);
#3045 = LINE('',#3046,#3047);
#3046 = CARTESIAN_POINT('',(1.5,28.));
#3047 = VECTOR('',#3048,1.);
#3048 = DIRECTION('',(0.,-1.));
#3049 = ( GEOMETRIC_REPRESENTATION_CONTEXT(2) 
PARAMETRIC_REPRESENTATION_CONTEXT() REPRESENTATION_CONTEXT('2D SPACE',''
  ) );
#3050 = ORIENTED_EDGE('',*,*,#3051,.T.);
#3051 = EDGE_CURVE('',#3024,#3052,#3054,.T.);
#3052 = VERTEX_POINT('',#3053);
#3053 = CARTESIAN_POINT('',(9.1,132.,12.));
#3054 = SURFACE_CURVE('',#3055,(#3059,#3066),.PCURVE_S1.);
#3055 = LINE('',#3056,#3057);
#3056 = CARTESIAN_POINT('',(9.1,72.,12.));
#3057 = VECTOR('',#3058,1.);
#3058 = DIRECTION('',(-0.,1.,0.));
#3059 = PCURVE('',#1268,#3060);
#3060 = DEFINITIONAL_REPRESENTATION('',(#3061),#3065);
#3061 = LINE('',#3062,#3063);
#3062 = CARTESIAN_POINT('',(39.1,-60.));
#3063 = VECTOR('',#3064,1.);
#3064 = DIRECTION('',(0.,1.));
#3065 = ( GEOMETRIC_REPRESENTATION_CONTEXT(2) 
PARAMETRIC_REPRESENTATION_CONTEXT() REPRESENTATION_CONTEXT('2D SPACE',''
  ) );
#3066 = PCURVE('',#3067,#3072);
#3067 = PLANE('',#3068);
#3068 = AXIS2_PLACEMENT_3D('',#3069,#3070,#3071);
#3069 = CARTESIAN_POINT('',(9.1,72.,12.));
#3070 = DIRECTION('',(1.,0.,-0.));
#3071 = DIRECTION('',(0.,0.,1.));
#3072 = DEFINITIONAL_REPRESENTATION('',(#3073),#3077);
#3073 = LINE('',#3074,#3075);
#3074 = CARTESIAN_POINT('',(0.,0.));
#3075 = VECTOR('',#3076,1.);
#3076 = DIRECTION('',(0.,-1.));
#3077 = ( GEOMETRIC_REPRESENTATION_CONTEXT(2) 
PARAMETRIC_REPRESENTATION_CONTEXT() REPRESENTATION_CONTEXT('2D SPACE',''
  ) );
#3078 = ORIENTED_EDGE('',*,*,#3079,.F.);
#3079 = EDGE_CURVE('',#3080,#3052,#3082,.T.);
#3080 = VERTEX_POINT('',#3081);
#3081 = CARTESIAN_POINT('',(6.9,132.,12.));
#3082 = SURFACE_CURVE('',#3083,(#3087,#3094),.PCURVE_S1.);
#3083 = LINE('',#3084,#3085);
#3084 = CARTESIAN_POINT('',(6.9,132.,12.));
#3085 = VECTOR('',#3086,1.);
#3086 = DIRECTION('',(1.,0.,-0.));
#3087 = PCURVE('',#1268,#3088);
#3088 = DEFINITIONAL_REPRESENTATION('',(#3089),#3093);
#3089 = LINE('',#3090,#3091);
#3090 = CARTESIAN_POINT('',(36.9,0.));
#3091 = VECTOR('',#3092,1.);
#3092 = DIRECTION('',(1.,0.));
#3093 = ( GEOMETRIC_REPRESENTATION_CONTEXT(2) 
PARAMETRIC_REPRESENTATION_CONTEXT() REPRESENTATION_CONTEXT('2D SPACE',''
  ) );
#3094 = PCURVE('',#3095,#3100);
#3095 = PLANE('',#3096);
#3096 = AXIS2_PLACEMENT_3D('',#3097,#3098,#3099);
#3097 = CARTESIAN_POINT('',(6.9,132.,12.));
#3098 = DIRECTION('',(-0.,1.,0.));
#3099 = DIRECTION('',(0.,0.,1.));
#3100 = DEFINITIONAL_REPRESENTATION('',(#3101),#3105);
#3101 = LINE('',#3102,#3103);
#3102 = CARTESIAN_POINT('',(0.,0.));
#3103 = VECTOR('',#3104,1.);
#3104 = DIRECTION('',(0.,1.));
#3105 = ( GEOMETRIC_REPRESENTATION_CONTEXT(2) 
PARAMETRIC_REPRESENTATION_CONTEXT() REPRESENTATION_CONTEXT('2D SPACE',''
  ) );
#3106 = ORIENTED_EDGE('',*,*,#3107,.F.);
#3107 = EDGE_CURVE('',#3108,#3080,#3110,.T.);
#3108 = VERTEX_POINT('',#3109);
#3109 = CARTESIAN_POINT('',(6.9,72.,12.));
#3110 = SURFACE_CURVE('',#3111,(#3115,#3122),.PCURVE_S1.);
#3111 = LINE('',#3112,#3113);
#3112 = CARTESIAN_POINT('',(6.9,72.,12.));
#3113 = VECTOR('',#3114,1.);
#3114 = DIRECTION('',(-0.,1.,0.));
#3115 = PCURVE('',#1268,#3116);
#3116 = DEFINITIONAL_REPRESENTATION('',(#3117),#3121);
#3117 = LINE('',#3118,#3119);
#3118 = CARTESIAN_POINT('',(36.9,-60.));
#3119 = VECTOR('',#3120,1.);
#3120 = DIRECTION('',(0.,1.));
#3121 = ( GEOMETRIC_REPRESENTATION_CONTEXT(2) 
PARAMETRIC_REPRESENTATION_CONTEXT() REPRESENTATION_CONTEXT('2D SPACE',''
  ) );
#3122 = PCURVE('',#3123,#3128);
#3123 = PLANE('',#3124);
#3124 = AXIS2_PLACEMENT_3D('',#3125,#3126,#3127);
#3125 = CARTESIAN_POINT('',(6.9,72.,12.));
#3126 = DIRECTION('',(1.,0.,-0.));
#3127 = DIRECTION('',(0.,0.,1.));
#3128 = DEFINITIONAL_REPRESENTATION('',(#3129),#3133);
#3129 = LINE('',#3130,#3131);
#3130 = CARTESIAN_POINT('',(0.,0.));
#3131 = VECTOR('',#3132,1.);
#3132 = DIRECTION('',(0.,-1.));
#3133 = ( GEOMETRIC_REPRESENTATION_CONTEXT(2) 
PARAMETRIC_REPRESENTATION_CONTEXT() REPRESENTATION_CONTEXT('2D SPACE',''
  ) );
#3134 = ORIENTED_EDGE('',*,*,#3135,.T.);
#3135 = EDGE_CURVE('',#3108,#3136,#3138,.T.);
#3136 = VERTEX_POINT('',#3137);
#3137 = CARTESIAN_POINT('',(1.1,72.,12.));
#3138 = SURFACE_CURVE('',#3139,(#3143,#3150),.PCURVE_S1.);
#3139 = LINE('',#3140,#3141);
#3140 = CARTESIAN_POINT('',(14.,72.,12.));
#3141 = VECTOR('',#3142,1.);
#3142 = DIRECTION('',(-1.,0.,0.));
#3143 = PCURVE('',#1268,#3144);
#3144 = DEFINITIONAL_REPRESENTATION('',(#3145),#3149);
#3145 = LINE('',#3146,#3147);
#3146 = CARTESIAN_POINT('',(44.,-60.));
#3147 = VECTOR('',#3148,1.);
#3148 = DIRECTION('',(-1.,0.));
#3149 = ( GEOMETRIC_REPRESENTATION_CONTEXT(2) 
PARAMETRIC_REPRESENTATION_CONTEXT() REPRESENTATION_CONTEXT('2D SPACE',''
  ) );
#3150 = PCURVE('',#3039,#3151);
#3151 = DEFINITIONAL_REPRESENTATION('',(#3152),#3156);
#3152 = LINE('',#3153,#3154);
#3153 = CARTESIAN_POINT('',(1.5,28.));
#3154 = VECTOR('',#3155,1.);
#3155 = DIRECTION('',(0.,-1.));
#3156 = ( GEOMETRIC_REPRESENTATION_CONTEXT(2) 
PARAMETRIC_REPRESENTATION_CONTEXT() REPRESENTATION_CONTEXT('2D SPACE',''
  ) );
#3157 = ORIENTED_EDGE('',*,*,#3158,.T.);
#3158 = EDGE_CURVE('',#3136,#3159,#3161,.T.);
#3159 = VERTEX_POINT('',#3160);
#3160 = CARTESIAN_POINT('',(1.1,132.,12.));
#3161 = SURFACE_CURVE('',#3162,(#3166,#3173),.PCURVE_S1.);
#3162 = LINE('',#3163,#3164);
#3163 = CARTESIAN_POINT('',(1.1,72.,12.));
#3164 = VECTOR('',#3165,1.);
#3165 = DIRECTION('',(-0.,1.,0.));
#3166 = PCURVE('',#1268,#3167);
#3167 = DEFINITIONAL_REPRESENTATION('',(#3168),#3172);
#3168 = LINE('',#3169,#3170);
#3169 = CARTESIAN_POINT('',(31.1,-60.));
#3170 = VECTOR('',#3171,1.);
#3171 = DIRECTION('',(0.,1.));
#3172 = ( GEOMETRIC_REPRESENTATION_CONTEXT(2) 
PARAMETRIC_REPRESENTATION_CONTEXT() REPRESENTATION_CONTEXT('2D SPACE',''
  ) );
#3173 = PCURVE('',#3174,#3179);
#3174 = PLANE('',#3175);
#3175 = AXIS2_PLACEMENT_3D('',#3176,#3177,#3178);
#3176 = CARTESIAN_POINT('',(1.1,72.,12.));
#3177 = DIRECTION('',(1.,0.,-0.));
#3178 = DIRECTION('',(0.,0.,1.));
#3179 = DEFINITIONAL_REPRESENTATION('',(#3180),#3184);
#3180 = LINE('',#3181,#3182);
#3181 = CARTESIAN_POINT('',(0.,0.));
#3182 = VECTOR('',#3183,1.);
#3183 = DIRECTION('',(0.,-1.));
#3184 = ( GEOMETRIC_REPRESENTATION_CONTEXT(2) 
PARAMETRIC_REPRESENTATION_CONTEXT() REPRESENTATION_CONTEXT('2D SPACE',''
  ) );
#3185 = ORIENTED_EDGE('',*,*,#3186,.F.);
#3186 = EDGE_CURVE('',#3187,#3159,#3189,.T.);
#3187 = VERTEX_POINT('',#3188);
#3188 = CARTESIAN_POINT('',(-1.1,132.,12.));
#3189 = SURFACE_CURVE('',#3190,(#3194,#3201),.PCURVE_S1.);
#3190 = LINE('',#3191,#3192);
#3191 = CARTESIAN_POINT('',(-1.1,132.,12.));
#3192 = VECTOR('',#3193,1.);
#3193 = DIRECTION('',(1.,0.,-0.));
#3194 = PCURVE('',#1268,#3195);
#3195 = DEFINITIONAL_REPRESENTATION('',(#3196),#3200);
#3196 = LINE('',#3197,#3198);
#3197 = CARTESIAN_POINT('',(28.9,0.));
#3198 = VECTOR('',#3199,1.);
#3199 = DIRECTION('',(1.,0.));
#3200 = ( GEOMETRIC_REPRESENTATION_CONTEXT(2) 
PARAMETRIC_REPRESENTATION_CONTEXT() REPRESENTATION_CONTEXT('2D SPACE',''
  ) );
#3201 = PCURVE('',#3202,#3207);
#3202 = PLANE('',#3203);
#3203 = AXIS2_PLACEMENT_3D('',#3204,#3205,#3206);
#3204 = CARTESIAN_POINT('',(-1.1,132.,12.));
#3205 = DIRECTION('',(-0.,1.,0.));
#3206 = DIRECTION('',(0.,0.,1.));
#3207 = DEFINITIONAL_REPRESENTATION('',(#3208),#3212);
#3208 = LINE('',#3209,#3210);
#3209 = CARTESIAN_POINT('',(0.,0.));
#3210 = VECTOR('',#3211,1.);
#3211 = DIRECTION('',(0.,1.));
#3212 = ( GEOMETRIC_REPRESENTATION_CONTEXT(2) 
PARAMETRIC_REPRESENTATION_CONTEXT() REPRESENTATION_CONTEXT('2D SPACE',''
  ) );
#3213 = ORIENTED_EDGE('',*,*,#3214,.F.);
#3214 = EDGE_CURVE('',#3215,#3187,#3217,.T.);
#3215 = VERTEX_POINT('',#3216);
#3216 = CARTESIAN_POINT('',(-1.1,72.,12.));
#3217 = SURFACE_CURVE('',#3218,(#3222,#3229),.PCURVE_S1.);
#3218 = LINE('',#3219,#3220);
#3219 = CARTESIAN_POINT('',(-1.1,72.,12.));
#3220 = VECTOR('',#3221,1.);
#3221 = DIRECTION('',(-0.,1.,0.));
#3222 = PCURVE('',#1268,#3223);
#3223 = DEFINITIONAL_REPRESENTATION('',(#3224),#3228);
#3224 = LINE('',#3225,#3226);
#3225 = CARTESIAN_POINT('',(28.9,-60.));
#3226 = VECTOR('',#3227,1.);
#3227 = DIRECTION('',(0.,1.));
#3228 = ( GEOMETRIC_REPRESENTATION_CONTEXT(2) 
PARAMETRIC_REPRESENTATION_CONTEXT() REPRESENTATION_CONTEXT('2D SPACE',''
  ) );
#3229 = PCURVE('',#3230,#3235);
#3230 = PLANE('',#3231);
#3231 = AXIS2_PLACEMENT_3D('',#3232,#3233,#3234);
#3232 = CARTESIAN_POINT('',(-1.1,72.,12.));
#3233 = DIRECTION('',(1.,0.,-0.));
#3234 = DIRECTION('',(0.,0.,1.));
#3235 = DEFINITIONAL_REPRESENTATION('',(#3236),#3240);
#3236 = LINE('',#3237,#3238);
#3237 = CARTESIAN_POINT('',(0.,0.));
#3238 = VECTOR('',#3239,1.);
#3239 = DIRECTION('',(0.,-1.));
#3240 = ( GEOMETRIC_REPRESENTATION_CONTEXT(2) 
PARAMETRIC_REPRESENTATION_CONTEXT() REPRESENTATION_CONTEXT('2D SPACE',''
  ) );
#3241 = ORIENTED_EDGE('',*,*,#3242,.T.);
#3242 = EDGE_CURVE('',#3215,#3243,#3245,.T.);
#3243 = VERTEX_POINT('',#3244);
#3244 = CARTESIAN_POINT('',(-6.9,72.,12.));
#3245 = SURFACE_CURVE('',#3246,(#3250,#3257),.PCURVE_S1.);
#3246 = LINE('',#3247,#3248);
#3247 = CARTESIAN_POINT('',(14.,72.,12.));
#3248 = VECTOR('',#3249,1.);
#3249 = DIRECTION('',(-1.,0.,0.));
#3250 = PCURVE('',#1268,#3251);
#3251 = DEFINITIONAL_REPRESENTATION('',(#3252),#3256);
#3252 = LINE('',#3253,#3254);
#3253 = CARTESIAN_POINT('',(44.,-60.));
#3254 = VECTOR('',#3255,1.);
#3255 = DIRECTION('',(-1.,0.));
#3256 = ( GEOMETRIC_REPRESENTATION_CONTEXT(2) 
PARAMETRIC_REPRESENTATION_CONTEXT() REPRESENTATION_CONTEXT('2D SPACE',''
  ) );
#3257 = PCURVE('',#2001,#3258);
#3258 = DEFINITIONAL_REPRESENTATION('',(#3259),#3263);
#3259 = LINE('',#3260,#3261);
#3260 = CARTESIAN_POINT('',(1.5,28.));
#3261 = VECTOR('',#3262,1.);
#3262 = DIRECTION('',(0.,-1.));
#3263 = ( GEOMETRIC_REPRESENTATION_CONTEXT(2) 
PARAMETRIC_REPRESENTATION_CONTEXT() REPRESENTATION_CONTEXT('2D SPACE',''
  ) );
#3264 = ORIENTED_EDGE('',*,*,#3265,.T.);
#3265 = EDGE_CURVE('',#3243,#3266,#3268,.T.);
#3266 = VERTEX_POINT('',#3267);
#3267 = CARTESIAN_POINT('',(-6.9,132.,12.));
#3268 = SURFACE_CURVE('',#3269,(#3273,#3280),.PCURVE_S1.);
#3269 = LINE('',#3270,#3271);
#3270 = CARTESIAN_POINT('',(-6.9,72.,12.));
#3271 = VECTOR('',#3272,1.);
#3272 = DIRECTION('',(-0.,1.,0.));
#3273 = PCURVE('',#1268,#3274);
#3274 = DEFINITIONAL_REPRESENTATION('',(#3275),#3279);
#3275 = LINE('',#3276,#3277);
#3276 = CARTESIAN_POINT('',(23.1,-60.));
#3277 = VECTOR('',#3278,1.);
#3278 = DIRECTION('',(0.,1.));
#3279 = ( GEOMETRIC_REPRESENTATION_CONTEXT(2) 
PARAMETRIC_REPRESENTATION_CONTEXT() REPRESENTATION_CONTEXT('2D SPACE',''
  ) );
#3280 = PCURVE('',#3281,#3286);
#3281 = PLANE('',#3282);
#3282 = AXIS2_PLACEMENT_3D('',#3283,#3284,#3285);
#3283 = CARTESIAN_POINT('',(-6.9,72.,12.));
#3284 = DIRECTION('',(1.,0.,-0.));
#3285 = DIRECTION('',(0.,0.,1.));
#3286 = DEFINITIONAL_REPRESENTATION('',(#3287),#3291);
#3287 = LINE('',#3288,#3289);
#3288 = CARTESIAN_POINT('',(0.,0.));
#3289 = VECTOR('',#3290,1.);
#3290 = DIRECTION('',(0.,-1.));
#3291 = ( GEOMETRIC_REPRESENTATION_CONTEXT(2) 
PARAMETRIC_REPRESENTATION_CONTEXT() REPRESENTATION_CONTEXT('2D SPACE',''
  ) );
#3292 = ORIENTED_EDGE('',*,*,#3293,.F.);
#3293 = EDGE_CURVE('',#3294,#3266,#3296,.T.);
#3294 = VERTEX_POINT('',#3295);
#3295 = CARTESIAN_POINT('',(-9.1,132.,12.));
#3296 = SURFACE_CURVE('',#3297,(#3301,#3308),.PCURVE_S1.);
#3297 = LINE('',#3298,#3299);
#3298 = CARTESIAN_POINT('',(-9.1,132.,12.));
#3299 = VECTOR('',#3300,1.);
#3300 = DIRECTION('',(1.,0.,-0.));
#3301 = PCURVE('',#1268,#3302);
#3302 = DEFINITIONAL_REPRESENTATION('',(#3303),#3307);
#3303 = LINE('',#3304,#3305);
#3304 = CARTESIAN_POINT('',(20.9,0.));
#3305 = VECTOR('',#3306,1.);
#3306 = DIRECTION('',(1.,0.));
#3307 = ( GEOMETRIC_REPRESENTATION_CONTEXT(2) 
PARAMETRIC_REPRESENTATION_CONTEXT() REPRESENTATION_CONTEXT('2D SPACE',''
  ) );
#3308 = PCURVE('',#3309,#3314);
#3309 = PLANE('',#3310);
#3310 = AXIS2_PLACEMENT_3D('',#3311,#3312,#3313);
#3311 = CARTESIAN_POINT('',(-9.1,132.,12.));
#3312 = DIRECTION('',(-0.,1.,0.));
#3313 = DIRECTION('',(0.,0.,1.));
#3314 = DEFINITIONAL_REPRESENTATION('',(#3315),#3319);
#3315 = LINE('',#3316,#3317);
#3316 = CARTESIAN_POINT('',(0.,0.));
#3317 = VECTOR('',#3318,1.);
#3318 = DIRECTION('',(0.,1.));
#3319 = ( GEOMETRIC_REPRESENTATION_CONTEXT(2) 
PARAMETRIC_REPRESENTATION_CONTEXT() REPRESENTATION_CONTEXT('2D SPACE',''
  ) );
#3320 = ORIENTED_EDGE('',*,*,#3321,.F.);
#3321 = EDGE_CURVE('',#3322,#3294,#3324,.T.);
#3322 = VERTEX_POINT('',#3323);
#3323 = CARTESIAN_POINT('',(-9.1,72.,12.));
#3324 = SURFACE_CURVE('',#3325,(#3329,#3336),.PCURVE_S1.);
#3325 = LINE('',#3326,#3327);
#3326 = CARTESIAN_POINT('',(-9.1,72.,12.));
#3327 = VECTOR('',#3328,1.);
#3328 = DIRECTION('',(-0.,1.,0.));
#3329 = PCURVE('',#1268,#3330);
#3330 = DEFINITIONAL_REPRESENTATION('',(#3331),#3335);
#3331 = LINE('',#3332,#3333);
#3332 = CARTESIAN_POINT('',(20.9,-60.));
#3333 = VECTOR('',#3334,1.);
#3334 = DIRECTION('',(0.,1.));
#3335 = ( GEOMETRIC_REPRESENTATION_CONTEXT(2) 
PARAMETRIC_REPRESENTATION_CONTEXT() REPRESENTATION_CONTEXT('2D SPACE',''
  ) );
#3336 = PCURVE('',#3337,#3342);
#3337 = PLANE('',#3338);
#3338 = AXIS2_PLACEMENT_3D('',#3339,#3340,#3341);
#3339 = CARTESIAN_POINT('',(-9.1,72.,12.));
#3340 = DIRECTION('',(1.,0.,-0.));
#3341 = DIRECTION('',(0.,0.,1.));
#3342 = DEFINITIONAL_REPRESENTATION('',(#3343),#3347);
#3343 = LINE('',#3344,#3345);
#3344 = CARTESIAN_POINT('',(0.,0.));
#3345 = VECTOR('',#3346,1.);
#3346 = DIRECTION('',(0.,-1.));
#3347 = ( GEOMETRIC_REPRESENTATION_CONTEXT(2) 
PARAMETRIC_REPRESENTATION_CONTEXT() REPRESENTATION_CONTEXT('2D SPACE',''
  ) );
#3348 = ORIENTED_EDGE('',*,*,#3349,.T.);
#3349 = EDGE_CURVE('',#3322,#3350,#3352,.T.);
#3350 = VERTEX_POINT('',#3351);
#3351 = CARTESIAN_POINT('',(-14.,72.,12.));
#3352 = SURFACE_CURVE('',#3353,(#3357,#3364),.PCURVE_S1.);
#3353 = LINE('',#3354,#3355);
#3354 = CARTESIAN_POINT('',(14.,72.,12.));
#3355 = VECTOR('',#3356,1.);
#3356 = DIRECTION('',(-1.,0.,0.));
#3357 = PCURVE('',#1268,#3358);
#3358 = DEFINITIONAL_REPRESENTATION('',(#3359),#3363);
#3359 = LINE('',#3360,#3361);
#3360 = CARTESIAN_POINT('',(44.,-60.));
#3361 = VECTOR('',#3362,1.);
#3362 = DIRECTION('',(-1.,0.));
#3363 = ( GEOMETRIC_REPRESENTATION_CONTEXT(2) 
PARAMETRIC_REPRESENTATION_CONTEXT() REPRESENTATION_CONTEXT('2D SPACE',''
  ) );
#3364 = PCURVE('',#2001,#3365);
#3365 = DEFINITIONAL_REPRESENTATION('',(#3366),#3370);
#3366 = LINE('',#3367,#3368);
#3367 = CARTESIAN_POINT('',(1.5,28.));
#3368 = VECTOR('',#3369,1.);
#3369 = DIRECTION('',(0.,-1.));
#3370 = ( GEOMETRIC_REPRESENTATION_CONTEXT(2) 
PARAMETRIC_REPRESENTATION_CONTEXT() REPRESENTATION_CONTEXT('2D SPACE',''
  ) );
#3371 = ORIENTED_EDGE('',*,*,#3372,.T.);
#3372 = EDGE_CURVE('',#3350,#3373,#3375,.T.);
#3373 = VERTEX_POINT('',#3374);
#3374 = CARTESIAN_POINT('',(-14.,76.527063200694,12.));
#3375 = SURFACE_CURVE('',#3376,(#3380,#3387),.PCURVE_S1.);
#3376 = LINE('',#3377,#3378);
#3377 = CARTESIAN_POINT('',(-14.,71.,12.));
#3378 = VECTOR('',#3379,1.);
#3379 = DIRECTION('',(-0.,1.,0.));
#3380 = PCURVE('',#1268,#3381);
#3381 = DEFINITIONAL_REPRESENTATION('',(#3382),#3386);
#3382 = LINE('',#3383,#3384);
#3383 = CARTESIAN_POINT('',(16.,-61.));
#3384 = VECTOR('',#3385,1.);
#3385 = DIRECTION('',(0.,1.));
#3386 = ( GEOMETRIC_REPRESENTATION_CONTEXT(2) 
PARAMETRIC_REPRESENTATION_CONTEXT() REPRESENTATION_CONTEXT('2D SPACE',''
  ) );
#3387 = PCURVE('',#1973,#3388);
#3388 = DEFINITIONAL_REPRESENTATION('',(#3389),#3392);
#3389 = B_SPLINE_CURVE_WITH_KNOTS('',1,(#3390,#3391),.UNSPECIFIED.,.F.,
  .F.,(2,2),(1.,61.),.PIECEWISE_BEZIER_KNOTS.);
#3390 = CARTESIAN_POINT('',(1.5,0.));
#3391 = CARTESIAN_POINT('',(1.5,-60.));
#3392 = ( GEOMETRIC_REPRESENTATION_CONTEXT(2) 
PARAMETRIC_REPRESENTATION_CONTEXT() REPRESENTATION_CONTEXT('2D SPACE',''
  ) );
#3393 = ORIENTED_EDGE('',*,*,#3394,.T.);
#3394 = EDGE_CURVE('',#3373,#3395,#3397,.T.);
#3395 = VERTEX_POINT('',#3396);
#3396 = CARTESIAN_POINT('',(-14.03078336941,77.027083980202,12.));
#3397 = SURFACE_CURVE('',#3398,(#3411,#3427),.PCURVE_S1.);
#3398 = B_SPLINE_CURVE_WITH_KNOTS('',6,(#3399,#3400,#3401,#3402,#3403,
    #3404,#3405,#3406,#3407,#3408,#3409,#3410),.UNSPECIFIED.,.F.,.F.,(7,
    5,7),(0.,0.47973230758,1.),.UNSPECIFIED.);
#3399 = CARTESIAN_POINT('',(-12.99846144741,74.315893855187,12.));
#3400 = CARTESIAN_POINT('',(-13.15619055614,74.492987334449,12.));
#3401 = CARTESIAN_POINT('',(-13.30156196524,74.681098613478,12.));
#3402 = CARTESIAN_POINT('',(-13.433600714,74.87913629394,12.));
#3403 = CARTESIAN_POINT('',(-13.55148323203,75.085913628576,12.));
#3404 = CARTESIAN_POINT('',(-13.6545175876,75.300162599414,12.));
#3405 = CARTESIAN_POINT('',(-13.83721809389,75.759502042911,12.));
#3406 = CARTESIAN_POINT('',(-13.91418248375,76.005689920677,12.));
#3407 = CARTESIAN_POINT('',(-13.97236340009,76.257349099652,12.));
#3408 = CARTESIAN_POINT('',(-14.01131119212,76.512692850757,12.));
#3409 = CARTESIAN_POINT('',(-14.03078336941,76.769894767353,12.));
#3410 = CARTESIAN_POINT('',(-14.03078336941,77.027083980202,12.));
#3411 = PCURVE('',#1268,#3412);
#3412 = DEFINITIONAL_REPRESENTATION('',(#3413),#3426);
#3413 = B_SPLINE_CURVE_WITH_KNOTS('',6,(#3414,#3415,#3416,#3417,#3418,
    #3419,#3420,#3421,#3422,#3423,#3424,#3425),.UNSPECIFIED.,.F.,.F.,(7,
    5,7),(0.,0.47973230758,1.),.UNSPECIFIED.);
#3414 = CARTESIAN_POINT('',(17.001538552583,-57.68410614481));
#3415 = CARTESIAN_POINT('',(16.843809443858,-57.50701266555));
#3416 = CARTESIAN_POINT('',(16.698438034751,-57.31890138652));
#3417 = CARTESIAN_POINT('',(16.566399285994,-57.12086370606));
#3418 = CARTESIAN_POINT('',(16.448516767968,-56.91408637142));
#3419 = CARTESIAN_POINT('',(16.345482412398,-56.69983740058));
#3420 = CARTESIAN_POINT('',(16.162781906102,-56.24049795708));
#3421 = CARTESIAN_POINT('',(16.08581751625,-55.99431007932));
#3422 = CARTESIAN_POINT('',(16.027636599908,-55.74265090034));
#3423 = CARTESIAN_POINT('',(15.988688807877,-55.48730714924));
#3424 = CARTESIAN_POINT('',(15.969216630589,-55.23010523264));
#3425 = CARTESIAN_POINT('',(15.969216630589,-54.97291601979));
#3426 = ( GEOMETRIC_REPRESENTATION_CONTEXT(2) 
PARAMETRIC_REPRESENTATION_CONTEXT() REPRESENTATION_CONTEXT('2D SPACE',''
  ) );
#3427 = PCURVE('',#3428,#3456);
#3428 = B_SPLINE_SURFACE_WITH_KNOTS('',8,2,(
    (#3429,#3430,#3431)
    ,(#3432,#3433,#3434)
    ,(#3435,#3436,#3437)
    ,(#3438,#3439,#3440)
    ,(#3441,#3442,#3443)
    ,(#3444,#3445,#3446)
    ,(#3447,#3448,#3449)
    ,(#3450,#3451,#3452)
    ,(#3453,#3454,#3455
  )),.UNSPECIFIED.,.F.,.F.,.F.,(9,9),(3,3),(1.,2.),(0.,1.),
  .PIECEWISE_BEZIER_KNOTS.);
#3429 = CARTESIAN_POINT('',(-14.,76.,11.2));
#3430 = CARTESIAN_POINT('',(-14.2547213795,83.37846931458,
    16.891479146052));
#3431 = CARTESIAN_POINT('',(-13.5,89.,22.8));
#3432 = CARTESIAN_POINT('',(-14.,75.214601836603,11.2));
#3433 = CARTESIAN_POINT('',(-14.2547213795,82.500424258677,
    16.891479146052));
#3434 = CARTESIAN_POINT('',(-13.5,87.625553214055,22.8));
#3435 = CARTESIAN_POINT('',(-13.82375684415,74.429203425983,11.2));
#3436 = CARTESIAN_POINT('',(-14.05768828362,81.622378926389,
    16.891479146052));
#3437 = CARTESIAN_POINT('',(-13.19157447727,86.25110599547,22.8));
#3438 = CARTESIAN_POINT('',(-13.47127226348,73.68994706266,11.2));
#3439 = CARTESIAN_POINT('',(-13.66362402709,80.795918635149,
    16.891479146052));
#3440 = CARTESIAN_POINT('',(-12.5747264611,84.957407359655,22.8));
#3441 = CARTESIAN_POINT('',(-12.95703502312,73.04296497688,11.2));
#3442 = CARTESIAN_POINT('',(-13.08872649422,80.07261745092,
    16.891479146052));
#3443 = CARTESIAN_POINT('',(-11.67481129046,83.825188709541,22.8));
#3444 = CARTESIAN_POINT('',(-12.31005293734,72.528727736514,11.2));
#3445 = CARTESIAN_POINT('',(-12.36542530999,79.497719918041,
    16.891479146052));
#3446 = CARTESIAN_POINT('',(-10.54259264034,82.9252735389,22.8));
#3447 = CARTESIAN_POINT('',(-11.57079657401,72.176243155845,11.2));
#3448 = CARTESIAN_POINT('',(-11.53896501875,79.103655661511,
    16.891479146052));
#3449 = CARTESIAN_POINT('',(-9.24889400453,82.308425522728,22.8));
#3450 = CARTESIAN_POINT('',(-10.78539816339,72.,11.2));
#3451 = CARTESIAN_POINT('',(-10.66091968646,78.90662256564,
    16.891479146052));
#3452 = CARTESIAN_POINT('',(-7.874446785945,82.,22.8));
#3453 = CARTESIAN_POINT('',(-10.,72.,11.2));
#3454 = CARTESIAN_POINT('',(-9.78287463056,78.90662256564,
    16.891479146052));
#3455 = CARTESIAN_POINT('',(-6.5,82.,22.8));
#3456 = DEFINITIONAL_REPRESENTATION('',(#3457),#3470);
#3457 = B_SPLINE_CURVE_WITH_KNOTS('',6,(#3458,#3459,#3460,#3461,#3462,
    #3463,#3464,#3465,#3466,#3467,#3468,#3469),.UNSPECIFIED.,.F.,.F.,(7,
    5,7),(0.,0.47973230758,1.),.UNSPECIFIED.);
#3458 = CARTESIAN_POINT('',(1.463222243097,7.01865717536E-02));
#3459 = CARTESIAN_POINT('',(1.426185566684,7.01865717536E-02));
#3460 = CARTESIAN_POINT('',(1.389147575667,7.01865717536E-02));
#3461 = CARTESIAN_POINT('',(1.352111120088,7.01865717536E-02));
#3462 = CARTESIAN_POINT('',(1.315074665418,7.01865717536E-02));
#3463 = CARTESIAN_POINT('',(1.278036675658,7.01865717536E-02));
#3464 = CARTESIAN_POINT('',(1.20083387928,7.01865717536E-02));
#3465 = CARTESIAN_POINT('',(1.160665791889,7.01865717536E-02));
#3466 = CARTESIAN_POINT('',(1.120499998743,7.01865717536E-02));
#3467 = CARTESIAN_POINT('',(1.08033420315,7.01865717536E-02));
#3468 = CARTESIAN_POINT('',(1.040166120166,7.01865717536E-02));
#3469 = CARTESIAN_POINT('',(1.,7.01865717536E-02));
#3470 = ( GEOMETRIC_REPRESENTATION_CONTEXT(2) 
PARAMETRIC_REPRESENTATION_CONTEXT() REPRESENTATION_CONTEXT('2D SPACE',''
  ) );
#3471 = ORIENTED_EDGE('',*,*,#3472,.T.);
#3472 = EDGE_CURVE('',#3395,#3473,#3475,.T.);
#3473 = VERTEX_POINT('',#3474);
#3474 = CARTESIAN_POINT('',(-14.03078336941,127.9088381475,12.));
#3475 = SURFACE_CURVE('',#3476,(#3482,#3491),.PCURVE_S1.);
#3476 = B_SPLINE_CURVE_WITH_KNOTS('',4,(#3477,#3478,#3479,#3480,#3481),
  .UNSPECIFIED.,.F.,.F.,(5,5),(0.,1.),.PIECEWISE_BEZIER_KNOTS.);
#3477 = CARTESIAN_POINT('',(-14.03078336941,77.027083980202,12.));
#3478 = CARTESIAN_POINT('',(-14.03078336941,89.747522522027,12.));
#3479 = CARTESIAN_POINT('',(-14.03078336941,102.46796106385,12.));
#3480 = CARTESIAN_POINT('',(-14.03078336941,115.18839960567,12.));
#3481 = CARTESIAN_POINT('',(-14.03078336941,127.9088381475,12.));
#3482 = PCURVE('',#1268,#3483);
#3483 = DEFINITIONAL_REPRESENTATION('',(#3484),#3490);
#3484 = B_SPLINE_CURVE_WITH_KNOTS('',4,(#3485,#3486,#3487,#3488,#3489),
  .UNSPECIFIED.,.F.,.F.,(5,5),(0.,1.),.PIECEWISE_BEZIER_KNOTS.);
#3485 = CARTESIAN_POINT('',(15.969216630589,-54.97291601979));
#3486 = CARTESIAN_POINT('',(15.969216630589,-42.25247747797));
#3487 = CARTESIAN_POINT('',(15.969216630589,-29.53203893614));
#3488 = CARTESIAN_POINT('',(15.969216630589,-16.81160039432));
#3489 = CARTESIAN_POINT('',(15.969216630589,-4.091161852498));
#3490 = ( GEOMETRIC_REPRESENTATION_CONTEXT(2) 
PARAMETRIC_REPRESENTATION_CONTEXT() REPRESENTATION_CONTEXT('2D SPACE',''
  ) );
#3491 = PCURVE('',#3492,#3520);
#3492 = B_SPLINE_SURFACE_WITH_KNOTS('',8,2,(
    (#3493,#3494,#3495)
    ,(#3496,#3497,#3498)
    ,(#3499,#3500,#3501)
    ,(#3502,#3503,#3504)
    ,(#3505,#3506,#3507)
    ,(#3508,#3509,#3510)
    ,(#3511,#3512,#3513)
    ,(#3514,#3515,#3516)
    ,(#3517,#3518,#3519
  )),.UNSPECIFIED.,.F.,.F.,.F.,(9,9),(3,3),(0.,1.),(0.,1.),
  .PIECEWISE_BEZIER_KNOTS.);
#3493 = CARTESIAN_POINT('',(-14.,128.,11.2));
#3494 = CARTESIAN_POINT('',(-14.2547213795,127.56574926111,
    16.891479146052));
#3495 = CARTESIAN_POINT('',(-13.5,121.,22.8));
#3496 = CARTESIAN_POINT('',(-14.,121.5,11.2));
#3497 = CARTESIAN_POINT('',(-14.2547213795,122.0423392678,
    16.891479146052));
#3498 = CARTESIAN_POINT('',(-13.5,117.,22.8));
#3499 = CARTESIAN_POINT('',(-14.,115.,11.2));
#3500 = CARTESIAN_POINT('',(-14.2547213795,116.51892927448,
    16.891479146052));
#3501 = CARTESIAN_POINT('',(-13.5,113.,22.8));
#3502 = CARTESIAN_POINT('',(-14.,108.5,11.2));
#3503 = CARTESIAN_POINT('',(-14.2547213795,110.99551928116,
    16.891479146052));
#3504 = CARTESIAN_POINT('',(-13.5,109.,22.8));
#3505 = CARTESIAN_POINT('',(-14.,102.,11.2));
#3506 = CARTESIAN_POINT('',(-14.2547213795,105.47210928785,
    16.891479146052));
#3507 = CARTESIAN_POINT('',(-13.5,105.,22.8));
#3508 = CARTESIAN_POINT('',(-14.,95.5,11.2));
#3509 = CARTESIAN_POINT('',(-14.2547213795,99.948699294532,
    16.891479146052));
#3510 = CARTESIAN_POINT('',(-13.5,101.,22.8));
#3511 = CARTESIAN_POINT('',(-14.,89.,11.2));
#3512 = CARTESIAN_POINT('',(-14.2547213795,94.425289301215,
    16.891479146052));
#3513 = CARTESIAN_POINT('',(-13.5,97.,22.8));
#3514 = CARTESIAN_POINT('',(-14.,82.5,11.2));
#3515 = CARTESIAN_POINT('',(-14.2547213795,88.901879307897,
    16.891479146052));
#3516 = CARTESIAN_POINT('',(-13.5,93.,22.8));
#3517 = CARTESIAN_POINT('',(-14.,76.,11.2));
#3518 = CARTESIAN_POINT('',(-14.2547213795,83.37846931458,
    16.891479146052));
#3519 = CARTESIAN_POINT('',(-13.5,89.,22.8));
#3520 = DEFINITIONAL_REPRESENTATION('',(#3521),#3527);
#3521 = B_SPLINE_CURVE_WITH_KNOTS('',4,(#3522,#3523,#3524,#3525,#3526),
  .UNSPECIFIED.,.F.,.F.,(5,5),(0.,1.),.PIECEWISE_BEZIER_KNOTS.);
#3522 = CARTESIAN_POINT('',(1.,7.01865717536E-02));
#3523 = CARTESIAN_POINT('',(0.75,7.01865717536E-02));
#3524 = CARTESIAN_POINT('',(0.5,7.01865717536E-02));
#3525 = CARTESIAN_POINT('',(0.25,7.01865717536E-02));
#3526 = CARTESIAN_POINT('',(0.,7.01865717536E-02));
#3527 = ( GEOMETRIC_REPRESENTATION_CONTEXT(2) 
PARAMETRIC_REPRESENTATION_CONTEXT() REPRESENTATION_CONTEXT('2D SPACE',''
  ) );
#3528 = ORIENTED_EDGE('',*,*,#3529,.T.);
#3529 = EDGE_CURVE('',#3473,#3530,#3532,.T.);
#3530 = VERTEX_POINT('',#3531);
#3531 = CARTESIAN_POINT('',(-14.,128.40885894181,12.));
#3532 = SURFACE_CURVE('',#3533,(#3551,#3572),.PCURVE_S1.);
#3533 = B_SPLINE_CURVE_WITH_KNOTS('',6,(#3534,#3535,#3536,#3537,#3538,
    #3539,#3540,#3541,#3542,#3543,#3544,#3545,#3546,#3547,#3548,#3549,
    #3550),.UNSPECIFIED.,.F.,.F.,(7,5,5,7),(0.,0.746931009885,
    0.837604061829,1.),.UNSPECIFIED.);
#3534 = CARTESIAN_POINT('',(-14.03078336941,127.9088381475,12.));
#3535 = CARTESIAN_POINT('',(-14.03078336941,128.27806488986,12.));
#3536 = CARTESIAN_POINT('',(-13.99065078898,128.6473682369,12.));
#3537 = CARTESIAN_POINT('',(-13.91035634285,129.01112320853,12.));
#3538 = CARTESIAN_POINT('',(-13.79097191956,129.36398614887,12.));
#3539 = CARTESIAN_POINT('',(-13.63434342042,129.70082896192,12.));
#3540 = CARTESIAN_POINT('',(-13.42022599309,130.05521585677,12.));
#3541 = CARTESIAN_POINT('',(-13.39654097068,130.09327342312,12.));
#3542 = CARTESIAN_POINT('',(-13.37235480075,130.13101680112,12.));
#3543 = CARTESIAN_POINT('',(-13.34767270985,130.16843775498,12.));
#3544 = CARTESIAN_POINT('',(-13.32250010443,130.20552816585,12.));
#3545 = CARTESIAN_POINT('',(-13.25088978588,130.30810282726,12.));
#3546 = CARTESIAN_POINT('',(-13.20338146941,130.37283970855,12.));
#3547 = CARTESIAN_POINT('',(-13.15434974988,130.43644465846,12.));
#3548 = CARTESIAN_POINT('',(-13.10382848844,130.49887302807,12.));
#3549 = CARTESIAN_POINT('',(-13.05185327883,130.56008153683,12.));
#3550 = CARTESIAN_POINT('',(-12.99846144741,130.62002827251,12.));
#3551 = PCURVE('',#1268,#3552);
#3552 = DEFINITIONAL_REPRESENTATION('',(#3553),#3571);
#3553 = B_SPLINE_CURVE_WITH_KNOTS('',6,(#3554,#3555,#3556,#3557,#3558,
    #3559,#3560,#3561,#3562,#3563,#3564,#3565,#3566,#3567,#3568,#3569,
    #3570),.UNSPECIFIED.,.F.,.F.,(7,5,5,7),(0.,0.746931009885,
    0.837604061829,1.),.UNSPECIFIED.);
#3554 = CARTESIAN_POINT('',(15.969216630589,-4.091161852498));
#3555 = CARTESIAN_POINT('',(15.969216630589,-3.721935110132));
#3556 = CARTESIAN_POINT('',(16.009349211014,-3.352631763095));
#3557 = CARTESIAN_POINT('',(16.089643657143,-2.988876791469));
#3558 = CARTESIAN_POINT('',(16.20902808044,-2.636013851129));
#3559 = CARTESIAN_POINT('',(16.365656579579,-2.299171038075));
#3560 = CARTESIAN_POINT('',(16.579774006908,-1.944784143223));
#3561 = CARTESIAN_POINT('',(16.603459029313,-1.906726576872));
#3562 = CARTESIAN_POINT('',(16.62764519925,-1.868983198873));
#3563 = CARTESIAN_POINT('',(16.652327290144,-1.831562245012));
#3564 = CARTESIAN_POINT('',(16.677499895567,-1.794471834144));
#3565 = CARTESIAN_POINT('',(16.749110214116,-1.691897172737));
#3566 = CARTESIAN_POINT('',(16.796618530587,-1.627160291441));
#3567 = CARTESIAN_POINT('',(16.845650250113,-1.563555341538));
#3568 = CARTESIAN_POINT('',(16.896171511555,-1.501126971926));
#3569 = CARTESIAN_POINT('',(16.948146721164,-1.439918463166));
#3570 = CARTESIAN_POINT('',(17.001538552583,-1.379971727483));
#3571 = ( GEOMETRIC_REPRESENTATION_CONTEXT(2) 
PARAMETRIC_REPRESENTATION_CONTEXT() REPRESENTATION_CONTEXT('2D SPACE',''
  ) );
#3572 = PCURVE('',#3573,#3601);
#3573 = B_SPLINE_SURFACE_WITH_KNOTS('',8,2,(
    (#3574,#3575,#3576)
    ,(#3577,#3578,#3579)
    ,(#3580,#3581,#3582)
    ,(#3583,#3584,#3585)
    ,(#3586,#3587,#3588)
    ,(#3589,#3590,#3591)
    ,(#3592,#3593,#3594)
    ,(#3595,#3596,#3597)
    ,(#3598,#3599,#3600
  )),.UNSPECIFIED.,.F.,.F.,.F.,(9,9),(3,3),(7.,8.),(0.,1.),
  .PIECEWISE_BEZIER_KNOTS.);
#3574 = CARTESIAN_POINT('',(-10.,132.,11.2));
#3575 = CARTESIAN_POINT('',(-9.78287463056,132.03759601005,
    16.891479146052));
#3576 = CARTESIAN_POINT('',(-6.5,128.,22.8));
#3577 = CARTESIAN_POINT('',(-10.78539816339,132.,11.2));
#3578 = CARTESIAN_POINT('',(-10.66091968646,132.03759601006,
    16.891479146052));
#3579 = CARTESIAN_POINT('',(-7.874446785946,128.,22.8));
#3580 = CARTESIAN_POINT('',(-11.57079657401,131.82375684415,11.2));
#3581 = CARTESIAN_POINT('',(-11.53896501875,131.84056291418,
    16.891479146052));
#3582 = CARTESIAN_POINT('',(-9.24889400453,127.69157447727,22.8));
#3583 = CARTESIAN_POINT('',(-12.31005293734,131.47127226348,11.2));
#3584 = CARTESIAN_POINT('',(-12.36542530999,131.44649865765,
    16.891479146052));
#3585 = CARTESIAN_POINT('',(-10.54259264034,127.0747264611,22.8));
#3586 = CARTESIAN_POINT('',(-12.95703502312,130.95703502312,11.2));
#3587 = CARTESIAN_POINT('',(-13.08872649421,130.87160112477,
    16.891479146052));
#3588 = CARTESIAN_POINT('',(-11.67481129045,126.17481129045,22.8));
#3589 = CARTESIAN_POINT('',(-13.47127226348,130.31005293734,11.2));
#3590 = CARTESIAN_POINT('',(-13.66362402709,130.14829994055,
    16.891479146052));
#3591 = CARTESIAN_POINT('',(-12.5747264611,125.04259264034,22.8));
#3592 = CARTESIAN_POINT('',(-13.82375684415,129.57079657401,11.2));
#3593 = CARTESIAN_POINT('',(-14.05768828362,129.32183964931,
    16.891479146052));
#3594 = CARTESIAN_POINT('',(-13.19157447727,123.74889400453,22.8));
#3595 = CARTESIAN_POINT('',(-14.,128.78539816339,11.2));
#3596 = CARTESIAN_POINT('',(-14.2547213795,128.44379431702,
    16.891479146052));
#3597 = CARTESIAN_POINT('',(-13.5,122.37444678594,22.8));
#3598 = CARTESIAN_POINT('',(-14.,128.,11.2));
#3599 = CARTESIAN_POINT('',(-14.2547213795,127.56574926111,
    16.891479146052));
#3600 = CARTESIAN_POINT('',(-13.5,121.,22.8));
#3601 = DEFINITIONAL_REPRESENTATION('',(#3602),#3620);
#3602 = B_SPLINE_CURVE_WITH_KNOTS('',6,(#3603,#3604,#3605,#3606,#3607,
    #3608,#3609,#3610,#3611,#3612,#3613,#3614,#3615,#3616,#3617,#3618,
    #3619),.UNSPECIFIED.,.F.,.F.,(7,5,5,7),(0.,0.746931009885,
    0.837604061829,1.),.UNSPECIFIED.);
#3603 = CARTESIAN_POINT('',(8.,7.01865717536E-02));
#3604 = CARTESIAN_POINT('',(7.942336595155,7.01865717536E-02));
#3605 = CARTESIAN_POINT('',(7.884661442457,7.01865717536E-02));
#3606 = CARTESIAN_POINT('',(7.826999993343,7.01865717536E-02));
#3607 = CARTESIAN_POINT('',(7.769338561847,7.01865717536E-02));
#3608 = CARTESIAN_POINT('',(7.711663405603,7.01865717536E-02));
#3609 = CARTESIAN_POINT('',(7.647000000131,7.01865717536E-02));
#3610 = CARTESIAN_POINT('',(7.640000000141,7.01865717536E-02));
#3611 = CARTESIAN_POINT('',(7.633000000082,7.01865717536E-02));
#3612 = CARTESIAN_POINT('',(7.626000000005,7.01865717536E-02));
#3613 = CARTESIAN_POINT('',(7.618999999959,7.01865717536E-02));
#3614 = CARTESIAN_POINT('',(7.599462961307,7.01865717536E-02));
#3615 = CARTESIAN_POINT('',(7.586925920577,7.01865717536E-02));
#3616 = CARTESIAN_POINT('',(7.574388878761,7.01865717536E-02));
#3617 = CARTESIAN_POINT('',(7.561851836852,7.01865717536E-02));
#3618 = CARTESIAN_POINT('',(7.549314795877,7.01865717536E-02));
#3619 = CARTESIAN_POINT('',(7.536777756903,7.01865717536E-02));
#3620 = ( GEOMETRIC_REPRESENTATION_CONTEXT(2) 
PARAMETRIC_REPRESENTATION_CONTEXT() REPRESENTATION_CONTEXT('2D SPACE',''
  ) );
#3621 = ORIENTED_EDGE('',*,*,#3622,.T.);
#3622 = EDGE_CURVE('',#3530,#2461,#3623,.T.);
#3623 = SURFACE_CURVE('',#3624,(#3628,#3635),.PCURVE_S1.);
#3624 = LINE('',#3625,#3626);
#3625 = CARTESIAN_POINT('',(-14.,71.,12.));
#3626 = VECTOR('',#3627,1.);
#3627 = DIRECTION('',(-0.,1.,0.));
#3628 = PCURVE('',#1268,#3629);
#3629 = DEFINITIONAL_REPRESENTATION('',(#3630),#3634);
#3630 = LINE('',#3631,#3632);
#3631 = CARTESIAN_POINT('',(16.,-61.));
#3632 = VECTOR('',#3633,1.);
#3633 = DIRECTION('',(0.,1.));
#3634 = ( GEOMETRIC_REPRESENTATION_CONTEXT(2) 
PARAMETRIC_REPRESENTATION_CONTEXT() REPRESENTATION_CONTEXT('2D SPACE',''
  ) );
#3635 = PCURVE('',#1973,#3636);
#3636 = DEFINITIONAL_REPRESENTATION('',(#3637),#3640);
#3637 = B_SPLINE_CURVE_WITH_KNOTS('',1,(#3638,#3639),.UNSPECIFIED.,.F.,
  .F.,(2,2),(1.,61.),.PIECEWISE_BEZIER_KNOTS.);
#3638 = CARTESIAN_POINT('',(1.5,0.));
#3639 = CARTESIAN_POINT('',(1.5,-60.));
#3640 = ( GEOMETRIC_REPRESENTATION_CONTEXT(2) 
PARAMETRIC_REPRESENTATION_CONTEXT() REPRESENTATION_CONTEXT('2D SPACE',''
  ) );
#3641 = ORIENTED_EDGE('',*,*,#2460,.T.);
#3642 = ORIENTED_EDGE('',*,*,#1309,.T.);
#3643 = FACE_BOUND('',#3644,.F.);
#3644 = EDGE_LOOP('',(#3645));
#3645 = ORIENTED_EDGE('',*,*,#3646,.F.);
#3646 = EDGE_CURVE('',#3647,#3647,#3649,.T.);
#3647 = VERTEX_POINT('',#3648);
#3648 = CARTESIAN_POINT('',(-16.3,76.,12.));
#3649 = SURFACE_CURVE('',#3650,(#3655,#3662),.PCURVE_S1.);
#3650 = CIRCLE('',#3651,1.7);
#3651 = AXIS2_PLACEMENT_3D('',#3652,#3653,#3654);
#3652 = CARTESIAN_POINT('',(-18.,76.,12.));
#3653 = DIRECTION('',(0.,0.,1.));
#3654 = DIRECTION('',(1.,0.,-0.));
#3655 = PCURVE('',#1268,#3656);
#3656 = DEFINITIONAL_REPRESENTATION('',(#3657),#3661);
#3657 = CIRCLE('',#3658,1.7);
#3658 = AXIS2_PLACEMENT_2D('',#3659,#3660);
#3659 = CARTESIAN_POINT('',(12.,-56.));
#3660 = DIRECTION('',(1.,0.));
#3661 = ( GEOMETRIC_REPRESENTATION_CONTEXT(2) 
PARAMETRIC_REPRESENTATION_CONTEXT() REPRESENTATION_CONTEXT('2D SPACE',''
  ) );
#3662 = PCURVE('',#3663,#3668);
#3663 = CYLINDRICAL_SURFACE('',#3664,1.7);
#3664 = AXIS2_PLACEMENT_3D('',#3665,#3666,#3667);
#3665 = CARTESIAN_POINT('',(-18.,76.,11.));
#3666 = DIRECTION('',(0.,0.,1.));
#3667 = DIRECTION('',(1.,0.,-0.));
#3668 = DEFINITIONAL_REPRESENTATION('',(#3669),#3673);
#3669 = LINE('',#3670,#3671);
#3670 = CARTESIAN_POINT('',(0.,1.));
#3671 = VECTOR('',#3672,1.);
#3672 = DIRECTION('',(1.,0.));
#3673 = ( GEOMETRIC_REPRESENTATION_CONTEXT(2) 
PARAMETRIC_REPRESENTATION_CONTEXT() REPRESENTATION_CONTEXT('2D SPACE',''
  ) );
#3674 = FACE_BOUND('',#3675,.F.);
#3675 = EDGE_LOOP('',(#3676));
#3676 = ORIENTED_EDGE('',*,*,#3677,.F.);
#3677 = EDGE_CURVE('',#3678,#3678,#3680,.T.);
#3678 = VERTEX_POINT('',#3679);
#3679 = CARTESIAN_POINT('',(19.7,76.,12.));
#3680 = SURFACE_CURVE('',#3681,(#3686,#3693),.PCURVE_S1.);
#3681 = CIRCLE('',#3682,1.7);
#3682 = AXIS2_PLACEMENT_3D('',#3683,#3684,#3685);
#3683 = CARTESIAN_POINT('',(18.,76.,12.));
#3684 = DIRECTION('',(0.,0.,1.));
#3685 = DIRECTION('',(1.,0.,-0.));
#3686 = PCURVE('',#1268,#3687);
#3687 = DEFINITIONAL_REPRESENTATION('',(#3688),#3692);
#3688 = CIRCLE('',#3689,1.7);
#3689 = AXIS2_PLACEMENT_2D('',#3690,#3691);
#3690 = CARTESIAN_POINT('',(48.,-56.));
#3691 = DIRECTION('',(1.,0.));
#3692 = ( GEOMETRIC_REPRESENTATION_CONTEXT(2) 
PARAMETRIC_REPRESENTATION_CONTEXT() REPRESENTATION_CONTEXT('2D SPACE',''
  ) );
#3693 = PCURVE('',#3694,#3699);
#3694 = CYLINDRICAL_SURFACE('',#3695,1.7);
#3695 = AXIS2_PLACEMENT_3D('',#3696,#3697,#3698);
#3696 = CARTESIAN_POINT('',(18.,76.,11.));
#3697 = DIRECTION('',(0.,0.,1.));
#3698 = DIRECTION('',(1.,0.,-0.));
#3699 = DEFINITIONAL_REPRESENTATION('',(#3700),#3704);
#3700 = LINE('',#3701,#3702);
#3701 = CARTESIAN_POINT('',(0.,1.));
#3702 = VECTOR('',#3703,1.);
#3703 = DIRECTION('',(1.,0.));
#3704 = ( GEOMETRIC_REPRESENTATION_CONTEXT(2) 
PARAMETRIC_REPRESENTATION_CONTEXT() REPRESENTATION_CONTEXT('2D SPACE',''
  ) );
#3705 = FACE_BOUND('',#3706,.F.);
#3706 = EDGE_LOOP('',(#3707));
#3707 = ORIENTED_EDGE('',*,*,#3708,.F.);
#3708 = EDGE_CURVE('',#3709,#3709,#3711,.T.);
#3709 = VERTEX_POINT('',#3710);
#3710 = CARTESIAN_POINT('',(-16.3,102.,12.));
#3711 = SURFACE_CURVE('',#3712,(#3717,#3724),.PCURVE_S1.);
#3712 = CIRCLE('',#3713,1.7);
#3713 = AXIS2_PLACEMENT_3D('',#3714,#3715,#3716);
#3714 = CARTESIAN_POINT('',(-18.,102.,12.));
#3715 = DIRECTION('',(0.,0.,1.));
#3716 = DIRECTION('',(1.,0.,-0.));
#3717 = PCURVE('',#1268,#3718);
#3718 = DEFINITIONAL_REPRESENTATION('',(#3719),#3723);
#3719 = CIRCLE('',#3720,1.7);
#3720 = AXIS2_PLACEMENT_2D('',#3721,#3722);
#3721 = CARTESIAN_POINT('',(12.,-30.));
#3722 = DIRECTION('',(1.,0.));
#3723 = ( GEOMETRIC_REPRESENTATION_CONTEXT(2) 
PARAMETRIC_REPRESENTATION_CONTEXT() REPRESENTATION_CONTEXT('2D SPACE',''
  ) );
#3724 = PCURVE('',#3725,#3730);
#3725 = CYLINDRICAL_SURFACE('',#3726,1.7);
#3726 = AXIS2_PLACEMENT_3D('',#3727,#3728,#3729);
#3727 = CARTESIAN_POINT('',(-18.,102.,11.));
#3728 = DIRECTION('',(0.,0.,1.));
#3729 = DIRECTION('',(1.,0.,-0.));
#3730 = DEFINITIONAL_REPRESENTATION('',(#3731),#3735);
#3731 = LINE('',#3732,#3733);
#3732 = CARTESIAN_POINT('',(0.,1.));
#3733 = VECTOR('',#3734,1.);
#3734 = DIRECTION('',(1.,0.));
#3735 = ( GEOMETRIC_REPRESENTATION_CONTEXT(2) 
PARAMETRIC_REPRESENTATION_CONTEXT() REPRESENTATION_CONTEXT('2D SPACE',''
  ) );
#3736 = FACE_BOUND('',#3737,.F.);
#3737 = EDGE_LOOP('',(#3738));
#3738 = ORIENTED_EDGE('',*,*,#3739,.F.);
#3739 = EDGE_CURVE('',#3740,#3740,#3742,.T.);
#3740 = VERTEX_POINT('',#3741);
#3741 = CARTESIAN_POINT('',(-16.3,128.,12.));
#3742 = SURFACE_CURVE('',#3743,(#3748,#3755),.PCURVE_S1.);
#3743 = CIRCLE('',#3744,1.7);
#3744 = AXIS2_PLACEMENT_3D('',#3745,#3746,#3747);
#3745 = CARTESIAN_POINT('',(-18.,128.,12.));
#3746 = DIRECTION('',(0.,0.,1.));
#3747 = DIRECTION('',(1.,0.,-0.));
#3748 = PCURVE('',#1268,#3749);
#3749 = DEFINITIONAL_REPRESENTATION('',(#3750),#3754);
#3750 = CIRCLE('',#3751,1.7);
#3751 = AXIS2_PLACEMENT_2D('',#3752,#3753);
#3752 = CARTESIAN_POINT('',(12.,-4.));
#3753 = DIRECTION('',(1.,0.));
#3754 = ( GEOMETRIC_REPRESENTATION_CONTEXT(2) 
PARAMETRIC_REPRESENTATION_CONTEXT() REPRESENTATION_CONTEXT('2D SPACE',''
  ) );
#3755 = PCURVE('',#3756,#3761);
#3756 = CYLINDRICAL_SURFACE('',#3757,1.7);
#3757 = AXIS2_PLACEMENT_3D('',#3758,#3759,#3760);
#3758 = CARTESIAN_POINT('',(-18.,128.,11.));
#3759 = DIRECTION('',(0.,0.,1.));
#3760 = DIRECTION('',(1.,0.,-0.));
#3761 = DEFINITIONAL_REPRESENTATION('',(#3762),#3766);
#3762 = LINE('',#3763,#3764);
#3763 = CARTESIAN_POINT('',(0.,1.));
#3764 = VECTOR('',#3765,1.);
#3765 = DIRECTION('',(1.,0.));
#3766 = ( GEOMETRIC_REPRESENTATION_CONTEXT(2) 
PARAMETRIC_REPRESENTATION_CONTEXT() REPRESENTATION_CONTEXT('2D SPACE',''
  ) );
#3767 = FACE_BOUND('',#3768,.F.);
#3768 = EDGE_LOOP('',(#3769));
#3769 = ORIENTED_EDGE('',*,*,#3770,.F.);
#3770 = EDGE_CURVE('',#3771,#3771,#3773,.T.);
#3771 = VERTEX_POINT('',#3772);
#3772 = CARTESIAN_POINT('',(19.7,102.,12.));
#3773 = SURFACE_CURVE('',#3774,(#3779,#3786),.PCURVE_S1.);
#3774 = CIRCLE('',#3775,1.7);
#3775 = AXIS2_PLACEMENT_3D('',#3776,#3777,#3778);
#3776 = CARTESIAN_POINT('',(18.,102.,12.));
#3777 = DIRECTION('',(0.,0.,1.));
#3778 = DIRECTION('',(1.,0.,-0.));
#3779 = PCURVE('',#1268,#3780);
#3780 = DEFINITIONAL_REPRESENTATION('',(#3781),#3785);
#3781 = CIRCLE('',#3782,1.7);
#3782 = AXIS2_PLACEMENT_2D('',#3783,#3784);
#3783 = CARTESIAN_POINT('',(48.,-30.));
#3784 = DIRECTION('',(1.,0.));
#3785 = ( GEOMETRIC_REPRESENTATION_CONTEXT(2) 
PARAMETRIC_REPRESENTATION_CONTEXT() REPRESENTATION_CONTEXT('2D SPACE',''
  ) );
#3786 = PCURVE('',#3787,#3792);
#3787 = CYLINDRICAL_SURFACE('',#3788,1.7);
#3788 = AXIS2_PLACEMENT_3D('',#3789,#3790,#3791);
#3789 = CARTESIAN_POINT('',(18.,102.,11.));
#3790 = DIRECTION('',(0.,0.,1.));
#3791 = DIRECTION('',(1.,0.,-0.));
#3792 = DEFINITIONAL_REPRESENTATION('',(#3793),#3797);
#3793 = LINE('',#3794,#3795);
#3794 = CARTESIAN_POINT('',(0.,1.));
#3795 = VECTOR('',#3796,1.);
#3796 = DIRECTION('',(1.,0.));
#3797 = ( GEOMETRIC_REPRESENTATION_CONTEXT(2) 
PARAMETRIC_REPRESENTATION_CONTEXT() REPRESENTATION_CONTEXT('2D SPACE',''
  ) );
#3798 = FACE_BOUND('',#3799,.F.);
#3799 = EDGE_LOOP('',(#3800));
#3800 = ORIENTED_EDGE('',*,*,#3801,.F.);
#3801 = EDGE_CURVE('',#3802,#3802,#3804,.T.);
#3802 = VERTEX_POINT('',#3803);
#3803 = CARTESIAN_POINT('',(19.7,128.,12.));
#3804 = SURFACE_CURVE('',#3805,(#3810,#3817),.PCURVE_S1.);
#3805 = CIRCLE('',#3806,1.7);
#3806 = AXIS2_PLACEMENT_3D('',#3807,#3808,#3809);
#3807 = CARTESIAN_POINT('',(18.,128.,12.));
#3808 = DIRECTION('',(0.,0.,1.));
#3809 = DIRECTION('',(1.,0.,-0.));
#3810 = PCURVE('',#1268,#3811);
#3811 = DEFINITIONAL_REPRESENTATION('',(#3812),#3816);
#3812 = CIRCLE('',#3813,1.7);
#3813 = AXIS2_PLACEMENT_2D('',#3814,#3815);
#3814 = CARTESIAN_POINT('',(48.,-4.));
#3815 = DIRECTION('',(1.,0.));
#3816 = ( GEOMETRIC_REPRESENTATION_CONTEXT(2) 
PARAMETRIC_REPRESENTATION_CONTEXT() REPRESENTATION_CONTEXT('2D SPACE',''
  ) );
#3817 = PCURVE('',#3818,#3823);
#3818 = CYLINDRICAL_SURFACE('',#3819,1.7);
#3819 = AXIS2_PLACEMENT_3D('',#3820,#3821,#3822);
#3820 = CARTESIAN_POINT('',(18.,128.,11.));
#3821 = DIRECTION('',(0.,0.,1.));
#3822 = DIRECTION('',(1.,0.,-0.));
#3823 = DEFINITIONAL_REPRESENTATION('',(#3824),#3828);
#3824 = LINE('',#3825,#3826);
#3825 = CARTESIAN_POINT('',(0.,1.));
#3826 = VECTOR('',#3827,1.);
#3827 = DIRECTION('',(1.,0.));
#3828 = ( GEOMETRIC_REPRESENTATION_CONTEXT(2) 
PARAMETRIC_REPRESENTATION_CONTEXT() REPRESENTATION_CONTEXT('2D SPACE',''
  ) );
#3829 = ADVANCED_FACE('',(#3830),#1297,.F.);
#3830 = FACE_BOUND('',#3831,.F.);
#3831 = EDGE_LOOP('',(#3832,#3833,#3855,#3856));
#3832 = ORIENTED_EDGE('',*,*,#2671,.T.);
#3833 = ORIENTED_EDGE('',*,*,#3834,.T.);
#3834 = EDGE_CURVE('',#2644,#2509,#3835,.T.);
#3835 = SURFACE_CURVE('',#3836,(#3841,#3848),.PCURVE_S1.);
#3836 = CIRCLE('',#3837,16.4);
#3837 = AXIS2_PLACEMENT_3D('',#3838,#3839,#3840);
#3838 = CARTESIAN_POINT('',(0.,136.,22.));
#3839 = DIRECTION('',(0.,1.,1.110223024625E-16));
#3840 = DIRECTION('',(1.,0.,-0.));
#3841 = PCURVE('',#1297,#3842);
#3842 = DEFINITIONAL_REPRESENTATION('',(#3843),#3847);
#3843 = CIRCLE('',#3844,16.4);
#3844 = AXIS2_PLACEMENT_2D('',#3845,#3846);
#3845 = CARTESIAN_POINT('',(23.,30.));
#3846 = DIRECTION('',(0.,1.));
#3847 = ( GEOMETRIC_REPRESENTATION_CONTEXT(2) 
PARAMETRIC_REPRESENTATION_CONTEXT() REPRESENTATION_CONTEXT('2D SPACE',''
  ) );
#3848 = PCURVE('',#1916,#3849);
#3849 = DEFINITIONAL_REPRESENTATION('',(#3850),#3854);
#3850 = LINE('',#3851,#3852);
#3851 = CARTESIAN_POINT('',(0.,66.));
#3852 = VECTOR('',#3853,1.);
#3853 = DIRECTION('',(1.,0.));
#3854 = ( GEOMETRIC_REPRESENTATION_CONTEXT(2) 
PARAMETRIC_REPRESENTATION_CONTEXT() REPRESENTATION_CONTEXT('2D SPACE',''
  ) );
#3855 = ORIENTED_EDGE('',*,*,#2508,.T.);
#3856 = ORIENTED_EDGE('',*,*,#1280,.F.);
#3857 = ADVANCED_FACE('',(#3858),#1241,.F.);
#3858 = FACE_BOUND('',#3859,.F.);
#3859 = EDGE_LOOP('',(#3860,#3861,#3862,#3885));
#3860 = ORIENTED_EDGE('',*,*,#2693,.T.);
#3861 = ORIENTED_EDGE('',*,*,#1224,.F.);
#3862 = ORIENTED_EDGE('',*,*,#3863,.T.);
#3863 = EDGE_CURVE('',#1204,#3864,#3866,.T.);
#3864 = VERTEX_POINT('',#3865);
#3865 = CARTESIAN_POINT('',(14.,132.,17.5));
#3866 = SURFACE_CURVE('',#3867,(#3871,#3878),.PCURVE_S1.);
#3867 = LINE('',#3868,#3869);
#3868 = CARTESIAN_POINT('',(-14.,132.,17.5));
#3869 = VECTOR('',#3870,1.);
#3870 = DIRECTION('',(1.,0.,-0.));
#3871 = PCURVE('',#1241,#3872);
#3872 = DEFINITIONAL_REPRESENTATION('',(#3873),#3877);
#3873 = LINE('',#3874,#3875);
#3874 = CARTESIAN_POINT('',(7.,0.));
#3875 = VECTOR('',#3876,1.);
#3876 = DIRECTION('',(0.,1.));
#3877 = ( GEOMETRIC_REPRESENTATION_CONTEXT(2) 
PARAMETRIC_REPRESENTATION_CONTEXT() REPRESENTATION_CONTEXT('2D SPACE',''
  ) );
#3878 = PCURVE('',#787,#3879);
#3879 = DEFINITIONAL_REPRESENTATION('',(#3880),#3884);
#3880 = LINE('',#3881,#3882);
#3881 = CARTESIAN_POINT('',(0.,60.));
#3882 = VECTOR('',#3883,1.);
#3883 = DIRECTION('',(1.,0.));
#3884 = ( GEOMETRIC_REPRESENTATION_CONTEXT(2) 
PARAMETRIC_REPRESENTATION_CONTEXT() REPRESENTATION_CONTEXT('2D SPACE',''
  ) );
#3885 = ORIENTED_EDGE('',*,*,#3886,.F.);
#3886 = EDGE_CURVE('',#2694,#3864,#3887,.T.);
#3887 = SURFACE_CURVE('',#3888,(#3892,#3899),.PCURVE_S1.);
#3888 = LINE('',#3889,#3890);
#3889 = CARTESIAN_POINT('',(14.,132.,10.5));
#3890 = VECTOR('',#3891,1.);
#3891 = DIRECTION('',(0.,0.,1.));
#3892 = PCURVE('',#1241,#3893);
#3893 = DEFINITIONAL_REPRESENTATION('',(#3894),#3898);
#3894 = LINE('',#3895,#3896);
#3895 = CARTESIAN_POINT('',(0.,28.));
#3896 = VECTOR('',#3897,1.);
#3897 = DIRECTION('',(1.,0.));
#3898 = ( GEOMETRIC_REPRESENTATION_CONTEXT(2) 
PARAMETRIC_REPRESENTATION_CONTEXT() REPRESENTATION_CONTEXT('2D SPACE',''
  ) );
#3899 = PCURVE('',#2732,#3900);
#3900 = DEFINITIONAL_REPRESENTATION('',(#3901),#3905);
#3901 = LINE('',#3902,#3903);
#3902 = CARTESIAN_POINT('',(0.,-60.));
#3903 = VECTOR('',#3904,1.);
#3904 = DIRECTION('',(1.,0.));
#3905 = ( GEOMETRIC_REPRESENTATION_CONTEXT(2) 
PARAMETRIC_REPRESENTATION_CONTEXT() REPRESENTATION_CONTEXT('2D SPACE',''
  ) );
#3906 = ADVANCED_FACE('',(#3907),#787,.F.);
#3907 = FACE_BOUND('',#3908,.F.);
#3908 = EDGE_LOOP('',(#3909,#3932,#3955,#3976,#3977,#3978,#4193,#4222,
    #4300,#4301));
#3909 = ORIENTED_EDGE('',*,*,#3910,.F.);
#3910 = EDGE_CURVE('',#3911,#3913,#3915,.T.);
#3911 = VERTEX_POINT('',#3912);
#3912 = CARTESIAN_POINT('',(7.966963034934,72.,17.5));
#3913 = VERTEX_POINT('',#3914);
#3914 = CARTESIAN_POINT('',(7.966963034934,76.,17.5));
#3915 = SURFACE_CURVE('',#3916,(#3920,#3926),.PCURVE_S1.);
#3916 = LINE('',#3917,#3918);
#3917 = CARTESIAN_POINT('',(7.966963034934,69.,17.5));
#3918 = VECTOR('',#3919,1.);
#3919 = DIRECTION('',(0.,1.,1.110223024625E-16));
#3920 = PCURVE('',#787,#3921);
#3921 = DEFINITIONAL_REPRESENTATION('',(#3922),#3925);
#3922 = B_SPLINE_CURVE_WITH_KNOTS('',1,(#3923,#3924),.UNSPECIFIED.,.F.,
  .F.,(2,2),(-5.999999928008E-07,20.0000006),.PIECEWISE_BEZIER_KNOTS.);
#3923 = CARTESIAN_POINT('',(21.966963034934,-3.0000006));
#3924 = CARTESIAN_POINT('',(21.966963034934,17.0000006));
#3925 = ( GEOMETRIC_REPRESENTATION_CONTEXT(2) 
PARAMETRIC_REPRESENTATION_CONTEXT() REPRESENTATION_CONTEXT('2D SPACE',''
  ) );
#3926 = PCURVE('',#2028,#3927);
#3927 = DEFINITIONAL_REPRESENTATION('',(#3928),#3931);
#3928 = B_SPLINE_CURVE_WITH_KNOTS('',1,(#3929,#3930),.UNSPECIFIED.,.F.,
  .F.,(2,2),(-5.999999928008E-07,20.0000006),.PIECEWISE_BEZIER_KNOTS.);
#3929 = CARTESIAN_POINT('',(0.514159597131,-5.999999933004E-07));
#3930 = CARTESIAN_POINT('',(0.514159597131,20.0000006));
#3931 = ( GEOMETRIC_REPRESENTATION_CONTEXT(2) 
PARAMETRIC_REPRESENTATION_CONTEXT() REPRESENTATION_CONTEXT('2D SPACE',''
  ) );
#3932 = ORIENTED_EDGE('',*,*,#3933,.T.);
#3933 = EDGE_CURVE('',#3911,#3934,#3936,.T.);
#3934 = VERTEX_POINT('',#3935);
#3935 = CARTESIAN_POINT('',(14.,72.,17.5));
#3936 = SURFACE_CURVE('',#3937,(#3941,#3948),.PCURVE_S1.);
#3937 = LINE('',#3938,#3939);
#3938 = CARTESIAN_POINT('',(-14.,72.,17.5));
#3939 = VECTOR('',#3940,1.);
#3940 = DIRECTION('',(1.,0.,-0.));
#3941 = PCURVE('',#787,#3942);
#3942 = DEFINITIONAL_REPRESENTATION('',(#3943),#3947);
#3943 = LINE('',#3944,#3945);
#3944 = CARTESIAN_POINT('',(0.,0.));
#3945 = VECTOR('',#3946,1.);
#3946 = DIRECTION('',(1.,0.));
#3947 = ( GEOMETRIC_REPRESENTATION_CONTEXT(2) 
PARAMETRIC_REPRESENTATION_CONTEXT() REPRESENTATION_CONTEXT('2D SPACE',''
  ) );
#3948 = PCURVE('',#3039,#3949);
#3949 = DEFINITIONAL_REPRESENTATION('',(#3950),#3954);
#3950 = LINE('',#3951,#3952);
#3951 = CARTESIAN_POINT('',(7.,0.));
#3952 = VECTOR('',#3953,1.);
#3953 = DIRECTION('',(0.,1.));
#3954 = ( GEOMETRIC_REPRESENTATION_CONTEXT(2) 
PARAMETRIC_REPRESENTATION_CONTEXT() REPRESENTATION_CONTEXT('2D SPACE',''
  ) );
#3955 = ORIENTED_EDGE('',*,*,#3956,.T.);
#3956 = EDGE_CURVE('',#3934,#3864,#3957,.T.);
#3957 = SURFACE_CURVE('',#3958,(#3962,#3969),.PCURVE_S1.);
#3958 = LINE('',#3959,#3960);
#3959 = CARTESIAN_POINT('',(14.,72.,17.5));
#3960 = VECTOR('',#3961,1.);
#3961 = DIRECTION('',(-0.,1.,0.));
#3962 = PCURVE('',#787,#3963);
#3963 = DEFINITIONAL_REPRESENTATION('',(#3964),#3968);
#3964 = LINE('',#3965,#3966);
#3965 = CARTESIAN_POINT('',(28.,0.));
#3966 = VECTOR('',#3967,1.);
#3967 = DIRECTION('',(0.,1.));
#3968 = ( GEOMETRIC_REPRESENTATION_CONTEXT(2) 
PARAMETRIC_REPRESENTATION_CONTEXT() REPRESENTATION_CONTEXT('2D SPACE',''
  ) );
#3969 = PCURVE('',#2732,#3970);
#3970 = DEFINITIONAL_REPRESENTATION('',(#3971),#3975);
#3971 = LINE('',#3972,#3973);
#3972 = CARTESIAN_POINT('',(7.,0.));
#3973 = VECTOR('',#3974,1.);
#3974 = DIRECTION('',(0.,-1.));
#3975 = ( GEOMETRIC_REPRESENTATION_CONTEXT(2) 
PARAMETRIC_REPRESENTATION_CONTEXT() REPRESENTATION_CONTEXT('2D SPACE',''
  ) );
#3976 = ORIENTED_EDGE('',*,*,#3863,.F.);
#3977 = ORIENTED_EDGE('',*,*,#1203,.F.);
#3978 = ORIENTED_EDGE('',*,*,#3979,.T.);
#3979 = EDGE_CURVE('',#1009,#3980,#3982,.T.);
#3980 = VERTEX_POINT('',#3981);
#3981 = CARTESIAN_POINT('',(13.976190996884,125.6847321882,17.5));
#3982 = SURFACE_CURVE('',#3983,(#4051,#4122),.PCURVE_S1.);
#3983 = B_SPLINE_CURVE_WITH_KNOTS('',6,(#3984,#3985,#3986,#3987,#3988,
    #3989,#3990,#3991,#3992,#3993,#3994,#3995,#3996,#3997,#3998,#3999,
    #4000,#4001,#4002,#4003,#4004,#4005,#4006,#4007,#4008,#4009,#4010,
    #4011,#4012,#4013,#4014,#4015,#4016,#4017,#4018,#4019,#4020,#4021,
    #4022,#4023,#4024,#4025,#4026,#4027,#4028,#4029,#4030,#4031,#4032,
    #4033,#4034,#4035,#4036,#4037,#4038,#4039,#4040,#4041,#4042,#4043,
    #4044,#4045,#4046,#4047,#4048,#4049,#4050),.UNSPECIFIED.,.F.,.F.,(7,
    5,5,5,5,5,5,5,5,5,5,5,5,7),(0.,8.200045327009E-02,9.800054430736E-02
    ,0.191001042678,0.237001303388,0.314001731977,0.345001909178,
    0.362002006344,0.385002137647,0.44700248685,0.528002932087,
    0.783999936325,0.980999891374,1.),.UNSPECIFIED.);
#3984 = CARTESIAN_POINT('',(8.842366094101,130.81855709098,17.5));
#3985 = CARTESIAN_POINT('',(8.952576717142,130.81855709098,17.5));
#3986 = CARTESIAN_POINT('',(9.062787415722,130.81571794327,17.5));
#3987 = CARTESIAN_POINT('',(9.172906601401,130.81003965535,17.5));
#3988 = CARTESIAN_POINT('',(9.282842938602,130.80152615189,17.5));
#3989 = CARTESIAN_POINT('',(9.392505344604,130.79018527475,17.5));
#3990 = CARTESIAN_POINT('',(9.523129362747,130.7732665402,17.5));
#3991 = CARTESIAN_POINT('',(9.544441851429,130.77039709944,17.5));
#3992 = CARTESIAN_POINT('',(9.565739781998,130.76742054792,17.5));
#3993 = CARTESIAN_POINT('',(9.587022481667,130.76433697851,17.5));
#3994 = CARTESIAN_POINT('',(9.608289278446,130.76114648972,17.5));
#3995 = CARTESIAN_POINT('',(9.753056379736,130.73868361239,17.5));
#3996 = CARTESIAN_POINT('',(9.876013440898,130.71590924504,17.5));
#3997 = CARTESIAN_POINT('',(9.998278585813,130.68954658992,17.5));
#3998 = CARTESIAN_POINT('',(10.119721177783,130.65962248417,17.5));
#3999 = CARTESIAN_POINT('',(10.240212042239,130.62617009582,17.5));
#4000 = CARTESIAN_POINT('',(10.418687200326,130.57095694055,17.5));
#4001 = CARTESIAN_POINT('',(10.477486883468,130.55183140662,17.5));
#4002 = CARTESIAN_POINT('',(10.536007088845,130.53185709472,17.5));
#4003 = CARTESIAN_POINT('',(10.594232517374,130.51103914462,17.5));
#4004 = CARTESIAN_POINT('',(10.652147998215,130.48938306311,17.5));
#4005 = CARTESIAN_POINT('',(10.806139952303,130.42925120367,17.5));
#4006 = CARTESIAN_POINT('',(10.901630859882,130.38927568489,17.5));
#4007 = CARTESIAN_POINT('',(10.996140587136,130.34699574907,17.5));
#4008 = CARTESIAN_POINT('',(11.089599789991,130.30244174901,17.5));
#4009 = CARTESIAN_POINT('',(11.181940404661,130.25564680893,17.5));
#4010 = CARTESIAN_POINT('',(11.309794517225,130.18691955504,17.5));
#4011 = CARTESIAN_POINT('',(11.346301264669,130.16683487735,17.5));
#4012 = CARTESIAN_POINT('',(11.382611537912,130.14639513085,17.5));
#4013 = CARTESIAN_POINT('',(11.41872102455,130.12560272467,17.5));
#4014 = CARTESIAN_POINT('',(11.454625451854,130.10446013762,17.5));
#4015 = CARTESIAN_POINT('',(11.509895338159,130.07118495919,17.5));
#4016 = CARTESIAN_POINT('',(11.529407149561,130.05929545713,17.5));
#4017 = CARTESIAN_POINT('',(11.548855322999,130.04730183225,17.5));
#4018 = CARTESIAN_POINT('',(11.568239164328,130.03520451093,17.5));
#4019 = CARTESIAN_POINT('',(11.58755798322,130.02300392571,17.5));
#4020 = CARTESIAN_POINT('',(11.632859418229,129.99405472479,17.5));
#4021 = CARTESIAN_POINT('',(11.658787466525,129.97722071783,17.5));
#4022 = CARTESIAN_POINT('',(11.684593537838,129.9601995809,17.5));
#4023 = CARTESIAN_POINT('',(11.710275945394,129.94299242072,17.5));
#4024 = CARTESIAN_POINT('',(11.73583301587,129.92560036428,17.5));
#4025 = CARTESIAN_POINT('',(11.829813717126,129.86064630409,17.5));
#4026 = CARTESIAN_POINT('',(11.897441532348,129.81193281807,17.5));
#4027 = CARTESIAN_POINT('',(11.964113993099,129.76190659285,17.5));
#4028 = CARTESIAN_POINT('',(12.029799337463,129.71059113935,17.5));
#4029 = CARTESIAN_POINT('',(12.094466583567,129.65801098729,17.5));
#4030 = CARTESIAN_POINT('',(12.241200592947,129.5338793806,17.5));
#4031 = CARTESIAN_POINT('',(12.322526479151,129.46145200811,17.5));
#4032 = CARTESIAN_POINT('',(12.401995797144,129.38696658352,17.5));
#4033 = CARTESIAN_POINT('',(12.479543747009,129.3104828176,17.5));
#4034 = CARTESIAN_POINT('',(12.555108119959,129.23206311605,17.5));
#4035 = CARTESIAN_POINT('',(12.860988532392,128.89801919875,17.5));
#4036 = CARTESIAN_POINT('',(13.072954756887,128.62556262462,17.5));
#4037 = CARTESIAN_POINT('',(13.262612127034,128.33648568119,17.5));
#4038 = CARTESIAN_POINT('',(13.428389711771,128.03308299471,17.5));
#4039 = CARTESIAN_POINT('',(13.569002423369,127.71782067435,17.5));
#4040 = CARTESIAN_POINT('',(13.771635951939,127.14369122169,17.5));
#4041 = CARTESIAN_POINT('',(13.844306630077,126.88855379646,17.5));
#4042 = CARTESIAN_POINT('',(13.901101188429,126.62916431645,17.5));
#4043 = CARTESIAN_POINT('',(13.941722882413,126.36675546946,17.5));
#4044 = CARTESIAN_POINT('',(13.966003723168,126.10258398228,17.5));
#4045 = CARTESIAN_POINT('',(13.974666764912,125.81240387777,17.5));
#4046 = CARTESIAN_POINT('',(13.975276434994,125.78687408894,17.5));
#4047 = CARTESIAN_POINT('',(13.975733710238,125.7613408884,17.5));
#4048 = CARTESIAN_POINT('',(13.976038567987,125.73580541323,17.5));
#4049 = CARTESIAN_POINT('',(13.976190996884,125.71026880069,17.5));
#4050 = CARTESIAN_POINT('',(13.976190996884,125.6847321882,17.5));
#4051 = PCURVE('',#787,#4052);
#4052 = DEFINITIONAL_REPRESENTATION('',(#4053),#4121);
#4053 = B_SPLINE_CURVE_WITH_KNOTS('',6,(#4054,#4055,#4056,#4057,#4058,
    #4059,#4060,#4061,#4062,#4063,#4064,#4065,#4066,#4067,#4068,#4069,
    #4070,#4071,#4072,#4073,#4074,#4075,#4076,#4077,#4078,#4079,#4080,
    #4081,#4082,#4083,#4084,#4085,#4086,#4087,#4088,#4089,#4090,#4091,
    #4092,#4093,#4094,#4095,#4096,#4097,#4098,#4099,#4100,#4101,#4102,
    #4103,#4104,#4105,#4106,#4107,#4108,#4109,#4110,#4111,#4112,#4113,
    #4114,#4115,#4116,#4117,#4118,#4119,#4120),.UNSPECIFIED.,.F.,.F.,(7,
    5,5,5,5,5,5,5,5,5,5,5,5,7),(0.,8.200045327009E-02,9.800054430736E-02
    ,0.191001042678,0.237001303388,0.314001731977,0.345001909178,
    0.362002006344,0.385002137647,0.44700248685,0.528002932087,
    0.783999936325,0.980999891374,1.),.UNSPECIFIED.);
#4054 = CARTESIAN_POINT('',(22.842366094101,58.818557090985));
#4055 = CARTESIAN_POINT('',(22.952576717142,58.818557090985));
#4056 = CARTESIAN_POINT('',(23.062787415722,58.815717943274));
#4057 = CARTESIAN_POINT('',(23.172906601401,58.810039655353));
#4058 = CARTESIAN_POINT('',(23.282842938602,58.801526151899));
#4059 = CARTESIAN_POINT('',(23.392505344604,58.790185274759));
#4060 = CARTESIAN_POINT('',(23.523129362747,58.773266540201));
#4061 = CARTESIAN_POINT('',(23.544441851429,58.770397099443));
#4062 = CARTESIAN_POINT('',(23.565739781998,58.76742054792));
#4063 = CARTESIAN_POINT('',(23.587022481667,58.764336978511));
#4064 = CARTESIAN_POINT('',(23.608289278446,58.761146489722));
#4065 = CARTESIAN_POINT('',(23.753056379736,58.738683612397));
#4066 = CARTESIAN_POINT('',(23.876013440898,58.715909245046));
#4067 = CARTESIAN_POINT('',(23.998278585813,58.689546589922));
#4068 = CARTESIAN_POINT('',(24.119721177783,58.659622484175));
#4069 = CARTESIAN_POINT('',(24.240212042239,58.626170095828));
#4070 = CARTESIAN_POINT('',(24.418687200326,58.570956940559));
#4071 = CARTESIAN_POINT('',(24.477486883468,58.551831406627));
#4072 = CARTESIAN_POINT('',(24.536007088845,58.531857094728));
#4073 = CARTESIAN_POINT('',(24.594232517374,58.511039144628));
#4074 = CARTESIAN_POINT('',(24.652147998215,58.489383063118));
#4075 = CARTESIAN_POINT('',(24.806139952303,58.429251203672));
#4076 = CARTESIAN_POINT('',(24.901630859882,58.389275684899));
#4077 = CARTESIAN_POINT('',(24.996140587136,58.346995749077));
#4078 = CARTESIAN_POINT('',(25.089599789991,58.302441749013));
#4079 = CARTESIAN_POINT('',(25.181940404661,58.255646808931));
#4080 = CARTESIAN_POINT('',(25.309794517225,58.186919555048));
#4081 = CARTESIAN_POINT('',(25.346301264669,58.166834877354));
#4082 = CARTESIAN_POINT('',(25.382611537912,58.14639513085));
#4083 = CARTESIAN_POINT('',(25.41872102455,58.12560272467));
#4084 = CARTESIAN_POINT('',(25.454625451854,58.104460137628));
#4085 = CARTESIAN_POINT('',(25.509895338159,58.071184959192));
#4086 = CARTESIAN_POINT('',(25.529407149561,58.059295457134));
#4087 = CARTESIAN_POINT('',(25.548855322999,58.047301832258));
#4088 = CARTESIAN_POINT('',(25.568239164328,58.035204510938));
#4089 = CARTESIAN_POINT('',(25.58755798322,58.02300392571));
#4090 = CARTESIAN_POINT('',(25.632859418229,57.994054724798));
#4091 = CARTESIAN_POINT('',(25.658787466525,57.977220717839));
#4092 = CARTESIAN_POINT('',(25.684593537838,57.960199580903));
#4093 = CARTESIAN_POINT('',(25.710275945394,57.942992420729));
#4094 = CARTESIAN_POINT('',(25.73583301587,57.925600364288));
#4095 = CARTESIAN_POINT('',(25.829813717126,57.860646304098));
#4096 = CARTESIAN_POINT('',(25.897441532348,57.811932818073));
#4097 = CARTESIAN_POINT('',(25.964113993099,57.76190659285));
#4098 = CARTESIAN_POINT('',(26.029799337463,57.710591139355));
#4099 = CARTESIAN_POINT('',(26.094466583567,57.658010987293));
#4100 = CARTESIAN_POINT('',(26.241200592947,57.533879380601));
#4101 = CARTESIAN_POINT('',(26.322526479151,57.461452008116));
#4102 = CARTESIAN_POINT('',(26.401995797144,57.386966583528));
#4103 = CARTESIAN_POINT('',(26.479543747009,57.310482817606));
#4104 = CARTESIAN_POINT('',(26.555108119959,57.232063116055));
#4105 = CARTESIAN_POINT('',(26.860988532392,56.898019198758));
#4106 = CARTESIAN_POINT('',(27.072954756887,56.625562624624));
#4107 = CARTESIAN_POINT('',(27.262612127034,56.336485681199));
#4108 = CARTESIAN_POINT('',(27.428389711771,56.033082994714));
#4109 = CARTESIAN_POINT('',(27.569002423369,55.717820674354));
#4110 = CARTESIAN_POINT('',(27.771635951939,55.143691221692));
#4111 = CARTESIAN_POINT('',(27.844306630077,54.888553796464));
#4112 = CARTESIAN_POINT('',(27.901101188429,54.62916431645));
#4113 = CARTESIAN_POINT('',(27.941722882413,54.366755469469));
#4114 = CARTESIAN_POINT('',(27.966003723168,54.102583982287));
#4115 = CARTESIAN_POINT('',(27.974666764912,53.812403877774));
#4116 = CARTESIAN_POINT('',(27.975276434994,53.786874088949));
#4117 = CARTESIAN_POINT('',(27.975733710238,53.761340888408));
#4118 = CARTESIAN_POINT('',(27.976038567987,53.735805413237));
#4119 = CARTESIAN_POINT('',(27.976190996884,53.710268800693));
#4120 = CARTESIAN_POINT('',(27.976190996884,53.684732188202));
#4121 = ( GEOMETRIC_REPRESENTATION_CONTEXT(2) 
PARAMETRIC_REPRESENTATION_CONTEXT() REPRESENTATION_CONTEXT('2D SPACE',''
  ) );
#4122 = PCURVE('',#1120,#4123);
#4123 = DEFINITIONAL_REPRESENTATION('',(#4124),#4192);
#4124 = B_SPLINE_CURVE_WITH_KNOTS('',6,(#4125,#4126,#4127,#4128,#4129,
    #4130,#4131,#4132,#4133,#4134,#4135,#4136,#4137,#4138,#4139,#4140,
    #4141,#4142,#4143,#4144,#4145,#4146,#4147,#4148,#4149,#4150,#4151,
    #4152,#4153,#4154,#4155,#4156,#4157,#4158,#4159,#4160,#4161,#4162,
    #4163,#4164,#4165,#4166,#4167,#4168,#4169,#4170,#4171,#4172,#4173,
    #4174,#4175,#4176,#4177,#4178,#4179,#4180,#4181,#4182,#4183,#4184,
    #4185,#4186,#4187,#4188,#4189,#4190,#4191),.UNSPECIFIED.,.F.,.F.,(7,
    5,5,5,5,5,5,5,5,5,5,5,5,7),(0.,8.200045327009E-02,9.800054430736E-02
    ,0.191001042678,0.237001303388,0.314001731977,0.345001909178,
    0.362002006344,0.385002137647,0.44700248685,0.528002932087,
    0.783999936325,0.980999891374,1.),.UNSPECIFIED.);
#4125 = CARTESIAN_POINT('',(6.,0.547738430869));
#4126 = CARTESIAN_POINT('',(5.986333335655,0.547738430869));
#4127 = CARTESIAN_POINT('',(5.972666668676,0.547738430869));
#4128 = CARTESIAN_POINT('',(5.959000000233,0.547738430869));
#4129 = CARTESIAN_POINT('',(5.945333331642,0.547738430869));
#4130 = CARTESIAN_POINT('',(5.931666664363,0.547738430869));
#4131 = CARTESIAN_POINT('',(5.91533333335,0.547738430869));
#4132 = CARTESIAN_POINT('',(5.912666666693,0.547738430869));
#4133 = CARTESIAN_POINT('',(5.910000000029,0.547738430869));
#4134 = CARTESIAN_POINT('',(5.907333333358,0.547738430869));
#4135 = CARTESIAN_POINT('',(5.904666666681,0.547738430869));
#4136 = CARTESIAN_POINT('',(5.886500005044,0.547738430869));
#4137 = CARTESIAN_POINT('',(5.871000004077,0.547738430869));
#4138 = CARTESIAN_POINT('',(5.855500000104,0.547738430869));
#4139 = CARTESIAN_POINT('',(5.839999996118,0.547738430869));
#4140 = CARTESIAN_POINT('',(5.824499995095,0.547738430869));
#4141 = CARTESIAN_POINT('',(5.801333333392,0.547738430869));
#4142 = CARTESIAN_POINT('',(5.793666666642,0.547738430869));
#4143 = CARTESIAN_POINT('',(5.78599999984,0.547738430869));
#4144 = CARTESIAN_POINT('',(5.778333333076,0.547738430869));
#4145 = CARTESIAN_POINT('',(5.770666666434,0.547738430869));
#4146 = CARTESIAN_POINT('',(5.750166668358,0.547738430869));
#4147 = CARTESIAN_POINT('',(5.737333334562,0.547738430869));
#4148 = CARTESIAN_POINT('',(5.724499999724,0.547738430869));
#4149 = CARTESIAN_POINT('',(5.711666664953,0.547738430869));
#4150 = CARTESIAN_POINT('',(5.698833331347,0.547738430869));
#4151 = CARTESIAN_POINT('',(5.680833333358,0.547738430869));
#4152 = CARTESIAN_POINT('',(5.675666666692,0.547738430869));
#4153 = CARTESIAN_POINT('',(5.670500000013,0.547738430869));
#4154 = CARTESIAN_POINT('',(5.665333333332,0.547738430869));
#4155 = CARTESIAN_POINT('',(5.660166666657,0.547738430869));
#4156 = CARTESIAN_POINT('',(5.652166666673,0.547738430869));
#4157 = CARTESIAN_POINT('',(5.649333333343,0.547738430869));
#4158 = CARTESIAN_POINT('',(5.646500000011,0.547738430869));
#4159 = CARTESIAN_POINT('',(5.643666666676,0.547738430869));
#4160 = CARTESIAN_POINT('',(5.640833333339,0.547738430869));
#4161 = CARTESIAN_POINT('',(5.634166666685,0.547738430869));
#4162 = CARTESIAN_POINT('',(5.63033333336,0.547738430869));
#4163 = CARTESIAN_POINT('',(5.626500000027,0.547738430869));
#4164 = CARTESIAN_POINT('',(5.622666666688,0.547738430869));
#4165 = CARTESIAN_POINT('',(5.618833333344,0.547738430869));
#4166 = CARTESIAN_POINT('',(5.604666667427,0.547738430869));
#4167 = CARTESIAN_POINT('',(5.594333334042,0.547738430869));
#4168 = CARTESIAN_POINT('',(5.584000000223,0.547738430869));
#4169 = CARTESIAN_POINT('',(5.573666666352,0.547738430869));
#4170 = CARTESIAN_POINT('',(5.563333332814,0.547738430869));
#4171 = CARTESIAN_POINT('',(5.539500002509,0.547738430869));
#4172 = CARTESIAN_POINT('',(5.526000002042,0.547738430869));
#4173 = CARTESIAN_POINT('',(5.512500000078,0.547738430869));
#4174 = CARTESIAN_POINT('',(5.498999998095,0.547738430869));
#4175 = CARTESIAN_POINT('',(5.485499997574,0.547738430869));
#4176 = CARTESIAN_POINT('',(5.429334074818,0.547738430869));
#4177 = CARTESIAN_POINT('',(5.386665475089,0.547738430869));
#4178 = CARTESIAN_POINT('',(5.343999998503,0.547738430869));
#4179 = CARTESIAN_POINT('',(5.301334523262,0.547738430869));
#4180 = CARTESIAN_POINT('',(5.25866592473,0.547738430869));
#4181 = CARTESIAN_POINT('',(5.183166860881,0.547738430869));
#4182 = CARTESIAN_POINT('',(5.150333020001,0.547738430869));
#4183 = CARTESIAN_POINT('',(5.117499997838,0.547738430869));
#4184 = CARTESIAN_POINT('',(5.084666976576,0.547738430869));
#4185 = CARTESIAN_POINT('',(5.051833137769,0.547738430869));
#4186 = CARTESIAN_POINT('',(5.015833333368,0.547738430869));
#4187 = CARTESIAN_POINT('',(5.012666666726,0.547738430869));
#4188 = CARTESIAN_POINT('',(5.009500000072,0.547738430869));
#4189 = CARTESIAN_POINT('',(5.006333333402,0.547738430869));
#4190 = CARTESIAN_POINT('',(5.003166666713,0.547738430869));
#4191 = CARTESIAN_POINT('',(5.,0.547738430869));
#4192 = ( GEOMETRIC_REPRESENTATION_CONTEXT(2) 
PARAMETRIC_REPRESENTATION_CONTEXT() REPRESENTATION_CONTEXT('2D SPACE',''
  ) );
#4193 = ORIENTED_EDGE('',*,*,#4194,.T.);
#4194 = EDGE_CURVE('',#3980,#4195,#4197,.T.);
#4195 = VERTEX_POINT('',#4196);
#4196 = CARTESIAN_POINT('',(13.976190996884,83.555830269631,17.5));
#4197 = SURFACE_CURVE('',#4198,(#4204,#4213),.PCURVE_S1.);
#4198 = B_SPLINE_CURVE_WITH_KNOTS('',4,(#4199,#4200,#4201,#4202,#4203),
  .UNSPECIFIED.,.F.,.F.,(5,5),(0.,1.),.PIECEWISE_BEZIER_KNOTS.);
#4199 = CARTESIAN_POINT('',(13.976190996884,125.6847321882,17.5));
#4200 = CARTESIAN_POINT('',(13.976190996884,115.15250670855,17.5));
#4201 = CARTESIAN_POINT('',(13.976190996884,104.62028122891,17.5));
#4202 = CARTESIAN_POINT('',(13.976190996884,94.088055749273,17.5));
#4203 = CARTESIAN_POINT('',(13.976190996884,83.555830269631,17.5));
#4204 = PCURVE('',#787,#4205);
#4205 = DEFINITIONAL_REPRESENTATION('',(#4206),#4212);
#4206 = B_SPLINE_CURVE_WITH_KNOTS('',4,(#4207,#4208,#4209,#4210,#4211),
  .UNSPECIFIED.,.F.,.F.,(5,5),(0.,1.),.PIECEWISE_BEZIER_KNOTS.);
#4207 = CARTESIAN_POINT('',(27.976190996884,53.684732188202));
#4208 = CARTESIAN_POINT('',(27.976190996884,43.152506708559));
#4209 = CARTESIAN_POINT('',(27.976190996884,32.620281228916));
#4210 = CARTESIAN_POINT('',(27.976190996884,22.088055749273));
#4211 = CARTESIAN_POINT('',(27.976190996884,11.555830269631));
#4212 = ( GEOMETRIC_REPRESENTATION_CONTEXT(2) 
PARAMETRIC_REPRESENTATION_CONTEXT() REPRESENTATION_CONTEXT('2D SPACE',''
  ) );
#4213 = PCURVE('',#971,#4214);
#4214 = DEFINITIONAL_REPRESENTATION('',(#4215),#4221);
#4215 = B_SPLINE_CURVE_WITH_KNOTS('',4,(#4216,#4217,#4218,#4219,#4220),
  .UNSPECIFIED.,.F.,.F.,(5,5),(0.,1.),.PIECEWISE_BEZIER_KNOTS.);
#4216 = CARTESIAN_POINT('',(5.,0.547738430869));
#4217 = CARTESIAN_POINT('',(4.75,0.547738430869));
#4218 = CARTESIAN_POINT('',(4.5,0.547738430869));
#4219 = CARTESIAN_POINT('',(4.25,0.547738430869));
#4220 = CARTESIAN_POINT('',(4.,0.547738430869));
#4221 = ( GEOMETRIC_REPRESENTATION_CONTEXT(2) 
PARAMETRIC_REPRESENTATION_CONTEXT() REPRESENTATION_CONTEXT('2D SPACE',''
  ) );
#4222 = ORIENTED_EDGE('',*,*,#4223,.T.);
#4223 = EDGE_CURVE('',#4195,#773,#4224,.T.);
#4224 = SURFACE_CURVE('',#4225,(#4248,#4274),.PCURVE_S1.);
#4225 = B_SPLINE_CURVE_WITH_KNOTS('',6,(#4226,#4227,#4228,#4229,#4230,
    #4231,#4232,#4233,#4234,#4235,#4236,#4237,#4238,#4239,#4240,#4241,
    #4242,#4243,#4244,#4245,#4246,#4247),.UNSPECIFIED.,.F.,.F.,(7,5,5,5,
    7),(0.,0.250999936855,0.499999999391,0.749999999892,1.),
  .UNSPECIFIED.);
#4226 = CARTESIAN_POINT('',(13.976190996884,83.555830269631,17.5));
#4227 = CARTESIAN_POINT('',(13.976190996884,83.21848362023,17.5));
#4228 = CARTESIAN_POINT('',(13.94959025071,82.881117217202,17.5));
#4229 = CARTESIAN_POINT('',(13.896383189975,82.546396651114,17.5));
#4230 = CARTESIAN_POINT('',(13.816930480131,82.216918100487,17.5));
#4231 = CARTESIAN_POINT('',(13.711896353655,81.895217127469,17.5));
#4232 = CARTESIAN_POINT('',(13.453756082259,81.274769759078,17.5));
#4233 = CARTESIAN_POINT('',(13.301024874751,80.975825433839,17.5));
#4234 = CARTESIAN_POINT('',(13.125110766079,80.689323809891,17.5));
#4235 = CARTESIAN_POINT('',(12.927309927067,80.417471310201,17.5));
#4236 = CARTESIAN_POINT('',(12.709168005055,80.162307376765,17.5));
#4237 = CARTESIAN_POINT('',(12.234938686688,79.688078058398,17.5));
#4238 = CARTESIAN_POINT('',(11.978675210491,79.469134538318,17.5));
#4239 = CARTESIAN_POINT('',(11.705596329604,79.270703390635,17.5));
#4240 = CARTESIAN_POINT('',(11.417767088951,79.094347714653,17.5));
#4241 = CARTESIAN_POINT('',(11.117421866162,78.941377189249,17.5));
#4242 = CARTESIAN_POINT('',(10.496569776043,78.684211831851,17.5));
#4243 = CARTESIAN_POINT('',(10.176027143189,78.580002186611,17.5));
#4244 = CARTESIAN_POINT('',(9.847798846525,78.501178473594,17.5));
#4245 = CARTESIAN_POINT('',(9.514390906612,78.448394590006,17.5));
#4246 = CARTESIAN_POINT('',(9.178368817683,78.422005366847,17.5));
#4247 = CARTESIAN_POINT('',(8.842366094101,78.422005366847,17.5));
#4248 = PCURVE('',#787,#4249);
#4249 = DEFINITIONAL_REPRESENTATION('',(#4250),#4273);
#4250 = B_SPLINE_CURVE_WITH_KNOTS('',6,(#4251,#4252,#4253,#4254,#4255,
    #4256,#4257,#4258,#4259,#4260,#4261,#4262,#4263,#4264,#4265,#4266,
    #4267,#4268,#4269,#4270,#4271,#4272),.UNSPECIFIED.,.F.,.F.,(7,5,5,5,
    7),(0.,0.250999936855,0.499999999391,0.749999999892,1.),
  .UNSPECIFIED.);
#4251 = CARTESIAN_POINT('',(27.976190996884,11.555830269631));
#4252 = CARTESIAN_POINT('',(27.976190996884,11.21848362023));
#4253 = CARTESIAN_POINT('',(27.94959025071,10.881117217202));
#4254 = CARTESIAN_POINT('',(27.896383189975,10.546396651114));
#4255 = CARTESIAN_POINT('',(27.816930480131,10.216918100487));
#4256 = CARTESIAN_POINT('',(27.711896353655,9.895217127469));
#4257 = CARTESIAN_POINT('',(27.453756082259,9.274769759078));
#4258 = CARTESIAN_POINT('',(27.301024874751,8.975825433839));
#4259 = CARTESIAN_POINT('',(27.125110766079,8.689323809891));
#4260 = CARTESIAN_POINT('',(26.927309927067,8.417471310201));
#4261 = CARTESIAN_POINT('',(26.709168005055,8.162307376765));
#4262 = CARTESIAN_POINT('',(26.234938686688,7.688078058398));
#4263 = CARTESIAN_POINT('',(25.978675210491,7.469134538318));
#4264 = CARTESIAN_POINT('',(25.705596329604,7.270703390635));
#4265 = CARTESIAN_POINT('',(25.417767088951,7.094347714653));
#4266 = CARTESIAN_POINT('',(25.117421866162,6.941377189249));
#4267 = CARTESIAN_POINT('',(24.496569776043,6.684211831851));
#4268 = CARTESIAN_POINT('',(24.176027143189,6.580002186611));
#4269 = CARTESIAN_POINT('',(23.847798846525,6.501178473594));
#4270 = CARTESIAN_POINT('',(23.514390906612,6.448394590006));
#4271 = CARTESIAN_POINT('',(23.178368817683,6.422005366847));
#4272 = CARTESIAN_POINT('',(22.842366094101,6.422005366847));
#4273 = ( GEOMETRIC_REPRESENTATION_CONTEXT(2) 
PARAMETRIC_REPRESENTATION_CONTEXT() REPRESENTATION_CONTEXT('2D SPACE',''
  ) );
#4274 = PCURVE('',#882,#4275);
#4275 = DEFINITIONAL_REPRESENTATION('',(#4276),#4299);
#4276 = B_SPLINE_CURVE_WITH_KNOTS('',6,(#4277,#4278,#4279,#4280,#4281,
    #4282,#4283,#4284,#4285,#4286,#4287,#4288,#4289,#4290,#4291,#4292,
    #4293,#4294,#4295,#4296,#4297,#4298),.UNSPECIFIED.,.F.,.F.,(7,5,5,5,
    7),(0.,0.250999936855,0.499999999391,0.749999999892,1.),
  .UNSPECIFIED.);
#4277 = CARTESIAN_POINT('',(4.,0.547738430869));
#4278 = CARTESIAN_POINT('',(3.958167340878,0.547738430869));
#4279 = CARTESIAN_POINT('',(3.91633225946,0.547738430869));
#4280 = CARTESIAN_POINT('',(3.874500000793,0.547738430869));
#4281 = CARTESIAN_POINT('',(3.832667745484,0.547738430869));
#4282 = CARTESIAN_POINT('',(3.790832659585,0.547738430869));
#4283 = CARTESIAN_POINT('',(3.707500647518,0.547738430869));
#4284 = CARTESIAN_POINT('',(3.66599896428,0.547738430869));
#4285 = CARTESIAN_POINT('',(3.624500002593,0.547738430869));
#4286 = CARTESIAN_POINT('',(3.58300103924,0.547738430869));
#4287 = CARTESIAN_POINT('',(3.541499353795,0.547738430869));
#4288 = CARTESIAN_POINT('',(3.458333992514,0.547738430869));
#4289 = CARTESIAN_POINT('',(3.416665606614,0.547738430869));
#4290 = CARTESIAN_POINT('',(3.374999997403,0.547738430869));
#4291 = CARTESIAN_POINT('',(3.333334389877,0.547738430869));
#4292 = CARTESIAN_POINT('',(3.291666006187,0.547738430869));
#4293 = CARTESIAN_POINT('',(3.208333993879,0.547738430869));
#4294 = CARTESIAN_POINT('',(3.166665608948,0.547738430869));
#4295 = CARTESIAN_POINT('',(3.124999999156,0.547738430869));
#4296 = CARTESIAN_POINT('',(3.083334386101,0.547738430869));
#4297 = CARTESIAN_POINT('',(3.041666005649,0.547738430869));
#4298 = CARTESIAN_POINT('',(3.,0.547738430869));
#4299 = ( GEOMETRIC_REPRESENTATION_CONTEXT(2) 
PARAMETRIC_REPRESENTATION_CONTEXT() REPRESENTATION_CONTEXT('2D SPACE',''
  ) );
#4300 = ORIENTED_EDGE('',*,*,#772,.F.);
#4301 = ORIENTED_EDGE('',*,*,#4302,.F.);
#4302 = EDGE_CURVE('',#3913,#749,#4303,.T.);
#4303 = SURFACE_CURVE('',#4304,(#4308,#4314),.PCURVE_S1.);
#4304 = LINE('',#4305,#4306);
#4305 = CARTESIAN_POINT('',(-7.,76.,17.5));
#4306 = VECTOR('',#4307,1.);
#4307 = DIRECTION('',(1.,0.,0.));
#4308 = PCURVE('',#787,#4309);
#4309 = DEFINITIONAL_REPRESENTATION('',(#4310),#4313);
#4310 = B_SPLINE_CURVE_WITH_KNOTS('',1,(#4311,#4312),.UNSPECIFIED.,.F.,
  .F.,(2,2),(-7.,21.),.PIECEWISE_BEZIER_KNOTS.);
#4311 = CARTESIAN_POINT('',(0.,4.));
#4312 = CARTESIAN_POINT('',(28.,4.));
#4313 = ( GEOMETRIC_REPRESENTATION_CONTEXT(2) 
PARAMETRIC_REPRESENTATION_CONTEXT() REPRESENTATION_CONTEXT('2D SPACE',''
  ) );
#4314 = PCURVE('',#413,#4315);
#4315 = DEFINITIONAL_REPRESENTATION('',(#4316),#4319);
#4316 = B_SPLINE_CURVE_WITH_KNOTS('',1,(#4317,#4318),.UNSPECIFIED.,.F.,
  .F.,(2,2),(-7.,21.),.PIECEWISE_BEZIER_KNOTS.);
#4317 = CARTESIAN_POINT('',(-14.,4.5));
#4318 = CARTESIAN_POINT('',(14.,4.5));
#4319 = ( GEOMETRIC_REPRESENTATION_CONTEXT(2) 
PARAMETRIC_REPRESENTATION_CONTEXT() REPRESENTATION_CONTEXT('2D SPACE',''
  ) );
#4320 = ADVANCED_FACE('',(#4321),#1120,.F.);
#4321 = FACE_BOUND('',#4322,.F.);
#4322 = EDGE_LOOP('',(#4323,#4344,#4345));
#4323 = ORIENTED_EDGE('',*,*,#4324,.F.);
#4324 = EDGE_CURVE('',#3980,#952,#4325,.T.);
#4325 = SURFACE_CURVE('',#4326,(#4330,#4337),.PCURVE_S1.);
#4326 = B_SPLINE_CURVE_WITH_KNOTS('',2,(#4327,#4328,#4329),
  .UNSPECIFIED.,.F.,.F.,(3,3),(0.,1.),.PIECEWISE_BEZIER_KNOTS.);
#4327 = CARTESIAN_POINT('',(14.,128.,11.2));
#4328 = CARTESIAN_POINT('',(14.2547213795,127.56574926111,
    16.891479146052));
#4329 = CARTESIAN_POINT('',(13.5,121.,22.8));
#4330 = PCURVE('',#1120,#4331);
#4331 = DEFINITIONAL_REPRESENTATION('',(#4332),#4336);
#4332 = LINE('',#4333,#4334);
#4333 = CARTESIAN_POINT('',(5.,0.));
#4334 = VECTOR('',#4335,1.);
#4335 = DIRECTION('',(0.,1.));
#4336 = ( GEOMETRIC_REPRESENTATION_CONTEXT(2) 
PARAMETRIC_REPRESENTATION_CONTEXT() REPRESENTATION_CONTEXT('2D SPACE',''
  ) );
#4337 = PCURVE('',#971,#4338);
#4338 = DEFINITIONAL_REPRESENTATION('',(#4339),#4343);
#4339 = LINE('',#4340,#4341);
#4340 = CARTESIAN_POINT('',(5.,0.));
#4341 = VECTOR('',#4342,1.);
#4342 = DIRECTION('',(0.,1.));
#4343 = ( GEOMETRIC_REPRESENTATION_CONTEXT(2) 
PARAMETRIC_REPRESENTATION_CONTEXT() REPRESENTATION_CONTEXT('2D SPACE',''
  ) );
#4344 = ORIENTED_EDGE('',*,*,#3979,.F.);
#4345 = ORIENTED_EDGE('',*,*,#1008,.T.);
#4346 = ADVANCED_FACE('',(#4347),#971,.F.);
#4347 = FACE_BOUND('',#4348,.F.);
#4348 = EDGE_LOOP('',(#4349,#4370,#4371,#4372));
#4349 = ORIENTED_EDGE('',*,*,#4350,.F.);
#4350 = EDGE_CURVE('',#4195,#799,#4351,.T.);
#4351 = SURFACE_CURVE('',#4352,(#4356,#4363),.PCURVE_S1.);
#4352 = B_SPLINE_CURVE_WITH_KNOTS('',2,(#4353,#4354,#4355),
  .UNSPECIFIED.,.F.,.F.,(3,3),(0.,1.),.PIECEWISE_BEZIER_KNOTS.);
#4353 = CARTESIAN_POINT('',(14.,76.,11.2));
#4354 = CARTESIAN_POINT('',(14.2547213795,83.37846931458,16.891479146052
    ));
#4355 = CARTESIAN_POINT('',(13.5,89.,22.8));
#4356 = PCURVE('',#971,#4357);
#4357 = DEFINITIONAL_REPRESENTATION('',(#4358),#4362);
#4358 = LINE('',#4359,#4360);
#4359 = CARTESIAN_POINT('',(4.,0.));
#4360 = VECTOR('',#4361,1.);
#4361 = DIRECTION('',(0.,1.));
#4362 = ( GEOMETRIC_REPRESENTATION_CONTEXT(2) 
PARAMETRIC_REPRESENTATION_CONTEXT() REPRESENTATION_CONTEXT('2D SPACE',''
  ) );
#4363 = PCURVE('',#882,#4364);
#4364 = DEFINITIONAL_REPRESENTATION('',(#4365),#4369);
#4365 = LINE('',#4366,#4367);
#4366 = CARTESIAN_POINT('',(4.,0.));
#4367 = VECTOR('',#4368,1.);
#4368 = DIRECTION('',(0.,1.));
#4369 = ( GEOMETRIC_REPRESENTATION_CONTEXT(2) 
PARAMETRIC_REPRESENTATION_CONTEXT() REPRESENTATION_CONTEXT('2D SPACE',''
  ) );
#4370 = ORIENTED_EDGE('',*,*,#4194,.F.);
#4371 = ORIENTED_EDGE('',*,*,#4324,.T.);
#4372 = ORIENTED_EDGE('',*,*,#951,.T.);
#4373 = ADVANCED_FACE('',(#4374),#882,.F.);
#4374 = FACE_BOUND('',#4375,.F.);
#4375 = EDGE_LOOP('',(#4376,#4377,#4378));
#4376 = ORIENTED_EDGE('',*,*,#798,.T.);
#4377 = ORIENTED_EDGE('',*,*,#4223,.F.);
#4378 = ORIENTED_EDGE('',*,*,#4350,.T.);
#4379 = ADVANCED_FACE('',(#4380),#413,.T.);
#4380 = FACE_BOUND('',#4381,.T.);
#4381 = EDGE_LOOP('',(#4382,#4383,#4384,#4408,#4430,#4431,#4455,#4477,
    #4478,#4500,#4501,#4502,#4526));
#4382 = ORIENTED_EDGE('',*,*,#2039,.F.);
#4383 = ORIENTED_EDGE('',*,*,#396,.T.);
#4384 = ORIENTED_EDGE('',*,*,#4385,.F.);
#4385 = EDGE_CURVE('',#4386,#397,#4388,.T.);
#4386 = VERTEX_POINT('',#4387);
#4387 = CARTESIAN_POINT('',(-11.65,76.,22.));
#4388 = SURFACE_CURVE('',#4389,(#4394,#4401),.PCURVE_S1.);
#4389 = CIRCLE('',#4390,1.35);
#4390 = AXIS2_PLACEMENT_3D('',#4391,#4392,#4393);
#4391 = CARTESIAN_POINT('',(-13.,76.,22.));
#4392 = DIRECTION('',(0.,1.,1.110223024625E-16));
#4393 = DIRECTION('',(1.,0.,-0.));
#4394 = PCURVE('',#413,#4395);
#4395 = DEFINITIONAL_REPRESENTATION('',(#4396),#4400);
#4396 = CIRCLE('',#4397,1.35);
#4397 = AXIS2_PLACEMENT_2D('',#4398,#4399);
#4398 = CARTESIAN_POINT('',(-13.,0.));
#4399 = DIRECTION('',(1.,0.));
#4400 = ( GEOMETRIC_REPRESENTATION_CONTEXT(2) 
PARAMETRIC_REPRESENTATION_CONTEXT() REPRESENTATION_CONTEXT('2D SPACE',''
  ) );
#4401 = PCURVE('',#440,#4402);
#4402 = DEFINITIONAL_REPRESENTATION('',(#4403),#4407);
#4403 = LINE('',#4404,#4405);
#4404 = CARTESIAN_POINT('',(0.,7.));
#4405 = VECTOR('',#4406,1.);
#4406 = DIRECTION('',(1.,0.));
#4407 = ( GEOMETRIC_REPRESENTATION_CONTEXT(2) 
PARAMETRIC_REPRESENTATION_CONTEXT() REPRESENTATION_CONTEXT('2D SPACE',''
  ) );
#4408 = ORIENTED_EDGE('',*,*,#4409,.F.);
#4409 = EDGE_CURVE('',#481,#4386,#4410,.T.);
#4410 = SURFACE_CURVE('',#4411,(#4416,#4423),.PCURVE_S1.);
#4411 = CIRCLE('',#4412,1.35);
#4412 = AXIS2_PLACEMENT_3D('',#4413,#4414,#4415);
#4413 = CARTESIAN_POINT('',(-13.,76.,22.));
#4414 = DIRECTION('',(0.,1.,1.110223024625E-16));
#4415 = DIRECTION('',(1.,0.,-0.));
#4416 = PCURVE('',#413,#4417);
#4417 = DEFINITIONAL_REPRESENTATION('',(#4418),#4422);
#4418 = CIRCLE('',#4419,1.35);
#4419 = AXIS2_PLACEMENT_2D('',#4420,#4421);
#4420 = CARTESIAN_POINT('',(-13.,0.));
#4421 = DIRECTION('',(1.,0.));
#4422 = ( GEOMETRIC_REPRESENTATION_CONTEXT(2) 
PARAMETRIC_REPRESENTATION_CONTEXT() REPRESENTATION_CONTEXT('2D SPACE',''
  ) );
#4423 = PCURVE('',#440,#4424);
#4424 = DEFINITIONAL_REPRESENTATION('',(#4425),#4429);
#4425 = LINE('',#4426,#4427);
#4426 = CARTESIAN_POINT('',(0.,7.));
#4427 = VECTOR('',#4428,1.);
#4428 = DIRECTION('',(1.,0.));
#4429 = ( GEOMETRIC_REPRESENTATION_CONTEXT(2) 
PARAMETRIC_REPRESENTATION_CONTEXT() REPRESENTATION_CONTEXT('2D SPACE',''
  ) );
#4430 = ORIENTED_EDGE('',*,*,#501,.T.);
#4431 = ORIENTED_EDGE('',*,*,#4432,.F.);
#4432 = EDGE_CURVE('',#4433,#502,#4435,.T.);
#4433 = VERTEX_POINT('',#4434);
#4434 = CARTESIAN_POINT('',(1.35,76.,35.));
#4435 = SURFACE_CURVE('',#4436,(#4441,#4448),.PCURVE_S1.);
#4436 = CIRCLE('',#4437,1.35);
#4437 = AXIS2_PLACEMENT_3D('',#4438,#4439,#4440);
#4438 = CARTESIAN_POINT('',(7.960204194458E-16,76.,35.));
#4439 = DIRECTION('',(0.,1.,1.110223024625E-16));
#4440 = DIRECTION('',(1.,0.,-0.));
#4441 = PCURVE('',#413,#4442);
#4442 = DEFINITIONAL_REPRESENTATION('',(#4443),#4447);
#4443 = CIRCLE('',#4444,1.35);
#4444 = AXIS2_PLACEMENT_2D('',#4445,#4446);
#4445 = CARTESIAN_POINT('',(7.960204194458E-16,-13.));
#4446 = DIRECTION('',(1.,0.));
#4447 = ( GEOMETRIC_REPRESENTATION_CONTEXT(2) 
PARAMETRIC_REPRESENTATION_CONTEXT() REPRESENTATION_CONTEXT('2D SPACE',''
  ) );
#4448 = PCURVE('',#540,#4449);
#4449 = DEFINITIONAL_REPRESENTATION('',(#4450),#4454);
#4450 = LINE('',#4451,#4452);
#4451 = CARTESIAN_POINT('',(0.,7.));
#4452 = VECTOR('',#4453,1.);
#4453 = DIRECTION('',(1.,0.));
#4454 = ( GEOMETRIC_REPRESENTATION_CONTEXT(2) 
PARAMETRIC_REPRESENTATION_CONTEXT() REPRESENTATION_CONTEXT('2D SPACE',''
  ) );
#4455 = ORIENTED_EDGE('',*,*,#4456,.F.);
#4456 = EDGE_CURVE('',#581,#4433,#4457,.T.);
#4457 = SURFACE_CURVE('',#4458,(#4463,#4470),.PCURVE_S1.);
#4458 = CIRCLE('',#4459,1.35);
#4459 = AXIS2_PLACEMENT_3D('',#4460,#4461,#4462);
#4460 = CARTESIAN_POINT('',(7.960204194458E-16,76.,35.));
#4461 = DIRECTION('',(0.,1.,1.110223024625E-16));
#4462 = DIRECTION('',(1.,0.,-0.));
#4463 = PCURVE('',#413,#4464);
#4464 = DEFINITIONAL_REPRESENTATION('',(#4465),#4469);
#4465 = CIRCLE('',#4466,1.35);
#4466 = AXIS2_PLACEMENT_2D('',#4467,#4468);
#4467 = CARTESIAN_POINT('',(7.960204194458E-16,-13.));
#4468 = DIRECTION('',(1.,0.));
#4469 = ( GEOMETRIC_REPRESENTATION_CONTEXT(2) 
PARAMETRIC_REPRESENTATION_CONTEXT() REPRESENTATION_CONTEXT('2D SPACE',''
  ) );
#4470 = PCURVE('',#540,#4471);
#4471 = DEFINITIONAL_REPRESENTATION('',(#4472),#4476);
#4472 = LINE('',#4473,#4474);
#4473 = CARTESIAN_POINT('',(0.,7.));
#4474 = VECTOR('',#4475,1.);
#4475 = DIRECTION('',(1.,0.));
#4476 = ( GEOMETRIC_REPRESENTATION_CONTEXT(2) 
PARAMETRIC_REPRESENTATION_CONTEXT() REPRESENTATION_CONTEXT('2D SPACE',''
  ) );
#4477 = ORIENTED_EDGE('',*,*,#601,.T.);
#4478 = ORIENTED_EDGE('',*,*,#4479,.F.);
#4479 = EDGE_CURVE('',#728,#602,#4480,.T.);
#4480 = SURFACE_CURVE('',#4481,(#4486,#4493),.PCURVE_S1.);
#4481 = CIRCLE('',#4482,1.35);
#4482 = AXIS2_PLACEMENT_3D('',#4483,#4484,#4485);
#4483 = CARTESIAN_POINT('',(13.,76.,22.));
#4484 = DIRECTION('',(0.,1.,1.110223024625E-16));
#4485 = DIRECTION('',(1.,0.,-0.));
#4486 = PCURVE('',#413,#4487);
#4487 = DEFINITIONAL_REPRESENTATION('',(#4488),#4492);
#4488 = CIRCLE('',#4489,1.35);
#4489 = AXIS2_PLACEMENT_2D('',#4490,#4491);
#4490 = CARTESIAN_POINT('',(13.,0.));
#4491 = DIRECTION('',(1.,0.));
#4492 = ( GEOMETRIC_REPRESENTATION_CONTEXT(2) 
PARAMETRIC_REPRESENTATION_CONTEXT() REPRESENTATION_CONTEXT('2D SPACE',''
  ) );
#4493 = PCURVE('',#640,#4494);
#4494 = DEFINITIONAL_REPRESENTATION('',(#4495),#4499);
#4495 = LINE('',#4496,#4497);
#4496 = CARTESIAN_POINT('',(0.,7.));
#4497 = VECTOR('',#4498,1.);
#4498 = DIRECTION('',(1.,0.));
#4499 = ( GEOMETRIC_REPRESENTATION_CONTEXT(2) 
PARAMETRIC_REPRESENTATION_CONTEXT() REPRESENTATION_CONTEXT('2D SPACE',''
  ) );
#4500 = ORIENTED_EDGE('',*,*,#748,.T.);
#4501 = ORIENTED_EDGE('',*,*,#4302,.F.);
#4502 = ORIENTED_EDGE('',*,*,#4503,.F.);
#4503 = EDGE_CURVE('',#4504,#3913,#4506,.T.);
#4504 = VERTEX_POINT('',#4505);
#4505 = CARTESIAN_POINT('',(9.15,76.,22.));
#4506 = SURFACE_CURVE('',#4507,(#4512,#4519),.PCURVE_S1.);
#4507 = CIRCLE('',#4508,9.15);
#4508 = AXIS2_PLACEMENT_3D('',#4509,#4510,#4511);
#4509 = CARTESIAN_POINT('',(0.,76.,22.));
#4510 = DIRECTION('',(0.,1.,1.110223024625E-16));
#4511 = DIRECTION('',(1.,0.,-0.));
#4512 = PCURVE('',#413,#4513);
#4513 = DEFINITIONAL_REPRESENTATION('',(#4514),#4518);
#4514 = CIRCLE('',#4515,9.15);
#4515 = AXIS2_PLACEMENT_2D('',#4516,#4517);
#4516 = CARTESIAN_POINT('',(0.,0.));
#4517 = DIRECTION('',(1.,0.));
#4518 = ( GEOMETRIC_REPRESENTATION_CONTEXT(2) 
PARAMETRIC_REPRESENTATION_CONTEXT() REPRESENTATION_CONTEXT('2D SPACE',''
  ) );
#4519 = PCURVE('',#2028,#4520);
#4520 = DEFINITIONAL_REPRESENTATION('',(#4521),#4525);
#4521 = LINE('',#4522,#4523);
#4522 = CARTESIAN_POINT('',(0.,7.));
#4523 = VECTOR('',#4524,1.);
#4524 = DIRECTION('',(1.,0.));
#4525 = ( GEOMETRIC_REPRESENTATION_CONTEXT(2) 
PARAMETRIC_REPRESENTATION_CONTEXT() REPRESENTATION_CONTEXT('2D SPACE',''
  ) );
#4526 = ORIENTED_EDGE('',*,*,#4527,.F.);
#4527 = EDGE_CURVE('',#2014,#4504,#4528,.T.);
#4528 = SURFACE_CURVE('',#4529,(#4534,#4541),.PCURVE_S1.);
#4529 = CIRCLE('',#4530,9.15);
#4530 = AXIS2_PLACEMENT_3D('',#4531,#4532,#4533);
#4531 = CARTESIAN_POINT('',(0.,76.,22.));
#4532 = DIRECTION('',(0.,1.,1.110223024625E-16));
#4533 = DIRECTION('',(1.,0.,-0.));
#4534 = PCURVE('',#413,#4535);
#4535 = DEFINITIONAL_REPRESENTATION('',(#4536),#4540);
#4536 = CIRCLE('',#4537,9.15);
#4537 = AXIS2_PLACEMENT_2D('',#4538,#4539);
#4538 = CARTESIAN_POINT('',(0.,0.));
#4539 = DIRECTION('',(1.,0.));
#4540 = ( GEOMETRIC_REPRESENTATION_CONTEXT(2) 
PARAMETRIC_REPRESENTATION_CONTEXT() REPRESENTATION_CONTEXT('2D SPACE',''
  ) );
#4541 = PCURVE('',#2028,#4542);
#4542 = DEFINITIONAL_REPRESENTATION('',(#4543),#4547);
#4543 = LINE('',#4544,#4545);
#4544 = CARTESIAN_POINT('',(0.,7.));
#4545 = VECTOR('',#4546,1.);
#4546 = DIRECTION('',(1.,0.));
#4547 = ( GEOMETRIC_REPRESENTATION_CONTEXT(2) 
PARAMETRIC_REPRESENTATION_CONTEXT() REPRESENTATION_CONTEXT('2D SPACE',''
  ) );
#4548 = ADVANCED_FACE('',(#4549),#640,.F.);
#4549 = FACE_BOUND('',#4550,.F.);
#4550 = EDGE_LOOP('',(#4551,#4576,#4598,#4599,#4600,#4601,#4623,#4624));
#4551 = ORIENTED_EDGE('',*,*,#4552,.T.);
#4552 = EDGE_CURVE('',#4553,#4555,#4557,.T.);
#4553 = VERTEX_POINT('',#4554);
#4554 = CARTESIAN_POINT('',(14.35,70.,22.));
#4555 = VERTEX_POINT('',#4556);
#4556 = CARTESIAN_POINT('',(14.35,77.,22.));
#4557 = SEAM_CURVE('',#4558,(#4562,#4569),.PCURVE_S1.);
#4558 = LINE('',#4559,#4560);
#4559 = CARTESIAN_POINT('',(14.35,69.,22.));
#4560 = VECTOR('',#4561,1.);
#4561 = DIRECTION('',(0.,1.,1.110223024625E-16));
#4562 = PCURVE('',#640,#4563);
#4563 = DEFINITIONAL_REPRESENTATION('',(#4564),#4568);
#4564 = LINE('',#4565,#4566);
#4565 = CARTESIAN_POINT('',(6.28318530718,-0.));
#4566 = VECTOR('',#4567,1.);
#4567 = DIRECTION('',(0.,1.));
#4568 = ( GEOMETRIC_REPRESENTATION_CONTEXT(2) 
PARAMETRIC_REPRESENTATION_CONTEXT() REPRESENTATION_CONTEXT('2D SPACE',''
  ) );
#4569 = PCURVE('',#640,#4570);
#4570 = DEFINITIONAL_REPRESENTATION('',(#4571),#4575);
#4571 = LINE('',#4572,#4573);
#4572 = CARTESIAN_POINT('',(0.,-0.));
#4573 = VECTOR('',#4574,1.);
#4574 = DIRECTION('',(0.,1.));
#4575 = ( GEOMETRIC_REPRESENTATION_CONTEXT(2) 
PARAMETRIC_REPRESENTATION_CONTEXT() REPRESENTATION_CONTEXT('2D SPACE',''
  ) );
#4576 = ORIENTED_EDGE('',*,*,#4577,.F.);
#4577 = EDGE_CURVE('',#626,#4555,#4578,.T.);
#4578 = SURFACE_CURVE('',#4579,(#4584,#4591),.PCURVE_S1.);
#4579 = CIRCLE('',#4580,1.35);
#4580 = AXIS2_PLACEMENT_3D('',#4581,#4582,#4583);
#4581 = CARTESIAN_POINT('',(13.,77.,22.));
#4582 = DIRECTION('',(-0.,1.,1.110223024625E-16));
#4583 = DIRECTION('',(1.,0.,0.));
#4584 = PCURVE('',#640,#4585);
#4585 = DEFINITIONAL_REPRESENTATION('',(#4586),#4590);
#4586 = LINE('',#4587,#4588);
#4587 = CARTESIAN_POINT('',(0.,8.));
#4588 = VECTOR('',#4589,1.);
#4589 = DIRECTION('',(1.,0.));
#4590 = ( GEOMETRIC_REPRESENTATION_CONTEXT(2) 
PARAMETRIC_REPRESENTATION_CONTEXT() REPRESENTATION_CONTEXT('2D SPACE',''
  ) );
#4591 = PCURVE('',#668,#4592);
#4592 = DEFINITIONAL_REPRESENTATION('',(#4593),#4597);
#4593 = CIRCLE('',#4594,1.35);
#4594 = AXIS2_PLACEMENT_2D('',#4595,#4596);
#4595 = CARTESIAN_POINT('',(0.,0.));
#4596 = DIRECTION('',(1.,0.));
#4597 = ( GEOMETRIC_REPRESENTATION_CONTEXT(2) 
PARAMETRIC_REPRESENTATION_CONTEXT() REPRESENTATION_CONTEXT('2D SPACE',''
  ) );
#4598 = ORIENTED_EDGE('',*,*,#625,.F.);
#4599 = ORIENTED_EDGE('',*,*,#4479,.F.);
#4600 = ORIENTED_EDGE('',*,*,#727,.T.);
#4601 = ORIENTED_EDGE('',*,*,#4602,.F.);
#4602 = EDGE_CURVE('',#4555,#704,#4603,.T.);
#4603 = SURFACE_CURVE('',#4604,(#4609,#4616),.PCURVE_S1.);
#4604 = CIRCLE('',#4605,1.35);
#4605 = AXIS2_PLACEMENT_3D('',#4606,#4607,#4608);
#4606 = CARTESIAN_POINT('',(13.,77.,22.));
#4607 = DIRECTION('',(-0.,1.,1.110223024625E-16));
#4608 = DIRECTION('',(1.,0.,0.));
#4609 = PCURVE('',#640,#4610);
#4610 = DEFINITIONAL_REPRESENTATION('',(#4611),#4615);
#4611 = LINE('',#4612,#4613);
#4612 = CARTESIAN_POINT('',(0.,8.));
#4613 = VECTOR('',#4614,1.);
#4614 = DIRECTION('',(1.,0.));
#4615 = ( GEOMETRIC_REPRESENTATION_CONTEXT(2) 
PARAMETRIC_REPRESENTATION_CONTEXT() REPRESENTATION_CONTEXT('2D SPACE',''
  ) );
#4616 = PCURVE('',#668,#4617);
#4617 = DEFINITIONAL_REPRESENTATION('',(#4618),#4622);
#4618 = CIRCLE('',#4619,1.35);
#4619 = AXIS2_PLACEMENT_2D('',#4620,#4621);
#4620 = CARTESIAN_POINT('',(0.,0.));
#4621 = DIRECTION('',(1.,0.));
#4622 = ( GEOMETRIC_REPRESENTATION_CONTEXT(2) 
PARAMETRIC_REPRESENTATION_CONTEXT() REPRESENTATION_CONTEXT('2D SPACE',''
  ) );
#4623 = ORIENTED_EDGE('',*,*,#4552,.F.);
#4624 = ORIENTED_EDGE('',*,*,#4625,.T.);
#4625 = EDGE_CURVE('',#4553,#4553,#4626,.T.);
#4626 = SURFACE_CURVE('',#4627,(#4632,#4639),.PCURVE_S1.);
#4627 = CIRCLE('',#4628,1.35);
#4628 = AXIS2_PLACEMENT_3D('',#4629,#4630,#4631);
#4629 = CARTESIAN_POINT('',(13.,70.,22.));
#4630 = DIRECTION('',(0.,1.,1.110223024625E-16));
#4631 = DIRECTION('',(1.,0.,-0.));
#4632 = PCURVE('',#640,#4633);
#4633 = DEFINITIONAL_REPRESENTATION('',(#4634),#4638);
#4634 = LINE('',#4635,#4636);
#4635 = CARTESIAN_POINT('',(0.,1.));
#4636 = VECTOR('',#4637,1.);
#4637 = DIRECTION('',(1.,0.));
#4638 = ( GEOMETRIC_REPRESENTATION_CONTEXT(2) 
PARAMETRIC_REPRESENTATION_CONTEXT() REPRESENTATION_CONTEXT('2D SPACE',''
  ) );
#4639 = PCURVE('',#2603,#4640);
#4640 = DEFINITIONAL_REPRESENTATION('',(#4641),#4645);
#4641 = CIRCLE('',#4642,1.35);
#4642 = AXIS2_PLACEMENT_2D('',#4643,#4644);
#4643 = CARTESIAN_POINT('',(13.,0.));
#4644 = DIRECTION('',(1.,0.));
#4645 = ( GEOMETRIC_REPRESENTATION_CONTEXT(2) 
PARAMETRIC_REPRESENTATION_CONTEXT() REPRESENTATION_CONTEXT('2D SPACE',''
  ) );
#4646 = ADVANCED_FACE('',(#4647),#668,.F.);
#4647 = FACE_BOUND('',#4648,.F.);
#4648 = EDGE_LOOP('',(#4649,#4650,#4651,#4652));
#4649 = ORIENTED_EDGE('',*,*,#4577,.T.);
#4650 = ORIENTED_EDGE('',*,*,#4602,.T.);
#4651 = ORIENTED_EDGE('',*,*,#703,.F.);
#4652 = ORIENTED_EDGE('',*,*,#651,.F.);
#4653 = ADVANCED_FACE('',(#4654),#540,.F.);
#4654 = FACE_BOUND('',#4655,.F.);
#4655 = EDGE_LOOP('',(#4656,#4678,#4679,#4680,#4703,#4725,#4726,#4727));
#4656 = ORIENTED_EDGE('',*,*,#4657,.F.);
#4657 = EDGE_CURVE('',#526,#552,#4658,.T.);
#4658 = SURFACE_CURVE('',#4659,(#4664,#4671),.PCURVE_S1.);
#4659 = CIRCLE('',#4660,1.35);
#4660 = AXIS2_PLACEMENT_3D('',#4661,#4662,#4663);
#4661 = CARTESIAN_POINT('',(7.960204194458E-16,77.,35.));
#4662 = DIRECTION('',(-0.,1.,1.110223024625E-16));
#4663 = DIRECTION('',(1.,0.,0.));
#4664 = PCURVE('',#540,#4665);
#4665 = DEFINITIONAL_REPRESENTATION('',(#4666),#4670);
#4666 = LINE('',#4667,#4668);
#4667 = CARTESIAN_POINT('',(0.,8.));
#4668 = VECTOR('',#4669,1.);
#4669 = DIRECTION('',(1.,0.));
#4670 = ( GEOMETRIC_REPRESENTATION_CONTEXT(2) 
PARAMETRIC_REPRESENTATION_CONTEXT() REPRESENTATION_CONTEXT('2D SPACE',''
  ) );
#4671 = PCURVE('',#568,#4672);
#4672 = DEFINITIONAL_REPRESENTATION('',(#4673),#4677);
#4673 = CIRCLE('',#4674,1.35);
#4674 = AXIS2_PLACEMENT_2D('',#4675,#4676);
#4675 = CARTESIAN_POINT('',(0.,0.));
#4676 = DIRECTION('',(1.,0.));
#4677 = ( GEOMETRIC_REPRESENTATION_CONTEXT(2) 
PARAMETRIC_REPRESENTATION_CONTEXT() REPRESENTATION_CONTEXT('2D SPACE',''
  ) );
#4678 = ORIENTED_EDGE('',*,*,#525,.F.);
#4679 = ORIENTED_EDGE('',*,*,#4432,.F.);
#4680 = ORIENTED_EDGE('',*,*,#4681,.F.);
#4681 = EDGE_CURVE('',#4682,#4433,#4684,.T.);
#4682 = VERTEX_POINT('',#4683);
#4683 = CARTESIAN_POINT('',(1.35,70.,35.));
#4684 = SEAM_CURVE('',#4685,(#4689,#4696),.PCURVE_S1.);
#4685 = LINE('',#4686,#4687);
#4686 = CARTESIAN_POINT('',(1.35,69.,35.));
#4687 = VECTOR('',#4688,1.);
#4688 = DIRECTION('',(0.,1.,1.110223024625E-16));
#4689 = PCURVE('',#540,#4690);
#4690 = DEFINITIONAL_REPRESENTATION('',(#4691),#4695);
#4691 = LINE('',#4692,#4693);
#4692 = CARTESIAN_POINT('',(6.28318530718,-0.));
#4693 = VECTOR('',#4694,1.);
#4694 = DIRECTION('',(0.,1.));
#4695 = ( GEOMETRIC_REPRESENTATION_CONTEXT(2) 
PARAMETRIC_REPRESENTATION_CONTEXT() REPRESENTATION_CONTEXT('2D SPACE',''
  ) );
#4696 = PCURVE('',#540,#4697);
#4697 = DEFINITIONAL_REPRESENTATION('',(#4698),#4702);
#4698 = LINE('',#4699,#4700);
#4699 = CARTESIAN_POINT('',(0.,-0.));
#4700 = VECTOR('',#4701,1.);
#4701 = DIRECTION('',(0.,1.));
#4702 = ( GEOMETRIC_REPRESENTATION_CONTEXT(2) 
PARAMETRIC_REPRESENTATION_CONTEXT() REPRESENTATION_CONTEXT('2D SPACE',''
  ) );
#4703 = ORIENTED_EDGE('',*,*,#4704,.T.);
#4704 = EDGE_CURVE('',#4682,#4682,#4705,.T.);
#4705 = SURFACE_CURVE('',#4706,(#4711,#4718),.PCURVE_S1.);
#4706 = CIRCLE('',#4707,1.35);
#4707 = AXIS2_PLACEMENT_3D('',#4708,#4709,#4710);
#4708 = CARTESIAN_POINT('',(7.960204194458E-16,70.,35.));
#4709 = DIRECTION('',(0.,1.,1.110223024625E-16));
#4710 = DIRECTION('',(1.,0.,-0.));
#4711 = PCURVE('',#540,#4712);
#4712 = DEFINITIONAL_REPRESENTATION('',(#4713),#4717);
#4713 = LINE('',#4714,#4715);
#4714 = CARTESIAN_POINT('',(0.,1.));
#4715 = VECTOR('',#4716,1.);
#4716 = DIRECTION('',(1.,0.));
#4717 = ( GEOMETRIC_REPRESENTATION_CONTEXT(2) 
PARAMETRIC_REPRESENTATION_CONTEXT() REPRESENTATION_CONTEXT('2D SPACE',''
  ) );
#4718 = PCURVE('',#2603,#4719);
#4719 = DEFINITIONAL_REPRESENTATION('',(#4720),#4724);
#4720 = CIRCLE('',#4721,1.35);
#4721 = AXIS2_PLACEMENT_2D('',#4722,#4723);
#4722 = CARTESIAN_POINT('',(7.960204194458E-16,-13.));
#4723 = DIRECTION('',(1.,0.));
#4724 = ( GEOMETRIC_REPRESENTATION_CONTEXT(2) 
PARAMETRIC_REPRESENTATION_CONTEXT() REPRESENTATION_CONTEXT('2D SPACE',''
  ) );
#4725 = ORIENTED_EDGE('',*,*,#4681,.T.);
#4726 = ORIENTED_EDGE('',*,*,#4456,.F.);
#4727 = ORIENTED_EDGE('',*,*,#580,.T.);
#4728 = ADVANCED_FACE('',(#4729),#568,.F.);
#4729 = FACE_BOUND('',#4730,.F.);
#4730 = EDGE_LOOP('',(#4731,#4732));
#4731 = ORIENTED_EDGE('',*,*,#551,.F.);
#4732 = ORIENTED_EDGE('',*,*,#4657,.T.);
#4733 = ADVANCED_FACE('',(#4734),#440,.F.);
#4734 = FACE_BOUND('',#4735,.F.);
#4735 = EDGE_LOOP('',(#4736,#4758,#4759,#4760,#4783,#4805,#4806,#4807));
#4736 = ORIENTED_EDGE('',*,*,#4737,.F.);
#4737 = EDGE_CURVE('',#426,#452,#4738,.T.);
#4738 = SURFACE_CURVE('',#4739,(#4744,#4751),.PCURVE_S1.);
#4739 = CIRCLE('',#4740,1.35);
#4740 = AXIS2_PLACEMENT_3D('',#4741,#4742,#4743);
#4741 = CARTESIAN_POINT('',(-13.,77.,22.));
#4742 = DIRECTION('',(-0.,1.,1.110223024625E-16));
#4743 = DIRECTION('',(1.,0.,0.));
#4744 = PCURVE('',#440,#4745);
#4745 = DEFINITIONAL_REPRESENTATION('',(#4746),#4750);
#4746 = LINE('',#4747,#4748);
#4747 = CARTESIAN_POINT('',(0.,8.));
#4748 = VECTOR('',#4749,1.);
#4749 = DIRECTION('',(1.,0.));
#4750 = ( GEOMETRIC_REPRESENTATION_CONTEXT(2) 
PARAMETRIC_REPRESENTATION_CONTEXT() REPRESENTATION_CONTEXT('2D SPACE',''
  ) );
#4751 = PCURVE('',#468,#4752);
#4752 = DEFINITIONAL_REPRESENTATION('',(#4753),#4757);
#4753 = CIRCLE('',#4754,1.35);
#4754 = AXIS2_PLACEMENT_2D('',#4755,#4756);
#4755 = CARTESIAN_POINT('',(0.,0.));
#4756 = DIRECTION('',(1.,0.));
#4757 = ( GEOMETRIC_REPRESENTATION_CONTEXT(2) 
PARAMETRIC_REPRESENTATION_CONTEXT() REPRESENTATION_CONTEXT('2D SPACE',''
  ) );
#4758 = ORIENTED_EDGE('',*,*,#425,.F.);
#4759 = ORIENTED_EDGE('',*,*,#4385,.F.);
#4760 = ORIENTED_EDGE('',*,*,#4761,.F.);
#4761 = EDGE_CURVE('',#4762,#4386,#4764,.T.);
#4762 = VERTEX_POINT('',#4763);
#4763 = CARTESIAN_POINT('',(-11.65,70.,22.));
#4764 = SEAM_CURVE('',#4765,(#4769,#4776),.PCURVE_S1.);
#4765 = LINE('',#4766,#4767);
#4766 = CARTESIAN_POINT('',(-11.65,69.,22.));
#4767 = VECTOR('',#4768,1.);
#4768 = DIRECTION('',(0.,1.,1.110223024625E-16));
#4769 = PCURVE('',#440,#4770);
#4770 = DEFINITIONAL_REPRESENTATION('',(#4771),#4775);
#4771 = LINE('',#4772,#4773);
#4772 = CARTESIAN_POINT('',(6.28318530718,-0.));
#4773 = VECTOR('',#4774,1.);
#4774 = DIRECTION('',(0.,1.));
#4775 = ( GEOMETRIC_REPRESENTATION_CONTEXT(2) 
PARAMETRIC_REPRESENTATION_CONTEXT() REPRESENTATION_CONTEXT('2D SPACE',''
  ) );
#4776 = PCURVE('',#440,#4777);
#4777 = DEFINITIONAL_REPRESENTATION('',(#4778),#4782);
#4778 = LINE('',#4779,#4780);
#4779 = CARTESIAN_POINT('',(0.,-0.));
#4780 = VECTOR('',#4781,1.);
#4781 = DIRECTION('',(0.,1.));
#4782 = ( GEOMETRIC_REPRESENTATION_CONTEXT(2) 
PARAMETRIC_REPRESENTATION_CONTEXT() REPRESENTATION_CONTEXT('2D SPACE',''
  ) );
#4783 = ORIENTED_EDGE('',*,*,#4784,.T.);
#4784 = EDGE_CURVE('',#4762,#4762,#4785,.T.);
#4785 = SURFACE_CURVE('',#4786,(#4791,#4798),.PCURVE_S1.);
#4786 = CIRCLE('',#4787,1.35);
#4787 = AXIS2_PLACEMENT_3D('',#4788,#4789,#4790);
#4788 = CARTESIAN_POINT('',(-13.,70.,22.));
#4789 = DIRECTION('',(0.,1.,1.110223024625E-16));
#4790 = DIRECTION('',(1.,0.,-0.));
#4791 = PCURVE('',#440,#4792);
#4792 = DEFINITIONAL_REPRESENTATION('',(#4793),#4797);
#4793 = LINE('',#4794,#4795);
#4794 = CARTESIAN_POINT('',(0.,1.));
#4795 = VECTOR('',#4796,1.);
#4796 = DIRECTION('',(1.,0.));
#4797 = ( GEOMETRIC_REPRESENTATION_CONTEXT(2) 
PARAMETRIC_REPRESENTATION_CONTEXT() REPRESENTATION_CONTEXT('2D SPACE',''
  ) );
#4798 = PCURVE('',#2603,#4799);
#4799 = DEFINITIONAL_REPRESENTATION('',(#4800),#4804);
#4800 = CIRCLE('',#4801,1.35);
#4801 = AXIS2_PLACEMENT_2D('',#4802,#4803);
#4802 = CARTESIAN_POINT('',(-13.,0.));
#4803 = DIRECTION('',(1.,0.));
#4804 = ( GEOMETRIC_REPRESENTATION_CONTEXT(2) 
PARAMETRIC_REPRESENTATION_CONTEXT() REPRESENTATION_CONTEXT('2D SPACE',''
  ) );
#4805 = ORIENTED_EDGE('',*,*,#4761,.T.);
#4806 = ORIENTED_EDGE('',*,*,#4409,.F.);
#4807 = ORIENTED_EDGE('',*,*,#480,.T.);
#4808 = ADVANCED_FACE('',(#4809),#468,.F.);
#4809 = FACE_BOUND('',#4810,.F.);
#4810 = EDGE_LOOP('',(#4811,#4812));
#4811 = ORIENTED_EDGE('',*,*,#451,.F.);
#4812 = ORIENTED_EDGE('',*,*,#4737,.T.);
#4813 = ADVANCED_FACE('',(#4814),#1916,.T.);
#4814 = FACE_BOUND('',#4815,.T.);
#4815 = EDGE_LOOP('',(#4816,#4844,#4873,#4894,#4895,#4896,#4920,#4946,
    #5120,#5177,#5441,#5462,#5484,#5485,#5509,#5530,#5794,#5851));
#4816 = ORIENTED_EDGE('',*,*,#4817,.F.);
#4817 = EDGE_CURVE('',#4818,#4820,#4822,.T.);
#4818 = VERTEX_POINT('',#4819);
#4819 = CARTESIAN_POINT('',(-15.26302722267,76.,16.));
#4820 = VERTEX_POINT('',#4821);
#4821 = CARTESIAN_POINT('',(-15.26302722304,78.560527351773,
    15.999999999897));
#4822 = SURFACE_CURVE('',#4823,(#4827,#4833),.PCURVE_S1.);
#4823 = LINE('',#4824,#4825);
#4824 = CARTESIAN_POINT('',(-15.26302722267,70.,16.));
#4825 = VECTOR('',#4826,1.);
#4826 = DIRECTION('',(0.,1.,1.110223024625E-16));
#4827 = PCURVE('',#1916,#4828);
#4828 = DEFINITIONAL_REPRESENTATION('',(#4829),#4832);
#4829 = B_SPLINE_CURVE_WITH_KNOTS('',1,(#4830,#4831),.UNSPECIFIED.,.F.,
  .F.,(2,2),(-5.999999928008E-07,72.6),.PIECEWISE_BEZIER_KNOTS.);
#4830 = CARTESIAN_POINT('',(2.767042766464,-5.999999934669E-07));
#4831 = CARTESIAN_POINT('',(2.767042766464,72.6));
#4832 = ( GEOMETRIC_REPRESENTATION_CONTEXT(2) 
PARAMETRIC_REPRESENTATION_CONTEXT() REPRESENTATION_CONTEXT('2D SPACE',''
  ) );
#4833 = PCURVE('',#4834,#4839);
#4834 = PLANE('',#4835);
#4835 = AXIS2_PLACEMENT_3D('',#4836,#4837,#4838);
#4836 = CARTESIAN_POINT('',(-23.,70.,16.));
#4837 = DIRECTION('',(0.,0.,1.));
#4838 = DIRECTION('',(1.,0.,-0.));
#4839 = DEFINITIONAL_REPRESENTATION('',(#4840),#4843);
#4840 = B_SPLINE_CURVE_WITH_KNOTS('',1,(#4841,#4842),.UNSPECIFIED.,.F.,
  .F.,(2,2),(-5.999999928008E-07,72.6),.PIECEWISE_BEZIER_KNOTS.);
#4841 = CARTESIAN_POINT('',(7.736972777329,-5.999999928008E-07));
#4842 = CARTESIAN_POINT('',(7.736972777329,72.6));
#4843 = ( GEOMETRIC_REPRESENTATION_CONTEXT(2) 
PARAMETRIC_REPRESENTATION_CONTEXT() REPRESENTATION_CONTEXT('2D SPACE',''
  ) );
#4844 = ORIENTED_EDGE('',*,*,#4845,.T.);
#4845 = EDGE_CURVE('',#4818,#4846,#4848,.T.);
#4846 = VERTEX_POINT('',#4847);
#4847 = CARTESIAN_POINT('',(16.4,76.,22.));
#4848 = SURFACE_CURVE('',#4849,(#4854,#4861),.PCURVE_S1.);
#4849 = CIRCLE('',#4850,16.4);
#4850 = AXIS2_PLACEMENT_3D('',#4851,#4852,#4853);
#4851 = CARTESIAN_POINT('',(0.,76.,22.));
#4852 = DIRECTION('',(0.,1.,1.110223024625E-16));
#4853 = DIRECTION('',(1.,0.,-0.));
#4854 = PCURVE('',#1916,#4855);
#4855 = DEFINITIONAL_REPRESENTATION('',(#4856),#4860);
#4856 = LINE('',#4857,#4858);
#4857 = CARTESIAN_POINT('',(0.,6.));
#4858 = VECTOR('',#4859,1.);
#4859 = DIRECTION('',(1.,0.));
#4860 = ( GEOMETRIC_REPRESENTATION_CONTEXT(2) 
PARAMETRIC_REPRESENTATION_CONTEXT() REPRESENTATION_CONTEXT('2D SPACE',''
  ) );
#4861 = PCURVE('',#4862,#4867);
#4862 = PLANE('',#4863);
#4863 = AXIS2_PLACEMENT_3D('',#4864,#4865,#4866);
#4864 = CARTESIAN_POINT('',(0.,76.,22.));
#4865 = DIRECTION('',(0.,1.,1.110223024625E-16));
#4866 = DIRECTION('',(1.,0.,0.));
#4867 = DEFINITIONAL_REPRESENTATION('',(#4868),#4872);
#4868 = CIRCLE('',#4869,16.4);
#4869 = AXIS2_PLACEMENT_2D('',#4870,#4871);
#4870 = CARTESIAN_POINT('',(0.,0.));
#4871 = DIRECTION('',(1.,0.));
#4872 = ( GEOMETRIC_REPRESENTATION_CONTEXT(2) 
PARAMETRIC_REPRESENTATION_CONTEXT() REPRESENTATION_CONTEXT('2D SPACE',''
  ) );
#4873 = ORIENTED_EDGE('',*,*,#4874,.T.);
#4874 = EDGE_CURVE('',#4846,#1900,#4875,.T.);
#4875 = SEAM_CURVE('',#4876,(#4880,#4887),.PCURVE_S1.);
#4876 = LINE('',#4877,#4878);
#4877 = CARTESIAN_POINT('',(16.4,70.,22.));
#4878 = VECTOR('',#4879,1.);
#4879 = DIRECTION('',(0.,1.,1.110223024625E-16));
#4880 = PCURVE('',#1916,#4881);
#4881 = DEFINITIONAL_REPRESENTATION('',(#4882),#4886);
#4882 = LINE('',#4883,#4884);
#4883 = CARTESIAN_POINT('',(0.,-0.));
#4884 = VECTOR('',#4885,1.);
#4885 = DIRECTION('',(0.,1.));
#4886 = ( GEOMETRIC_REPRESENTATION_CONTEXT(2) 
PARAMETRIC_REPRESENTATION_CONTEXT() REPRESENTATION_CONTEXT('2D SPACE',''
  ) );
#4887 = PCURVE('',#1916,#4888);
#4888 = DEFINITIONAL_REPRESENTATION('',(#4889),#4893);
#4889 = LINE('',#4890,#4891);
#4890 = CARTESIAN_POINT('',(6.28318530718,-0.));
#4891 = VECTOR('',#4892,1.);
#4892 = DIRECTION('',(0.,1.));
#4893 = ( GEOMETRIC_REPRESENTATION_CONTEXT(2) 
PARAMETRIC_REPRESENTATION_CONTEXT() REPRESENTATION_CONTEXT('2D SPACE',''
  ) );
#4894 = ORIENTED_EDGE('',*,*,#1899,.F.);
#4895 = ORIENTED_EDGE('',*,*,#4874,.F.);
#4896 = ORIENTED_EDGE('',*,*,#4897,.T.);
#4897 = EDGE_CURVE('',#4846,#4898,#4900,.T.);
#4898 = VERTEX_POINT('',#4899);
#4899 = CARTESIAN_POINT('',(15.263027222671,76.,16.));
#4900 = SURFACE_CURVE('',#4901,(#4906,#4913),.PCURVE_S1.);
#4901 = CIRCLE('',#4902,16.4);
#4902 = AXIS2_PLACEMENT_3D('',#4903,#4904,#4905);
#4903 = CARTESIAN_POINT('',(0.,76.,22.));
#4904 = DIRECTION('',(0.,1.,1.110223024625E-16));
#4905 = DIRECTION('',(1.,0.,-0.));
#4906 = PCURVE('',#1916,#4907);
#4907 = DEFINITIONAL_REPRESENTATION('',(#4908),#4912);
#4908 = LINE('',#4909,#4910);
#4909 = CARTESIAN_POINT('',(0.,6.));
#4910 = VECTOR('',#4911,1.);
#4911 = DIRECTION('',(1.,0.));
#4912 = ( GEOMETRIC_REPRESENTATION_CONTEXT(2) 
PARAMETRIC_REPRESENTATION_CONTEXT() REPRESENTATION_CONTEXT('2D SPACE',''
  ) );
#4913 = PCURVE('',#4862,#4914);
#4914 = DEFINITIONAL_REPRESENTATION('',(#4915),#4919);
#4915 = CIRCLE('',#4916,16.4);
#4916 = AXIS2_PLACEMENT_2D('',#4917,#4918);
#4917 = CARTESIAN_POINT('',(0.,0.));
#4918 = DIRECTION('',(1.,0.));
#4919 = ( GEOMETRIC_REPRESENTATION_CONTEXT(2) 
PARAMETRIC_REPRESENTATION_CONTEXT() REPRESENTATION_CONTEXT('2D SPACE',''
  ) );
#4920 = ORIENTED_EDGE('',*,*,#4921,.T.);
#4921 = EDGE_CURVE('',#4898,#4922,#4924,.T.);
#4922 = VERTEX_POINT('',#4923);
#4923 = CARTESIAN_POINT('',(15.263027223044,78.560527351786,
    15.999999999897));
#4924 = SURFACE_CURVE('',#4925,(#4929,#4935),.PCURVE_S1.);
#4925 = LINE('',#4926,#4927);
#4926 = CARTESIAN_POINT('',(15.263027222671,70.,16.));
#4927 = VECTOR('',#4928,1.);
#4928 = DIRECTION('',(0.,1.,1.110223024625E-16));
#4929 = PCURVE('',#1916,#4930);
#4930 = DEFINITIONAL_REPRESENTATION('',(#4931),#4934);
#4931 = B_SPLINE_CURVE_WITH_KNOTS('',1,(#4932,#4933),.UNSPECIFIED.,.F.,
  .F.,(2,2),(-5.999999928008E-07,72.6),.PIECEWISE_BEZIER_KNOTS.);
#4932 = CARTESIAN_POINT('',(0.374549887126,-5.999999934669E-07));
#4933 = CARTESIAN_POINT('',(0.374549887126,72.6));
#4934 = ( GEOMETRIC_REPRESENTATION_CONTEXT(2) 
PARAMETRIC_REPRESENTATION_CONTEXT() REPRESENTATION_CONTEXT('2D SPACE',''
  ) );
#4935 = PCURVE('',#4936,#4941);
#4936 = PLANE('',#4937);
#4937 = AXIS2_PLACEMENT_3D('',#4938,#4939,#4940);
#4938 = CARTESIAN_POINT('',(-23.,70.,16.));
#4939 = DIRECTION('',(0.,0.,1.));
#4940 = DIRECTION('',(1.,0.,-0.));
#4941 = DEFINITIONAL_REPRESENTATION('',(#4942),#4945);
#4942 = B_SPLINE_CURVE_WITH_KNOTS('',1,(#4943,#4944),.UNSPECIFIED.,.F.,
  .F.,(2,2),(-5.999999928008E-07,72.6),.PIECEWISE_BEZIER_KNOTS.);
#4943 = CARTESIAN_POINT('',(38.263027222671,-5.999999928008E-07));
#4944 = CARTESIAN_POINT('',(38.263027222671,72.6));
#4945 = ( GEOMETRIC_REPRESENTATION_CONTEXT(2) 
PARAMETRIC_REPRESENTATION_CONTEXT() REPRESENTATION_CONTEXT('2D SPACE',''
  ) );
#4946 = ORIENTED_EDGE('',*,*,#4947,.T.);
#4947 = EDGE_CURVE('',#4922,#4948,#4950,.T.);
#4948 = VERTEX_POINT('',#4949);
#4949 = CARTESIAN_POINT('',(16.346573732001,87.26103067544,
    20.677303048976));
#4950 = SURFACE_CURVE('',#4951,(#4996,#5044),.PCURVE_S1.);
#4951 = B_SPLINE_CURVE_WITH_KNOTS('',8,(#4952,#4953,#4954,#4955,#4956,
    #4957,#4958,#4959,#4960,#4961,#4962,#4963,#4964,#4965,#4966,#4967,
    #4968,#4969,#4970,#4971,#4972,#4973,#4974,#4975,#4976,#4977,#4978,
    #4979,#4980,#4981,#4982,#4983,#4984,#4985,#4986,#4987,#4988,#4989,
    #4990,#4991,#4992,#4993,#4994,#4995),.UNSPECIFIED.,.F.,.F.,(9,7,7,7,
    7,7,9),(0.,0.22015985677,0.645019431239,0.80451662591,0.89495065835,
    0.967762686737,1.),.UNSPECIFIED.);
#4952 = CARTESIAN_POINT('',(12.998461447418,74.96246978466,12.));
#4953 = CARTESIAN_POINT('',(13.249283292751,75.228183842882,
    12.326029808674));
#4954 = CARTESIAN_POINT('',(13.488282002326,75.497067109293,
    12.656029067236));
#4955 = CARTESIAN_POINT('',(13.71483887828,75.769887882802,
    12.988526502875));
#4956 = CARTESIAN_POINT('',(13.928518657678,76.047361585099,
    13.321964551729));
#4957 = CARTESIAN_POINT('',(14.129150415584,76.33003148963,
    13.654842516598));
#4958 = CARTESIAN_POINT('',(14.316801625016,76.618234059737,
    13.985785445984));
#4959 = CARTESIAN_POINT('',(14.49171164199,76.912112360824,
    14.313559791933));
#4960 = CARTESIAN_POINT('',(14.96791548266,77.789664711549,
    15.261334406271));
#4961 = CARTESIAN_POINT('',(15.235472431583,78.388658348414,
    15.86960782848));
#4962 = CARTESIAN_POINT('',(15.459725586119,79.008670921469,
    16.454175078332));
#4963 = CARTESIAN_POINT('',(15.645711108472,79.648367921484,
    17.010162403639));
#4964 = CARTESIAN_POINT('',(15.798501054277,80.305783878691,
    17.534530525908));
#4965 = CARTESIAN_POINT('',(15.922897456706,80.978926330054,
    18.024882904881));
#4966 = CARTESIAN_POINT('',(16.023269225982,81.665805855469,
    18.479442213149));
#4967 = CARTESIAN_POINT('',(16.133575929061,82.62764587727,
    19.051606694383));
#4968 = CARTESIAN_POINT('',(16.160843587363,82.891953343005,
    19.202356761507));
#4969 = CARTESIAN_POINT('',(16.185475891077,83.157986867356,
    19.347547982735));
#4970 = CARTESIAN_POINT('',(16.207664808913,83.425692676466,
    19.487011989937));
#4971 = CARTESIAN_POINT('',(16.227589972624,83.695019332823,
    19.6205342327));
#4972 = CARTESIAN_POINT('',(16.245419498819,83.965920171314,
    19.747844156379));
#4973 = CARTESIAN_POINT('',(16.261309178108,84.238361199713,
    19.86858349758));
#4974 = CARTESIAN_POINT('',(16.28338614278,84.667686847466,
    20.04665641385));
#4975 = CARTESIAN_POINT('',(16.290794987625,84.823519527372,
    20.108803722557));
#4976 = CARTESIAN_POINT('',(16.297650072163,84.979841678273,
    20.168571141846));
#4977 = CARTESIAN_POINT('',(16.3039746139,85.136653075727,
    20.225840947978));
#4978 = CARTESIAN_POINT('',(16.309789716801,85.293951237966,
    20.280471722314));
#4979 = CARTESIAN_POINT('',(16.315113883621,85.451732968035,
    20.332289544968));
#4980 = CARTESIAN_POINT('',(16.31996174352,85.609997347429,
    20.381070418825));
#4981 = CARTESIAN_POINT('',(16.327868709225,85.896568387835,
    20.463102293317));
#4982 = CARTESIAN_POINT('',(16.331091822524,86.024686013044,
    20.497522267248));
#4983 = CARTESIAN_POINT('',(16.33401618776,86.153119304096,
    20.529619844667));
#4984 = CARTESIAN_POINT('',(16.33664382141,86.281872601188,
    20.559205712848));
#4985 = CARTESIAN_POINT('',(16.338972071587,86.410940076261,
    20.586033594013));
#4986 = CARTESIAN_POINT('',(16.340993375414,86.540306398122,
    20.609794229574));
#4987 = CARTESIAN_POINT('',(16.342691930475,86.669950426182,
    20.630078739124));
#4988 = CARTESIAN_POINT('',(16.344626184897,86.857371364634,
    20.653431551515));
#4989 = CARTESIAN_POINT('',(16.345149551716,86.914933446278,
    20.659793987625));
#4990 = CARTESIAN_POINT('',(16.345599698334,86.972541440128,
    20.665298848331));
#4991 = CARTESIAN_POINT('',(16.34597272809,87.030191452382,
    20.669882950369));
#4992 = CARTESIAN_POINT('',(16.346263804133,87.087876575824,
    20.67347285584));
#4993 = CARTESIAN_POINT('',(16.346466811495,87.145586983367,
    20.675981639925));
#4994 = CARTESIAN_POINT('',(16.346573732001,87.203310074614,
    20.677303048976));
#4995 = CARTESIAN_POINT('',(16.346573732001,87.26103067544,
    20.677303048976));
#4996 = PCURVE('',#1916,#4997);
#4997 = DEFINITIONAL_REPRESENTATION('',(#4998),#5043);
#4998 = B_SPLINE_CURVE_WITH_KNOTS('',8,(#4999,#5000,#5001,#5002,#5003,
    #5004,#5005,#5006,#5007,#5008,#5009,#5010,#5011,#5012,#5013,#5014,
    #5015,#5016,#5017,#5018,#5019,#5020,#5021,#5022,#5023,#5024,#5025,
    #5026,#5027,#5028,#5029,#5030,#5031,#5032,#5033,#5034,#5035,#5036,
    #5037,#5038,#5039,#5040,#5041,#5042),.UNSPECIFIED.,.F.,.F.,(9,7,7,7,
    7,7,9),(0.,0.22015985677,0.645019431239,0.80451662591,0.89495065835,
    0.967762686737,1.),.UNSPECIFIED.);
#4999 = CARTESIAN_POINT('',(0.655752825758,4.96246978466));
#5000 = CARTESIAN_POINT('',(0.630670641224,5.228183842882));
#5001 = CARTESIAN_POINT('',(0.605836203174,5.497067109293));
#5002 = CARTESIAN_POINT('',(0.581319591745,5.769887882802));
#5003 = CARTESIAN_POINT('',(0.557190163461,6.047361585099));
#5004 = CARTESIAN_POINT('',(0.533508213398,6.33003148963));
#5005 = CARTESIAN_POINT('',(0.510323358065,6.618234059737));
#5006 = CARTESIAN_POINT('',(0.487676350882,6.912112360824));
#5007 = CARTESIAN_POINT('',(0.423000604448,7.789664711549));
#5008 = CARTESIAN_POINT('',(0.382534390928,8.388658348414));
#5009 = CARTESIAN_POINT('',(0.344427328557,9.008670921469));
#5010 = CARTESIAN_POINT('',(0.30873949504,9.648367921484));
#5011 = CARTESIAN_POINT('',(0.275480104434,10.305783878691));
#5012 = CARTESIAN_POINT('',(0.244658930495,10.978926330054));
#5013 = CARTESIAN_POINT('',(0.216284498795,11.665805855469));
#5014 = CARTESIAN_POINT('',(0.180753986277,12.62764587727));
#5015 = CARTESIAN_POINT('',(0.17141336652,12.891953343005));
#5016 = CARTESIAN_POINT('',(0.16243460196,13.157986867356));
#5017 = CARTESIAN_POINT('',(0.15382459702,13.425692676466));
#5018 = CARTESIAN_POINT('',(0.145593540161,13.695019332823));
#5019 = CARTESIAN_POINT('',(0.137755440839,13.965920171314));
#5020 = CARTESIAN_POINT('',(0.130330014591,14.238361199713));
#5021 = CARTESIAN_POINT('',(0.119388781863,14.667686847466));
#5022 = CARTESIAN_POINT('',(0.115572520808,14.823519527372));
#5023 = CARTESIAN_POINT('',(0.11190433227,14.979841678273));
#5024 = CARTESIAN_POINT('',(0.108391099849,15.136653075727));
#5025 = CARTESIAN_POINT('',(0.105041183741,15.293951237966));
#5026 = CARTESIAN_POINT('',(0.101864956075,15.451732968035));
#5027 = CARTESIAN_POINT('',(9.887587327088E-02,15.609997347429));
#5028 = CARTESIAN_POINT('',(9.385074732599E-02,15.896568387835));
#5029 = CARTESIAN_POINT('',(9.174279466002E-02,16.024686013044));
#5030 = CARTESIAN_POINT('',(8.977752883363E-02,16.153119304096));
#5031 = CARTESIAN_POINT('',(8.796641971866E-02,16.281872601188));
#5032 = CARTESIAN_POINT('',(8.632442968136E-02,16.410940076261));
#5033 = CARTESIAN_POINT('',(8.487037960231E-02,16.540306398122));
#5034 = CARTESIAN_POINT('',(8.362919102812E-02,16.669950426182));
#5035 = CARTESIAN_POINT('',(8.220036296862E-02,16.857371364634));
#5036 = CARTESIAN_POINT('',(8.18110992749E-02,16.914933446278));
#5037 = CARTESIAN_POINT('',(8.147431671687E-02,16.972541440128));
#5038 = CARTESIAN_POINT('',(8.119387439224E-02,17.030191452382));
#5039 = CARTESIAN_POINT('',(8.097425935966E-02,17.087876575824));
#5040 = CARTESIAN_POINT('',(8.08207847095E-02,17.145586983367));
#5041 = CARTESIAN_POINT('',(8.073994765685E-02,17.203310074614));
#5042 = CARTESIAN_POINT('',(8.073994765685E-02,17.26103067544));
#5043 = ( GEOMETRIC_REPRESENTATION_CONTEXT(2) 
PARAMETRIC_REPRESENTATION_CONTEXT() REPRESENTATION_CONTEXT('2D SPACE',''
  ) );
#5044 = PCURVE('',#5045,#5073);
#5045 = B_SPLINE_SURFACE_WITH_KNOTS('',8,2,(
    (#5046,#5047,#5048)
    ,(#5049,#5050,#5051)
    ,(#5052,#5053,#5054)
    ,(#5055,#5056,#5057)
    ,(#5058,#5059,#5060)
    ,(#5061,#5062,#5063)
    ,(#5064,#5065,#5066)
    ,(#5067,#5068,#5069)
    ,(#5070,#5071,#5072
  )),.UNSPECIFIED.,.F.,.F.,.F.,(9,9),(3,3),(3.,4.),(0.,1.),
  .PIECEWISE_BEZIER_KNOTS.);
#5046 = CARTESIAN_POINT('',(7.6,72.,12.));
#5047 = CARTESIAN_POINT('',(10.919598989933,75.635615840246,
    17.310527867443));
#5048 = CARTESIAN_POINT('',(6.5,79.6,22.));
#5049 = CARTESIAN_POINT('',(8.856637061436,72.,12.));
#5050 = CARTESIAN_POINT('',(12.292513270207,75.635615840246,
    17.310527867443));
#5051 = CARTESIAN_POINT('',(8.345685683984,79.6,22.));
#5052 = CARTESIAN_POINT('',(10.113274518427,72.281989049351,12.));
#5053 = CARTESIAN_POINT('',(13.665427982638,75.943697469076,
    17.310527867443));
#5054 = CARTESIAN_POINT('',(10.19137194894,80.014171416235,22.));
#5055 = CARTESIAN_POINT('',(11.296084699744,72.845964378423,12.));
#5056 = CARTESIAN_POINT('',(14.957684146823,76.55985770083,
    17.310527867443));
#5057 = CARTESIAN_POINT('',(11.928624402749,80.842510180809,22.));
#5058 = CARTESIAN_POINT('',(12.331256036992,73.668743963008,12.));
#5059 = CARTESIAN_POINT('',(16.088640375197,77.458769467688,
    17.310527867443));
#5060 = CARTESIAN_POINT('',(13.449032304331,82.050967695668,22.));
#5061 = CARTESIAN_POINT('',(13.154035621577,74.703915300256,12.));
#5062 = CARTESIAN_POINT('',(16.987552142056,78.589725696064,
    17.310527867443));
#5063 = CARTESIAN_POINT('',(14.657489819191,83.571375597251,22.));
#5064 = CARTESIAN_POINT('',(13.718010950648,75.886725481573,12.));
#5065 = CARTESIAN_POINT('',(17.60371237381,79.881981860248,
    17.310527867443));
#5066 = CARTESIAN_POINT('',(15.485828583765,85.30862805106,22.));
#5067 = CARTESIAN_POINT('',(14.,77.143362938564,12.));
#5068 = CARTESIAN_POINT('',(17.91179400264,81.254896572679,
    17.310527867443));
#5069 = CARTESIAN_POINT('',(15.9,87.154314316016,22.));
#5070 = CARTESIAN_POINT('',(14.,78.4,12.));
#5071 = CARTESIAN_POINT('',(17.91179400264,82.627810852953,
    17.310527867443));
#5072 = CARTESIAN_POINT('',(15.9,89.,22.));
#5073 = DEFINITIONAL_REPRESENTATION('',(#5074),#5119);
#5074 = B_SPLINE_CURVE_WITH_KNOTS('',8,(#5075,#5076,#5077,#5078,#5079,
    #5080,#5081,#5082,#5083,#5084,#5085,#5086,#5087,#5088,#5089,#5090,
    #5091,#5092,#5093,#5094,#5095,#5096,#5097,#5098,#5099,#5100,#5101,
    #5102,#5103,#5104,#5105,#5106,#5107,#5108,#5109,#5110,#5111,#5112,
    #5113,#5114,#5115,#5116,#5117,#5118),.UNSPECIFIED.,.F.,.F.,(9,7,7,7,
    7,7,9),(0.,0.22015985677,0.645019431239,0.80451662591,0.89495065835,
    0.967762686737,1.),.UNSPECIFIED.);
#5075 = CARTESIAN_POINT('',(3.639028910617,0.));
#5076 = CARTESIAN_POINT('',(3.642057643664,3.069655379014E-02));
#5077 = CARTESIAN_POINT('',(3.644652584838,6.189278158975E-02));
#5078 = CARTESIAN_POINT('',(3.647014958884,9.345733488424E-02));
#5079 = CARTESIAN_POINT('',(3.649347656062,0.125247885471));
#5080 = CARTESIAN_POINT('',(3.651829465601,0.157123993691));
#5081 = CARTESIAN_POINT('',(3.654603597522,0.188953808285));
#5082 = CARTESIAN_POINT('',(3.65777685494,0.22061609199));
#5083 = CARTESIAN_POINT('',(3.668467508203,0.312561231191));
#5084 = CARTESIAN_POINT('',(3.677279597109,0.372075904977));
#5085 = CARTESIAN_POINT('',(3.688414443587,0.429765408565));
#5086 = CARTESIAN_POINT('',(3.702003312334,0.485090400174));
#5087 = CARTESIAN_POINT('',(3.717935383156,0.537675525386));
#5088 = CARTESIAN_POINT('',(3.736118208533,0.587201879584));
#5089 = CARTESIAN_POINT('',(3.756475850192,0.633410880765));
#5090 = CARTESIAN_POINT('',(3.787669260978,0.691905655266));
#5091 = CARTESIAN_POINT('',(3.796511378578,0.707354461251));
#5092 = CARTESIAN_POINT('',(3.80569000742,0.722267762676));
#5093 = CARTESIAN_POINT('',(3.815217399855,0.73662410903));
#5094 = CARTESIAN_POINT('',(3.825111680362,0.750397238174));
#5095 = CARTESIAN_POINT('',(3.83539803009,0.763555038496));
#5096 = CARTESIAN_POINT('',(3.846112451306,0.776056211705));
#5097 = CARTESIAN_POINT('',(3.863661459867,0.794523776569));
#5098 = CARTESIAN_POINT('',(3.870166874998,0.800975515724));
#5099 = CARTESIAN_POINT('',(3.876838147869,0.807186222439));
#5100 = CARTESIAN_POINT('',(3.883687827974,0.81314287251));
#5101 = CARTESIAN_POINT('',(3.890730757871,0.818829955822));
#5102 = CARTESIAN_POINT('',(3.897985108667,0.824228550287));
#5103 = CARTESIAN_POINT('',(3.905474407587,0.829314479384));
#5104 = CARTESIAN_POINT('',(3.919475341821,0.837872780025));
#5105 = CARTESIAN_POINT('',(3.925892272375,0.841465938292));
#5106 = CARTESIAN_POINT('',(3.932498778743,0.844818518094));
#5107 = CARTESIAN_POINT('',(3.939314944634,0.84791030934));
#5108 = CARTESIAN_POINT('',(3.946365907483,0.85071513731));
#5109 = CARTESIAN_POINT('',(3.953682590771,0.85320022756));
#5110 = CARTESIAN_POINT('',(3.961305765833,0.855322379016));
#5111 = CARTESIAN_POINT('',(3.972837172969,0.857766024655));
#5112 = CARTESIAN_POINT('',(3.976448070859,0.858431875547));
#5113 = CARTESIAN_POINT('',(3.980136602772,0.859008040104));
#5114 = CARTESIAN_POINT('',(3.983908997308,0.85948787593));
#5115 = CARTESIAN_POINT('',(3.987772315773,0.859863669656));
#5116 = CARTESIAN_POINT('',(3.991734794866,0.860126300341));
#5117 = CARTESIAN_POINT('',(3.995806458676,0.860264631463));
#5118 = CARTESIAN_POINT('',(4.,0.860264631463));
#5119 = ( GEOMETRIC_REPRESENTATION_CONTEXT(2) 
PARAMETRIC_REPRESENTATION_CONTEXT() REPRESENTATION_CONTEXT('2D SPACE',''
  ) );
#5120 = ORIENTED_EDGE('',*,*,#5121,.F.);
#5121 = EDGE_CURVE('',#5122,#4948,#5124,.T.);
#5122 = VERTEX_POINT('',#5123);
#5123 = CARTESIAN_POINT('',(16.346573732001,122.90795274387,
    20.677303048976));
#5124 = SURFACE_CURVE('',#5125,(#5131,#5140),.PCURVE_S1.);
#5125 = B_SPLINE_CURVE_WITH_KNOTS('',4,(#5126,#5127,#5128,#5129,#5130),
  .UNSPECIFIED.,.F.,.F.,(5,5),(0.,1.),.PIECEWISE_BEZIER_KNOTS.);
#5126 = CARTESIAN_POINT('',(16.346573732001,122.90795274387,
    20.677303048976));
#5127 = CARTESIAN_POINT('',(16.346573732001,113.99622222676,
    20.677303048976));
#5128 = CARTESIAN_POINT('',(16.346573732001,105.08449170965,
    20.677303048976));
#5129 = CARTESIAN_POINT('',(16.346573732001,96.172761192548,
    20.677303048976));
#5130 = CARTESIAN_POINT('',(16.346573732001,87.26103067544,
    20.677303048976));
#5131 = PCURVE('',#1916,#5132);
#5132 = DEFINITIONAL_REPRESENTATION('',(#5133),#5139);
#5133 = B_SPLINE_CURVE_WITH_KNOTS('',4,(#5134,#5135,#5136,#5137,#5138),
  .UNSPECIFIED.,.F.,.F.,(5,5),(0.,1.),.PIECEWISE_BEZIER_KNOTS.);
#5134 = CARTESIAN_POINT('',(8.073994765685E-02,52.90795274387));
#5135 = CARTESIAN_POINT('',(8.073994765685E-02,43.996222226763));
#5136 = CARTESIAN_POINT('',(8.073994765685E-02,35.084491709655));
#5137 = CARTESIAN_POINT('',(8.073994765685E-02,26.172761192548));
#5138 = CARTESIAN_POINT('',(8.073994765685E-02,17.26103067544));
#5139 = ( GEOMETRIC_REPRESENTATION_CONTEXT(2) 
PARAMETRIC_REPRESENTATION_CONTEXT() REPRESENTATION_CONTEXT('2D SPACE',''
  ) );
#5140 = PCURVE('',#5141,#5169);
#5141 = B_SPLINE_SURFACE_WITH_KNOTS('',8,2,(
    (#5142,#5143,#5144)
    ,(#5145,#5146,#5147)
    ,(#5148,#5149,#5150)
    ,(#5151,#5152,#5153)
    ,(#5154,#5155,#5156)
    ,(#5157,#5158,#5159)
    ,(#5160,#5161,#5162)
    ,(#5163,#5164,#5165)
    ,(#5166,#5167,#5168
  )),.UNSPECIFIED.,.F.,.F.,.F.,(9,9),(3,3),(4.,5.),(0.,1.),
  .PIECEWISE_BEZIER_KNOTS.);
#5142 = CARTESIAN_POINT('',(14.,78.4,12.));
#5143 = CARTESIAN_POINT('',(17.91179400264,82.627810852953,
    17.310527867443));
#5144 = CARTESIAN_POINT('',(15.9,89.,22.));
#5145 = CARTESIAN_POINT('',(14.,84.3,12.));
#5146 = CARTESIAN_POINT('',(17.91179400264,88.369629403536,
    17.310527867443));
#5147 = CARTESIAN_POINT('',(15.9,93.,22.));
#5148 = CARTESIAN_POINT('',(14.,90.2,12.));
#5149 = CARTESIAN_POINT('',(17.91179400264,94.111447954119,
    17.310527867443));
#5150 = CARTESIAN_POINT('',(15.9,97.,22.));
#5151 = CARTESIAN_POINT('',(14.,96.1,12.));
#5152 = CARTESIAN_POINT('',(17.91179400264,99.853266504702,
    17.310527867443));
#5153 = CARTESIAN_POINT('',(15.9,101.,22.));
#5154 = CARTESIAN_POINT('',(14.,102.,12.));
#5155 = CARTESIAN_POINT('',(17.91179400264,105.59508505528,
    17.310527867443));
#5156 = CARTESIAN_POINT('',(15.9,105.,22.));
#5157 = CARTESIAN_POINT('',(14.,107.9,12.));
#5158 = CARTESIAN_POINT('',(17.91179400264,111.33690360586,
    17.310527867443));
#5159 = CARTESIAN_POINT('',(15.9,109.,22.));
#5160 = CARTESIAN_POINT('',(14.,113.8,12.));
#5161 = CARTESIAN_POINT('',(17.91179400264,117.07872215645,
    17.310527867443));
#5162 = CARTESIAN_POINT('',(15.9,113.,22.));
#5163 = CARTESIAN_POINT('',(14.,119.7,12.));
#5164 = CARTESIAN_POINT('',(17.91179400264,122.82054070703,
    17.310527867443));
#5165 = CARTESIAN_POINT('',(15.9,117.,22.));
#5166 = CARTESIAN_POINT('',(14.,125.6,12.));
#5167 = CARTESIAN_POINT('',(17.91179400264,128.56235925761,
    17.310527867443));
#5168 = CARTESIAN_POINT('',(15.9,121.,22.));
#5169 = DEFINITIONAL_REPRESENTATION('',(#5170),#5176);
#5170 = B_SPLINE_CURVE_WITH_KNOTS('',4,(#5171,#5172,#5173,#5174,#5175),
  .UNSPECIFIED.,.F.,.F.,(5,5),(0.,1.),.PIECEWISE_BEZIER_KNOTS.);
#5171 = CARTESIAN_POINT('',(5.,0.860264631463));
#5172 = CARTESIAN_POINT('',(4.75,0.860264631463));
#5173 = CARTESIAN_POINT('',(4.5,0.860264631463));
#5174 = CARTESIAN_POINT('',(4.25,0.860264631463));
#5175 = CARTESIAN_POINT('',(4.,0.860264631463));
#5176 = ( GEOMETRIC_REPRESENTATION_CONTEXT(2) 
PARAMETRIC_REPRESENTATION_CONTEXT() REPRESENTATION_CONTEXT('2D SPACE',''
  ) );
#5177 = ORIENTED_EDGE('',*,*,#5178,.F.);
#5178 = EDGE_CURVE('',#5179,#5122,#5181,.T.);
#5179 = VERTEX_POINT('',#5180);
#5180 = CARTESIAN_POINT('',(15.263027226888,129.73603234482,
    15.999999998876));
#5181 = SURFACE_CURVE('',#5182,(#5257,#5335),.PCURVE_S1.);
#5182 = B_SPLINE_CURVE_WITH_KNOTS('',7,(#5183,#5184,#5185,#5186,#5187,
    #5188,#5189,#5190,#5191,#5192,#5193,#5194,#5195,#5196,#5197,#5198,
    #5199,#5200,#5201,#5202,#5203,#5204,#5205,#5206,#5207,#5208,#5209,
    #5210,#5211,#5212,#5213,#5214,#5215,#5216,#5217,#5218,#5219,#5220,
    #5221,#5222,#5223,#5224,#5225,#5226,#5227,#5228,#5229,#5230,#5231,
    #5232,#5233,#5234,#5235,#5236,#5237,#5238,#5239,#5240,#5241,#5242,
    #5243,#5244,#5245,#5246,#5247,#5248,#5249,#5250,#5251,#5252,#5253,
    #5254,#5255,#5256),.UNSPECIFIED.,.F.,.F.,(8,6,6,6,6,6,6,6,6,6,6,6,8)
  ,(0.,0.148599338573,0.195886233362,0.2737927319,0.330124146108,
    0.358601188805,0.415952453808,0.531790978113,0.69211054512,
    0.775240295565,0.876078494897,0.961063455928,1.),.UNSPECIFIED.);
#5183 = CARTESIAN_POINT('',(12.998461447418,129.03753021534,12.));
#5184 = CARTESIAN_POINT('',(13.177350743064,129.16285081552,
    12.232528561282));
#5185 = CARTESIAN_POINT('',(13.353625264519,129.28335394841,
    12.471699615519));
#5186 = CARTESIAN_POINT('',(13.527773768393,129.39790396947,
    12.718602443384));
#5187 = CARTESIAN_POINT('',(13.69992199543,129.50482177739,
    12.974119249085));
#5188 = CARTESIAN_POINT('',(13.869910153157,129.60181507045,
    13.23893045839));
#5189 = CARTESIAN_POINT('',(14.037353787929,129.68594874228,
    13.51350071283));
#5190 = CARTESIAN_POINT('',(14.253982066394,129.77520085856,
    13.888592680888));
#5191 = CARTESIAN_POINT('',(14.305940945616,129.7950744108,
    13.980114739738));
#5192 = CARTESIAN_POINT('',(14.357536099044,129.81315943886,
    14.072598342772));
#5193 = CARTESIAN_POINT('',(14.40873091367,129.82933166622,
    14.166014987755));
#5194 = CARTESIAN_POINT('',(14.459481487179,129.84346339662,
    14.260319340338));
#5195 = CARTESIAN_POINT('',(14.509737366658,129.85542773628,
    14.355447510275));
#5196 = CARTESIAN_POINT('',(14.641332551947,129.88104278411,
    14.60926027219));
#5197 = CARTESIAN_POINT('',(14.721759864581,129.89077547773,
    14.769275591624));
#5198 = CARTESIAN_POINT('',(14.8004189972,129.89373950192,
    14.930887639343));
#5199 = CARTESIAN_POINT('',(14.876994934911,129.88944390754,
    15.093517455907));
#5200 = CARTESIAN_POINT('',(14.951177967429,129.87753239367,
    15.256478547839));
#5201 = CARTESIAN_POINT('',(15.022675532046,129.85785519114,
    15.418975695339));
#5202 = CARTESIAN_POINT('',(15.140783455771,129.81080422369,
    15.696611497408));
#5203 = CARTESIAN_POINT('',(15.188817192026,129.78706510592,
    15.812437562397));
#5204 = CARTESIAN_POINT('',(15.235226231331,129.75937575835,
    15.927255478408));
#5205 = CARTESIAN_POINT('',(15.279951796662,129.7278426329,
    16.040782641289));
#5206 = CARTESIAN_POINT('',(15.322965419688,129.69262240969,
    16.152777584815));
#5207 = CARTESIAN_POINT('',(15.364262240957,129.65391025775,
    16.263036217264));
#5208 = CARTESIAN_POINT('',(15.423869164295,129.59070498517,
    16.426162823331));
#5209 = CARTESIAN_POINT('',(15.443449719129,129.56864477857,
    16.480453960484));
#5210 = CARTESIAN_POINT('',(15.46259845255,129.54577496502,
    16.53424196476));
#5211 = CARTESIAN_POINT('',(15.481319379366,129.52212396127,
    16.587510816951));
#5212 = CARTESIAN_POINT('',(15.499617797229,129.49772066415,
    16.640247684381));
#5213 = CARTESIAN_POINT('',(15.517500032642,129.47259400307,
    16.692442621944));
#5214 = CARTESIAN_POINT('',(15.570163199997,129.39476932934,
    16.848099896137));
#5215 = CARTESIAN_POINT('',(15.603692458505,129.33994968573,
    16.949879380013));
#5216 = CARTESIAN_POINT('',(15.635622398535,129.2825444556,
    17.049374867982));
#5217 = CARTESIAN_POINT('',(15.666023882505,129.22277749382,
    17.146570102512));
#5218 = CARTESIAN_POINT('',(15.694973535593,129.16085922882,
    17.241478195143));
#5219 = CARTESIAN_POINT('',(15.72255008214,129.09698027527,
    17.334135396304));
#5220 = CARTESIAN_POINT('',(15.801912439019,128.89865371731,
    17.607305593079));
#5221 = CARTESIAN_POINT('',(15.849684513701,128.75873350363,
    17.780970689575));
#5222 = CARTESIAN_POINT('',(15.89282362155,128.61284782629,
    17.946144225689));
#5223 = CARTESIAN_POINT('',(15.931900333809,128.46206748456,
    18.10337405103));
#5224 = CARTESIAN_POINT('',(15.967401929656,128.30723455676,
    18.253203445881));
#5225 = CARTESIAN_POINT('',(15.999748690443,128.14896452556,
    18.396170803079));
#5226 = CARTESIAN_POINT('',(16.070207438168,127.76438398272,
    18.721911184916));
#5227 = CARTESIAN_POINT('',(16.105734129313,127.53544559199,
    18.898751486973));
#5228 = CARTESIAN_POINT('',(16.136839134652,127.30198929243,
    19.064671885432));
#5229 = CARTESIAN_POINT('',(16.164189901966,127.06486286176,
    19.220591352478));
#5230 = CARTESIAN_POINT('',(16.188320460101,126.82469666538,
    19.367235836773));
#5231 = CARTESIAN_POINT('',(16.209655547339,126.5819127577,
    19.505161413666));
#5232 = CARTESIAN_POINT('',(16.238338085413,126.20959919917,
    19.701959965561));
#5233 = CARTESIAN_POINT('',(16.247472941591,126.08184092308,
    19.766911340695));
#5234 = CARTESIAN_POINT('',(16.255996354346,125.95349995733,
    19.829662693154));
#5235 = CARTESIAN_POINT('',(16.263950418244,125.8246140188,
    19.890248282982));
#5236 = CARTESIAN_POINT('',(16.271372230087,125.69521536901,
    19.948687099763));
#5237 = CARTESIAN_POINT('',(16.278294618627,125.56533067552,
    20.004982018008));
#5238 = CARTESIAN_POINT('',(16.292573601048,125.27686372203,
    20.124788234185));
#5239 = CARTESIAN_POINT('',(16.299708171288,125.11806870816,
    20.187279021817));
#5240 = CARTESIAN_POINT('',(16.306203054393,124.95862846248,
    20.246568592369));
#5241 = CARTESIAN_POINT('',(16.312101474653,124.79857343276,
    20.30258547839));
#5242 = CARTESIAN_POINT('',(16.3174393145,124.63793211286,
    20.355211255307));
#5243 = CARTESIAN_POINT('',(16.322244433761,124.47672719389,
    20.404257398987));
#5244 = CARTESIAN_POINT('',(16.330148087177,124.17863904668,
    20.487477245516));
#5245 = CARTESIAN_POINT('',(16.333395661601,124.04193527328,
    20.522771615292));
#5246 = CARTESIAN_POINT('',(16.336286458736,123.90484512727,
    20.555120490462));
#5247 = CARTESIAN_POINT('',(16.338824524292,123.7673751994,
    20.58427844287));
#5248 = CARTESIAN_POINT('',(16.341004192227,123.62954642262,
    20.609890730535));
#5249 = CARTESIAN_POINT('',(16.342810669615,123.4913931474,20.6314889275
    ));
#5250 = CARTESIAN_POINT('',(16.344833008065,123.28950883583,
    20.655941455249));
#5251 = CARTESIAN_POINT('',(16.345380298175,123.22601869865,
    20.662610177615));
#5252 = CARTESIAN_POINT('',(16.345835048615,123.16247288357,
    20.668186787356));
#5253 = CARTESIAN_POINT('',(16.34619122829,123.09887851397,
    20.672575962153));
#5254 = CARTESIAN_POINT('',(16.346441022311,123.03524799469,
    20.67566292122));
#5255 = CARTESIAN_POINT('',(16.346573732001,122.97159874254,
    20.677303048976));
#5256 = CARTESIAN_POINT('',(16.346573732001,122.90795274387,
    20.677303048976));
#5257 = PCURVE('',#1916,#5258);
#5258 = DEFINITIONAL_REPRESENTATION('',(#5259),#5334);
#5259 = B_SPLINE_CURVE_WITH_KNOTS('',7,(#5260,#5261,#5262,#5263,#5264,
    #5265,#5266,#5267,#5268,#5269,#5270,#5271,#5272,#5273,#5274,#5275,
    #5276,#5277,#5278,#5279,#5280,#5281,#5282,#5283,#5284,#5285,#5286,
    #5287,#5288,#5289,#5290,#5291,#5292,#5293,#5294,#5295,#5296,#5297,
    #5298,#5299,#5300,#5301,#5302,#5303,#5304,#5305,#5306,#5307,#5308,
    #5309,#5310,#5311,#5312,#5313,#5314,#5315,#5316,#5317,#5318,#5319,
    #5320,#5321,#5322,#5323,#5324,#5325,#5326,#5327,#5328,#5329,#5330,
    #5331,#5332,#5333),.UNSPECIFIED.,.F.,.F.,(8,6,6,6,6,6,6,6,6,6,6,6,8)
  ,(0.,0.148599338573,0.195886233362,0.2737927319,0.330124146108,
    0.358601188805,0.415952453808,0.531790978113,0.69211054512,
    0.775240295565,0.876078494897,0.961063455928,1.),.UNSPECIFIED.);
#5260 = CARTESIAN_POINT('',(0.655752825758,59.03753021534));
#5261 = CARTESIAN_POINT('',(0.637863896193,59.162850815527));
#5262 = CARTESIAN_POINT('',(0.619751162962,59.283353948411));
#5263 = CARTESIAN_POINT('',(0.601334456641,59.397903969479));
#5264 = CARTESIAN_POINT('',(0.582556067697,59.504821777398));
#5265 = CARTESIAN_POINT('',(0.563376505614,59.601815070458));
#5266 = CARTESIAN_POINT('',(0.543772378101,59.685948742289));
#5267 = CARTESIAN_POINT('',(0.517360590514,59.77520085856));
#5268 = CARTESIAN_POINT('',(0.510943531387,59.795074410801));
#5269 = CARTESIAN_POINT('',(0.504486370481,59.813159438869));
#5270 = CARTESIAN_POINT('',(0.497991279103,59.829331666225));
#5271 = CARTESIAN_POINT('',(0.49146151814,59.843463396622));
#5272 = CARTESIAN_POINT('',(0.484901513825,59.855427736286));
#5273 = CARTESIAN_POINT('',(0.467468650882,59.881042784112));
#5274 = CARTESIAN_POINT('',(0.456549353003,59.890775477738));
#5275 = CARTESIAN_POINT('',(0.445591163339,59.893739501925));
#5276 = CARTESIAN_POINT('',(0.434632049884,59.889443907548));
#5277 = CARTESIAN_POINT('',(0.423715692921,59.877532393678));
#5278 = CARTESIAN_POINT('',(0.412891453896,59.857855191144));
#5279 = CARTESIAN_POINT('',(0.394494280758,59.810804223696));
#5280 = CARTESIAN_POINT('',(0.386848802818,59.787065105924));
#5281 = CARTESIAN_POINT('',(0.379297914804,59.759375758359));
#5282 = CARTESIAN_POINT('',(0.371858200258,59.727842632904));
#5283 = CARTESIAN_POINT('',(0.364543310784,59.692622409696));
#5284 = CARTESIAN_POINT('',(0.357364353835,59.65391025775));
#5285 = CARTESIAN_POINT('',(0.346774367538,59.590704985177));
#5286 = CARTESIAN_POINT('',(0.343255241625,59.568644778579));
#5287 = CARTESIAN_POINT('',(0.339773894452,59.545774965021));
#5288 = CARTESIAN_POINT('',(0.336331092971,59.522123961272));
#5289 = CARTESIAN_POINT('',(0.332927401643,59.497720664159));
#5290 = CARTESIAN_POINT('',(0.329563204687,59.472594003073));
#5291 = CARTESIAN_POINT('',(0.319543407915,59.394769329345));
#5292 = CARTESIAN_POINT('',(0.313009468678,59.33994968573));
#5293 = CARTESIAN_POINT('',(0.306638213801,59.282544455604));
#5294 = CARTESIAN_POINT('',(0.300428815683,59.222777493824));
#5295 = CARTESIAN_POINT('',(0.294378730369,59.160859228821));
#5296 = CARTESIAN_POINT('',(0.288484111993,59.096980275275));
#5297 = CARTESIAN_POINT('',(0.271138684749,58.898653717313));
#5298 = CARTESIAN_POINT('',(0.260157129557,58.758733503633));
#5299 = CARTESIAN_POINT('',(0.249749061968,58.612847826293));
#5300 = CARTESIAN_POINT('',(0.239871357445,58.462067484569));
#5301 = CARTESIAN_POINT('',(0.230483259514,58.307234556764));
#5302 = CARTESIAN_POINT('',(0.221545796951,58.148964525567));
#5303 = CARTESIAN_POINT('',(0.201224241553,57.764383982725));
#5304 = CARTESIAN_POINT('',(0.190227048852,57.535445591999));
#5305 = CARTESIAN_POINT('',(0.179934976399,57.301989292433));
#5306 = CARTESIAN_POINT('',(0.170283587039,57.064862861769));
#5307 = CARTESIAN_POINT('',(0.161222292453,56.824696665388));
#5308 = CARTESIAN_POINT('',(0.15271250033,56.581912757702));
#5309 = CARTESIAN_POINT('',(0.140585808475,56.209599199174));
#5310 = CARTESIAN_POINT('',(0.136586431497,56.081840923082));
#5311 = CARTESIAN_POINT('',(0.13272506148,55.953499957336));
#5312 = CARTESIAN_POINT('',(0.12899917964,55.824614018807));
#5313 = CARTESIAN_POINT('',(0.125407261014,55.695215369012));
#5314 = CARTESIAN_POINT('',(0.121948813779,55.565330675525));
#5315 = CARTESIAN_POINT('',(0.114591854712,55.276863722034));
#5316 = CARTESIAN_POINT('',(0.110756734189,55.118068708161));
#5317 = CARTESIAN_POINT('',(0.107119947184,54.958628462489));
#5318 = CARTESIAN_POINT('',(0.10368544874,54.798573432766));
#5319 = CARTESIAN_POINT('',(0.100460126983,54.63793211286));
#5320 = CARTESIAN_POINT('',(9.745520340561E-02,54.476727193892));
#5321 = CARTESIAN_POINT('',(9.235798867755E-02,54.178639046688));
#5322 = CARTESIAN_POINT('',(9.019681103226E-02,54.041935273285));
#5323 = CARTESIAN_POINT('',(8.82164683045E-02,53.904845127272));
#5324 = CARTESIAN_POINT('',(8.643182821254E-02,53.767375199404));
#5325 = CARTESIAN_POINT('',(8.486446090189E-02,53.629546422627));
#5326 = CARTESIAN_POINT('',(8.354289974261E-02,53.491393147404));
#5327 = CARTESIAN_POINT('',(8.204680134894E-02,53.289508835839));
#5328 = CARTESIAN_POINT('',(8.163880495288E-02,53.22601869865));
#5329 = CARTESIAN_POINT('',(8.129763911977E-02,53.162472883573));
#5330 = CARTESIAN_POINT('',(8.102912675592E-02,53.098878513972));
#5331 = CARTESIAN_POINT('',(8.084028229305E-02,53.035247994691));
#5332 = CARTESIAN_POINT('',(8.073994765685E-02,52.971598742541));
#5333 = CARTESIAN_POINT('',(8.073994765685E-02,52.90795274387));
#5334 = ( GEOMETRIC_REPRESENTATION_CONTEXT(2) 
PARAMETRIC_REPRESENTATION_CONTEXT() REPRESENTATION_CONTEXT('2D SPACE',''
  ) );
#5335 = PCURVE('',#5336,#5364);
#5336 = B_SPLINE_SURFACE_WITH_KNOTS('',8,2,(
    (#5337,#5338,#5339)
    ,(#5340,#5341,#5342)
    ,(#5343,#5344,#5345)
    ,(#5346,#5347,#5348)
    ,(#5349,#5350,#5351)
    ,(#5352,#5353,#5354)
    ,(#5355,#5356,#5357)
    ,(#5358,#5359,#5360)
    ,(#5361,#5362,#5363
  )),.UNSPECIFIED.,.F.,.F.,.F.,(9,9),(3,3),(5.,6.),(0.,1.),
  .PIECEWISE_BEZIER_KNOTS.);
#5337 = CARTESIAN_POINT('',(14.,125.6,12.));
#5338 = CARTESIAN_POINT('',(17.91179400264,128.56235925761,
    17.310527867443));
#5339 = CARTESIAN_POINT('',(15.9,121.,22.));
#5340 = CARTESIAN_POINT('',(14.,126.85663706143,12.));
#5341 = CARTESIAN_POINT('',(17.91179400264,129.93527353789,
    17.310527867443));
#5342 = CARTESIAN_POINT('',(15.9,122.84568568398,22.));
#5343 = CARTESIAN_POINT('',(13.718010950648,128.11327451842,12.));
#5344 = CARTESIAN_POINT('',(17.60371237381,131.30818825032,
    17.310527867443));
#5345 = CARTESIAN_POINT('',(15.485828583765,124.69137194894,22.));
#5346 = CARTESIAN_POINT('',(13.154035621577,129.29608469974,12.));
#5347 = CARTESIAN_POINT('',(16.987552142056,132.6004444145,
    17.310527867443));
#5348 = CARTESIAN_POINT('',(14.657489819192,126.42862440275,22.));
#5349 = CARTESIAN_POINT('',(12.331256036991,130.33125603699,12.));
#5350 = CARTESIAN_POINT('',(16.088640375197,133.73140064288,
    17.310527867443));
#5351 = CARTESIAN_POINT('',(13.449032304331,127.94903230433,22.));
#5352 = CARTESIAN_POINT('',(11.296084699744,131.15403562157,12.));
#5353 = CARTESIAN_POINT('',(14.957684146823,134.63031240974,
    17.310527867443));
#5354 = CARTESIAN_POINT('',(11.92862440275,129.15748981919,22.));
#5355 = CARTESIAN_POINT('',(10.113274518427,131.71801095064,12.));
#5356 = CARTESIAN_POINT('',(13.665427982638,135.24647264149,
    17.310527867443));
#5357 = CARTESIAN_POINT('',(10.19137194894,129.98582858376,22.));
#5358 = CARTESIAN_POINT('',(8.856637061436,132.,12.));
#5359 = CARTESIAN_POINT('',(12.292513270207,135.55455427032,
    17.310527867443));
#5360 = CARTESIAN_POINT('',(8.345685683984,130.4,22.));
#5361 = CARTESIAN_POINT('',(7.6,132.,12.));
#5362 = CARTESIAN_POINT('',(10.919598989933,135.55455427032,
    17.310527867443));
#5363 = CARTESIAN_POINT('',(6.5,130.4,22.));
#5364 = DEFINITIONAL_REPRESENTATION('',(#5365),#5440);
#5365 = B_SPLINE_CURVE_WITH_KNOTS('',7,(#5366,#5367,#5368,#5369,#5370,
    #5371,#5372,#5373,#5374,#5375,#5376,#5377,#5378,#5379,#5380,#5381,
    #5382,#5383,#5384,#5385,#5386,#5387,#5388,#5389,#5390,#5391,#5392,
    #5393,#5394,#5395,#5396,#5397,#5398,#5399,#5400,#5401,#5402,#5403,
    #5404,#5405,#5406,#5407,#5408,#5409,#5410,#5411,#5412,#5413,#5414,
    #5415,#5416,#5417,#5418,#5419,#5420,#5421,#5422,#5423,#5424,#5425,
    #5426,#5427,#5428,#5429,#5430,#5431,#5432,#5433,#5434,#5435,#5436,
    #5437,#5438,#5439),.UNSPECIFIED.,.F.,.F.,(8,6,6,6,6,6,6,6,6,6,6,6,8)
  ,(0.,0.148599338573,0.195886233362,0.2737927319,0.330124146108,
    0.358601188805,0.415952453808,0.531790978113,0.69211054512,
    0.775240295565,0.876078494897,0.961063455928,1.),.UNSPECIFIED.);
#5366 = CARTESIAN_POINT('',(5.360971089383,0.));
#5367 = CARTESIAN_POINT('',(5.35881095887,2.189316835216E-02));
#5368 = CARTESIAN_POINT('',(5.356833545054,4.447713887991E-02));
#5369 = CARTESIAN_POINT('',(5.354962405816,6.786191320831E-02));
#5370 = CARTESIAN_POINT('',(5.353117781957,9.214027128004E-02));
#5371 = CARTESIAN_POINT('',(5.351206676793,0.117388190593));
#5372 = CARTESIAN_POINT('',(5.349117792585,0.14366317758));
#5373 = CARTESIAN_POINT('',(5.345958725734,0.179699726269));
#5374 = CARTESIAN_POINT('',(5.345165271762,0.188503143918));
#5375 = CARTESIAN_POINT('',(5.344336996889,0.197409929789));
#5376 = CARTESIAN_POINT('',(5.343469858276,0.206417804191));
#5377 = CARTESIAN_POINT('',(5.342559851023,0.215522852379));
#5378 = CARTESIAN_POINT('',(5.341603123943,0.224719334899));
#5379 = CARTESIAN_POINT('',(5.33893698723,0.249288829404));
#5380 = CARTESIAN_POINT('',(5.337140693251,0.264811369049));
#5381 = CARTESIAN_POINT('',(5.335192143506,0.280523064848));
#5382 = CARTESIAN_POINT('',(5.333078382262,0.296369154123));
#5383 = CARTESIAN_POINT('',(5.330790565585,0.312283651635));
#5384 = CARTESIAN_POINT('',(5.328326311611,0.328188955731));
#5385 = CARTESIAN_POINT('',(5.323787918311,0.35542477417));
#5386 = CARTESIAN_POINT('',(5.321794172828,0.366805775466));
#5387 = CARTESIAN_POINT('',(5.319713359679,0.378106164648));
#5388 = CARTESIAN_POINT('',(5.317548912393,0.389297624281));
#5389 = CARTESIAN_POINT('',(5.31530530664,0.400355630776));
#5390 = CARTESIAN_POINT('',(5.312987861505,0.411259153883));
#5391 = CARTESIAN_POINT('',(5.309396697068,0.427415267127));
#5392 = CARTESIAN_POINT('',(5.308173425246,0.432796503236));
#5393 = CARTESIAN_POINT('',(5.306933431919,0.438132010177));
#5394 = CARTESIAN_POINT('',(5.305677426321,0.443420071056));
#5395 = CARTESIAN_POINT('',(5.30440611098,0.448659279279));
#5396 = CARTESIAN_POINT('',(5.303120172403,0.453848511427));
#5397 = CARTESIAN_POINT('',(5.299202340261,0.469335344518));
#5398 = CARTESIAN_POINT('',(5.2965278777,0.479477148135));
#5399 = CARTESIAN_POINT('',(5.293802131264,0.48940603515));
#5400 = CARTESIAN_POINT('',(5.291030003483,0.499119263366));
#5401 = CARTESIAN_POINT('',(5.288215898718,0.508617039345));
#5402 = CARTESIAN_POINT('',(5.285363569655,0.517901933526));
#5403 = CARTESIAN_POINT('',(5.276643555377,0.545310800454));
#5404 = CARTESIAN_POINT('',(5.270669806081,0.562784567215));
#5405 = CARTESIAN_POINT('',(5.264576300163,0.579446948803));
#5406 = CARTESIAN_POINT('',(5.258379972559,0.595346009754));
#5407 = CARTESIAN_POINT('',(5.252092234543,0.610530535388));
#5408 = CARTESIAN_POINT('',(5.245718151068,0.625049855069));
#5409 = CARTESIAN_POINT('',(5.230311648805,0.658195981171));
#5410 = CARTESIAN_POINT('',(5.221204797083,0.676245189521));
#5411 = CARTESIAN_POINT('',(5.211934499142,0.693225646252));
#5412 = CARTESIAN_POINT('',(5.202494607534,0.709221898328));
#5413 = CARTESIAN_POINT('',(5.192871453363,0.724300425711));
#5414 = CARTESIAN_POINT('',(5.183042445864,0.738511683068));
#5415 = CARTESIAN_POINT('',(5.167747278702,0.758827159944));
#5416 = CARTESIAN_POINT('',(5.162459839195,0.765539276608));
#5417 = CARTESIAN_POINT('',(5.157103003308,0.77203064446));
#5418 = CARTESIAN_POINT('',(5.151671434713,0.778304025792));
#5419 = CARTESIAN_POINT('',(5.146158900059,0.784360655401));
#5420 = CARTESIAN_POINT('',(5.140557966467,0.790200137123));
#5421 = CARTESIAN_POINT('',(5.127947576395,0.802637769387));
#5422 = CARTESIAN_POINT('',(5.120892479046,0.809132216281));
#5423 = CARTESIAN_POINT('',(5.113678304827,0.81530013067));
#5424 = CARTESIAN_POINT('',(5.106285512219,0.821132960533));
#5425 = CARTESIAN_POINT('',(5.098690797009,0.826617304126));
#5426 = CARTESIAN_POINT('',(5.090864104979,0.831732463534));
#5427 = CARTESIAN_POINT('',(5.075935471338,0.840417393757));
#5428 = CARTESIAN_POINT('',(5.068913974157,0.844103145508));
#5429 = CARTESIAN_POINT('',(5.061672106978,0.847483268813));
#5430 = CARTESIAN_POINT('',(5.054178629434,0.850531528034));
#5431 = CARTESIAN_POINT('',(5.046392542075,0.85321026026));
#5432 = CARTESIAN_POINT('',(5.038262238736,0.855469896825));
#5433 = CARTESIAN_POINT('',(5.025778421095,0.858028686395));
#5434 = CARTESIAN_POINT('',(5.021765791692,0.858726620587));
#5435 = CARTESIAN_POINT('',(5.017654632541,0.859310323949));
#5436 = CARTESIAN_POINT('',(5.013435236858,0.859769778842));
#5437 = CARTESIAN_POINT('',(5.0090963313,0.860092935423));
#5438 = CARTESIAN_POINT('',(5.004624035815,0.860264631463));
#5439 = CARTESIAN_POINT('',(5.,0.860264631463));
#5440 = ( GEOMETRIC_REPRESENTATION_CONTEXT(2) 
PARAMETRIC_REPRESENTATION_CONTEXT() REPRESENTATION_CONTEXT('2D SPACE',''
  ) );
#5441 = ORIENTED_EDGE('',*,*,#5442,.T.);
#5442 = EDGE_CURVE('',#5179,#5443,#5445,.T.);
#5443 = VERTEX_POINT('',#5444);
#5444 = CARTESIAN_POINT('',(15.263027222671,136.,16.));
#5445 = SURFACE_CURVE('',#5446,(#5450,#5456),.PCURVE_S1.);
#5446 = LINE('',#5447,#5448);
#5447 = CARTESIAN_POINT('',(15.263027222671,70.,16.));
#5448 = VECTOR('',#5449,1.);
#5449 = DIRECTION('',(0.,1.,1.110223024625E-16));
#5450 = PCURVE('',#1916,#5451);
#5451 = DEFINITIONAL_REPRESENTATION('',(#5452),#5455);
#5452 = B_SPLINE_CURVE_WITH_KNOTS('',1,(#5453,#5454),.UNSPECIFIED.,.F.,
  .F.,(2,2),(-5.999999928008E-07,72.6),.PIECEWISE_BEZIER_KNOTS.);
#5453 = CARTESIAN_POINT('',(0.374549887126,-5.999999934669E-07));
#5454 = CARTESIAN_POINT('',(0.374549887126,72.6));
#5455 = ( GEOMETRIC_REPRESENTATION_CONTEXT(2) 
PARAMETRIC_REPRESENTATION_CONTEXT() REPRESENTATION_CONTEXT('2D SPACE',''
  ) );
#5456 = PCURVE('',#4936,#5457);
#5457 = DEFINITIONAL_REPRESENTATION('',(#5458),#5461);
#5458 = B_SPLINE_CURVE_WITH_KNOTS('',1,(#5459,#5460),.UNSPECIFIED.,.F.,
  .F.,(2,2),(-5.999999928008E-07,72.6),.PIECEWISE_BEZIER_KNOTS.);
#5459 = CARTESIAN_POINT('',(38.263027222671,-5.999999928008E-07));
#5460 = CARTESIAN_POINT('',(38.263027222671,72.6));
#5461 = ( GEOMETRIC_REPRESENTATION_CONTEXT(2) 
PARAMETRIC_REPRESENTATION_CONTEXT() REPRESENTATION_CONTEXT('2D SPACE',''
  ) );
#5462 = ORIENTED_EDGE('',*,*,#5463,.T.);
#5463 = EDGE_CURVE('',#5443,#2644,#5464,.T.);
#5464 = SURFACE_CURVE('',#5465,(#5470,#5477),.PCURVE_S1.);
#5465 = CIRCLE('',#5466,16.4);
#5466 = AXIS2_PLACEMENT_3D('',#5467,#5468,#5469);
#5467 = CARTESIAN_POINT('',(0.,136.,22.));
#5468 = DIRECTION('',(0.,1.,1.110223024625E-16));
#5469 = DIRECTION('',(1.,0.,-0.));
#5470 = PCURVE('',#1916,#5471);
#5471 = DEFINITIONAL_REPRESENTATION('',(#5472),#5476);
#5472 = LINE('',#5473,#5474);
#5473 = CARTESIAN_POINT('',(0.,66.));
#5474 = VECTOR('',#5475,1.);
#5475 = DIRECTION('',(1.,0.));
#5476 = ( GEOMETRIC_REPRESENTATION_CONTEXT(2) 
PARAMETRIC_REPRESENTATION_CONTEXT() REPRESENTATION_CONTEXT('2D SPACE',''
  ) );
#5477 = PCURVE('',#2659,#5478);
#5478 = DEFINITIONAL_REPRESENTATION('',(#5479),#5483);
#5479 = CIRCLE('',#5480,16.4);
#5480 = AXIS2_PLACEMENT_2D('',#5481,#5482);
#5481 = CARTESIAN_POINT('',(10.,23.));
#5482 = DIRECTION('',(0.,1.));
#5483 = ( GEOMETRIC_REPRESENTATION_CONTEXT(2) 
PARAMETRIC_REPRESENTATION_CONTEXT() REPRESENTATION_CONTEXT('2D SPACE',''
  ) );
#5484 = ORIENTED_EDGE('',*,*,#3834,.T.);
#5485 = ORIENTED_EDGE('',*,*,#5486,.T.);
#5486 = EDGE_CURVE('',#2509,#5487,#5489,.T.);
#5487 = VERTEX_POINT('',#5488);
#5488 = CARTESIAN_POINT('',(-15.26302722267,136.,16.));
#5489 = SURFACE_CURVE('',#5490,(#5495,#5502),.PCURVE_S1.);
#5490 = CIRCLE('',#5491,16.4);
#5491 = AXIS2_PLACEMENT_3D('',#5492,#5493,#5494);
#5492 = CARTESIAN_POINT('',(0.,136.,22.));
#5493 = DIRECTION('',(0.,1.,1.110223024625E-16));
#5494 = DIRECTION('',(1.,0.,-0.));
#5495 = PCURVE('',#1916,#5496);
#5496 = DEFINITIONAL_REPRESENTATION('',(#5497),#5501);
#5497 = LINE('',#5498,#5499);
#5498 = CARTESIAN_POINT('',(0.,66.));
#5499 = VECTOR('',#5500,1.);
#5500 = DIRECTION('',(1.,0.));
#5501 = ( GEOMETRIC_REPRESENTATION_CONTEXT(2) 
PARAMETRIC_REPRESENTATION_CONTEXT() REPRESENTATION_CONTEXT('2D SPACE',''
  ) );
#5502 = PCURVE('',#2547,#5503);
#5503 = DEFINITIONAL_REPRESENTATION('',(#5504),#5508);
#5504 = CIRCLE('',#5505,16.4);
#5505 = AXIS2_PLACEMENT_2D('',#5506,#5507);
#5506 = CARTESIAN_POINT('',(10.,23.));
#5507 = DIRECTION('',(0.,1.));
#5508 = ( GEOMETRIC_REPRESENTATION_CONTEXT(2) 
PARAMETRIC_REPRESENTATION_CONTEXT() REPRESENTATION_CONTEXT('2D SPACE',''
  ) );
#5509 = ORIENTED_EDGE('',*,*,#5510,.F.);
#5510 = EDGE_CURVE('',#5511,#5487,#5513,.T.);
#5511 = VERTEX_POINT('',#5512);
#5512 = CARTESIAN_POINT('',(-15.26302722688,129.73603234478,
    15.999999998877));
#5513 = SURFACE_CURVE('',#5514,(#5518,#5524),.PCURVE_S1.);
#5514 = LINE('',#5515,#5516);
#5515 = CARTESIAN_POINT('',(-15.26302722267,70.,16.));
#5516 = VECTOR('',#5517,1.);
#5517 = DIRECTION('',(0.,1.,1.110223024625E-16));
#5518 = PCURVE('',#1916,#5519);
#5519 = DEFINITIONAL_REPRESENTATION('',(#5520),#5523);
#5520 = B_SPLINE_CURVE_WITH_KNOTS('',1,(#5521,#5522),.UNSPECIFIED.,.F.,
  .F.,(2,2),(-5.999999928008E-07,72.6),.PIECEWISE_BEZIER_KNOTS.);
#5521 = CARTESIAN_POINT('',(2.767042766464,-5.999999934669E-07));
#5522 = CARTESIAN_POINT('',(2.767042766464,72.6));
#5523 = ( GEOMETRIC_REPRESENTATION_CONTEXT(2) 
PARAMETRIC_REPRESENTATION_CONTEXT() REPRESENTATION_CONTEXT('2D SPACE',''
  ) );
#5524 = PCURVE('',#4834,#5525);
#5525 = DEFINITIONAL_REPRESENTATION('',(#5526),#5529);
#5526 = B_SPLINE_CURVE_WITH_KNOTS('',1,(#5527,#5528),.UNSPECIFIED.,.F.,
  .F.,(2,2),(-5.999999928008E-07,72.6),.PIECEWISE_BEZIER_KNOTS.);
#5527 = CARTESIAN_POINT('',(7.736972777329,-5.999999928008E-07));
#5528 = CARTESIAN_POINT('',(7.736972777329,72.6));
#5529 = ( GEOMETRIC_REPRESENTATION_CONTEXT(2) 
PARAMETRIC_REPRESENTATION_CONTEXT() REPRESENTATION_CONTEXT('2D SPACE',''
  ) );
#5530 = ORIENTED_EDGE('',*,*,#5531,.T.);
#5531 = EDGE_CURVE('',#5511,#5532,#5534,.T.);
#5532 = VERTEX_POINT('',#5533);
#5533 = CARTESIAN_POINT('',(-16.346573732,122.90795274387,
    20.677303048976));
#5534 = SURFACE_CURVE('',#5535,(#5610,#5688),.PCURVE_S1.);
#5535 = B_SPLINE_CURVE_WITH_KNOTS('',7,(#5536,#5537,#5538,#5539,#5540,
    #5541,#5542,#5543,#5544,#5545,#5546,#5547,#5548,#5549,#5550,#5551,
    #5552,#5553,#5554,#5555,#5556,#5557,#5558,#5559,#5560,#5561,#5562,
    #5563,#5564,#5565,#5566,#5567,#5568,#5569,#5570,#5571,#5572,#5573,
    #5574,#5575,#5576,#5577,#5578,#5579,#5580,#5581,#5582,#5583,#5584,
    #5585,#5586,#5587,#5588,#5589,#5590,#5591,#5592,#5593,#5594,#5595,
    #5596,#5597,#5598,#5599,#5600,#5601,#5602,#5603,#5604,#5605,#5606,
    #5607,#5608,#5609),.UNSPECIFIED.,.F.,.F.,(8,6,6,6,6,6,6,6,6,6,6,6,8)
  ,(0.,0.148599338573,0.195886233362,0.2737927319,0.330124146108,
    0.358601188805,0.415952453808,0.531790978113,0.692110545121,
    0.775240295565,0.876078494897,0.961063455928,1.),.UNSPECIFIED.);
#5536 = CARTESIAN_POINT('',(-12.99846144741,129.03753021534,12.));
#5537 = CARTESIAN_POINT('',(-13.17735074306,129.16285081552,
    12.232528561282));
#5538 = CARTESIAN_POINT('',(-13.35362526451,129.28335394841,
    12.471699615519));
#5539 = CARTESIAN_POINT('',(-13.52777376839,129.39790396948,
    12.718602443384));
#5540 = CARTESIAN_POINT('',(-13.69992199543,129.50482177739,
    12.974119249085));
#5541 = CARTESIAN_POINT('',(-13.86991015315,129.60181507045,
    13.23893045839));
#5542 = CARTESIAN_POINT('',(-14.03735378792,129.68594874228,
    13.513500712831));
#5543 = CARTESIAN_POINT('',(-14.25398206639,129.77520085856,
    13.888592680888));
#5544 = CARTESIAN_POINT('',(-14.30594094561,129.7950744108,
    13.980114739738));
#5545 = CARTESIAN_POINT('',(-14.35753609904,129.81315943886,
    14.072598342772));
#5546 = CARTESIAN_POINT('',(-14.40873091367,129.82933166622,
    14.166014987755));
#5547 = CARTESIAN_POINT('',(-14.45948148717,129.84346339662,
    14.260319340338));
#5548 = CARTESIAN_POINT('',(-14.50973736665,129.85542773628,
    14.355447510276));
#5549 = CARTESIAN_POINT('',(-14.64133255194,129.88104278411,
    14.60926027219));
#5550 = CARTESIAN_POINT('',(-14.72175986458,129.89077547773,
    14.769275591624));
#5551 = CARTESIAN_POINT('',(-14.8004189972,129.89373950192,
    14.930887639343));
#5552 = CARTESIAN_POINT('',(-14.87699493491,129.88944390754,
    15.093517455907));
#5553 = CARTESIAN_POINT('',(-14.95117796742,129.87753239367,
    15.256478547839));
#5554 = CARTESIAN_POINT('',(-15.02267553204,129.85785519114,
    15.418975695339));
#5555 = CARTESIAN_POINT('',(-15.14078345577,129.81080422369,
    15.696611497408));
#5556 = CARTESIAN_POINT('',(-15.18881719202,129.78706510592,
    15.812437562397));
#5557 = CARTESIAN_POINT('',(-15.23522623133,129.75937575835,
    15.927255478408));
#5558 = CARTESIAN_POINT('',(-15.27995179666,129.7278426329,
    16.040782641289));
#5559 = CARTESIAN_POINT('',(-15.32296541968,129.69262240969,
    16.152777584815));
#5560 = CARTESIAN_POINT('',(-15.36426224095,129.65391025775,
    16.263036217264));
#5561 = CARTESIAN_POINT('',(-15.42386916429,129.59070498517,
    16.426162823331));
#5562 = CARTESIAN_POINT('',(-15.44344971912,129.56864477857,
    16.480453960484));
#5563 = CARTESIAN_POINT('',(-15.46259845255,129.54577496502,
    16.53424196476));
#5564 = CARTESIAN_POINT('',(-15.48131937936,129.52212396127,
    16.587510816951));
#5565 = CARTESIAN_POINT('',(-15.49961779722,129.49772066415,
    16.640247684381));
#5566 = CARTESIAN_POINT('',(-15.51750003264,129.47259400307,
    16.692442621944));
#5567 = CARTESIAN_POINT('',(-15.57016319999,129.39476932934,
    16.848099896137));
#5568 = CARTESIAN_POINT('',(-15.6036924585,129.33994968573,
    16.949879380013));
#5569 = CARTESIAN_POINT('',(-15.63562239853,129.2825444556,
    17.049374867982));
#5570 = CARTESIAN_POINT('',(-15.6660238825,129.22277749382,
    17.146570102512));
#5571 = CARTESIAN_POINT('',(-15.69497353559,129.16085922882,
    17.241478195143));
#5572 = CARTESIAN_POINT('',(-15.72255008214,129.09698027527,
    17.334135396304));
#5573 = CARTESIAN_POINT('',(-15.80191243901,128.89865371731,
    17.607305593078));
#5574 = CARTESIAN_POINT('',(-15.8496845137,128.75873350363,
    17.780970689576));
#5575 = CARTESIAN_POINT('',(-15.89282362155,128.61284782629,
    17.946144225689));
#5576 = CARTESIAN_POINT('',(-15.9319003338,128.46206748456,
    18.103374051029));
#5577 = CARTESIAN_POINT('',(-15.96740192965,128.30723455676,
    18.253203445882));
#5578 = CARTESIAN_POINT('',(-15.99974869044,128.14896452556,
    18.396170803078));
#5579 = CARTESIAN_POINT('',(-16.07020743816,127.76438398272,
    18.721911184916));
#5580 = CARTESIAN_POINT('',(-16.10573412931,127.535445592,
    18.898751486972));
#5581 = CARTESIAN_POINT('',(-16.13683913465,127.30198929242,
    19.064671885434));
#5582 = CARTESIAN_POINT('',(-16.16418990196,127.06486286177,
    19.220591352477));
#5583 = CARTESIAN_POINT('',(-16.1883204601,126.82469666538,
    19.367235836774));
#5584 = CARTESIAN_POINT('',(-16.20965554733,126.5819127577,
    19.505161413666));
#5585 = CARTESIAN_POINT('',(-16.23833808541,126.20959919917,
    19.701959965561));
#5586 = CARTESIAN_POINT('',(-16.24747294159,126.08184092308,
    19.766911340695));
#5587 = CARTESIAN_POINT('',(-16.25599635434,125.95349995733,
    19.829662693154));
#5588 = CARTESIAN_POINT('',(-16.26395041824,125.8246140188,
    19.890248282982));
#5589 = CARTESIAN_POINT('',(-16.27137223008,125.69521536901,
    19.948687099763));
#5590 = CARTESIAN_POINT('',(-16.27829461862,125.56533067552,
    20.004982018008));
#5591 = CARTESIAN_POINT('',(-16.29257360104,125.27686372203,
    20.124788234184));
#5592 = CARTESIAN_POINT('',(-16.29970817128,125.11806870816,
    20.187279021817));
#5593 = CARTESIAN_POINT('',(-16.30620305439,124.95862846248,
    20.246568592369));
#5594 = CARTESIAN_POINT('',(-16.31210147465,124.79857343276,
    20.30258547839));
#5595 = CARTESIAN_POINT('',(-16.3174393145,124.63793211286,
    20.355211255307));
#5596 = CARTESIAN_POINT('',(-16.32224443376,124.47672719389,
    20.404257398987));
#5597 = CARTESIAN_POINT('',(-16.33014808717,124.17863904668,
    20.487477245516));
#5598 = CARTESIAN_POINT('',(-16.3333956616,124.04193527328,
    20.522771615292));
#5599 = CARTESIAN_POINT('',(-16.33628645873,123.90484512727,
    20.555120490462));
#5600 = CARTESIAN_POINT('',(-16.33882452429,123.7673751994,
    20.58427844287));
#5601 = CARTESIAN_POINT('',(-16.34100419222,123.62954642262,
    20.609890730534));
#5602 = CARTESIAN_POINT('',(-16.34281066961,123.4913931474,20.6314889275
    ));
#5603 = CARTESIAN_POINT('',(-16.34483300806,123.28950883583,
    20.655941455249));
#5604 = CARTESIAN_POINT('',(-16.34538029817,123.22601869865,
    20.662610177615));
#5605 = CARTESIAN_POINT('',(-16.34583504861,123.16247288357,
    20.668186787356));
#5606 = CARTESIAN_POINT('',(-16.34619122829,123.09887851397,
    20.672575962153));
#5607 = CARTESIAN_POINT('',(-16.34644102231,123.03524799469,
    20.67566292122));
#5608 = CARTESIAN_POINT('',(-16.346573732,122.97159874254,
    20.677303048976));
#5609 = CARTESIAN_POINT('',(-16.346573732,122.90795274387,
    20.677303048976));
#5610 = PCURVE('',#1916,#5611);
#5611 = DEFINITIONAL_REPRESENTATION('',(#5612),#5687);
#5612 = B_SPLINE_CURVE_WITH_KNOTS('',7,(#5613,#5614,#5615,#5616,#5617,
    #5618,#5619,#5620,#5621,#5622,#5623,#5624,#5625,#5626,#5627,#5628,
    #5629,#5630,#5631,#5632,#5633,#5634,#5635,#5636,#5637,#5638,#5639,
    #5640,#5641,#5642,#5643,#5644,#5645,#5646,#5647,#5648,#5649,#5650,
    #5651,#5652,#5653,#5654,#5655,#5656,#5657,#5658,#5659,#5660,#5661,
    #5662,#5663,#5664,#5665,#5666,#5667,#5668,#5669,#5670,#5671,#5672,
    #5673,#5674,#5675,#5676,#5677,#5678,#5679,#5680,#5681,#5682,#5683,
    #5684,#5685,#5686),.UNSPECIFIED.,.F.,.F.,(8,6,6,6,6,6,6,6,6,6,6,6,8)
  ,(0.,0.148599338573,0.195886233362,0.2737927319,0.330124146108,
    0.358601188805,0.415952453808,0.531790978113,0.692110545121,
    0.775240295565,0.876078494897,0.961063455928,1.),.UNSPECIFIED.);
#5613 = CARTESIAN_POINT('',(2.485839827832,59.03753021534));
#5614 = CARTESIAN_POINT('',(2.503728757397,59.162850815527));
#5615 = CARTESIAN_POINT('',(2.521841490628,59.283353948411));
#5616 = CARTESIAN_POINT('',(2.540258196949,59.39790396948));
#5617 = CARTESIAN_POINT('',(2.559036585893,59.504821777398));
#5618 = CARTESIAN_POINT('',(2.578216147976,59.601815070458));
#5619 = CARTESIAN_POINT('',(2.597820275489,59.685948742289));
#5620 = CARTESIAN_POINT('',(2.624232063076,59.77520085856));
#5621 = CARTESIAN_POINT('',(2.630649122203,59.795074410801));
#5622 = CARTESIAN_POINT('',(2.637106283109,59.813159438869));
#5623 = CARTESIAN_POINT('',(2.643601374487,59.829331666225));
#5624 = CARTESIAN_POINT('',(2.65013113545,59.843463396622));
#5625 = CARTESIAN_POINT('',(2.656691139765,59.855427736286));
#5626 = CARTESIAN_POINT('',(2.674124002708,59.881042784112));
#5627 = CARTESIAN_POINT('',(2.685043300587,59.890775477737));
#5628 = CARTESIAN_POINT('',(2.696001490251,59.893739501925));
#5629 = CARTESIAN_POINT('',(2.706960603706,59.889443907548));
#5630 = CARTESIAN_POINT('',(2.717876960668,59.877532393678));
#5631 = CARTESIAN_POINT('',(2.728701199694,59.857855191144));
#5632 = CARTESIAN_POINT('',(2.747098372832,59.810804223696));
#5633 = CARTESIAN_POINT('',(2.754743850772,59.787065105924));
#5634 = CARTESIAN_POINT('',(2.762294738786,59.759375758359));
#5635 = CARTESIAN_POINT('',(2.769734453331,59.727842632904));
#5636 = CARTESIAN_POINT('',(2.777049342806,59.692622409696));
#5637 = CARTESIAN_POINT('',(2.784228299755,59.65391025775));
#5638 = CARTESIAN_POINT('',(2.794818286052,59.590704985177));
#5639 = CARTESIAN_POINT('',(2.798337411965,59.568644778579));
#5640 = CARTESIAN_POINT('',(2.801818759137,59.545774965021));
#5641 = CARTESIAN_POINT('',(2.805261560619,59.522123961272));
#5642 = CARTESIAN_POINT('',(2.808665251947,59.497720664159));
#5643 = CARTESIAN_POINT('',(2.812029448903,59.472594003073));
#5644 = CARTESIAN_POINT('',(2.822049245675,59.394769329345));
#5645 = CARTESIAN_POINT('',(2.828583184912,59.33994968573));
#5646 = CARTESIAN_POINT('',(2.834954439789,59.282544455604));
#5647 = CARTESIAN_POINT('',(2.841163837907,59.222777493824));
#5648 = CARTESIAN_POINT('',(2.847213923221,59.160859228821));
#5649 = CARTESIAN_POINT('',(2.853108541597,59.096980275275));
#5650 = CARTESIAN_POINT('',(2.870453968841,58.898653717313));
#5651 = CARTESIAN_POINT('',(2.881435524033,58.758733503633));
#5652 = CARTESIAN_POINT('',(2.891843591622,58.612847826294));
#5653 = CARTESIAN_POINT('',(2.901721296144,58.462067484569));
#5654 = CARTESIAN_POINT('',(2.911109394076,58.307234556764));
#5655 = CARTESIAN_POINT('',(2.920046856639,58.148964525568));
#5656 = CARTESIAN_POINT('',(2.940368412037,57.764383982724));
#5657 = CARTESIAN_POINT('',(2.951365604738,57.535445592001));
#5658 = CARTESIAN_POINT('',(2.961657677191,57.301989292429));
#5659 = CARTESIAN_POINT('',(2.971309066551,57.064862861772));
#5660 = CARTESIAN_POINT('',(2.980370361137,56.824696665386));
#5661 = CARTESIAN_POINT('',(2.98888015326,56.581912757702));
#5662 = CARTESIAN_POINT('',(3.001006845115,56.209599199174));
#5663 = CARTESIAN_POINT('',(3.005006222093,56.081840923082));
#5664 = CARTESIAN_POINT('',(3.00886759211,55.953499957336));
#5665 = CARTESIAN_POINT('',(3.01259347395,55.824614018807));
#5666 = CARTESIAN_POINT('',(3.016185392576,55.695215369012));
#5667 = CARTESIAN_POINT('',(3.019643839811,55.565330675525));
#5668 = CARTESIAN_POINT('',(3.027000798878,55.276863722034));
#5669 = CARTESIAN_POINT('',(3.030835919401,55.118068708161));
#5670 = CARTESIAN_POINT('',(3.034472706406,54.958628462489));
#5671 = CARTESIAN_POINT('',(3.037907204849,54.798573432767));
#5672 = CARTESIAN_POINT('',(3.041132526607,54.63793211286));
#5673 = CARTESIAN_POINT('',(3.044137450184,54.476727193892));
#5674 = CARTESIAN_POINT('',(3.049234664912,54.178639046688));
#5675 = CARTESIAN_POINT('',(3.051395842558,54.041935273285));
#5676 = CARTESIAN_POINT('',(3.053376185285,53.904845127272));
#5677 = CARTESIAN_POINT('',(3.055160825377,53.767375199404));
#5678 = CARTESIAN_POINT('',(3.056728192688,53.629546422627));
#5679 = CARTESIAN_POINT('',(3.058049753847,53.491393147404));
#5680 = CARTESIAN_POINT('',(3.059545852241,53.289508835839));
#5681 = CARTESIAN_POINT('',(3.059953848637,53.22601869865));
#5682 = CARTESIAN_POINT('',(3.06029501447,53.162472883573));
#5683 = CARTESIAN_POINT('',(3.060563526834,53.098878513972));
#5684 = CARTESIAN_POINT('',(3.060752371297,53.035247994691));
#5685 = CARTESIAN_POINT('',(3.060852705933,52.971598742541));
#5686 = CARTESIAN_POINT('',(3.060852705933,52.90795274387));
#5687 = ( GEOMETRIC_REPRESENTATION_CONTEXT(2) 
PARAMETRIC_REPRESENTATION_CONTEXT() REPRESENTATION_CONTEXT('2D SPACE',''
  ) );
#5688 = PCURVE('',#5689,#5717);
#5689 = B_SPLINE_SURFACE_WITH_KNOTS('',8,2,(
    (#5690,#5691,#5692)
    ,(#5693,#5694,#5695)
    ,(#5696,#5697,#5698)
    ,(#5699,#5700,#5701)
    ,(#5702,#5703,#5704)
    ,(#5705,#5706,#5707)
    ,(#5708,#5709,#5710)
    ,(#5711,#5712,#5713)
    ,(#5714,#5715,#5716
  )),.UNSPECIFIED.,.F.,.F.,.F.,(9,9),(3,3),(7.,8.),(0.,1.),
  .PIECEWISE_BEZIER_KNOTS.);
#5690 = CARTESIAN_POINT('',(-7.6,132.,12.));
#5691 = CARTESIAN_POINT('',(-10.91959898993,135.55455427032,
    17.310527867443));
#5692 = CARTESIAN_POINT('',(-6.5,130.4,22.));
#5693 = CARTESIAN_POINT('',(-8.856637061436,132.,12.));
#5694 = CARTESIAN_POINT('',(-12.2925132702,135.55455427032,
    17.310527867443));
#5695 = CARTESIAN_POINT('',(-8.345685683984,130.4,22.));
#5696 = CARTESIAN_POINT('',(-10.11327451842,131.71801095064,12.));
#5697 = CARTESIAN_POINT('',(-13.66542798263,135.24647264149,
    17.310527867443));
#5698 = CARTESIAN_POINT('',(-10.19137194894,129.98582858376,22.));
#5699 = CARTESIAN_POINT('',(-11.29608469974,131.15403562157,12.));
#5700 = CARTESIAN_POINT('',(-14.95768414682,134.63031240974,
    17.310527867443));
#5701 = CARTESIAN_POINT('',(-11.92862440274,129.15748981919,22.));
#5702 = CARTESIAN_POINT('',(-12.33125603699,130.33125603699,12.));
#5703 = CARTESIAN_POINT('',(-16.08864037519,133.73140064288,
    17.310527867443));
#5704 = CARTESIAN_POINT('',(-13.44903230433,127.94903230433,22.));
#5705 = CARTESIAN_POINT('',(-13.15403562157,129.29608469974,12.));
#5706 = CARTESIAN_POINT('',(-16.98755214205,132.6004444145,
    17.310527867443));
#5707 = CARTESIAN_POINT('',(-14.65748981919,126.42862440275,22.));
#5708 = CARTESIAN_POINT('',(-13.71801095064,128.11327451842,12.));
#5709 = CARTESIAN_POINT('',(-17.60371237381,131.30818825032,
    17.310527867443));
#5710 = CARTESIAN_POINT('',(-15.48582858376,124.69137194894,22.));
#5711 = CARTESIAN_POINT('',(-14.,126.85663706143,12.));
#5712 = CARTESIAN_POINT('',(-17.91179400264,129.93527353789,
    17.310527867443));
#5713 = CARTESIAN_POINT('',(-15.9,122.84568568398,22.));
#5714 = CARTESIAN_POINT('',(-14.,125.6,12.));
#5715 = CARTESIAN_POINT('',(-17.91179400264,128.56235925761,
    17.310527867443));
#5716 = CARTESIAN_POINT('',(-15.9,121.,22.));
#5717 = DEFINITIONAL_REPRESENTATION('',(#5718),#5793);
#5718 = B_SPLINE_CURVE_WITH_KNOTS('',7,(#5719,#5720,#5721,#5722,#5723,
    #5724,#5725,#5726,#5727,#5728,#5729,#5730,#5731,#5732,#5733,#5734,
    #5735,#5736,#5737,#5738,#5739,#5740,#5741,#5742,#5743,#5744,#5745,
    #5746,#5747,#5748,#5749,#5750,#5751,#5752,#5753,#5754,#5755,#5756,
    #5757,#5758,#5759,#5760,#5761,#5762,#5763,#5764,#5765,#5766,#5767,
    #5768,#5769,#5770,#5771,#5772,#5773,#5774,#5775,#5776,#5777,#5778,
    #5779,#5780,#5781,#5782,#5783,#5784,#5785,#5786,#5787,#5788,#5789,
    #5790,#5791,#5792),.UNSPECIFIED.,.F.,.F.,(8,6,6,6,6,6,6,6,6,6,6,6,8)
  ,(0.,0.148599338573,0.195886233362,0.2737927319,0.330124146108,
    0.358601188805,0.415952453808,0.531790978113,0.692110545121,
    0.775240295565,0.876078494897,0.961063455928,1.),.UNSPECIFIED.);
#5719 = CARTESIAN_POINT('',(7.639028910617,0.));
#5720 = CARTESIAN_POINT('',(7.64118904113,2.189316835216E-02));
#5721 = CARTESIAN_POINT('',(7.643166454946,4.447713887991E-02));
#5722 = CARTESIAN_POINT('',(7.645037594184,6.786191320831E-02));
#5723 = CARTESIAN_POINT('',(7.646882218043,9.214027128005E-02));
#5724 = CARTESIAN_POINT('',(7.648793323207,0.117388190593));
#5725 = CARTESIAN_POINT('',(7.650882207415,0.14366317758));
#5726 = CARTESIAN_POINT('',(7.654041274266,0.179699726269));
#5727 = CARTESIAN_POINT('',(7.654834728238,0.188503143918));
#5728 = CARTESIAN_POINT('',(7.655663003111,0.197409929789));
#5729 = CARTESIAN_POINT('',(7.656530141724,0.206417804191));
#5730 = CARTESIAN_POINT('',(7.657440148977,0.215522852379));
#5731 = CARTESIAN_POINT('',(7.658396876057,0.224719334899));
#5732 = CARTESIAN_POINT('',(7.66106301277,0.249288829404));
#5733 = CARTESIAN_POINT('',(7.662859306749,0.264811369049));
#5734 = CARTESIAN_POINT('',(7.664807856494,0.280523064848));
#5735 = CARTESIAN_POINT('',(7.666921617738,0.296369154123));
#5736 = CARTESIAN_POINT('',(7.669209434415,0.312283651635));
#5737 = CARTESIAN_POINT('',(7.671673688389,0.328188955731));
#5738 = CARTESIAN_POINT('',(7.676212081689,0.35542477417));
#5739 = CARTESIAN_POINT('',(7.678205827172,0.366805775466));
#5740 = CARTESIAN_POINT('',(7.680286640321,0.378106164648));
#5741 = CARTESIAN_POINT('',(7.682451087607,0.389297624281));
#5742 = CARTESIAN_POINT('',(7.68469469336,0.400355630776));
#5743 = CARTESIAN_POINT('',(7.687012138495,0.411259153883));
#5744 = CARTESIAN_POINT('',(7.690603302932,0.427415267127));
#5745 = CARTESIAN_POINT('',(7.691826574754,0.432796503236));
#5746 = CARTESIAN_POINT('',(7.693066568081,0.438132010177));
#5747 = CARTESIAN_POINT('',(7.694322573679,0.443420071056));
#5748 = CARTESIAN_POINT('',(7.69559388902,0.448659279279));
#5749 = CARTESIAN_POINT('',(7.696879827597,0.453848511427));
#5750 = CARTESIAN_POINT('',(7.700797659739,0.469335344518));
#5751 = CARTESIAN_POINT('',(7.7034721223,0.479477148135));
#5752 = CARTESIAN_POINT('',(7.706197868736,0.48940603515));
#5753 = CARTESIAN_POINT('',(7.708969996517,0.499119263366));
#5754 = CARTESIAN_POINT('',(7.711784101282,0.508617039345));
#5755 = CARTESIAN_POINT('',(7.714636430345,0.517901933526));
#5756 = CARTESIAN_POINT('',(7.723356444623,0.545310800454));
#5757 = CARTESIAN_POINT('',(7.729330193919,0.562784567215));
#5758 = CARTESIAN_POINT('',(7.735423699837,0.579446948803));
#5759 = CARTESIAN_POINT('',(7.741620027441,0.595346009754));
#5760 = CARTESIAN_POINT('',(7.747907765457,0.610530535388));
#5761 = CARTESIAN_POINT('',(7.754281848932,0.625049855069));
#5762 = CARTESIAN_POINT('',(7.769688351195,0.658195981171));
#5763 = CARTESIAN_POINT('',(7.778795202917,0.676245189521));
#5764 = CARTESIAN_POINT('',(7.788065500858,0.693225646252));
#5765 = CARTESIAN_POINT('',(7.797505392466,0.709221898328));
#5766 = CARTESIAN_POINT('',(7.807128546637,0.724300425711));
#5767 = CARTESIAN_POINT('',(7.816957554136,0.738511683068));
#5768 = CARTESIAN_POINT('',(7.832252721298,0.758827159944));
#5769 = CARTESIAN_POINT('',(7.837540160805,0.765539276608));
#5770 = CARTESIAN_POINT('',(7.842896996692,0.77203064446));
#5771 = CARTESIAN_POINT('',(7.848328565287,0.778304025792));
#5772 = CARTESIAN_POINT('',(7.853841099941,0.784360655401));
#5773 = CARTESIAN_POINT('',(7.859442033533,0.790200137123));
#5774 = CARTESIAN_POINT('',(7.872052423605,0.802637769387));
#5775 = CARTESIAN_POINT('',(7.879107520954,0.809132216281));
#5776 = CARTESIAN_POINT('',(7.886321695173,0.81530013067));
#5777 = CARTESIAN_POINT('',(7.893714487781,0.821132960533));
#5778 = CARTESIAN_POINT('',(7.901309202991,0.826617304126));
#5779 = CARTESIAN_POINT('',(7.909135895021,0.831732463534));
#5780 = CARTESIAN_POINT('',(7.924064528662,0.840417393757));
#5781 = CARTESIAN_POINT('',(7.931086025843,0.844103145508));
#5782 = CARTESIAN_POINT('',(7.938327893022,0.847483268813));
#5783 = CARTESIAN_POINT('',(7.945821370566,0.850531528034));
#5784 = CARTESIAN_POINT('',(7.953607457925,0.85321026026));
#5785 = CARTESIAN_POINT('',(7.961737761264,0.855469896825));
#5786 = CARTESIAN_POINT('',(7.974221578905,0.858028686395));
#5787 = CARTESIAN_POINT('',(7.978234208308,0.858726620587));
#5788 = CARTESIAN_POINT('',(7.982345367459,0.859310323949));
#5789 = CARTESIAN_POINT('',(7.986564763142,0.859769778842));
#5790 = CARTESIAN_POINT('',(7.9909036687,0.860092935423));
#5791 = CARTESIAN_POINT('',(7.995375964185,0.860264631463));
#5792 = CARTESIAN_POINT('',(8.,0.860264631463));
#5793 = ( GEOMETRIC_REPRESENTATION_CONTEXT(2) 
PARAMETRIC_REPRESENTATION_CONTEXT() REPRESENTATION_CONTEXT('2D SPACE',''
  ) );
#5794 = ORIENTED_EDGE('',*,*,#5795,.F.);
#5795 = EDGE_CURVE('',#5796,#5532,#5798,.T.);
#5796 = VERTEX_POINT('',#5797);
#5797 = CARTESIAN_POINT('',(-16.346573732,87.26103067544,20.677303048976
    ));
#5798 = SURFACE_CURVE('',#5799,(#5805,#5814),.PCURVE_S1.);
#5799 = B_SPLINE_CURVE_WITH_KNOTS('',4,(#5800,#5801,#5802,#5803,#5804),
  .UNSPECIFIED.,.F.,.F.,(5,5),(0.,1.),.PIECEWISE_BEZIER_KNOTS.);
#5800 = CARTESIAN_POINT('',(-16.346573732,87.26103067544,20.677303048976
    ));
#5801 = CARTESIAN_POINT('',(-16.346573732,96.172761192548,
    20.677303048976));
#5802 = CARTESIAN_POINT('',(-16.346573732,105.08449170965,
    20.677303048976));
#5803 = CARTESIAN_POINT('',(-16.346573732,113.99622222676,
    20.677303048976));
#5804 = CARTESIAN_POINT('',(-16.346573732,122.90795274387,
    20.677303048976));
#5805 = PCURVE('',#1916,#5806);
#5806 = DEFINITIONAL_REPRESENTATION('',(#5807),#5813);
#5807 = B_SPLINE_CURVE_WITH_KNOTS('',4,(#5808,#5809,#5810,#5811,#5812),
  .UNSPECIFIED.,.F.,.F.,(5,5),(0.,1.),.PIECEWISE_BEZIER_KNOTS.);
#5808 = CARTESIAN_POINT('',(3.060852705933,17.26103067544));
#5809 = CARTESIAN_POINT('',(3.060852705933,26.172761192548));
#5810 = CARTESIAN_POINT('',(3.060852705933,35.084491709656));
#5811 = CARTESIAN_POINT('',(3.060852705933,43.996222226763));
#5812 = CARTESIAN_POINT('',(3.060852705933,52.90795274387));
#5813 = ( GEOMETRIC_REPRESENTATION_CONTEXT(2) 
PARAMETRIC_REPRESENTATION_CONTEXT() REPRESENTATION_CONTEXT('2D SPACE',''
  ) );
#5814 = PCURVE('',#5815,#5843);
#5815 = B_SPLINE_SURFACE_WITH_KNOTS('',8,2,(
    (#5816,#5817,#5818)
    ,(#5819,#5820,#5821)
    ,(#5822,#5823,#5824)
    ,(#5825,#5826,#5827)
    ,(#5828,#5829,#5830)
    ,(#5831,#5832,#5833)
    ,(#5834,#5835,#5836)
    ,(#5837,#5838,#5839)
    ,(#5840,#5841,#5842
  )),.UNSPECIFIED.,.F.,.F.,.F.,(9,9),(3,3),(0.,1.),(0.,1.),
  .PIECEWISE_BEZIER_KNOTS.);
#5816 = CARTESIAN_POINT('',(-14.,125.6,12.));
#5817 = CARTESIAN_POINT('',(-17.91179400264,128.56235925761,
    17.310527867443));
#5818 = CARTESIAN_POINT('',(-15.9,121.,22.));
#5819 = CARTESIAN_POINT('',(-14.,119.7,12.));
#5820 = CARTESIAN_POINT('',(-17.91179400264,122.82054070703,
    17.310527867443));
#5821 = CARTESIAN_POINT('',(-15.9,117.,22.));
#5822 = CARTESIAN_POINT('',(-14.,113.8,12.));
#5823 = CARTESIAN_POINT('',(-17.91179400264,117.07872215645,
    17.310527867443));
#5824 = CARTESIAN_POINT('',(-15.9,113.,22.));
#5825 = CARTESIAN_POINT('',(-14.,107.9,12.));
#5826 = CARTESIAN_POINT('',(-17.91179400264,111.33690360586,
    17.310527867443));
#5827 = CARTESIAN_POINT('',(-15.9,109.,22.));
#5828 = CARTESIAN_POINT('',(-14.,102.,12.));
#5829 = CARTESIAN_POINT('',(-17.91179400264,105.59508505528,
    17.310527867443));
#5830 = CARTESIAN_POINT('',(-15.9,105.,22.));
#5831 = CARTESIAN_POINT('',(-14.,96.1,12.));
#5832 = CARTESIAN_POINT('',(-17.91179400264,99.853266504702,
    17.310527867443));
#5833 = CARTESIAN_POINT('',(-15.9,101.,22.));
#5834 = CARTESIAN_POINT('',(-14.,90.2,12.));
#5835 = CARTESIAN_POINT('',(-17.91179400264,94.111447954119,
    17.310527867443));
#5836 = CARTESIAN_POINT('',(-15.9,97.,22.));
#5837 = CARTESIAN_POINT('',(-14.,84.3,12.));
#5838 = CARTESIAN_POINT('',(-17.91179400264,88.369629403536,
    17.310527867443));
#5839 = CARTESIAN_POINT('',(-15.9,93.,22.));
#5840 = CARTESIAN_POINT('',(-14.,78.4,12.));
#5841 = CARTESIAN_POINT('',(-17.91179400264,82.627810852953,
    17.310527867443));
#5842 = CARTESIAN_POINT('',(-15.9,89.,22.));
#5843 = DEFINITIONAL_REPRESENTATION('',(#5844),#5850);
#5844 = B_SPLINE_CURVE_WITH_KNOTS('',4,(#5845,#5846,#5847,#5848,#5849),
  .UNSPECIFIED.,.F.,.F.,(5,5),(0.,1.),.PIECEWISE_BEZIER_KNOTS.);
#5845 = CARTESIAN_POINT('',(1.,0.860264631463));
#5846 = CARTESIAN_POINT('',(0.75,0.860264631463));
#5847 = CARTESIAN_POINT('',(0.5,0.860264631463));
#5848 = CARTESIAN_POINT('',(0.25,0.860264631463));
#5849 = CARTESIAN_POINT('',(0.,0.860264631463));
#5850 = ( GEOMETRIC_REPRESENTATION_CONTEXT(2) 
PARAMETRIC_REPRESENTATION_CONTEXT() REPRESENTATION_CONTEXT('2D SPACE',''
  ) );
#5851 = ORIENTED_EDGE('',*,*,#5852,.F.);
#5852 = EDGE_CURVE('',#4820,#5796,#5853,.T.);
#5853 = SURFACE_CURVE('',#5854,(#5899,#5947),.PCURVE_S1.);
#5854 = B_SPLINE_CURVE_WITH_KNOTS('',8,(#5855,#5856,#5857,#5858,#5859,
    #5860,#5861,#5862,#5863,#5864,#5865,#5866,#5867,#5868,#5869,#5870,
    #5871,#5872,#5873,#5874,#5875,#5876,#5877,#5878,#5879,#5880,#5881,
    #5882,#5883,#5884,#5885,#5886,#5887,#5888,#5889,#5890,#5891,#5892,
    #5893,#5894,#5895,#5896,#5897,#5898),.UNSPECIFIED.,.F.,.F.,(9,7,7,7,
    7,7,9),(0.,0.220159856771,0.64501943124,0.804516625912,
    0.894950658352,0.967762686738,1.),.UNSPECIFIED.);
#5855 = CARTESIAN_POINT('',(-12.99846144741,74.96246978466,12.));
#5856 = CARTESIAN_POINT('',(-13.24928329275,75.228183842882,
    12.326029808674));
#5857 = CARTESIAN_POINT('',(-13.48828200232,75.497067109294,
    12.656029067237));
#5858 = CARTESIAN_POINT('',(-13.71483887828,75.769887882801,
    12.988526502874));
#5859 = CARTESIAN_POINT('',(-13.92851865767,76.047361585099,
    13.321964551729));
#5860 = CARTESIAN_POINT('',(-14.12915041558,76.330031489631,
    13.654842516599));
#5861 = CARTESIAN_POINT('',(-14.31680162501,76.618234059736,
    13.985785445983));
#5862 = CARTESIAN_POINT('',(-14.49171164199,76.912112360825,
    14.313559791934));
#5863 = CARTESIAN_POINT('',(-14.96791548265,77.789664711548,
    15.26133440627));
#5864 = CARTESIAN_POINT('',(-15.23547243158,78.388658348418,
    15.869607828483));
#5865 = CARTESIAN_POINT('',(-15.45972558611,79.00867092146,
    16.454175078327));
#5866 = CARTESIAN_POINT('',(-15.64571110847,79.648367921495,
    17.010162403644));
#5867 = CARTESIAN_POINT('',(-15.79850105427,80.305783878683,
    17.534530525904));
#5868 = CARTESIAN_POINT('',(-15.9228974567,80.978926330058,
    18.024882904883));
#5869 = CARTESIAN_POINT('',(-16.02326922598,81.665805855468,
    18.479442213149));
#5870 = CARTESIAN_POINT('',(-16.13357592906,82.627645877271,
    19.051606694384));
#5871 = CARTESIAN_POINT('',(-16.16084358736,82.891953343002,
    19.202356761505));
#5872 = CARTESIAN_POINT('',(-16.18547589107,83.15798686736,
    19.347547982737));
#5873 = CARTESIAN_POINT('',(-16.20766480891,83.425692676466,
    19.487011989937));
#5874 = CARTESIAN_POINT('',(-16.22758997262,83.69501933282,
    19.620534232698));
#5875 = CARTESIAN_POINT('',(-16.24541949881,83.965920171317,
    19.747844156381));
#5876 = CARTESIAN_POINT('',(-16.2613091781,84.238361199712,
    19.86858349758));
#5877 = CARTESIAN_POINT('',(-16.28338614278,84.667686847466,
    20.04665641385));
#5878 = CARTESIAN_POINT('',(-16.29079498762,84.823519527372,
    20.108803722558));
#5879 = CARTESIAN_POINT('',(-16.29765007216,84.979841678273,
    20.168571141846));
#5880 = CARTESIAN_POINT('',(-16.3039746139,85.136653075726,
    20.225840947977));
#5881 = CARTESIAN_POINT('',(-16.3097897168,85.293951237966,
    20.280471722314));
#5882 = CARTESIAN_POINT('',(-16.31511388362,85.451732968035,
    20.332289544968));
#5883 = CARTESIAN_POINT('',(-16.31996174352,85.609997347429,
    20.381070418824));
#5884 = CARTESIAN_POINT('',(-16.32786870922,85.896568387834,
    20.463102293316));
#5885 = CARTESIAN_POINT('',(-16.33109182252,86.024686013046,
    20.497522267248));
#5886 = CARTESIAN_POINT('',(-16.33401618776,86.153119304096,
    20.529619844667));
#5887 = CARTESIAN_POINT('',(-16.33664382141,86.281872601187,
    20.559205712848));
#5888 = CARTESIAN_POINT('',(-16.33897207158,86.410940076261,
    20.586033594013));
#5889 = CARTESIAN_POINT('',(-16.34099337541,86.540306398123,
    20.609794229574));
#5890 = CARTESIAN_POINT('',(-16.34269193047,86.669950426182,
    20.630078739124));
#5891 = CARTESIAN_POINT('',(-16.34462618489,86.857371364634,
    20.653431551515));
#5892 = CARTESIAN_POINT('',(-16.34514955171,86.914933446278,
    20.659793987625));
#5893 = CARTESIAN_POINT('',(-16.34559969833,86.972541440128,
    20.665298848331));
#5894 = CARTESIAN_POINT('',(-16.34597272809,87.030191452381,
    20.669882950369));
#5895 = CARTESIAN_POINT('',(-16.34626380413,87.087876575824,
    20.67347285584));
#5896 = CARTESIAN_POINT('',(-16.34646681149,87.145586983367,
    20.675981639925));
#5897 = CARTESIAN_POINT('',(-16.346573732,87.203310074614,
    20.677303048976));
#5898 = CARTESIAN_POINT('',(-16.346573732,87.26103067544,20.677303048976
    ));
#5899 = PCURVE('',#1916,#5900);
#5900 = DEFINITIONAL_REPRESENTATION('',(#5901),#5946);
#5901 = B_SPLINE_CURVE_WITH_KNOTS('',8,(#5902,#5903,#5904,#5905,#5906,
    #5907,#5908,#5909,#5910,#5911,#5912,#5913,#5914,#5915,#5916,#5917,
    #5918,#5919,#5920,#5921,#5922,#5923,#5924,#5925,#5926,#5927,#5928,
    #5929,#5930,#5931,#5932,#5933,#5934,#5935,#5936,#5937,#5938,#5939,
    #5940,#5941,#5942,#5943,#5944,#5945),.UNSPECIFIED.,.F.,.F.,(9,7,7,7,
    7,7,9),(0.,0.220159856771,0.64501943124,0.804516625912,
    0.894950658352,0.967762686738,1.),.UNSPECIFIED.);
#5902 = CARTESIAN_POINT('',(2.485839827832,4.96246978466));
#5903 = CARTESIAN_POINT('',(2.510922012365,5.228183842882));
#5904 = CARTESIAN_POINT('',(2.535756450416,5.497067109294));
#5905 = CARTESIAN_POINT('',(2.560273061844,5.769887882801));
#5906 = CARTESIAN_POINT('',(2.584402490129,6.047361585099));
#5907 = CARTESIAN_POINT('',(2.608084440192,6.330031489631));
#5908 = CARTESIAN_POINT('',(2.631269295525,6.618234059736));
#5909 = CARTESIAN_POINT('',(2.653916302708,6.912112360825));
#5910 = CARTESIAN_POINT('',(2.718592049141,7.789664711548));
#5911 = CARTESIAN_POINT('',(2.759058262663,8.388658348418));
#5912 = CARTESIAN_POINT('',(2.797165325032,9.00867092146));
#5913 = CARTESIAN_POINT('',(2.832853158551,9.648367921495));
#5914 = CARTESIAN_POINT('',(2.866112549155,10.305783878683));
#5915 = CARTESIAN_POINT('',(2.896933723095,10.978926330058));
#5916 = CARTESIAN_POINT('',(2.925308154795,11.665805855468));
#5917 = CARTESIAN_POINT('',(2.960838667313,12.627645877271));
#5918 = CARTESIAN_POINT('',(2.97017928707,12.891953343002));
#5919 = CARTESIAN_POINT('',(2.97915805163,13.15798686736));
#5920 = CARTESIAN_POINT('',(2.98776805657,13.425692676466));
#5921 = CARTESIAN_POINT('',(2.995999113429,13.69501933282));
#5922 = CARTESIAN_POINT('',(3.003837212751,13.965920171317));
#5923 = CARTESIAN_POINT('',(3.011262638998,14.238361199712));
#5924 = CARTESIAN_POINT('',(3.022203871726,14.667686847466));
#5925 = CARTESIAN_POINT('',(3.026020132782,14.823519527372));
#5926 = CARTESIAN_POINT('',(3.02968832132,14.979841678273));
#5927 = CARTESIAN_POINT('',(3.033201553741,15.136653075726));
#5928 = CARTESIAN_POINT('',(3.036551469849,15.293951237966));
#5929 = CARTESIAN_POINT('',(3.039727697514,15.451732968035));
#5930 = CARTESIAN_POINT('',(3.042716780319,15.609997347429));
#5931 = CARTESIAN_POINT('',(3.047741906264,15.896568387834));
#5932 = CARTESIAN_POINT('',(3.04984985893,16.024686013046));
#5933 = CARTESIAN_POINT('',(3.051815124756,16.153119304096));
#5934 = CARTESIAN_POINT('',(3.053626233871,16.281872601187));
#5935 = CARTESIAN_POINT('',(3.055268223908,16.410940076261));
#5936 = CARTESIAN_POINT('',(3.056722273987,16.540306398123));
#5937 = CARTESIAN_POINT('',(3.057963462562,16.669950426182));
#5938 = CARTESIAN_POINT('',(3.059392290621,16.857371364634));
#5939 = CARTESIAN_POINT('',(3.059781554315,16.914933446278));
#5940 = CARTESIAN_POINT('',(3.060118336873,16.972541440128));
#5941 = CARTESIAN_POINT('',(3.060398779198,17.030191452381));
#5942 = CARTESIAN_POINT('',(3.06061839423,17.087876575824));
#5943 = CARTESIAN_POINT('',(3.06077186888,17.145586983367));
#5944 = CARTESIAN_POINT('',(3.060852705933,17.203310074614));
#5945 = CARTESIAN_POINT('',(3.060852705933,17.26103067544));
#5946 = ( GEOMETRIC_REPRESENTATION_CONTEXT(2) 
PARAMETRIC_REPRESENTATION_CONTEXT() REPRESENTATION_CONTEXT('2D SPACE',''
  ) );
#5947 = PCURVE('',#5948,#5976);
#5948 = B_SPLINE_SURFACE_WITH_KNOTS('',8,2,(
    (#5949,#5950,#5951)
    ,(#5952,#5953,#5954)
    ,(#5955,#5956,#5957)
    ,(#5958,#5959,#5960)
    ,(#5961,#5962,#5963)
    ,(#5964,#5965,#5966)
    ,(#5967,#5968,#5969)
    ,(#5970,#5971,#5972)
    ,(#5973,#5974,#5975
  )),.UNSPECIFIED.,.F.,.F.,.F.,(9,9),(3,3),(1.,2.),(0.,1.),
  .PIECEWISE_BEZIER_KNOTS.);
#5949 = CARTESIAN_POINT('',(-14.,78.4,12.));
#5950 = CARTESIAN_POINT('',(-17.91179400264,82.627810852953,
    17.310527867443));
#5951 = CARTESIAN_POINT('',(-15.9,89.,22.));
#5952 = CARTESIAN_POINT('',(-14.,77.143362938564,12.));
#5953 = CARTESIAN_POINT('',(-17.91179400264,81.254896572679,
    17.310527867443));
#5954 = CARTESIAN_POINT('',(-15.9,87.154314316016,22.));
#5955 = CARTESIAN_POINT('',(-13.71801095064,75.886725481573,12.));
#5956 = CARTESIAN_POINT('',(-17.60371237381,79.881981860248,
    17.310527867443));
#5957 = CARTESIAN_POINT('',(-15.48582858376,85.30862805106,22.));
#5958 = CARTESIAN_POINT('',(-13.15403562157,74.703915300256,12.));
#5959 = CARTESIAN_POINT('',(-16.98755214205,78.589725696063,
    17.310527867443));
#5960 = CARTESIAN_POINT('',(-14.65748981919,83.571375597251,22.));
#5961 = CARTESIAN_POINT('',(-12.33125603699,73.668743963008,12.));
#5962 = CARTESIAN_POINT('',(-16.08864037519,77.458769467689,
    17.310527867443));
#5963 = CARTESIAN_POINT('',(-13.44903230433,82.050967695669,22.));
#5964 = CARTESIAN_POINT('',(-11.29608469974,72.845964378423,12.));
#5965 = CARTESIAN_POINT('',(-14.95768414682,76.55985770083,
    17.310527867443));
#5966 = CARTESIAN_POINT('',(-11.92862440274,80.842510180809,22.));
#5967 = CARTESIAN_POINT('',(-10.11327451842,72.281989049352,12.));
#5968 = CARTESIAN_POINT('',(-13.66542798263,75.943697469076,
    17.310527867443));
#5969 = CARTESIAN_POINT('',(-10.19137194894,80.014171416235,22.));
#5970 = CARTESIAN_POINT('',(-8.856637061436,72.,12.));
#5971 = CARTESIAN_POINT('',(-12.2925132702,75.635615840246,
    17.310527867443));
#5972 = CARTESIAN_POINT('',(-8.345685683984,79.6,22.));
#5973 = CARTESIAN_POINT('',(-7.6,72.,12.));
#5974 = CARTESIAN_POINT('',(-10.91959898993,75.635615840246,
    17.310527867443));
#5975 = CARTESIAN_POINT('',(-6.5,79.6,22.));
#5976 = DEFINITIONAL_REPRESENTATION('',(#5977),#6022);
#5977 = B_SPLINE_CURVE_WITH_KNOTS('',8,(#5978,#5979,#5980,#5981,#5982,
    #5983,#5984,#5985,#5986,#5987,#5988,#5989,#5990,#5991,#5992,#5993,
    #5994,#5995,#5996,#5997,#5998,#5999,#6000,#6001,#6002,#6003,#6004,
    #6005,#6006,#6007,#6008,#6009,#6010,#6011,#6012,#6013,#6014,#6015,
    #6016,#6017,#6018,#6019,#6020,#6021),.UNSPECIFIED.,.F.,.F.,(9,7,7,7,
    7,7,9),(0.,0.220159856771,0.64501943124,0.804516625912,
    0.894950658352,0.967762686738,1.),.UNSPECIFIED.);
#5978 = CARTESIAN_POINT('',(1.360971089383,0.));
#5979 = CARTESIAN_POINT('',(1.357942356336,3.069655379011E-02));
#5980 = CARTESIAN_POINT('',(1.355347415162,6.189278158983E-02));
#5981 = CARTESIAN_POINT('',(1.352985041116,9.345733488415E-02));
#5982 = CARTESIAN_POINT('',(1.350652343938,0.125247885471));
#5983 = CARTESIAN_POINT('',(1.348170534399,0.157123993691));
#5984 = CARTESIAN_POINT('',(1.345396402478,0.188953808285));
#5985 = CARTESIAN_POINT('',(1.34222314506,0.22061609199));
#5986 = CARTESIAN_POINT('',(1.331532491797,0.312561231191));
#5987 = CARTESIAN_POINT('',(1.322720402891,0.372075904977));
#5988 = CARTESIAN_POINT('',(1.311585556413,0.429765408564));
#5989 = CARTESIAN_POINT('',(1.297996687666,0.485090400175));
#5990 = CARTESIAN_POINT('',(1.282064616844,0.537675525386));
#5991 = CARTESIAN_POINT('',(1.263881791467,0.587201879585));
#5992 = CARTESIAN_POINT('',(1.243524149808,0.633410880765));
#5993 = CARTESIAN_POINT('',(1.212330739022,0.691905655266));
#5994 = CARTESIAN_POINT('',(1.203488621422,0.707354461251));
#5995 = CARTESIAN_POINT('',(1.19430999258,0.722267762676));
#5996 = CARTESIAN_POINT('',(1.184782600145,0.73662410903));
#5997 = CARTESIAN_POINT('',(1.174888319638,0.750397238174));
#5998 = CARTESIAN_POINT('',(1.16460196991,0.763555038496));
#5999 = CARTESIAN_POINT('',(1.153887548694,0.776056211705));
#6000 = CARTESIAN_POINT('',(1.136338540133,0.794523776569));
#6001 = CARTESIAN_POINT('',(1.129833125002,0.800975515724));
#6002 = CARTESIAN_POINT('',(1.123161852131,0.807186222439));
#6003 = CARTESIAN_POINT('',(1.116312172026,0.81314287251));
#6004 = CARTESIAN_POINT('',(1.109269242129,0.818829955822));
#6005 = CARTESIAN_POINT('',(1.102014891333,0.824228550287));
#6006 = CARTESIAN_POINT('',(1.094525592413,0.829314479384));
#6007 = CARTESIAN_POINT('',(1.080524658179,0.837872780025));
#6008 = CARTESIAN_POINT('',(1.074107727625,0.841465938292));
#6009 = CARTESIAN_POINT('',(1.067501221257,0.844818518094));
#6010 = CARTESIAN_POINT('',(1.060685055366,0.84791030934));
#6011 = CARTESIAN_POINT('',(1.053634092517,0.85071513731));
#6012 = CARTESIAN_POINT('',(1.046317409229,0.85320022756));
#6013 = CARTESIAN_POINT('',(1.038694234167,0.855322379016));
#6014 = CARTESIAN_POINT('',(1.027162827031,0.857766024655));
#6015 = CARTESIAN_POINT('',(1.023551929141,0.858431875547));
#6016 = CARTESIAN_POINT('',(1.019863397228,0.859008040104));
#6017 = CARTESIAN_POINT('',(1.016091002692,0.85948787593));
#6018 = CARTESIAN_POINT('',(1.012227684227,0.859863669656));
#6019 = CARTESIAN_POINT('',(1.008265205134,0.860126300341));
#6020 = CARTESIAN_POINT('',(1.004193541324,0.860264631463));
#6021 = CARTESIAN_POINT('',(1.,0.860264631463));
#6022 = ( GEOMETRIC_REPRESENTATION_CONTEXT(2) 
PARAMETRIC_REPRESENTATION_CONTEXT() REPRESENTATION_CONTEXT('2D SPACE',''
  ) );
#6023 = ADVANCED_FACE('',(#6024),#2028,.F.);
#6024 = FACE_BOUND('',#6025,.F.);
#6025 = EDGE_LOOP('',(#6026,#6049,#6050,#6051,#6075,#6104,#6126,#6127,
    #6128,#6129));
#6026 = ORIENTED_EDGE('',*,*,#6027,.T.);
#6027 = EDGE_CURVE('',#6028,#4504,#6030,.T.);
#6028 = VERTEX_POINT('',#6029);
#6029 = CARTESIAN_POINT('',(9.15,70.,22.));
#6030 = SEAM_CURVE('',#6031,(#6035,#6042),.PCURVE_S1.);
#6031 = LINE('',#6032,#6033);
#6032 = CARTESIAN_POINT('',(9.15,69.,22.));
#6033 = VECTOR('',#6034,1.);
#6034 = DIRECTION('',(0.,1.,1.110223024625E-16));
#6035 = PCURVE('',#2028,#6036);
#6036 = DEFINITIONAL_REPRESENTATION('',(#6037),#6041);
#6037 = LINE('',#6038,#6039);
#6038 = CARTESIAN_POINT('',(6.28318530718,-0.));
#6039 = VECTOR('',#6040,1.);
#6040 = DIRECTION('',(0.,1.));
#6041 = ( GEOMETRIC_REPRESENTATION_CONTEXT(2) 
PARAMETRIC_REPRESENTATION_CONTEXT() REPRESENTATION_CONTEXT('2D SPACE',''
  ) );
#6042 = PCURVE('',#2028,#6043);
#6043 = DEFINITIONAL_REPRESENTATION('',(#6044),#6048);
#6044 = LINE('',#6045,#6046);
#6045 = CARTESIAN_POINT('',(0.,-0.));
#6046 = VECTOR('',#6047,1.);
#6047 = DIRECTION('',(0.,1.));
#6048 = ( GEOMETRIC_REPRESENTATION_CONTEXT(2) 
PARAMETRIC_REPRESENTATION_CONTEXT() REPRESENTATION_CONTEXT('2D SPACE',''
  ) );
#6049 = ORIENTED_EDGE('',*,*,#4527,.F.);
#6050 = ORIENTED_EDGE('',*,*,#2013,.F.);
#6051 = ORIENTED_EDGE('',*,*,#6052,.F.);
#6052 = EDGE_CURVE('',#6053,#1986,#6055,.T.);
#6053 = VERTEX_POINT('',#6054);
#6054 = CARTESIAN_POINT('',(-1.1,72.,12.916360861417));
#6055 = SURFACE_CURVE('',#6056,(#6061,#6068),.PCURVE_S1.);
#6056 = CIRCLE('',#6057,9.15);
#6057 = AXIS2_PLACEMENT_3D('',#6058,#6059,#6060);
#6058 = CARTESIAN_POINT('',(0.,72.,22.));
#6059 = DIRECTION('',(0.,1.,1.110223024625E-16));
#6060 = DIRECTION('',(1.,0.,-0.));
#6061 = PCURVE('',#2028,#6062);
#6062 = DEFINITIONAL_REPRESENTATION('',(#6063),#6067);
#6063 = LINE('',#6064,#6065);
#6064 = CARTESIAN_POINT('',(0.,3.));
#6065 = VECTOR('',#6066,1.);
#6066 = DIRECTION('',(1.,0.));
#6067 = ( GEOMETRIC_REPRESENTATION_CONTEXT(2) 
PARAMETRIC_REPRESENTATION_CONTEXT() REPRESENTATION_CONTEXT('2D SPACE',''
  ) );
#6068 = PCURVE('',#2001,#6069);
#6069 = DEFINITIONAL_REPRESENTATION('',(#6070),#6074);
#6070 = CIRCLE('',#6071,9.15);
#6071 = AXIS2_PLACEMENT_2D('',#6072,#6073);
#6072 = CARTESIAN_POINT('',(11.5,14.));
#6073 = DIRECTION('',(0.,1.));
#6074 = ( GEOMETRIC_REPRESENTATION_CONTEXT(2) 
PARAMETRIC_REPRESENTATION_CONTEXT() REPRESENTATION_CONTEXT('2D SPACE',''
  ) );
#6075 = ORIENTED_EDGE('',*,*,#6076,.F.);
#6076 = EDGE_CURVE('',#6077,#6053,#6079,.T.);
#6077 = VERTEX_POINT('',#6078);
#6078 = CARTESIAN_POINT('',(1.1,72.,12.916360861417));
#6079 = SURFACE_CURVE('',#6080,(#6085,#6092),.PCURVE_S1.);
#6080 = CIRCLE('',#6081,9.15);
#6081 = AXIS2_PLACEMENT_3D('',#6082,#6083,#6084);
#6082 = CARTESIAN_POINT('',(0.,72.,22.));
#6083 = DIRECTION('',(0.,1.,1.110223024625E-16));
#6084 = DIRECTION('',(1.,0.,-0.));
#6085 = PCURVE('',#2028,#6086);
#6086 = DEFINITIONAL_REPRESENTATION('',(#6087),#6091);
#6087 = LINE('',#6088,#6089);
#6088 = CARTESIAN_POINT('',(0.,3.));
#6089 = VECTOR('',#6090,1.);
#6090 = DIRECTION('',(1.,0.));
#6091 = ( GEOMETRIC_REPRESENTATION_CONTEXT(2) 
PARAMETRIC_REPRESENTATION_CONTEXT() REPRESENTATION_CONTEXT('2D SPACE',''
  ) );
#6092 = PCURVE('',#6093,#6098);
#6093 = PLANE('',#6094);
#6094 = AXIS2_PLACEMENT_3D('',#6095,#6096,#6097);
#6095 = CARTESIAN_POINT('',(-1.1,72.,12.));
#6096 = DIRECTION('',(-0.,1.,0.));
#6097 = DIRECTION('',(0.,0.,1.));
#6098 = DEFINITIONAL_REPRESENTATION('',(#6099),#6103);
#6099 = CIRCLE('',#6100,9.15);
#6100 = AXIS2_PLACEMENT_2D('',#6101,#6102);
#6101 = CARTESIAN_POINT('',(10.,1.1));
#6102 = DIRECTION('',(0.,1.));
#6103 = ( GEOMETRIC_REPRESENTATION_CONTEXT(2) 
PARAMETRIC_REPRESENTATION_CONTEXT() REPRESENTATION_CONTEXT('2D SPACE',''
  ) );
#6104 = ORIENTED_EDGE('',*,*,#6105,.F.);
#6105 = EDGE_CURVE('',#3911,#6077,#6106,.T.);
#6106 = SURFACE_CURVE('',#6107,(#6112,#6119),.PCURVE_S1.);
#6107 = CIRCLE('',#6108,9.15);
#6108 = AXIS2_PLACEMENT_3D('',#6109,#6110,#6111);
#6109 = CARTESIAN_POINT('',(0.,72.,22.));
#6110 = DIRECTION('',(0.,1.,1.110223024625E-16));
#6111 = DIRECTION('',(1.,0.,-0.));
#6112 = PCURVE('',#2028,#6113);
#6113 = DEFINITIONAL_REPRESENTATION('',(#6114),#6118);
#6114 = LINE('',#6115,#6116);
#6115 = CARTESIAN_POINT('',(0.,3.));
#6116 = VECTOR('',#6117,1.);
#6117 = DIRECTION('',(1.,0.));
#6118 = ( GEOMETRIC_REPRESENTATION_CONTEXT(2) 
PARAMETRIC_REPRESENTATION_CONTEXT() REPRESENTATION_CONTEXT('2D SPACE',''
  ) );
#6119 = PCURVE('',#3039,#6120);
#6120 = DEFINITIONAL_REPRESENTATION('',(#6121),#6125);
#6121 = CIRCLE('',#6122,9.15);
#6122 = AXIS2_PLACEMENT_2D('',#6123,#6124);
#6123 = CARTESIAN_POINT('',(11.5,14.));
#6124 = DIRECTION('',(0.,1.));
#6125 = ( GEOMETRIC_REPRESENTATION_CONTEXT(2) 
PARAMETRIC_REPRESENTATION_CONTEXT() REPRESENTATION_CONTEXT('2D SPACE',''
  ) );
#6126 = ORIENTED_EDGE('',*,*,#3910,.T.);
#6127 = ORIENTED_EDGE('',*,*,#4503,.F.);
#6128 = ORIENTED_EDGE('',*,*,#6027,.F.);
#6129 = ORIENTED_EDGE('',*,*,#6130,.T.);
#6130 = EDGE_CURVE('',#6028,#6028,#6131,.T.);
#6131 = SURFACE_CURVE('',#6132,(#6137,#6144),.PCURVE_S1.);
#6132 = CIRCLE('',#6133,9.15);
#6133 = AXIS2_PLACEMENT_3D('',#6134,#6135,#6136);
#6134 = CARTESIAN_POINT('',(0.,70.,22.));
#6135 = DIRECTION('',(0.,1.,1.110223024625E-16));
#6136 = DIRECTION('',(1.,0.,-0.));
#6137 = PCURVE('',#2028,#6138);
#6138 = DEFINITIONAL_REPRESENTATION('',(#6139),#6143);
#6139 = LINE('',#6140,#6141);
#6140 = CARTESIAN_POINT('',(0.,1.));
#6141 = VECTOR('',#6142,1.);
#6142 = DIRECTION('',(1.,0.));
#6143 = ( GEOMETRIC_REPRESENTATION_CONTEXT(2) 
PARAMETRIC_REPRESENTATION_CONTEXT() REPRESENTATION_CONTEXT('2D SPACE',''
  ) );
#6144 = PCURVE('',#2603,#6145);
#6145 = DEFINITIONAL_REPRESENTATION('',(#6146),#6150);
#6146 = CIRCLE('',#6147,9.15);
#6147 = AXIS2_PLACEMENT_2D('',#6148,#6149);
#6148 = CARTESIAN_POINT('',(0.,0.));
#6149 = DIRECTION('',(1.,0.));
#6150 = ( GEOMETRIC_REPRESENTATION_CONTEXT(2) 
PARAMETRIC_REPRESENTATION_CONTEXT() REPRESENTATION_CONTEXT('2D SPACE',''
  ) );
#6151 = ADVANCED_FACE('',(#6152),#2001,.T.);
#6152 = FACE_BOUND('',#6153,.T.);
#6153 = EDGE_LOOP('',(#6154,#6175,#6176,#6199,#6227,#6248,#6249,#6270,
    #6271));
#6154 = ORIENTED_EDGE('',*,*,#6155,.F.);
#6155 = EDGE_CURVE('',#3215,#6053,#6156,.T.);
#6156 = SURFACE_CURVE('',#6157,(#6161,#6168),.PCURVE_S1.);
#6157 = LINE('',#6158,#6159);
#6158 = CARTESIAN_POINT('',(-1.1,72.,12.));
#6159 = VECTOR('',#6160,1.);
#6160 = DIRECTION('',(0.,0.,1.));
#6161 = PCURVE('',#2001,#6162);
#6162 = DEFINITIONAL_REPRESENTATION('',(#6163),#6167);
#6163 = LINE('',#6164,#6165);
#6164 = CARTESIAN_POINT('',(1.5,12.9));
#6165 = VECTOR('',#6166,1.);
#6166 = DIRECTION('',(1.,0.));
#6167 = ( GEOMETRIC_REPRESENTATION_CONTEXT(2) 
PARAMETRIC_REPRESENTATION_CONTEXT() REPRESENTATION_CONTEXT('2D SPACE',''
  ) );
#6168 = PCURVE('',#3230,#6169);
#6169 = DEFINITIONAL_REPRESENTATION('',(#6170),#6174);
#6170 = LINE('',#6171,#6172);
#6171 = CARTESIAN_POINT('',(0.,0.));
#6172 = VECTOR('',#6173,1.);
#6173 = DIRECTION('',(1.,0.));
#6174 = ( GEOMETRIC_REPRESENTATION_CONTEXT(2) 
PARAMETRIC_REPRESENTATION_CONTEXT() REPRESENTATION_CONTEXT('2D SPACE',''
  ) );
#6175 = ORIENTED_EDGE('',*,*,#3242,.T.);
#6176 = ORIENTED_EDGE('',*,*,#6177,.T.);
#6177 = EDGE_CURVE('',#3243,#6178,#6180,.T.);
#6178 = VERTEX_POINT('',#6179);
#6179 = CARTESIAN_POINT('',(-6.9,72.,15.));
#6180 = SURFACE_CURVE('',#6181,(#6185,#6192),.PCURVE_S1.);
#6181 = LINE('',#6182,#6183);
#6182 = CARTESIAN_POINT('',(-6.9,72.,12.));
#6183 = VECTOR('',#6184,1.);
#6184 = DIRECTION('',(0.,0.,1.));
#6185 = PCURVE('',#2001,#6186);
#6186 = DEFINITIONAL_REPRESENTATION('',(#6187),#6191);
#6187 = LINE('',#6188,#6189);
#6188 = CARTESIAN_POINT('',(1.5,7.1));
#6189 = VECTOR('',#6190,1.);
#6190 = DIRECTION('',(1.,0.));
#6191 = ( GEOMETRIC_REPRESENTATION_CONTEXT(2) 
PARAMETRIC_REPRESENTATION_CONTEXT() REPRESENTATION_CONTEXT('2D SPACE',''
  ) );
#6192 = PCURVE('',#3281,#6193);
#6193 = DEFINITIONAL_REPRESENTATION('',(#6194),#6198);
#6194 = LINE('',#6195,#6196);
#6195 = CARTESIAN_POINT('',(0.,0.));
#6196 = VECTOR('',#6197,1.);
#6197 = DIRECTION('',(1.,0.));
#6198 = ( GEOMETRIC_REPRESENTATION_CONTEXT(2) 
PARAMETRIC_REPRESENTATION_CONTEXT() REPRESENTATION_CONTEXT('2D SPACE',''
  ) );
#6199 = ORIENTED_EDGE('',*,*,#6200,.F.);
#6200 = EDGE_CURVE('',#6201,#6178,#6203,.T.);
#6201 = VERTEX_POINT('',#6202);
#6202 = CARTESIAN_POINT('',(-9.1,72.,15.));
#6203 = SURFACE_CURVE('',#6204,(#6208,#6215),.PCURVE_S1.);
#6204 = LINE('',#6205,#6206);
#6205 = CARTESIAN_POINT('',(-9.1,72.,15.));
#6206 = VECTOR('',#6207,1.);
#6207 = DIRECTION('',(1.,0.,-0.));
#6208 = PCURVE('',#2001,#6209);
#6209 = DEFINITIONAL_REPRESENTATION('',(#6210),#6214);
#6210 = LINE('',#6211,#6212);
#6211 = CARTESIAN_POINT('',(4.5,4.9));
#6212 = VECTOR('',#6213,1.);
#6213 = DIRECTION('',(0.,1.));
#6214 = ( GEOMETRIC_REPRESENTATION_CONTEXT(2) 
PARAMETRIC_REPRESENTATION_CONTEXT() REPRESENTATION_CONTEXT('2D SPACE',''
  ) );
#6215 = PCURVE('',#6216,#6221);
#6216 = PLANE('',#6217);
#6217 = AXIS2_PLACEMENT_3D('',#6218,#6219,#6220);
#6218 = CARTESIAN_POINT('',(-9.1,72.,15.));
#6219 = DIRECTION('',(0.,0.,1.));
#6220 = DIRECTION('',(1.,0.,-0.));
#6221 = DEFINITIONAL_REPRESENTATION('',(#6222),#6226);
#6222 = LINE('',#6223,#6224);
#6223 = CARTESIAN_POINT('',(0.,0.));
#6224 = VECTOR('',#6225,1.);
#6225 = DIRECTION('',(1.,0.));
#6226 = ( GEOMETRIC_REPRESENTATION_CONTEXT(2) 
PARAMETRIC_REPRESENTATION_CONTEXT() REPRESENTATION_CONTEXT('2D SPACE',''
  ) );
#6227 = ORIENTED_EDGE('',*,*,#6228,.F.);
#6228 = EDGE_CURVE('',#3322,#6201,#6229,.T.);
#6229 = SURFACE_CURVE('',#6230,(#6234,#6241),.PCURVE_S1.);
#6230 = LINE('',#6231,#6232);
#6231 = CARTESIAN_POINT('',(-9.1,72.,12.));
#6232 = VECTOR('',#6233,1.);
#6233 = DIRECTION('',(0.,0.,1.));
#6234 = PCURVE('',#2001,#6235);
#6235 = DEFINITIONAL_REPRESENTATION('',(#6236),#6240);
#6236 = LINE('',#6237,#6238);
#6237 = CARTESIAN_POINT('',(1.5,4.9));
#6238 = VECTOR('',#6239,1.);
#6239 = DIRECTION('',(1.,0.));
#6240 = ( GEOMETRIC_REPRESENTATION_CONTEXT(2) 
PARAMETRIC_REPRESENTATION_CONTEXT() REPRESENTATION_CONTEXT('2D SPACE',''
  ) );
#6241 = PCURVE('',#3337,#6242);
#6242 = DEFINITIONAL_REPRESENTATION('',(#6243),#6247);
#6243 = LINE('',#6244,#6245);
#6244 = CARTESIAN_POINT('',(0.,0.));
#6245 = VECTOR('',#6246,1.);
#6246 = DIRECTION('',(1.,0.));
#6247 = ( GEOMETRIC_REPRESENTATION_CONTEXT(2) 
PARAMETRIC_REPRESENTATION_CONTEXT() REPRESENTATION_CONTEXT('2D SPACE',''
  ) );
#6248 = ORIENTED_EDGE('',*,*,#3349,.T.);
#6249 = ORIENTED_EDGE('',*,*,#6250,.T.);
#6250 = EDGE_CURVE('',#3350,#1958,#6251,.T.);
#6251 = SURFACE_CURVE('',#6252,(#6256,#6263),.PCURVE_S1.);
#6252 = LINE('',#6253,#6254);
#6253 = CARTESIAN_POINT('',(-14.,72.,10.5));
#6254 = VECTOR('',#6255,1.);
#6255 = DIRECTION('',(0.,0.,1.));
#6256 = PCURVE('',#2001,#6257);
#6257 = DEFINITIONAL_REPRESENTATION('',(#6258),#6262);
#6258 = LINE('',#6259,#6260);
#6259 = CARTESIAN_POINT('',(0.,0.));
#6260 = VECTOR('',#6261,1.);
#6261 = DIRECTION('',(1.,0.));
#6262 = ( GEOMETRIC_REPRESENTATION_CONTEXT(2) 
PARAMETRIC_REPRESENTATION_CONTEXT() REPRESENTATION_CONTEXT('2D SPACE',''
  ) );
#6263 = PCURVE('',#1973,#6264);
#6264 = DEFINITIONAL_REPRESENTATION('',(#6265),#6269);
#6265 = LINE('',#6266,#6267);
#6266 = CARTESIAN_POINT('',(0.,0.));
#6267 = VECTOR('',#6268,1.);
#6268 = DIRECTION('',(1.,0.));
#6269 = ( GEOMETRIC_REPRESENTATION_CONTEXT(2) 
PARAMETRIC_REPRESENTATION_CONTEXT() REPRESENTATION_CONTEXT('2D SPACE',''
  ) );
#6270 = ORIENTED_EDGE('',*,*,#1985,.T.);
#6271 = ORIENTED_EDGE('',*,*,#6052,.F.);
#6272 = ADVANCED_FACE('',(#6273),#1973,.T.);
#6273 = FACE_BOUND('',#6274,.T.);
#6274 = EDGE_LOOP('',(#6275,#6276,#6277,#6549,#6578,#6848,#6849,#6850));
#6275 = ORIENTED_EDGE('',*,*,#6250,.F.);
#6276 = ORIENTED_EDGE('',*,*,#3372,.T.);
#6277 = ORIENTED_EDGE('',*,*,#6278,.F.);
#6278 = EDGE_CURVE('',#6279,#3373,#6281,.T.);
#6279 = VERTEX_POINT('',#6280);
#6280 = CARTESIAN_POINT('',(-14.,83.,17.));
#6281 = SURFACE_CURVE('',#6282,(#6369,#6459),.PCURVE_S1.);
#6282 = B_SPLINE_CURVE_WITH_KNOTS('',8,(#6283,#6284,#6285,#6286,#6287,
    #6288,#6289,#6290,#6291,#6292,#6293,#6294,#6295,#6296,#6297,#6298,
    #6299,#6300,#6301,#6302,#6303,#6304,#6305,#6306,#6307,#6308,#6309,
    #6310,#6311,#6312,#6313,#6314,#6315,#6316,#6317,#6318,#6319,#6320,
    #6321,#6322,#6323,#6324,#6325,#6326,#6327,#6328,#6329,#6330,#6331,
    #6332,#6333,#6334,#6335,#6336,#6337,#6338,#6339,#6340,#6341,#6342,
    #6343,#6344,#6345,#6346,#6347,#6348,#6349,#6350,#6351,#6352,#6353,
    #6354,#6355,#6356,#6357,#6358,#6359,#6360,#6361,#6362,#6363,#6364,
    #6365,#6366,#6367,#6368),.UNSPECIFIED.,.F.,.F.,(9,7,7,7,7,7,7,7,7,7,
    7,7,9),(0.,1.646587475521E-02,4.456971841575E-02,0.104246079713,
    0.238928764022,0.545720803826,0.693472091117,0.838336099142,
    0.92021228425,0.959082799452,0.973748801695,0.987311578382,1.),
  .UNSPECIFIED.);
#6283 = CARTESIAN_POINT('',(-14.,83.,17.));
#6284 = CARTESIAN_POINT('',(-14.,82.98108001291,17.));
#6285 = CARTESIAN_POINT('',(-14.,82.962191918101,16.99813745486));
#6286 = CARTESIAN_POINT('',(-14.,82.943394969435,16.995134505894));
#6287 = CARTESIAN_POINT('',(-14.,82.924759589628,16.991217037267));
#6288 = CARTESIAN_POINT('',(-14.,82.906315250213,16.986646468133));
#6289 = CARTESIAN_POINT('',(-14.,82.888053643558,16.98152275772));
#6290 = CARTESIAN_POINT('',(-14.,82.869931421839,16.975944297515));
#6291 = CARTESIAN_POINT('',(-14.,82.821019002494,16.95970319235));
#6292 = CARTESIAN_POINT('',(-14.,82.790558763229,16.948312702821));
#6293 = CARTESIAN_POINT('',(-14.,82.760397660725,16.93610383611));
#6294 = CARTESIAN_POINT('',(-14.,82.730505633867,16.923239044129));
#6295 = CARTESIAN_POINT('',(-14.,82.700858426168,16.909834310629));
#6296 = CARTESIAN_POINT('',(-14.,82.671428681541,16.895979761549));
#6297 = CARTESIAN_POINT('',(-14.,82.642189805152,16.88172828911));
#6298 = CARTESIAN_POINT('',(-14.,82.551352910224,16.836106062795));
#6299 = CARTESIAN_POINT('',(-14.,82.490385334352,16.803529592388));
#6300 = CARTESIAN_POINT('',(-14.,82.430008891873,16.769836574197));
#6301 = CARTESIAN_POINT('',(-14.,82.370140571351,16.735242387175));
#6302 = CARTESIAN_POINT('',(-14.,82.310718792824,16.699900118232));
#6303 = CARTESIAN_POINT('',(-14.,82.251686613676,16.663929604571));
#6304 = CARTESIAN_POINT('',(-14.,82.192999410146,16.627402595033));
#6305 = CARTESIAN_POINT('',(-14.,82.002822174931,16.506816488839));
#6306 = CARTESIAN_POINT('',(-14.,81.872623868634,16.420769816633));
#6307 = CARTESIAN_POINT('',(-14.,81.743585828256,16.332962693616));
#6308 = CARTESIAN_POINT('',(-14.,81.615540537101,16.243712978519));
#6309 = CARTESIAN_POINT('',(-14.,81.488334130437,16.153292339584));
#6310 = CARTESIAN_POINT('',(-14.,81.361870330425,16.061859455316));
#6311 = CARTESIAN_POINT('',(-14.,81.236053711218,15.969546099231));
#6312 = CARTESIAN_POINT('',(-14.,80.825488331559,15.664351686958));
#6313 = CARTESIAN_POINT('',(-14.,80.543205310811,15.448226936948));
#6314 = CARTESIAN_POINT('',(-14.,80.263119198005,15.229236667511));
#6315 = CARTESIAN_POINT('',(-14.,79.984907086605,15.007875708895));
#6316 = CARTESIAN_POINT('',(-14.,79.70829367162,14.78455114792));
#6317 = CARTESIAN_POINT('',(-14.,79.433143087471,14.559463114103));
#6318 = CARTESIAN_POINT('',(-14.,79.159353933478,14.332742118725));
#6319 = CARTESIAN_POINT('',(-14.,78.755699675229,13.99440705961));
#6320 = CARTESIAN_POINT('',(-14.,78.624807321472,13.884054741587));
#6321 = CARTESIAN_POINT('',(-14.,78.494232198929,13.773329421175));
#6322 = CARTESIAN_POINT('',(-14.,78.363979811219,13.662227297601));
#6323 = CARTESIAN_POINT('',(-14.,78.234060948657,13.55073896978));
#6324 = CARTESIAN_POINT('',(-14.,78.104492698729,13.438848271403));
#6325 = CARTESIAN_POINT('',(-14.,77.975300672936,13.326529708906));
#6326 = CARTESIAN_POINT('',(-14.,77.720260744508,13.103163285911));
#6327 = CARTESIAN_POINT('',(-14.,77.594400275713,12.99213673669));
#6328 = CARTESIAN_POINT('',(-14.,77.468974360398,12.880624401697));
#6329 = CARTESIAN_POINT('',(-14.,77.344027432672,12.768578773898));
#6330 = CARTESIAN_POINT('',(-14.,77.219627907188,12.655931706555));
#6331 = CARTESIAN_POINT('',(-14.,77.095866606835,12.542596013582));
#6332 = CARTESIAN_POINT('',(-14.,76.972872853049,12.428447968945));
#6333 = CARTESIAN_POINT('',(-14.,76.78193093742,12.248150910819));
#6334 = CARTESIAN_POINT('',(-14.,76.713308027898,12.182718794114));
#6335 = CARTESIAN_POINT('',(-14.,76.64505043676,12.116911215176));
#6336 = CARTESIAN_POINT('',(-14.,76.577206452029,12.050678161233));
#6337 = CARTESIAN_POINT('',(-14.,76.509856452506,11.983947302915));
#6338 = CARTESIAN_POINT('',(-14.,76.443104389127,11.916631969395));
#6339 = CARTESIAN_POINT('',(-14.,76.377097918475,11.84861120229));
#6340 = CARTESIAN_POINT('',(-14.,76.281296980795,11.746873729156));
#6341 = CARTESIAN_POINT('',(-14.,76.250699524385,11.713912580096));
#6342 = CARTESIAN_POINT('',(-14.,76.22037319784,11.680706605384));
#6343 = CARTESIAN_POINT('',(-14.,76.190354641284,11.647222132916));
#6344 = CARTESIAN_POINT('',(-14.,76.160706277674,11.613412791197));
#6345 = CARTESIAN_POINT('',(-14.,76.131509360879,11.579224965497));
#6346 = CARTESIAN_POINT('',(-14.,76.102879162402,11.544584825323));
#6347 = CARTESIAN_POINT('',(-14.,76.064548686921,11.496027149427));
#6348 = CARTESIAN_POINT('',(-14.,76.05416408066,11.482639553413));
#6349 = CARTESIAN_POINT('',(-14.,76.043906773346,11.469156952314));
#6350 = CARTESIAN_POINT('',(-14.,76.03379313946,11.455568741042));
#6351 = CARTESIAN_POINT('',(-14.,76.023843638066,11.441863647946));
#6352 = CARTESIAN_POINT('',(-14.,76.014084577177,11.428028499158));
#6353 = CARTESIAN_POINT('',(-14.,76.004552427034,11.414045296804));
#6354 = CARTESIAN_POINT('',(-14.,75.986744884609,11.38679298888));
#6355 = CARTESIAN_POINT('',(-14.,75.978458664676,11.373593729994));
#6356 = CARTESIAN_POINT('',(-14.,75.970450121415,11.360226497155));
#6357 = CARTESIAN_POINT('',(-14.,75.962780143206,11.346643359527));
#6358 = CARTESIAN_POINT('',(-14.,75.955505984087,11.332821123853));
#6359 = CARTESIAN_POINT('',(-14.,75.948818039787,11.318721822498));
#6360 = CARTESIAN_POINT('',(-14.,75.942867860044,11.304348208759));
#6361 = CARTESIAN_POINT('',(-14.,75.933842021196,11.275747687948));
#6362 = CARTESIAN_POINT('',(-14.,75.928931687202,11.256269632592));
#6363 = CARTESIAN_POINT('',(-14.,75.927095662524,11.235746335183));
#6364 = CARTESIAN_POINT('',(-14.,75.931954302474,11.21830258397));
#6365 = CARTESIAN_POINT('',(-14.,75.945092280439,11.206725696255));
#6366 = CARTESIAN_POINT('',(-14.,75.964627651631,11.20141814641));
#6367 = CARTESIAN_POINT('',(-14.,75.985091789538,11.2));
#6368 = CARTESIAN_POINT('',(-14.,76.,11.2));
#6369 = PCURVE('',#1973,#6370);
#6370 = DEFINITIONAL_REPRESENTATION('',(#6371),#6458);
#6371 = B_SPLINE_CURVE_WITH_KNOTS('',8,(#6372,#6373,#6374,#6375,#6376,
    #6377,#6378,#6379,#6380,#6381,#6382,#6383,#6384,#6385,#6386,#6387,
    #6388,#6389,#6390,#6391,#6392,#6393,#6394,#6395,#6396,#6397,#6398,
    #6399,#6400,#6401,#6402,#6403,#6404,#6405,#6406,#6407,#6408,#6409,
    #6410,#6411,#6412,#6413,#6414,#6415,#6416,#6417,#6418,#6419,#6420,
    #6421,#6422,#6423,#6424,#6425,#6426,#6427,#6428,#6429,#6430,#6431,
    #6432,#6433,#6434,#6435,#6436,#6437,#6438,#6439,#6440,#6441,#6442,
    #6443,#6444,#6445,#6446,#6447,#6448,#6449,#6450,#6451,#6452,#6453,
    #6454,#6455,#6456,#6457),.UNSPECIFIED.,.F.,.F.,(9,7,7,7,7,7,7,7,7,7,
    7,7,9),(0.,1.646587475521E-02,4.456971841575E-02,0.104246079713,
    0.238928764022,0.545720803826,0.693472091117,0.838336099142,
    0.92021228425,0.959082799452,0.973748801695,0.987311578382,1.),
  .UNSPECIFIED.);
#6372 = CARTESIAN_POINT('',(6.5,-11.));
#6373 = CARTESIAN_POINT('',(6.5,-10.98108001291));
#6374 = CARTESIAN_POINT('',(6.49813745486,-10.9621919181));
#6375 = CARTESIAN_POINT('',(6.495134505894,-10.94339496943));
#6376 = CARTESIAN_POINT('',(6.491217037267,-10.92475958962));
#6377 = CARTESIAN_POINT('',(6.486646468133,-10.90631525021));
#6378 = CARTESIAN_POINT('',(6.48152275772,-10.88805364355));
#6379 = CARTESIAN_POINT('',(6.475944297515,-10.86993142183));
#6380 = CARTESIAN_POINT('',(6.45970319235,-10.82101900249));
#6381 = CARTESIAN_POINT('',(6.448312702821,-10.79055876322));
#6382 = CARTESIAN_POINT('',(6.43610383611,-10.76039766072));
#6383 = CARTESIAN_POINT('',(6.423239044129,-10.73050563386));
#6384 = CARTESIAN_POINT('',(6.409834310629,-10.70085842616));
#6385 = CARTESIAN_POINT('',(6.395979761549,-10.67142868154));
#6386 = CARTESIAN_POINT('',(6.38172828911,-10.64218980515));
#6387 = CARTESIAN_POINT('',(6.336106062795,-10.55135291022));
#6388 = CARTESIAN_POINT('',(6.303529592388,-10.49038533435));
#6389 = CARTESIAN_POINT('',(6.269836574197,-10.43000889187));
#6390 = CARTESIAN_POINT('',(6.235242387175,-10.37014057135));
#6391 = CARTESIAN_POINT('',(6.199900118232,-10.31071879282));
#6392 = CARTESIAN_POINT('',(6.163929604571,-10.25168661367));
#6393 = CARTESIAN_POINT('',(6.127402595033,-10.19299941014));
#6394 = CARTESIAN_POINT('',(6.006816488839,-10.00282217493));
#6395 = CARTESIAN_POINT('',(5.920769816633,-9.872623868634));
#6396 = CARTESIAN_POINT('',(5.832962693616,-9.743585828256));
#6397 = CARTESIAN_POINT('',(5.743712978519,-9.615540537101));
#6398 = CARTESIAN_POINT('',(5.653292339584,-9.488334130437));
#6399 = CARTESIAN_POINT('',(5.561859455316,-9.361870330425));
#6400 = CARTESIAN_POINT('',(5.469546099231,-9.236053711218));
#6401 = CARTESIAN_POINT('',(5.164351686958,-8.825488331559));
#6402 = CARTESIAN_POINT('',(4.948226936948,-8.543205310811));
#6403 = CARTESIAN_POINT('',(4.729236667511,-8.263119198005));
#6404 = CARTESIAN_POINT('',(4.507875708895,-7.984907086605));
#6405 = CARTESIAN_POINT('',(4.28455114792,-7.70829367162));
#6406 = CARTESIAN_POINT('',(4.059463114103,-7.433143087471));
#6407 = CARTESIAN_POINT('',(3.832742118725,-7.159353933478));
#6408 = CARTESIAN_POINT('',(3.49440705961,-6.755699675229));
#6409 = CARTESIAN_POINT('',(3.384054741587,-6.624807321472));
#6410 = CARTESIAN_POINT('',(3.273329421175,-6.494232198929));
#6411 = CARTESIAN_POINT('',(3.162227297601,-6.363979811219));
#6412 = CARTESIAN_POINT('',(3.05073896978,-6.234060948657));
#6413 = CARTESIAN_POINT('',(2.938848271403,-6.104492698729));
#6414 = CARTESIAN_POINT('',(2.826529708906,-5.975300672936));
#6415 = CARTESIAN_POINT('',(2.603163285911,-5.720260744508));
#6416 = CARTESIAN_POINT('',(2.49213673669,-5.594400275713));
#6417 = CARTESIAN_POINT('',(2.380624401697,-5.468974360398));
#6418 = CARTESIAN_POINT('',(2.268578773898,-5.344027432672));
#6419 = CARTESIAN_POINT('',(2.155931706555,-5.219627907188));
#6420 = CARTESIAN_POINT('',(2.042596013582,-5.095866606835));
#6421 = CARTESIAN_POINT('',(1.928447968945,-4.972872853049));
#6422 = CARTESIAN_POINT('',(1.748150910819,-4.78193093742));
#6423 = CARTESIAN_POINT('',(1.682718794114,-4.713308027898));
#6424 = CARTESIAN_POINT('',(1.616911215176,-4.64505043676));
#6425 = CARTESIAN_POINT('',(1.550678161233,-4.577206452029));
#6426 = CARTESIAN_POINT('',(1.483947302915,-4.509856452506));
#6427 = CARTESIAN_POINT('',(1.416631969395,-4.443104389127));
#6428 = CARTESIAN_POINT('',(1.34861120229,-4.377097918475));
#6429 = CARTESIAN_POINT('',(1.246873729156,-4.281296980795));
#6430 = CARTESIAN_POINT('',(1.213912580096,-4.250699524385));
#6431 = CARTESIAN_POINT('',(1.180706605384,-4.22037319784));
#6432 = CARTESIAN_POINT('',(1.147222132916,-4.190354641284));
#6433 = CARTESIAN_POINT('',(1.113412791197,-4.160706277674));
#6434 = CARTESIAN_POINT('',(1.079224965497,-4.131509360879));
#6435 = CARTESIAN_POINT('',(1.044584825323,-4.102879162402));
#6436 = CARTESIAN_POINT('',(0.996027149427,-4.064548686921));
#6437 = CARTESIAN_POINT('',(0.982639553413,-4.05416408066));
#6438 = CARTESIAN_POINT('',(0.969156952314,-4.043906773346));
#6439 = CARTESIAN_POINT('',(0.955568741042,-4.03379313946));
#6440 = CARTESIAN_POINT('',(0.941863647946,-4.023843638066));
#6441 = CARTESIAN_POINT('',(0.928028499158,-4.014084577177));
#6442 = CARTESIAN_POINT('',(0.914045296804,-4.004552427034));
#6443 = CARTESIAN_POINT('',(0.88679298888,-3.986744884609));
#6444 = CARTESIAN_POINT('',(0.873593729994,-3.978458664676));
#6445 = CARTESIAN_POINT('',(0.860226497155,-3.970450121415));
#6446 = CARTESIAN_POINT('',(0.846643359527,-3.962780143206));
#6447 = CARTESIAN_POINT('',(0.832821123853,-3.955505984087));
#6448 = CARTESIAN_POINT('',(0.818721822498,-3.948818039787));
#6449 = CARTESIAN_POINT('',(0.804348208759,-3.942867860044));
#6450 = CARTESIAN_POINT('',(0.775747687948,-3.933842021196));
#6451 = CARTESIAN_POINT('',(0.756269632592,-3.928931687202));
#6452 = CARTESIAN_POINT('',(0.735746335183,-3.927095662524));
#6453 = CARTESIAN_POINT('',(0.71830258397,-3.931954302474));
#6454 = CARTESIAN_POINT('',(0.706725696255,-3.945092280439));
#6455 = CARTESIAN_POINT('',(0.70141814641,-3.964627651631));
#6456 = CARTESIAN_POINT('',(0.7,-3.985091789538));
#6457 = CARTESIAN_POINT('',(0.7,-4.));
#6458 = ( GEOMETRIC_REPRESENTATION_CONTEXT(2) 
PARAMETRIC_REPRESENTATION_CONTEXT() REPRESENTATION_CONTEXT('2D SPACE',''
  ) );
#6459 = PCURVE('',#3428,#6460);
#6460 = DEFINITIONAL_REPRESENTATION('',(#6461),#6548);
#6461 = B_SPLINE_CURVE_WITH_KNOTS('',8,(#6462,#6463,#6464,#6465,#6466,
    #6467,#6468,#6469,#6470,#6471,#6472,#6473,#6474,#6475,#6476,#6477,
    #6478,#6479,#6480,#6481,#6482,#6483,#6484,#6485,#6486,#6487,#6488,
    #6489,#6490,#6491,#6492,#6493,#6494,#6495,#6496,#6497,#6498,#6499,
    #6500,#6501,#6502,#6503,#6504,#6505,#6506,#6507,#6508,#6509,#6510,
    #6511,#6512,#6513,#6514,#6515,#6516,#6517,#6518,#6519,#6520,#6521,
    #6522,#6523,#6524,#6525,#6526,#6527,#6528,#6529,#6530,#6531,#6532,
    #6533,#6534,#6535,#6536,#6537,#6538,#6539,#6540,#6541,#6542,#6543,
    #6544,#6545,#6546,#6547),.UNSPECIFIED.,.F.,.F.,(9,7,7,7,7,7,7,7,7,7,
    7,7,9),(0.,1.646587475521E-02,4.456971841575E-02,0.104246079713,
    0.238928764022,0.545720803826,0.693472091117,0.838336099142,
    0.92021228425,0.959082799452,0.973748801695,0.987311578382,1.),
  .UNSPECIFIED.);
#6462 = CARTESIAN_POINT('',(1.,0.504677213698));
#6463 = CARTESIAN_POINT('',(1.002408967575,0.504677213698));
#6464 = CARTESIAN_POINT('',(1.004548490802,0.504516677572));
#6465 = CARTESIAN_POINT('',(1.006514891971,0.504257847875));
#6466 = CARTESIAN_POINT('',(1.008331447635,0.503920189121));
#6467 = CARTESIAN_POINT('',(1.010031800827,0.503526231108));
#6468 = CARTESIAN_POINT('',(1.01163117739,0.503084586472));
#6469 = CARTESIAN_POINT('',(1.013149121805,0.502603733718));
#6470 = CARTESIAN_POINT('',(1.017080349117,0.501203747756));
#6471 = CARTESIAN_POINT('',(1.019349958812,0.500221852337));
#6472 = CARTESIAN_POINT('',(1.021467856176,0.499169366268));
#6473 = CARTESIAN_POINT('',(1.023460755377,0.498060283769));
#6474 = CARTESIAN_POINT('',(1.025348027585,0.496904595566));
#6475 = CARTESIAN_POINT('',(1.027145785016,0.495710064733));
#6476 = CARTESIAN_POINT('',(1.028864754923,0.494481245692));
#6477 = CARTESIAN_POINT('',(1.034019611344,0.490547297305));
#6478 = CARTESIAN_POINT('',(1.037210062778,0.487737962362));
#6479 = CARTESIAN_POINT('',(1.040173014979,0.484831989129));
#6480 = CARTESIAN_POINT('',(1.042948352072,0.48184791542));
#6481 = CARTESIAN_POINT('',(1.045564562709,0.478798915645));
#6482 = CARTESIAN_POINT('',(1.048044964992,0.475695301677));
#6483 = CARTESIAN_POINT('',(1.050404587861,0.472543242779));
#6484 = CARTESIAN_POINT('',(1.057741672609,0.462135951252));
#6485 = CARTESIAN_POINT('',(1.062278136302,0.454707389471));
#6486 = CARTESIAN_POINT('',(1.066415237205,0.447124429734));
#6487 = CARTESIAN_POINT('',(1.070212654893,0.43941436689));
#6488 = CARTESIAN_POINT('',(1.073722670989,0.431600533631));
#6489 = CARTESIAN_POINT('',(1.076974958683,0.423696539446));
#6490 = CARTESIAN_POINT('',(1.079995737878,0.415713681203));
#6491 = CARTESIAN_POINT('',(1.0891999212,0.389312589716));
#6492 = CARTESIAN_POINT('',(1.094489917684,0.37060209626));
#6493 = CARTESIAN_POINT('',(1.0988956184,0.351628273072));
#6494 = CARTESIAN_POINT('',(1.102487671584,0.332433328993));
#6495 = CARTESIAN_POINT('',(1.10532162683,0.313051969034));
#6496 = CARTESIAN_POINT('',(1.107408269162,0.293501089331));
#6497 = CARTESIAN_POINT('',(1.108744384766,0.273791564552));
#6498 = CARTESIAN_POINT('',(1.109557867661,0.24435367148));
#6499 = CARTESIAN_POINT('',(1.109639741364,0.234748172831));
#6500 = CARTESIAN_POINT('',(1.10953512781,0.225106214891));
#6501 = CARTESIAN_POINT('',(1.109238349583,0.215427413801));
#6502 = CARTESIAN_POINT('',(1.108742012095,0.205710897025));
#6503 = CARTESIAN_POINT('',(1.108036551526,0.195955199818));
#6504 = CARTESIAN_POINT('',(1.107109305246,0.186158038908));
#6505 = CARTESIAN_POINT('',(1.104799693514,0.166666216625));
#6506 = CARTESIAN_POINT('',(1.103426653366,0.156973577324));
#6507 = CARTESIAN_POINT('',(1.101807374488,0.147234452013));
#6508 = CARTESIAN_POINT('',(1.099922111982,0.137444625357));
#6509 = CARTESIAN_POINT('',(1.097743073082,0.12759806505));
#6510 = CARTESIAN_POINT('',(1.095234979063,0.117687062035));
#6511 = CARTESIAN_POINT('',(1.092348811777,0.107700690592));
#6512 = CARTESIAN_POINT('',(1.087101724605,9.192022627024E-02));
#6513 = CARTESIAN_POINT('',(1.085058349513,8.61918834022E-02));
#6514 = CARTESIAN_POINT('',(1.082849534853,8.042924181206E-02));
#6515 = CARTESIAN_POINT('',(1.080456666965,7.462789383811E-02));
#6516 = CARTESIAN_POINT('',(1.077851316756,6.878146742376E-02));
#6517 = CARTESIAN_POINT('',(1.074998251356,6.288232729083E-02));
#6518 = CARTESIAN_POINT('',(1.071848077684,5.691982177263E-02));
#6519 = CARTESIAN_POINT('',(1.066612818595,4.799942622846E-02));
#6520 = CARTESIAN_POINT('',(1.064837822034,4.510901655859E-02));
#6521 = CARTESIAN_POINT('',(1.06296133165,4.219677334771E-02));
#6522 = CARTESIAN_POINT('',(1.060970424141,3.925973440529E-02));
#6523 = CARTESIAN_POINT('',(1.058845403493,3.62938203157E-02));
#6524 = CARTESIAN_POINT('',(1.056562039947,3.329431411761E-02));
#6525 = CARTESIAN_POINT('',(1.054086470966,3.025472161862E-02));
#6526 = CARTESIAN_POINT('',(1.050314099133,2.599331323904E-02));
#6527 = CARTESIAN_POINT('',(1.049243311478,2.481836212978E-02));
#6528 = CARTESIAN_POINT('',(1.048131349209,2.363501274338E-02));
#6529 = CARTESIAN_POINT('',(1.046973394577,2.244233274085E-02));
#6530 = CARTESIAN_POINT('',(1.045763836098,2.12393310516E-02));
#6531 = CARTESIAN_POINT('',(1.04449573329,2.002484934587E-02));
#6532 = CARTESIAN_POINT('',(1.04315952735,1.879730536033E-02));
#6533 = CARTESIAN_POINT('',(1.040429174674,1.640477469469E-02));
#6534 = CARTESIAN_POINT('',(1.039051282309,1.52459297121E-02));
#6535 = CARTESIAN_POINT('',(1.037593240636,1.407227886711E-02));
#6536 = CARTESIAN_POINT('',(1.036035448497,1.287961073884E-02));
#6537 = CARTESIAN_POINT('',(1.034363933168,1.166588566686E-02));
#6538 = CARTESIAN_POINT('',(1.03254042188,1.042776453516E-02));
#6539 = CARTESIAN_POINT('',(1.030541208879,9.165485700212E-03));
#6540 = CARTESIAN_POINT('',(1.026110712754,6.653665700078E-03));
#6541 = CARTESIAN_POINT('',(1.022894501054,4.942954547421E-03));
#6542 = CARTESIAN_POINT('',(1.018969639564,3.14029555393E-03));
#6543 = CARTESIAN_POINT('',(1.01460436276,1.607893313532E-03));
#6544 = CARTESIAN_POINT('',(1.010126260877,5.908545662942E-04));
#6545 = CARTESIAN_POINT('',(1.005922301743,1.245855589945E-04));
#6546 = CARTESIAN_POINT('',(1.002372715388,2.316533029596E-15));
#6547 = CARTESIAN_POINT('',(1.,0.));
#6548 = ( GEOMETRIC_REPRESENTATION_CONTEXT(2) 
PARAMETRIC_REPRESENTATION_CONTEXT() REPRESENTATION_CONTEXT('2D SPACE',''
  ) );
#6549 = ORIENTED_EDGE('',*,*,#6550,.T.);
#6550 = EDGE_CURVE('',#6279,#6551,#6553,.T.);
#6551 = VERTEX_POINT('',#6552);
#6552 = CARTESIAN_POINT('',(-14.,126.,17.));
#6553 = SURFACE_CURVE('',#6554,(#6560,#6569),.PCURVE_S1.);
#6554 = B_SPLINE_CURVE_WITH_KNOTS('',4,(#6555,#6556,#6557,#6558,#6559),
  .UNSPECIFIED.,.F.,.F.,(5,5),(0.,1.),.PIECEWISE_BEZIER_KNOTS.);
#6555 = CARTESIAN_POINT('',(-14.,83.,17.));
#6556 = CARTESIAN_POINT('',(-14.,93.75,17.));
#6557 = CARTESIAN_POINT('',(-14.,104.5,17.));
#6558 = CARTESIAN_POINT('',(-14.,115.25,17.));
#6559 = CARTESIAN_POINT('',(-14.,126.,17.));
#6560 = PCURVE('',#1973,#6561);
#6561 = DEFINITIONAL_REPRESENTATION('',(#6562),#6568);
#6562 = B_SPLINE_CURVE_WITH_KNOTS('',4,(#6563,#6564,#6565,#6566,#6567),
  .UNSPECIFIED.,.F.,.F.,(5,5),(0.,1.),.PIECEWISE_BEZIER_KNOTS.);
#6563 = CARTESIAN_POINT('',(6.5,-11.));
#6564 = CARTESIAN_POINT('',(6.5,-21.75));
#6565 = CARTESIAN_POINT('',(6.5,-32.5));
#6566 = CARTESIAN_POINT('',(6.5,-43.25));
#6567 = CARTESIAN_POINT('',(6.5,-54.));
#6568 = ( GEOMETRIC_REPRESENTATION_CONTEXT(2) 
PARAMETRIC_REPRESENTATION_CONTEXT() REPRESENTATION_CONTEXT('2D SPACE',''
  ) );
#6569 = PCURVE('',#3492,#6570);
#6570 = DEFINITIONAL_REPRESENTATION('',(#6571),#6577);
#6571 = B_SPLINE_CURVE_WITH_KNOTS('',4,(#6572,#6573,#6574,#6575,#6576),
  .UNSPECIFIED.,.F.,.F.,(5,5),(0.,1.),.PIECEWISE_BEZIER_KNOTS.);
#6572 = CARTESIAN_POINT('',(1.,0.504677213698));
#6573 = CARTESIAN_POINT('',(0.75,0.504677213698));
#6574 = CARTESIAN_POINT('',(0.5,0.504677213698));
#6575 = CARTESIAN_POINT('',(0.25,0.504677213698));
#6576 = CARTESIAN_POINT('',(0.,0.504677213698));
#6577 = ( GEOMETRIC_REPRESENTATION_CONTEXT(2) 
PARAMETRIC_REPRESENTATION_CONTEXT() REPRESENTATION_CONTEXT('2D SPACE',''
  ) );
#6578 = ORIENTED_EDGE('',*,*,#6579,.T.);
#6579 = EDGE_CURVE('',#6551,#3530,#6580,.T.);
#6580 = SURFACE_CURVE('',#6581,(#6668,#6758),.PCURVE_S1.);
#6581 = B_SPLINE_CURVE_WITH_KNOTS('',8,(#6582,#6583,#6584,#6585,#6586,
    #6587,#6588,#6589,#6590,#6591,#6592,#6593,#6594,#6595,#6596,#6597,
    #6598,#6599,#6600,#6601,#6602,#6603,#6604,#6605,#6606,#6607,#6608,
    #6609,#6610,#6611,#6612,#6613,#6614,#6615,#6616,#6617,#6618,#6619,
    #6620,#6621,#6622,#6623,#6624,#6625,#6626,#6627,#6628,#6629,#6630,
    #6631,#6632,#6633,#6634,#6635,#6636,#6637,#6638,#6639,#6640,#6641,
    #6642,#6643,#6644,#6645,#6646,#6647,#6648,#6649,#6650,#6651,#6652,
    #6653,#6654,#6655,#6656,#6657,#6658,#6659,#6660,#6661,#6662,#6663,
    #6664,#6665,#6666,#6667),.UNSPECIFIED.,.F.,.F.,(9,7,7,7,7,7,7,7,7,7,
    7,7,9),(0.,3.077463222954E-02,9.821377543847E-02,0.158307632762,
    0.280369082982,0.39254622349,0.577501579469,0.753593414185,
    0.828566451028,0.885075603674,0.95217875322,0.97902239905,1.),
  .UNSPECIFIED.);
#6582 = CARTESIAN_POINT('',(-14.,126.,17.));
#6583 = CARTESIAN_POINT('',(-14.,126.02598650702,17.));
#6584 = CARTESIAN_POINT('',(-14.,126.05182231313,16.996485273017));
#6585 = CARTESIAN_POINT('',(-14.,126.07732705909,16.99053486035));
#6586 = CARTESIAN_POINT('',(-14.,126.10233594618,16.982726535505));
#6587 = CARTESIAN_POINT('',(-14.,126.1267810546,16.973554500111));
#6588 = CARTESIAN_POINT('',(-14.,126.15067568056,16.963299369053));
#6589 = CARTESIAN_POINT('',(-14.,126.17412390428,16.952142299965));
#6590 = CARTESIAN_POINT('',(-14.,126.24815431861,16.913774235938));
#6591 = CARTESIAN_POINT('',(-14.,126.29696916972,16.883698191496));
#6592 = CARTESIAN_POINT('',(-14.,126.3443776748,16.851301995074));
#6593 = CARTESIAN_POINT('',(-14.,126.3904558651,16.817043261448));
#6594 = CARTESIAN_POINT('',(-14.,126.43539418106,16.78142187003));
#6595 = CARTESIAN_POINT('',(-14.,126.47928166296,16.744624623623));
#6596 = CARTESIAN_POINT('',(-14.,126.52227201607,16.706813876328));
#6597 = CARTESIAN_POINT('',(-14.,126.60217863592,16.633439336633));
#6598 = CARTESIAN_POINT('',(-14.,126.6391721303,16.598149002633));
#6599 = CARTESIAN_POINT('',(-14.,126.67556264446,16.562229322212));
#6600 = CARTESIAN_POINT('',(-14.,126.7113893777,16.525745300249));
#6601 = CARTESIAN_POINT('',(-14.,126.74668208593,16.488747356152));
#6602 = CARTESIAN_POINT('',(-14.,126.78146572459,16.451275979031));
#6603 = CARTESIAN_POINT('',(-14.,126.81576265967,16.413363900848));
#6604 = CARTESIAN_POINT('',(-14.,126.91830683983,16.297184484492));
#6605 = CARTESIAN_POINT('',(-14.,126.98508119244,16.217632049494));
#6606 = CARTESIAN_POINT('',(-14.,127.0500743467,16.136597752304));
#6607 = CARTESIAN_POINT('',(-14.,127.11337205816,16.054229994018));
#6608 = CARTESIAN_POINT('',(-14.,127.1750320442,15.97064195839));
#6609 = CARTESIAN_POINT('',(-14.,127.23509756826,15.8859221439));
#6610 = CARTESIAN_POINT('',(-14.,127.29359855251,15.800135165112));
#6611 = CARTESIAN_POINT('',(-14.,127.40290730145,15.633550724636));
#6612 = CARTESIAN_POINT('',(-14.,127.45394900076,15.552920330293));
#6613 = CARTESIAN_POINT('',(-14.,127.5036981487,15.471479896627));
#6614 = CARTESIAN_POINT('',(-14.,127.55216100112,15.389266583641));
#6615 = CARTESIAN_POINT('',(-14.,127.59933755901,15.306312663204));
#6616 = CARTESIAN_POINT('',(-14.,127.64522289717,15.222646338698));
#6617 = CARTESIAN_POINT('',(-14.,127.68980849306,15.138292564653));
#6618 = CARTESIAN_POINT('',(-14.,127.80443458604,14.913096789917));
#6619 = CARTESIAN_POINT('',(-14.,127.87221777415,14.771121184262));
#6620 = CARTESIAN_POINT('',(-14.,127.93638482907,14.627443700931));
#6621 = CARTESIAN_POINT('',(-14.,127.99685547456,14.482156305631));
#6622 = CARTESIAN_POINT('',(-14.,128.05352612409,14.335349907684));
#6623 = CARTESIAN_POINT('',(-14.,128.10627316563,14.187115855148));
#6624 = CARTESIAN_POINT('',(-14.,128.15495085594,14.037545295649));
#6625 = CARTESIAN_POINT('',(-14.,128.24168745447,13.743135127103));
#6626 = CARTESIAN_POINT('',(-14.,128.28013476518,13.598442294502));
#6627 = CARTESIAN_POINT('',(-14.,128.31458124261,13.452706907557));
#6628 = CARTESIAN_POINT('',(-14.,128.34485053276,13.306012969086));
#6629 = CARTESIAN_POINT('',(-14.,128.37072332448,13.158468853868));
#6630 = CARTESIAN_POINT('',(-14.,128.39194086163,13.0102078658));
#6631 = CARTESIAN_POINT('',(-14.,128.40818344245,12.861384761381));
#6632 = CARTESIAN_POINT('',(-14.,128.42358283275,12.64863022156));
#6633 = CARTESIAN_POINT('',(-14.,128.42719444329,12.585030952606));
#6634 = CARTESIAN_POINT('',(-14.,128.42978348723,12.521377759046));
#6635 = CARTESIAN_POINT('',(-14.,128.43130845482,12.457687335722));
#6636 = CARTESIAN_POINT('',(-14.,128.43172195727,12.393980494867));
#6637 = CARTESIAN_POINT('',(-14.,128.43096880651,12.33028216144));
#6638 = CARTESIAN_POINT('',(-14.,128.42898215246,12.266621395646));
#6639 = CARTESIAN_POINT('',(-14.,128.42318700825,12.155102020112));
#6640 = CARTESIAN_POINT('',(-14.,128.41994779511,12.107217412781));
#6641 = CARTESIAN_POINT('',(-14.,128.41592428408,12.059389192263));
#6642 = CARTESIAN_POINT('',(-14.,128.41107386689,12.011634857521));
#6643 = CARTESIAN_POINT('',(-14.,128.40534739835,11.963977732039));
#6644 = CARTESIAN_POINT('',(-14.,128.39868659029,11.916447288763));
#6645 = CARTESIAN_POINT('',(-14.,128.39101848233,11.869079902766));
#6646 = CARTESIAN_POINT('',(-14.,128.3718310701,11.765918910895));
#6647 = CARTESIAN_POINT('',(-14.,128.35988646809,11.710362126138));
#6648 = CARTESIAN_POINT('',(-14.,128.3462441734,11.655168582929));
#6649 = CARTESIAN_POINT('',(-14.,128.33065902297,11.600399767102));
#6650 = CARTESIAN_POINT('',(-14.,128.3129000527,11.546209237582));
#6651 = CARTESIAN_POINT('',(-14.,128.29251148676,11.492959618528));
#6652 = CARTESIAN_POINT('',(-14.,128.26911039306,11.44108830461));
#6653 = CARTESIAN_POINT('',(-14.,128.23039091064,11.371643649521));
#6654 = CARTESIAN_POINT('',(-14.,128.21867605546,11.35221835743));
#6655 = CARTESIAN_POINT('',(-14.,128.20622196673,11.333236079063));
#6656 = CARTESIAN_POINT('',(-14.,128.19293613751,11.314784988583));
#6657 = CARTESIAN_POINT('',(-14.,128.17872603152,11.2970106269));
#6658 = CARTESIAN_POINT('',(-14.,128.16349655367,11.280117916805));
#6659 = CARTESIAN_POINT('',(-14.,128.14714030331,11.264380284688));
#6660 = CARTESIAN_POINT('',(-14.,128.11575128542,11.239039898761));
#6661 = CARTESIAN_POINT('',(-14.,128.1011773928,11.228821433565));
#6662 = CARTESIAN_POINT('',(-14.,128.08579861243,11.219740395036));
#6663 = CARTESIAN_POINT('',(-14.,128.06965137011,11.212064185556));
#6664 = CARTESIAN_POINT('',(-14.,128.05281514539,11.206070349171));
#6665 = CARTESIAN_POINT('',(-14.,128.03542786358,11.202002566005));
#6666 = CARTESIAN_POINT('',(-14.,128.01771037192,11.2));
#6667 = CARTESIAN_POINT('',(-14.,128.,11.2));
#6668 = PCURVE('',#1973,#6669);
#6669 = DEFINITIONAL_REPRESENTATION('',(#6670),#6757);
#6670 = B_SPLINE_CURVE_WITH_KNOTS('',8,(#6671,#6672,#6673,#6674,#6675,
    #6676,#6677,#6678,#6679,#6680,#6681,#6682,#6683,#6684,#6685,#6686,
    #6687,#6688,#6689,#6690,#6691,#6692,#6693,#6694,#6695,#6696,#6697,
    #6698,#6699,#6700,#6701,#6702,#6703,#6704,#6705,#6706,#6707,#6708,
    #6709,#6710,#6711,#6712,#6713,#6714,#6715,#6716,#6717,#6718,#6719,
    #6720,#6721,#6722,#6723,#6724,#6725,#6726,#6727,#6728,#6729,#6730,
    #6731,#6732,#6733,#6734,#6735,#6736,#6737,#6738,#6739,#6740,#6741,
    #6742,#6743,#6744,#6745,#6746,#6747,#6748,#6749,#6750,#6751,#6752,
    #6753,#6754,#6755,#6756),.UNSPECIFIED.,.F.,.F.,(9,7,7,7,7,7,7,7,7,7,
    7,7,9),(0.,3.077463222954E-02,9.821377543847E-02,0.158307632762,
    0.280369082982,0.39254622349,0.577501579469,0.753593414185,
    0.828566451028,0.885075603674,0.95217875322,0.97902239905,1.),
  .UNSPECIFIED.);
#6671 = CARTESIAN_POINT('',(6.5,-54.));
#6672 = CARTESIAN_POINT('',(6.5,-54.02598650702));
#6673 = CARTESIAN_POINT('',(6.496485273017,-54.05182231313));
#6674 = CARTESIAN_POINT('',(6.49053486035,-54.07732705909));
#6675 = CARTESIAN_POINT('',(6.482726535505,-54.10233594618));
#6676 = CARTESIAN_POINT('',(6.473554500111,-54.1267810546));
#6677 = CARTESIAN_POINT('',(6.463299369053,-54.15067568056));
#6678 = CARTESIAN_POINT('',(6.452142299965,-54.17412390428));
#6679 = CARTESIAN_POINT('',(6.413774235938,-54.24815431861));
#6680 = CARTESIAN_POINT('',(6.383698191496,-54.29696916972));
#6681 = CARTESIAN_POINT('',(6.351301995074,-54.3443776748));
#6682 = CARTESIAN_POINT('',(6.317043261448,-54.3904558651));
#6683 = CARTESIAN_POINT('',(6.28142187003,-54.43539418106));
#6684 = CARTESIAN_POINT('',(6.244624623623,-54.47928166296));
#6685 = CARTESIAN_POINT('',(6.206813876328,-54.52227201607));
#6686 = CARTESIAN_POINT('',(6.133439336633,-54.60217863592));
#6687 = CARTESIAN_POINT('',(6.098149002633,-54.6391721303));
#6688 = CARTESIAN_POINT('',(6.062229322212,-54.67556264446));
#6689 = CARTESIAN_POINT('',(6.025745300249,-54.7113893777));
#6690 = CARTESIAN_POINT('',(5.988747356152,-54.74668208593));
#6691 = CARTESIAN_POINT('',(5.951275979031,-54.78146572459));
#6692 = CARTESIAN_POINT('',(5.913363900848,-54.81576265967));
#6693 = CARTESIAN_POINT('',(5.797184484492,-54.91830683983));
#6694 = CARTESIAN_POINT('',(5.717632049494,-54.98508119244));
#6695 = CARTESIAN_POINT('',(5.636597752304,-55.0500743467));
#6696 = CARTESIAN_POINT('',(5.554229994018,-55.11337205816));
#6697 = CARTESIAN_POINT('',(5.47064195839,-55.1750320442));
#6698 = CARTESIAN_POINT('',(5.3859221439,-55.23509756826));
#6699 = CARTESIAN_POINT('',(5.300135165112,-55.29359855251));
#6700 = CARTESIAN_POINT('',(5.133550724636,-55.40290730145));
#6701 = CARTESIAN_POINT('',(5.052920330293,-55.45394900076));
#6702 = CARTESIAN_POINT('',(4.971479896627,-55.5036981487));
#6703 = CARTESIAN_POINT('',(4.889266583641,-55.55216100112));
#6704 = CARTESIAN_POINT('',(4.806312663204,-55.59933755901));
#6705 = CARTESIAN_POINT('',(4.722646338698,-55.64522289717));
#6706 = CARTESIAN_POINT('',(4.638292564653,-55.68980849306));
#6707 = CARTESIAN_POINT('',(4.413096789917,-55.80443458604));
#6708 = CARTESIAN_POINT('',(4.271121184262,-55.87221777415));
#6709 = CARTESIAN_POINT('',(4.127443700931,-55.93638482907));
#6710 = CARTESIAN_POINT('',(3.982156305631,-55.99685547456));
#6711 = CARTESIAN_POINT('',(3.835349907684,-56.05352612409));
#6712 = CARTESIAN_POINT('',(3.687115855148,-56.10627316563));
#6713 = CARTESIAN_POINT('',(3.537545295649,-56.15495085594));
#6714 = CARTESIAN_POINT('',(3.243135127103,-56.24168745447));
#6715 = CARTESIAN_POINT('',(3.098442294502,-56.28013476518));
#6716 = CARTESIAN_POINT('',(2.952706907557,-56.31458124261));
#6717 = CARTESIAN_POINT('',(2.806012969086,-56.34485053276));
#6718 = CARTESIAN_POINT('',(2.658468853868,-56.37072332448));
#6719 = CARTESIAN_POINT('',(2.5102078658,-56.39194086163));
#6720 = CARTESIAN_POINT('',(2.361384761381,-56.40818344245));
#6721 = CARTESIAN_POINT('',(2.14863022156,-56.42358283275));
#6722 = CARTESIAN_POINT('',(2.085030952606,-56.42719444329));
#6723 = CARTESIAN_POINT('',(2.021377759046,-56.42978348723));
#6724 = CARTESIAN_POINT('',(1.957687335722,-56.43130845482));
#6725 = CARTESIAN_POINT('',(1.893980494867,-56.43172195727));
#6726 = CARTESIAN_POINT('',(1.83028216144,-56.43096880651));
#6727 = CARTESIAN_POINT('',(1.766621395646,-56.42898215246));
#6728 = CARTESIAN_POINT('',(1.655102020112,-56.42318700825));
#6729 = CARTESIAN_POINT('',(1.607217412781,-56.41994779511));
#6730 = CARTESIAN_POINT('',(1.559389192263,-56.41592428408));
#6731 = CARTESIAN_POINT('',(1.511634857521,-56.41107386689));
#6732 = CARTESIAN_POINT('',(1.463977732039,-56.40534739835));
#6733 = CARTESIAN_POINT('',(1.416447288763,-56.39868659029));
#6734 = CARTESIAN_POINT('',(1.369079902766,-56.39101848233));
#6735 = CARTESIAN_POINT('',(1.265918910895,-56.3718310701));
#6736 = CARTESIAN_POINT('',(1.210362126138,-56.35988646809));
#6737 = CARTESIAN_POINT('',(1.155168582929,-56.3462441734));
#6738 = CARTESIAN_POINT('',(1.100399767102,-56.33065902297));
#6739 = CARTESIAN_POINT('',(1.046209237582,-56.3129000527));
#6740 = CARTESIAN_POINT('',(0.992959618528,-56.29251148676));
#6741 = CARTESIAN_POINT('',(0.94108830461,-56.26911039306));
#6742 = CARTESIAN_POINT('',(0.871643649521,-56.23039091064));
#6743 = CARTESIAN_POINT('',(0.85221835743,-56.21867605546));
#6744 = CARTESIAN_POINT('',(0.833236079063,-56.20622196673));
#6745 = CARTESIAN_POINT('',(0.814784988583,-56.19293613751));
#6746 = CARTESIAN_POINT('',(0.7970106269,-56.17872603152));
#6747 = CARTESIAN_POINT('',(0.780117916805,-56.16349655367));
#6748 = CARTESIAN_POINT('',(0.764380284688,-56.14714030331));
#6749 = CARTESIAN_POINT('',(0.739039898761,-56.11575128542));
#6750 = CARTESIAN_POINT('',(0.728821433565,-56.1011773928));
#6751 = CARTESIAN_POINT('',(0.719740395036,-56.08579861243));
#6752 = CARTESIAN_POINT('',(0.712064185556,-56.06965137011));
#6753 = CARTESIAN_POINT('',(0.706070349171,-56.05281514539));
#6754 = CARTESIAN_POINT('',(0.702002566005,-56.03542786358));
#6755 = CARTESIAN_POINT('',(0.7,-56.01771037192));
#6756 = CARTESIAN_POINT('',(0.7,-56.));
#6757 = ( GEOMETRIC_REPRESENTATION_CONTEXT(2) 
PARAMETRIC_REPRESENTATION_CONTEXT() REPRESENTATION_CONTEXT('2D SPACE',''
  ) );
#6758 = PCURVE('',#3573,#6759);
#6759 = DEFINITIONAL_REPRESENTATION('',(#6760),#6847);
#6760 = B_SPLINE_CURVE_WITH_KNOTS('',8,(#6761,#6762,#6763,#6764,#6765,
    #6766,#6767,#6768,#6769,#6770,#6771,#6772,#6773,#6774,#6775,#6776,
    #6777,#6778,#6779,#6780,#6781,#6782,#6783,#6784,#6785,#6786,#6787,
    #6788,#6789,#6790,#6791,#6792,#6793,#6794,#6795,#6796,#6797,#6798,
    #6799,#6800,#6801,#6802,#6803,#6804,#6805,#6806,#6807,#6808,#6809,
    #6810,#6811,#6812,#6813,#6814,#6815,#6816,#6817,#6818,#6819,#6820,
    #6821,#6822,#6823,#6824,#6825,#6826,#6827,#6828,#6829,#6830,#6831,
    #6832,#6833,#6834,#6835,#6836,#6837,#6838,#6839,#6840,#6841,#6842,
    #6843,#6844,#6845,#6846),.UNSPECIFIED.,.F.,.F.,(9,7,7,7,7,7,7,7,7,7,
    7,7,9),(0.,3.077463222954E-02,9.821377543847E-02,0.158307632762,
    0.280369082982,0.39254622349,0.577501579469,0.753593414185,
    0.828566451028,0.885075603674,0.95217875322,0.97902239905,1.),
  .UNSPECIFIED.);
#6761 = CARTESIAN_POINT('',(8.,0.504677213698));
#6762 = CARTESIAN_POINT('',(7.996691295163,0.504677213698));
#6763 = CARTESIAN_POINT('',(7.993673991142,0.504374273035));
#6764 = CARTESIAN_POINT('',(7.990884928767,0.503861396054));
#6765 = CARTESIAN_POINT('',(7.988298866678,0.503188363711));
#6766 = CARTESIAN_POINT('',(7.985885358716,0.502397760187));
#6767 = CARTESIAN_POINT('',(7.983620603038,0.501513761407));
#6768 = CARTESIAN_POINT('',(7.981476978839,0.500551973617));
#6769 = CARTESIAN_POINT('',(7.974932104017,0.497244321926));
#6770 = CARTESIAN_POINT('',(7.970955263606,0.494651291821));
#6771 = CARTESIAN_POINT('',(7.967305446474,0.491857915178));
#6772 = CARTESIAN_POINT('',(7.963936521915,0.488903576547));
#6773 = CARTESIAN_POINT('',(7.960784978485,0.485831320249));
#6774 = CARTESIAN_POINT('',(7.957824818609,0.482657214984));
#6775 = CARTESIAN_POINT('',(7.955023372921,0.479395223223));
#6776 = CARTESIAN_POINT('',(7.949981025661,0.47306415714));
#6777 = CARTESIAN_POINT('',(7.947716893226,0.470018776679));
#6778 = CARTESIAN_POINT('',(7.945550523588,0.466918684858));
#6779 = CARTESIAN_POINT('',(7.943471689149,0.463769467211));
#6780 = CARTESIAN_POINT('',(7.941472529949,0.460575453828));
#6781 = CARTESIAN_POINT('',(7.939546581008,0.457340120021));
#6782 = CARTESIAN_POINT('',(7.937688302728,0.454066273123));
#6783 = CARTESIAN_POINT('',(7.932246763346,0.444032316042));
#6784 = CARTESIAN_POINT('',(7.928861314987,0.437159749593));
#6785 = CARTESIAN_POINT('',(7.925698237846,0.430157113606));
#6786 = CARTESIAN_POINT('',(7.922734040959,0.423037100081));
#6787 = CARTESIAN_POINT('',(7.91995168902,0.415809373614));
#6788 = CARTESIAN_POINT('',(7.917337961961,0.408481475921));
#6789 = CARTESIAN_POINT('',(7.914883149277,0.401058892094));
#6790 = CARTESIAN_POINT('',(7.910462337314,0.386640727861));
#6791 = CARTESIAN_POINT('',(7.908473054326,0.379659984052));
#6792 = CARTESIAN_POINT('',(7.906605901663,0.37260700419));
#6793 = CARTESIAN_POINT('',(7.904856648752,0.365484930513));
#6794 = CARTESIAN_POINT('',(7.903222314407,0.35829648605));
#6795 = CARTESIAN_POINT('',(7.901700927969,0.351044044884));
#6796 = CARTESIAN_POINT('',(7.900291290457,0.343729702413));
#6797 = CARTESIAN_POINT('',(7.896851705415,0.324196658194));
#6798 = CARTESIAN_POINT('',(7.895012870362,0.311875608445));
#6799 = CARTESIAN_POINT('',(7.893473536012,0.299400282719));
#6800 = CARTESIAN_POINT('',(7.892236287712,0.28677837826));
#6801 = CARTESIAN_POINT('',(7.89130775572,0.274017519169));
#6802 = CARTESIAN_POINT('',(7.890698238145,0.261125387025));
#6803 = CARTESIAN_POINT('',(7.890422181769,0.248109666173));
#6804 = CARTESIAN_POINT('',(7.890573153491,0.222475252718));
#6805 = CARTESIAN_POINT('',(7.89096708313,0.209870036781));
#6806 = CARTESIAN_POINT('',(7.891698482566,0.197167099036));
#6807 = CARTESIAN_POINT('',(7.892788706577,0.184373572671));
#6808 = CARTESIAN_POINT('',(7.894265619355,0.171498735624));
#6809 = CARTESIAN_POINT('',(7.896163601375,0.158554072219));
#6810 = CARTESIAN_POINT('',(7.898527583916,0.145552981016));
#6811 = CARTESIAN_POINT('',(7.902662113495,0.126956334114));
#6812 = CARTESIAN_POINT('',(7.903993813078,0.1213958527));
#6813 = CARTESIAN_POINT('',(7.905427907353,0.115829314471));
#6814 = CARTESIAN_POINT('',(7.906970615489,0.110258174141));
#6815 = CARTESIAN_POINT('',(7.90862905986,0.104684248555));
#6816 = CARTESIAN_POINT('',(7.910411608507,9.910971705833E-02));
#6817 = CARTESIAN_POINT('',(7.912328526953,9.353712423713E-02));
#6818 = CARTESIAN_POINT('',(7.915948941395,8.377283335851E-02));
#6819 = CARTESIAN_POINT('',(7.917588606267,7.957944059469E-02));
#6820 = CARTESIAN_POINT('',(7.919317573091,7.539022192315E-02));
#6821 = CARTESIAN_POINT('',(7.921142478537,7.12067125793E-02));
#6822 = CARTESIAN_POINT('',(7.923070942309,6.703095958769E-02));
#6823 = CARTESIAN_POINT('',(7.925112014019,6.286555106129E-02));
#6824 = CARTESIAN_POINT('',(7.927277081477,5.87136830746E-02));
#6825 = CARTESIAN_POINT('',(7.932317369216,4.966974908428E-02));
#6826 = CARTESIAN_POINT('',(7.935242383793,4.479813995496E-02));
#6827 = CARTESIAN_POINT('',(7.938386260835,3.995735506325E-02));
#6828 = CARTESIAN_POINT('',(7.941788114519,3.515280661637E-02));
#6829 = CARTESIAN_POINT('',(7.945483370715,3.039798494802E-02));
#6830 = CARTESIAN_POINT('',(7.949541238114,2.572475404641E-02));
#6831 = CARTESIAN_POINT('',(7.954019778733,2.117157320853E-02));
#6832 = CARTESIAN_POINT('',(7.961147389271,1.507472676561E-02));
#6833 = CARTESIAN_POINT('',(7.963276548362,1.336916421206E-02));
#6834 = CARTESIAN_POINT('',(7.965512362476,1.170237331598E-02));
#6835 = CARTESIAN_POINT('',(7.967868819495,1.008210556107E-02));
#6836 = CARTESIAN_POINT('',(7.970359300833,8.521153161803E-03));
#6837 = CARTESIAN_POINT('',(7.972997059058,7.037528775781E-03));
#6838 = CARTESIAN_POINT('',(7.975796682095,5.655268200433E-03));
#6839 = CARTESIAN_POINT('',(7.981105227461,3.429473426854E-03));
#6840 = CARTESIAN_POINT('',(7.983549567733,2.53188426234E-03));
#6841 = CARTESIAN_POINT('',(7.986107100163,1.734171730643E-03));
#6842 = CARTESIAN_POINT('',(7.98876936342,1.059839531166E-03));
#6843 = CARTESIAN_POINT('',(7.991520897451,5.332842901126E-04));
#6844 = CARTESIAN_POINT('',(7.994337152152,1.759264998621E-04));
#6845 = CARTESIAN_POINT('',(7.997181306764,3.931358268317E-16));
#6846 = CARTESIAN_POINT('',(8.,0.));
#6847 = ( GEOMETRIC_REPRESENTATION_CONTEXT(2) 
PARAMETRIC_REPRESENTATION_CONTEXT() REPRESENTATION_CONTEXT('2D SPACE',''
  ) );
#6848 = ORIENTED_EDGE('',*,*,#3622,.T.);
#6849 = ORIENTED_EDGE('',*,*,#2483,.T.);
#6850 = ORIENTED_EDGE('',*,*,#1957,.F.);
#6851 = ADVANCED_FACE('',(#6852),#2547,.T.);
#6852 = FACE_BOUND('',#6853,.T.);
#6853 = EDGE_LOOP('',(#6854,#6855,#6878,#6899));
#6854 = ORIENTED_EDGE('',*,*,#2531,.F.);
#6855 = ORIENTED_EDGE('',*,*,#6856,.T.);
#6856 = EDGE_CURVE('',#2532,#6857,#6859,.T.);
#6857 = VERTEX_POINT('',#6858);
#6858 = CARTESIAN_POINT('',(-23.,136.,16.));
#6859 = SURFACE_CURVE('',#6860,(#6864,#6871),.PCURVE_S1.);
#6860 = LINE('',#6861,#6862);
#6861 = CARTESIAN_POINT('',(-23.,136.,12.));
#6862 = VECTOR('',#6863,1.);
#6863 = DIRECTION('',(0.,0.,1.));
#6864 = PCURVE('',#2547,#6865);
#6865 = DEFINITIONAL_REPRESENTATION('',(#6866),#6870);
#6866 = LINE('',#6867,#6868);
#6867 = CARTESIAN_POINT('',(0.,0.));
#6868 = VECTOR('',#6869,1.);
#6869 = DIRECTION('',(1.,0.));
#6870 = ( GEOMETRIC_REPRESENTATION_CONTEXT(2) 
PARAMETRIC_REPRESENTATION_CONTEXT() REPRESENTATION_CONTEXT('2D SPACE',''
  ) );
#6871 = PCURVE('',#2575,#6872);
#6872 = DEFINITIONAL_REPRESENTATION('',(#6873),#6877);
#6873 = LINE('',#6874,#6875);
#6874 = CARTESIAN_POINT('',(0.,-66.));
#6875 = VECTOR('',#6876,1.);
#6876 = DIRECTION('',(1.,0.));
#6877 = ( GEOMETRIC_REPRESENTATION_CONTEXT(2) 
PARAMETRIC_REPRESENTATION_CONTEXT() REPRESENTATION_CONTEXT('2D SPACE',''
  ) );
#6878 = ORIENTED_EDGE('',*,*,#6879,.T.);
#6879 = EDGE_CURVE('',#6857,#5487,#6880,.T.);
#6880 = SURFACE_CURVE('',#6881,(#6885,#6892),.PCURVE_S1.);
#6881 = LINE('',#6882,#6883);
#6882 = CARTESIAN_POINT('',(-23.,136.,16.));
#6883 = VECTOR('',#6884,1.);
#6884 = DIRECTION('',(1.,0.,-0.));
#6885 = PCURVE('',#2547,#6886);
#6886 = DEFINITIONAL_REPRESENTATION('',(#6887),#6891);
#6887 = LINE('',#6888,#6889);
#6888 = CARTESIAN_POINT('',(4.,0.));
#6889 = VECTOR('',#6890,1.);
#6890 = DIRECTION('',(0.,1.));
#6891 = ( GEOMETRIC_REPRESENTATION_CONTEXT(2) 
PARAMETRIC_REPRESENTATION_CONTEXT() REPRESENTATION_CONTEXT('2D SPACE',''
  ) );
#6892 = PCURVE('',#4834,#6893);
#6893 = DEFINITIONAL_REPRESENTATION('',(#6894),#6898);
#6894 = LINE('',#6895,#6896);
#6895 = CARTESIAN_POINT('',(0.,66.));
#6896 = VECTOR('',#6897,1.);
#6897 = DIRECTION('',(1.,0.));
#6898 = ( GEOMETRIC_REPRESENTATION_CONTEXT(2) 
PARAMETRIC_REPRESENTATION_CONTEXT() REPRESENTATION_CONTEXT('2D SPACE',''
  ) );
#6899 = ORIENTED_EDGE('',*,*,#5486,.F.);
#6900 = ADVANCED_FACE('',(#6901),#2575,.F.);
#6901 = FACE_BOUND('',#6902,.F.);
#6902 = EDGE_LOOP('',(#6903,#6926,#6927,#6928));
#6903 = ORIENTED_EDGE('',*,*,#6904,.F.);
#6904 = EDGE_CURVE('',#2560,#6905,#6907,.T.);
#6905 = VERTEX_POINT('',#6906);
#6906 = CARTESIAN_POINT('',(-23.,70.,16.));
#6907 = SURFACE_CURVE('',#6908,(#6912,#6919),.PCURVE_S1.);
#6908 = LINE('',#6909,#6910);
#6909 = CARTESIAN_POINT('',(-23.,70.,12.));
#6910 = VECTOR('',#6911,1.);
#6911 = DIRECTION('',(0.,0.,1.));
#6912 = PCURVE('',#2575,#6913);
#6913 = DEFINITIONAL_REPRESENTATION('',(#6914),#6918);
#6914 = LINE('',#6915,#6916);
#6915 = CARTESIAN_POINT('',(0.,0.));
#6916 = VECTOR('',#6917,1.);
#6917 = DIRECTION('',(1.,0.));
#6918 = ( GEOMETRIC_REPRESENTATION_CONTEXT(2) 
PARAMETRIC_REPRESENTATION_CONTEXT() REPRESENTATION_CONTEXT('2D SPACE',''
  ) );
#6919 = PCURVE('',#2603,#6920);
#6920 = DEFINITIONAL_REPRESENTATION('',(#6921),#6925);
#6921 = LINE('',#6922,#6923);
#6922 = CARTESIAN_POINT('',(-23.,10.));
#6923 = VECTOR('',#6924,1.);
#6924 = DIRECTION('',(0.,-1.));
#6925 = ( GEOMETRIC_REPRESENTATION_CONTEXT(2) 
PARAMETRIC_REPRESENTATION_CONTEXT() REPRESENTATION_CONTEXT('2D SPACE',''
  ) );
#6926 = ORIENTED_EDGE('',*,*,#2559,.T.);
#6927 = ORIENTED_EDGE('',*,*,#6856,.T.);
#6928 = ORIENTED_EDGE('',*,*,#6929,.F.);
#6929 = EDGE_CURVE('',#6905,#6857,#6930,.T.);
#6930 = SURFACE_CURVE('',#6931,(#6935,#6942),.PCURVE_S1.);
#6931 = LINE('',#6932,#6933);
#6932 = CARTESIAN_POINT('',(-23.,70.,16.));
#6933 = VECTOR('',#6934,1.);
#6934 = DIRECTION('',(-0.,1.,0.));
#6935 = PCURVE('',#2575,#6936);
#6936 = DEFINITIONAL_REPRESENTATION('',(#6937),#6941);
#6937 = LINE('',#6938,#6939);
#6938 = CARTESIAN_POINT('',(4.,0.));
#6939 = VECTOR('',#6940,1.);
#6940 = DIRECTION('',(0.,-1.));
#6941 = ( GEOMETRIC_REPRESENTATION_CONTEXT(2) 
PARAMETRIC_REPRESENTATION_CONTEXT() REPRESENTATION_CONTEXT('2D SPACE',''
  ) );
#6942 = PCURVE('',#4834,#6943);
#6943 = DEFINITIONAL_REPRESENTATION('',(#6944),#6948);
#6944 = LINE('',#6945,#6946);
#6945 = CARTESIAN_POINT('',(0.,0.));
#6946 = VECTOR('',#6947,1.);
#6947 = DIRECTION('',(0.,1.));
#6948 = ( GEOMETRIC_REPRESENTATION_CONTEXT(2) 
PARAMETRIC_REPRESENTATION_CONTEXT() REPRESENTATION_CONTEXT('2D SPACE',''
  ) );
#6949 = ADVANCED_FACE('',(#6950,#7050,#7053,#7056,#7059),#2603,.F.);
#6950 = FACE_BOUND('',#6951,.F.);
#6951 = EDGE_LOOP('',(#6952,#6953,#6954,#6977,#7006,#7029));
#6952 = ORIENTED_EDGE('',*,*,#2587,.T.);
#6953 = ORIENTED_EDGE('',*,*,#6904,.T.);
#6954 = ORIENTED_EDGE('',*,*,#6955,.T.);
#6955 = EDGE_CURVE('',#6905,#6956,#6958,.T.);
#6956 = VERTEX_POINT('',#6957);
#6957 = CARTESIAN_POINT('',(-21.16601048851,70.,16.));
#6958 = SURFACE_CURVE('',#6959,(#6963,#6970),.PCURVE_S1.);
#6959 = LINE('',#6960,#6961);
#6960 = CARTESIAN_POINT('',(-23.,70.,16.));
#6961 = VECTOR('',#6962,1.);
#6962 = DIRECTION('',(1.,0.,-0.));
#6963 = PCURVE('',#2603,#6964);
#6964 = DEFINITIONAL_REPRESENTATION('',(#6965),#6969);
#6965 = LINE('',#6966,#6967);
#6966 = CARTESIAN_POINT('',(-23.,6.));
#6967 = VECTOR('',#6968,1.);
#6968 = DIRECTION('',(1.,0.));
#6969 = ( GEOMETRIC_REPRESENTATION_CONTEXT(2) 
PARAMETRIC_REPRESENTATION_CONTEXT() REPRESENTATION_CONTEXT('2D SPACE',''
  ) );
#6970 = PCURVE('',#4834,#6971);
#6971 = DEFINITIONAL_REPRESENTATION('',(#6972),#6976);
#6972 = LINE('',#6973,#6974);
#6973 = CARTESIAN_POINT('',(0.,0.));
#6974 = VECTOR('',#6975,1.);
#6975 = DIRECTION('',(1.,0.));
#6976 = ( GEOMETRIC_REPRESENTATION_CONTEXT(2) 
PARAMETRIC_REPRESENTATION_CONTEXT() REPRESENTATION_CONTEXT('2D SPACE',''
  ) );
#6977 = ORIENTED_EDGE('',*,*,#6978,.T.);
#6978 = EDGE_CURVE('',#6956,#6979,#6981,.T.);
#6979 = VERTEX_POINT('',#6980);
#6980 = CARTESIAN_POINT('',(21.166010488517,70.,16.));
#6981 = SURFACE_CURVE('',#6982,(#6987,#6994),.PCURVE_S1.);
#6982 = CIRCLE('',#6983,22.);
#6983 = AXIS2_PLACEMENT_3D('',#6984,#6985,#6986);
#6984 = CARTESIAN_POINT('',(0.,70.,22.));
#6985 = DIRECTION('',(0.,1.,0.));
#6986 = DIRECTION('',(-0.89072354283,0.,-0.454545454545));
#6987 = PCURVE('',#2603,#6988);
#6988 = DEFINITIONAL_REPRESENTATION('',(#6989),#6993);
#6989 = CIRCLE('',#6990,22.);
#6990 = AXIS2_PLACEMENT_2D('',#6991,#6992);
#6991 = CARTESIAN_POINT('',(0.,0.));
#6992 = DIRECTION('',(-0.89072354283,0.454545454545));
#6993 = ( GEOMETRIC_REPRESENTATION_CONTEXT(2) 
PARAMETRIC_REPRESENTATION_CONTEXT() REPRESENTATION_CONTEXT('2D SPACE',''
  ) );
#6994 = PCURVE('',#6995,#7000);
#6995 = CYLINDRICAL_SURFACE('',#6996,22.);
#6996 = AXIS2_PLACEMENT_3D('',#6997,#6998,#6999);
#6997 = CARTESIAN_POINT('',(0.,70.,22.));
#6998 = DIRECTION('',(0.,1.,1.110223024625E-16));
#6999 = DIRECTION('',(1.,0.,0.));
#7000 = DEFINITIONAL_REPRESENTATION('',(#7001),#7005);
#7001 = LINE('',#7002,#7003);
#7002 = CARTESIAN_POINT('',(2.66973081631,0.));
#7003 = VECTOR('',#7004,1.);
#7004 = DIRECTION('',(1.,0.));
#7005 = ( GEOMETRIC_REPRESENTATION_CONTEXT(2) 
PARAMETRIC_REPRESENTATION_CONTEXT() REPRESENTATION_CONTEXT('2D SPACE',''
  ) );
#7006 = ORIENTED_EDGE('',*,*,#7007,.T.);
#7007 = EDGE_CURVE('',#6979,#7008,#7010,.T.);
#7008 = VERTEX_POINT('',#7009);
#7009 = CARTESIAN_POINT('',(23.,70.,16.));
#7010 = SURFACE_CURVE('',#7011,(#7015,#7022),.PCURVE_S1.);
#7011 = LINE('',#7012,#7013);
#7012 = CARTESIAN_POINT('',(-23.,70.,16.));
#7013 = VECTOR('',#7014,1.);
#7014 = DIRECTION('',(1.,0.,-0.));
#7015 = PCURVE('',#2603,#7016);
#7016 = DEFINITIONAL_REPRESENTATION('',(#7017),#7021);
#7017 = LINE('',#7018,#7019);
#7018 = CARTESIAN_POINT('',(-23.,6.));
#7019 = VECTOR('',#7020,1.);
#7020 = DIRECTION('',(1.,0.));
#7021 = ( GEOMETRIC_REPRESENTATION_CONTEXT(2) 
PARAMETRIC_REPRESENTATION_CONTEXT() REPRESENTATION_CONTEXT('2D SPACE',''
  ) );
#7022 = PCURVE('',#4936,#7023);
#7023 = DEFINITIONAL_REPRESENTATION('',(#7024),#7028);
#7024 = LINE('',#7025,#7026);
#7025 = CARTESIAN_POINT('',(0.,0.));
#7026 = VECTOR('',#7027,1.);
#7027 = DIRECTION('',(1.,0.));
#7028 = ( GEOMETRIC_REPRESENTATION_CONTEXT(2) 
PARAMETRIC_REPRESENTATION_CONTEXT() REPRESENTATION_CONTEXT('2D SPACE',''
  ) );
#7029 = ORIENTED_EDGE('',*,*,#7030,.F.);
#7030 = EDGE_CURVE('',#2588,#7008,#7031,.T.);
#7031 = SURFACE_CURVE('',#7032,(#7036,#7043),.PCURVE_S1.);
#7032 = LINE('',#7033,#7034);
#7033 = CARTESIAN_POINT('',(23.,70.,12.));
#7034 = VECTOR('',#7035,1.);
#7035 = DIRECTION('',(0.,0.,1.));
#7036 = PCURVE('',#2603,#7037);
#7037 = DEFINITIONAL_REPRESENTATION('',(#7038),#7042);
#7038 = LINE('',#7039,#7040);
#7039 = CARTESIAN_POINT('',(23.,10.));
#7040 = VECTOR('',#7041,1.);
#7041 = DIRECTION('',(0.,-1.));
#7042 = ( GEOMETRIC_REPRESENTATION_CONTEXT(2) 
PARAMETRIC_REPRESENTATION_CONTEXT() REPRESENTATION_CONTEXT('2D SPACE',''
  ) );
#7043 = PCURVE('',#2631,#7044);
#7044 = DEFINITIONAL_REPRESENTATION('',(#7045),#7049);
#7045 = LINE('',#7046,#7047);
#7046 = CARTESIAN_POINT('',(0.,0.));
#7047 = VECTOR('',#7048,1.);
#7048 = DIRECTION('',(1.,0.));
#7049 = ( GEOMETRIC_REPRESENTATION_CONTEXT(2) 
PARAMETRIC_REPRESENTATION_CONTEXT() REPRESENTATION_CONTEXT('2D SPACE',''
  ) );
#7050 = FACE_BOUND('',#7051,.F.);
#7051 = EDGE_LOOP('',(#7052));
#7052 = ORIENTED_EDGE('',*,*,#4704,.F.);
#7053 = FACE_BOUND('',#7054,.F.);
#7054 = EDGE_LOOP('',(#7055));
#7055 = ORIENTED_EDGE('',*,*,#4784,.F.);
#7056 = FACE_BOUND('',#7057,.F.);
#7057 = EDGE_LOOP('',(#7058));
#7058 = ORIENTED_EDGE('',*,*,#6130,.F.);
#7059 = FACE_BOUND('',#7060,.F.);
#7060 = EDGE_LOOP('',(#7061));
#7061 = ORIENTED_EDGE('',*,*,#4625,.F.);
#7062 = ADVANCED_FACE('',(#7063),#2631,.T.);
#7063 = FACE_BOUND('',#7064,.T.);
#7064 = EDGE_LOOP('',(#7065,#7066,#7067,#7090));
#7065 = ORIENTED_EDGE('',*,*,#7030,.F.);
#7066 = ORIENTED_EDGE('',*,*,#2615,.F.);
#7067 = ORIENTED_EDGE('',*,*,#7068,.T.);
#7068 = EDGE_CURVE('',#2616,#7069,#7071,.T.);
#7069 = VERTEX_POINT('',#7070);
#7070 = CARTESIAN_POINT('',(23.,136.,16.));
#7071 = SURFACE_CURVE('',#7072,(#7076,#7083),.PCURVE_S1.);
#7072 = LINE('',#7073,#7074);
#7073 = CARTESIAN_POINT('',(23.,136.,12.));
#7074 = VECTOR('',#7075,1.);
#7075 = DIRECTION('',(0.,0.,1.));
#7076 = PCURVE('',#2631,#7077);
#7077 = DEFINITIONAL_REPRESENTATION('',(#7078),#7082);
#7078 = LINE('',#7079,#7080);
#7079 = CARTESIAN_POINT('',(0.,-66.));
#7080 = VECTOR('',#7081,1.);
#7081 = DIRECTION('',(1.,0.));
#7082 = ( GEOMETRIC_REPRESENTATION_CONTEXT(2) 
PARAMETRIC_REPRESENTATION_CONTEXT() REPRESENTATION_CONTEXT('2D SPACE',''
  ) );
#7083 = PCURVE('',#2659,#7084);
#7084 = DEFINITIONAL_REPRESENTATION('',(#7085),#7089);
#7085 = LINE('',#7086,#7087);
#7086 = CARTESIAN_POINT('',(0.,46.));
#7087 = VECTOR('',#7088,1.);
#7088 = DIRECTION('',(1.,0.));
#7089 = ( GEOMETRIC_REPRESENTATION_CONTEXT(2) 
PARAMETRIC_REPRESENTATION_CONTEXT() REPRESENTATION_CONTEXT('2D SPACE',''
  ) );
#7090 = ORIENTED_EDGE('',*,*,#7091,.F.);
#7091 = EDGE_CURVE('',#7008,#7069,#7092,.T.);
#7092 = SURFACE_CURVE('',#7093,(#7097,#7104),.PCURVE_S1.);
#7093 = LINE('',#7094,#7095);
#7094 = CARTESIAN_POINT('',(23.,70.,16.));
#7095 = VECTOR('',#7096,1.);
#7096 = DIRECTION('',(-0.,1.,0.));
#7097 = PCURVE('',#2631,#7098);
#7098 = DEFINITIONAL_REPRESENTATION('',(#7099),#7103);
#7099 = LINE('',#7100,#7101);
#7100 = CARTESIAN_POINT('',(4.,0.));
#7101 = VECTOR('',#7102,1.);
#7102 = DIRECTION('',(0.,-1.));
#7103 = ( GEOMETRIC_REPRESENTATION_CONTEXT(2) 
PARAMETRIC_REPRESENTATION_CONTEXT() REPRESENTATION_CONTEXT('2D SPACE',''
  ) );
#7104 = PCURVE('',#4936,#7105);
#7105 = DEFINITIONAL_REPRESENTATION('',(#7106),#7110);
#7106 = LINE('',#7107,#7108);
#7107 = CARTESIAN_POINT('',(46.,0.));
#7108 = VECTOR('',#7109,1.);
#7109 = DIRECTION('',(0.,1.));
#7110 = ( GEOMETRIC_REPRESENTATION_CONTEXT(2) 
PARAMETRIC_REPRESENTATION_CONTEXT() REPRESENTATION_CONTEXT('2D SPACE',''
  ) );
#7111 = ADVANCED_FACE('',(#7112),#2659,.T.);
#7112 = FACE_BOUND('',#7113,.T.);
#7113 = EDGE_LOOP('',(#7114,#7115,#7116,#7137));
#7114 = ORIENTED_EDGE('',*,*,#2643,.F.);
#7115 = ORIENTED_EDGE('',*,*,#5463,.F.);
#7116 = ORIENTED_EDGE('',*,*,#7117,.T.);
#7117 = EDGE_CURVE('',#5443,#7069,#7118,.T.);
#7118 = SURFACE_CURVE('',#7119,(#7123,#7130),.PCURVE_S1.);
#7119 = LINE('',#7120,#7121);
#7120 = CARTESIAN_POINT('',(-23.,136.,16.));
#7121 = VECTOR('',#7122,1.);
#7122 = DIRECTION('',(1.,0.,-0.));
#7123 = PCURVE('',#2659,#7124);
#7124 = DEFINITIONAL_REPRESENTATION('',(#7125),#7129);
#7125 = LINE('',#7126,#7127);
#7126 = CARTESIAN_POINT('',(4.,0.));
#7127 = VECTOR('',#7128,1.);
#7128 = DIRECTION('',(0.,1.));
#7129 = ( GEOMETRIC_REPRESENTATION_CONTEXT(2) 
PARAMETRIC_REPRESENTATION_CONTEXT() REPRESENTATION_CONTEXT('2D SPACE',''
  ) );
#7130 = PCURVE('',#4936,#7131);
#7131 = DEFINITIONAL_REPRESENTATION('',(#7132),#7136);
#7132 = LINE('',#7133,#7134);
#7133 = CARTESIAN_POINT('',(0.,66.));
#7134 = VECTOR('',#7135,1.);
#7135 = DIRECTION('',(1.,0.));
#7136 = ( GEOMETRIC_REPRESENTATION_CONTEXT(2) 
PARAMETRIC_REPRESENTATION_CONTEXT() REPRESENTATION_CONTEXT('2D SPACE',''
  ) );
#7137 = ORIENTED_EDGE('',*,*,#7068,.F.);
#7138 = ADVANCED_FACE('',(#7139),#2732,.F.);
#7139 = FACE_BOUND('',#7140,.F.);
#7140 = EDGE_LOOP('',(#7141,#7162,#7163,#7435,#7464,#7734,#7735,#7736));
#7141 = ORIENTED_EDGE('',*,*,#7142,.F.);
#7142 = EDGE_CURVE('',#3002,#3934,#7143,.T.);
#7143 = SURFACE_CURVE('',#7144,(#7148,#7155),.PCURVE_S1.);
#7144 = LINE('',#7145,#7146);
#7145 = CARTESIAN_POINT('',(14.,72.,10.5));
#7146 = VECTOR('',#7147,1.);
#7147 = DIRECTION('',(0.,0.,1.));
#7148 = PCURVE('',#2732,#7149);
#7149 = DEFINITIONAL_REPRESENTATION('',(#7150),#7154);
#7150 = LINE('',#7151,#7152);
#7151 = CARTESIAN_POINT('',(0.,0.));
#7152 = VECTOR('',#7153,1.);
#7153 = DIRECTION('',(1.,0.));
#7154 = ( GEOMETRIC_REPRESENTATION_CONTEXT(2) 
PARAMETRIC_REPRESENTATION_CONTEXT() REPRESENTATION_CONTEXT('2D SPACE',''
  ) );
#7155 = PCURVE('',#3039,#7156);
#7156 = DEFINITIONAL_REPRESENTATION('',(#7157),#7161);
#7157 = LINE('',#7158,#7159);
#7158 = CARTESIAN_POINT('',(0.,28.));
#7159 = VECTOR('',#7160,1.);
#7160 = DIRECTION('',(1.,0.));
#7161 = ( GEOMETRIC_REPRESENTATION_CONTEXT(2) 
PARAMETRIC_REPRESENTATION_CONTEXT() REPRESENTATION_CONTEXT('2D SPACE',''
  ) );
#7162 = ORIENTED_EDGE('',*,*,#3001,.T.);
#7163 = ORIENTED_EDGE('',*,*,#7164,.F.);
#7164 = EDGE_CURVE('',#7165,#2909,#7167,.T.);
#7165 = VERTEX_POINT('',#7166);
#7166 = CARTESIAN_POINT('',(14.,83.,17.));
#7167 = SURFACE_CURVE('',#7168,(#7255,#7345),.PCURVE_S1.);
#7168 = B_SPLINE_CURVE_WITH_KNOTS('',8,(#7169,#7170,#7171,#7172,#7173,
    #7174,#7175,#7176,#7177,#7178,#7179,#7180,#7181,#7182,#7183,#7184,
    #7185,#7186,#7187,#7188,#7189,#7190,#7191,#7192,#7193,#7194,#7195,
    #7196,#7197,#7198,#7199,#7200,#7201,#7202,#7203,#7204,#7205,#7206,
    #7207,#7208,#7209,#7210,#7211,#7212,#7213,#7214,#7215,#7216,#7217,
    #7218,#7219,#7220,#7221,#7222,#7223,#7224,#7225,#7226,#7227,#7228,
    #7229,#7230,#7231,#7232,#7233,#7234,#7235,#7236,#7237,#7238,#7239,
    #7240,#7241,#7242,#7243,#7244,#7245,#7246,#7247,#7248,#7249,#7250,
    #7251,#7252,#7253,#7254),.UNSPECIFIED.,.F.,.F.,(9,7,7,7,7,7,7,7,7,7,
    7,7,9),(0.,1.646587475593E-02,4.456971841642E-02,0.104246079714,
    0.238928764022,0.545720803823,0.693472091123,0.838336099145,
    0.920212284252,0.959082799453,0.973748801695,0.987311578382,1.),
  .UNSPECIFIED.);
#7169 = CARTESIAN_POINT('',(14.,83.,17.));
#7170 = CARTESIAN_POINT('',(14.,82.98108001291,17.));
#7171 = CARTESIAN_POINT('',(14.,82.962191918099,16.99813745486));
#7172 = CARTESIAN_POINT('',(14.,82.943394969434,16.995134505895));
#7173 = CARTESIAN_POINT('',(14.,82.924759589624,16.991217037265));
#7174 = CARTESIAN_POINT('',(14.,82.906315250212,16.986646468134));
#7175 = CARTESIAN_POINT('',(14.,82.888053643554,16.981522757719));
#7176 = CARTESIAN_POINT('',(14.,82.869931421835,16.975944297514));
#7177 = CARTESIAN_POINT('',(14.,82.82101900249,16.959703192348));
#7178 = CARTESIAN_POINT('',(14.,82.790558763223,16.948312702818));
#7179 = CARTESIAN_POINT('',(14.,82.760397660721,16.936103836108));
#7180 = CARTESIAN_POINT('',(14.,82.730505633861,16.923239044126));
#7181 = CARTESIAN_POINT('',(14.,82.700858426161,16.909834310625));
#7182 = CARTESIAN_POINT('',(14.,82.671428681536,16.895979761547));
#7183 = CARTESIAN_POINT('',(14.,82.642189805146,16.881728289107));
#7184 = CARTESIAN_POINT('',(14.,82.551352910218,16.836106062791));
#7185 = CARTESIAN_POINT('',(14.,82.490385334346,16.803529592385));
#7186 = CARTESIAN_POINT('',(14.,82.430008891866,16.769836574193));
#7187 = CARTESIAN_POINT('',(14.,82.370140571345,16.735242387171));
#7188 = CARTESIAN_POINT('',(14.,82.310718792819,16.699900118229));
#7189 = CARTESIAN_POINT('',(14.,82.25168661367,16.663929604567));
#7190 = CARTESIAN_POINT('',(14.,82.192999410141,16.62740259503));
#7191 = CARTESIAN_POINT('',(14.,82.002822174927,16.506816488836));
#7192 = CARTESIAN_POINT('',(14.,81.872623868627,16.420769816627));
#7193 = CARTESIAN_POINT('',(14.,81.743585828255,16.33296269362));
#7194 = CARTESIAN_POINT('',(14.,81.61554053709,16.243712978505));
#7195 = CARTESIAN_POINT('',(14.,81.488334130437,16.153292339589));
#7196 = CARTESIAN_POINT('',(14.,81.361870330417,16.061859455309));
#7197 = CARTESIAN_POINT('',(14.,81.236053711214,15.969546099229));
#7198 = CARTESIAN_POINT('',(14.,80.825488331554,15.664351686955));
#7199 = CARTESIAN_POINT('',(14.,80.543205310809,15.448226936947));
#7200 = CARTESIAN_POINT('',(14.,80.263119197998,15.229236667503));
#7201 = CARTESIAN_POINT('',(14.,79.984907086604,15.007875708898));
#7202 = CARTESIAN_POINT('',(14.,79.708293671614,14.784551147913));
#7203 = CARTESIAN_POINT('',(14.,79.433143087468,14.559463114101));
#7204 = CARTESIAN_POINT('',(14.,79.159353933474,14.332742118721));
#7205 = CARTESIAN_POINT('',(14.,78.755699675216,13.994407059599));
#7206 = CARTESIAN_POINT('',(14.,78.624807321451,13.884054741569));
#7207 = CARTESIAN_POINT('',(14.,78.494232198899,13.77332942115));
#7208 = CARTESIAN_POINT('',(14.,78.363979811181,13.662227297568));
#7209 = CARTESIAN_POINT('',(14.,78.234060948609,13.550738969739));
#7210 = CARTESIAN_POINT('',(14.,78.104492698673,13.438848271354));
#7211 = CARTESIAN_POINT('',(14.,77.975300672871,13.32652970885));
#7212 = CARTESIAN_POINT('',(14.,77.720260744436,13.103163285848));
#7213 = CARTESIAN_POINT('',(14.,77.594400275639,12.992136736625));
#7214 = CARTESIAN_POINT('',(14.,77.468974360329,12.880624401634));
#7215 = CARTESIAN_POINT('',(14.,77.344027432601,12.768578773834));
#7216 = CARTESIAN_POINT('',(14.,77.219627907116,12.65593170649));
#7217 = CARTESIAN_POINT('',(14.,77.095866606767,12.54259601352));
#7218 = CARTESIAN_POINT('',(14.,76.97287285298,12.428447968881));
#7219 = CARTESIAN_POINT('',(14.,76.781930937354,12.248150910756));
#7220 = CARTESIAN_POINT('',(14.,76.713308027831,12.182718794049));
#7221 = CARTESIAN_POINT('',(14.,76.645050436696,12.116911215114));
#7222 = CARTESIAN_POINT('',(14.,76.577206451965,12.050678161169));
#7223 = CARTESIAN_POINT('',(14.,76.509856452441,11.98394730285));
#7224 = CARTESIAN_POINT('',(14.,76.443104389066,11.916631969333));
#7225 = CARTESIAN_POINT('',(14.,76.377097918413,11.848611202226));
#7226 = CARTESIAN_POINT('',(14.,76.281296980736,11.746873729092));
#7227 = CARTESIAN_POINT('',(14.,76.250699524328,11.713912580033));
#7228 = CARTESIAN_POINT('',(14.,76.220373197782,11.68070660532));
#7229 = CARTESIAN_POINT('',(14.,76.190354641228,11.647222132853));
#7230 = CARTESIAN_POINT('',(14.,76.16070627762,11.613412791135));
#7231 = CARTESIAN_POINT('',(14.,76.131509360825,11.579224965434));
#7232 = CARTESIAN_POINT('',(14.,76.10287916235,11.54458482526));
#7233 = CARTESIAN_POINT('',(14.,76.064548686872,11.496027149364));
#7234 = CARTESIAN_POINT('',(14.,76.054164080612,11.48263955335));
#7235 = CARTESIAN_POINT('',(14.,76.043906773298,11.469156952251));
#7236 = CARTESIAN_POINT('',(14.,76.033793139413,11.455568740979));
#7237 = CARTESIAN_POINT('',(14.,76.023843638021,11.441863647883));
#7238 = CARTESIAN_POINT('',(14.,76.014084577133,11.428028499095));
#7239 = CARTESIAN_POINT('',(14.,76.004552426991,11.414045296741));
#7240 = CARTESIAN_POINT('',(14.,75.986744884569,11.386792988817));
#7241 = CARTESIAN_POINT('',(14.,75.978458664645,11.373593729941));
#7242 = CARTESIAN_POINT('',(14.,75.970450121372,11.360226497085));
#7243 = CARTESIAN_POINT('',(14.,75.962780143188,11.346643359486));
#7244 = CARTESIAN_POINT('',(14.,75.955505984051,11.332821123787));
#7245 = CARTESIAN_POINT('',(14.,75.948818039766,11.318721822451));
#7246 = CARTESIAN_POINT('',(14.,75.942867860023,11.304348208707));
#7247 = CARTESIAN_POINT('',(14.,75.933842021185,11.2757476879));
#7248 = CARTESIAN_POINT('',(14.,75.928931687198,11.25626963255));
#7249 = CARTESIAN_POINT('',(14.,75.927095662535,11.235746335151));
#7250 = CARTESIAN_POINT('',(14.,75.931954302487,11.21830258395));
#7251 = CARTESIAN_POINT('',(14.,75.945092280467,11.206725696249));
#7252 = CARTESIAN_POINT('',(14.,75.964627651645,11.201418146409));
#7253 = CARTESIAN_POINT('',(14.,75.985091789544,11.2));
#7254 = CARTESIAN_POINT('',(14.,76.,11.2));
#7255 = PCURVE('',#2732,#7256);
#7256 = DEFINITIONAL_REPRESENTATION('',(#7257),#7344);
#7257 = B_SPLINE_CURVE_WITH_KNOTS('',8,(#7258,#7259,#7260,#7261,#7262,
    #7263,#7264,#7265,#7266,#7267,#7268,#7269,#7270,#7271,#7272,#7273,
    #7274,#7275,#7276,#7277,#7278,#7279,#7280,#7281,#7282,#7283,#7284,
    #7285,#7286,#7287,#7288,#7289,#7290,#7291,#7292,#7293,#7294,#7295,
    #7296,#7297,#7298,#7299,#7300,#7301,#7302,#7303,#7304,#7305,#7306,
    #7307,#7308,#7309,#7310,#7311,#7312,#7313,#7314,#7315,#7316,#7317,
    #7318,#7319,#7320,#7321,#7322,#7323,#7324,#7325,#7326,#7327,#7328,
    #7329,#7330,#7331,#7332,#7333,#7334,#7335,#7336,#7337,#7338,#7339,
    #7340,#7341,#7342,#7343),.UNSPECIFIED.,.F.,.F.,(9,7,7,7,7,7,7,7,7,7,
    7,7,9),(0.,1.646587475593E-02,4.456971841642E-02,0.104246079714,
    0.238928764022,0.545720803823,0.693472091123,0.838336099145,
    0.920212284252,0.959082799453,0.973748801695,0.987311578382,1.),
  .UNSPECIFIED.);
#7258 = CARTESIAN_POINT('',(6.5,-11.));
#7259 = CARTESIAN_POINT('',(6.5,-10.98108001291));
#7260 = CARTESIAN_POINT('',(6.49813745486,-10.96219191809));
#7261 = CARTESIAN_POINT('',(6.495134505895,-10.94339496943));
#7262 = CARTESIAN_POINT('',(6.491217037265,-10.92475958962));
#7263 = CARTESIAN_POINT('',(6.486646468134,-10.90631525021));
#7264 = CARTESIAN_POINT('',(6.481522757719,-10.88805364355));
#7265 = CARTESIAN_POINT('',(6.475944297514,-10.86993142183));
#7266 = CARTESIAN_POINT('',(6.459703192348,-10.82101900249));
#7267 = CARTESIAN_POINT('',(6.448312702818,-10.79055876322));
#7268 = CARTESIAN_POINT('',(6.436103836108,-10.76039766072));
#7269 = CARTESIAN_POINT('',(6.423239044126,-10.73050563386));
#7270 = CARTESIAN_POINT('',(6.409834310625,-10.70085842616));
#7271 = CARTESIAN_POINT('',(6.395979761547,-10.67142868153));
#7272 = CARTESIAN_POINT('',(6.381728289107,-10.64218980514));
#7273 = CARTESIAN_POINT('',(6.336106062791,-10.55135291021));
#7274 = CARTESIAN_POINT('',(6.303529592385,-10.49038533434));
#7275 = CARTESIAN_POINT('',(6.269836574193,-10.43000889186));
#7276 = CARTESIAN_POINT('',(6.235242387171,-10.37014057134));
#7277 = CARTESIAN_POINT('',(6.199900118229,-10.31071879281));
#7278 = CARTESIAN_POINT('',(6.163929604567,-10.25168661367));
#7279 = CARTESIAN_POINT('',(6.12740259503,-10.19299941014));
#7280 = CARTESIAN_POINT('',(6.006816488836,-10.00282217492));
#7281 = CARTESIAN_POINT('',(5.920769816627,-9.872623868627));
#7282 = CARTESIAN_POINT('',(5.83296269362,-9.743585828255));
#7283 = CARTESIAN_POINT('',(5.743712978505,-9.61554053709));
#7284 = CARTESIAN_POINT('',(5.653292339589,-9.488334130437));
#7285 = CARTESIAN_POINT('',(5.561859455309,-9.361870330417));
#7286 = CARTESIAN_POINT('',(5.469546099229,-9.236053711214));
#7287 = CARTESIAN_POINT('',(5.164351686955,-8.825488331554));
#7288 = CARTESIAN_POINT('',(4.948226936947,-8.543205310809));
#7289 = CARTESIAN_POINT('',(4.729236667503,-8.263119197998));
#7290 = CARTESIAN_POINT('',(4.507875708898,-7.984907086604));
#7291 = CARTESIAN_POINT('',(4.284551147913,-7.708293671614));
#7292 = CARTESIAN_POINT('',(4.059463114101,-7.433143087468));
#7293 = CARTESIAN_POINT('',(3.832742118721,-7.159353933474));
#7294 = CARTESIAN_POINT('',(3.494407059599,-6.755699675216));
#7295 = CARTESIAN_POINT('',(3.384054741569,-6.624807321451));
#7296 = CARTESIAN_POINT('',(3.27332942115,-6.494232198899));
#7297 = CARTESIAN_POINT('',(3.162227297568,-6.363979811181));
#7298 = CARTESIAN_POINT('',(3.050738969739,-6.234060948609));
#7299 = CARTESIAN_POINT('',(2.938848271354,-6.104492698673));
#7300 = CARTESIAN_POINT('',(2.82652970885,-5.975300672871));
#7301 = CARTESIAN_POINT('',(2.603163285848,-5.720260744436));
#7302 = CARTESIAN_POINT('',(2.492136736625,-5.594400275639));
#7303 = CARTESIAN_POINT('',(2.380624401634,-5.468974360329));
#7304 = CARTESIAN_POINT('',(2.268578773834,-5.344027432601));
#7305 = CARTESIAN_POINT('',(2.15593170649,-5.219627907116));
#7306 = CARTESIAN_POINT('',(2.04259601352,-5.095866606767));
#7307 = CARTESIAN_POINT('',(1.928447968881,-4.97287285298));
#7308 = CARTESIAN_POINT('',(1.748150910756,-4.781930937354));
#7309 = CARTESIAN_POINT('',(1.682718794049,-4.713308027831));
#7310 = CARTESIAN_POINT('',(1.616911215114,-4.645050436696));
#7311 = CARTESIAN_POINT('',(1.550678161169,-4.577206451965));
#7312 = CARTESIAN_POINT('',(1.48394730285,-4.509856452441));
#7313 = CARTESIAN_POINT('',(1.416631969333,-4.443104389066));
#7314 = CARTESIAN_POINT('',(1.348611202226,-4.377097918413));
#7315 = CARTESIAN_POINT('',(1.246873729092,-4.281296980736));
#7316 = CARTESIAN_POINT('',(1.213912580033,-4.250699524328));
#7317 = CARTESIAN_POINT('',(1.18070660532,-4.220373197782));
#7318 = CARTESIAN_POINT('',(1.147222132853,-4.190354641228));
#7319 = CARTESIAN_POINT('',(1.113412791135,-4.16070627762));
#7320 = CARTESIAN_POINT('',(1.079224965434,-4.131509360825));
#7321 = CARTESIAN_POINT('',(1.04458482526,-4.10287916235));
#7322 = CARTESIAN_POINT('',(0.996027149364,-4.064548686872));
#7323 = CARTESIAN_POINT('',(0.98263955335,-4.054164080612));
#7324 = CARTESIAN_POINT('',(0.969156952251,-4.043906773298));
#7325 = CARTESIAN_POINT('',(0.955568740979,-4.033793139413));
#7326 = CARTESIAN_POINT('',(0.941863647883,-4.023843638021));
#7327 = CARTESIAN_POINT('',(0.928028499095,-4.014084577133));
#7328 = CARTESIAN_POINT('',(0.914045296741,-4.004552426991));
#7329 = CARTESIAN_POINT('',(0.886792988817,-3.986744884569));
#7330 = CARTESIAN_POINT('',(0.873593729941,-3.978458664645));
#7331 = CARTESIAN_POINT('',(0.860226497085,-3.970450121372));
#7332 = CARTESIAN_POINT('',(0.846643359486,-3.962780143188));
#7333 = CARTESIAN_POINT('',(0.832821123787,-3.955505984051));
#7334 = CARTESIAN_POINT('',(0.818721822451,-3.948818039766));
#7335 = CARTESIAN_POINT('',(0.804348208707,-3.942867860023));
#7336 = CARTESIAN_POINT('',(0.7757476879,-3.933842021185));
#7337 = CARTESIAN_POINT('',(0.75626963255,-3.928931687198));
#7338 = CARTESIAN_POINT('',(0.735746335151,-3.927095662535));
#7339 = CARTESIAN_POINT('',(0.71830258395,-3.931954302487));
#7340 = CARTESIAN_POINT('',(0.706725696249,-3.945092280467));
#7341 = CARTESIAN_POINT('',(0.701418146409,-3.964627651645));
#7342 = CARTESIAN_POINT('',(0.7,-3.985091789544));
#7343 = CARTESIAN_POINT('',(0.7,-4.));
#7344 = ( GEOMETRIC_REPRESENTATION_CONTEXT(2) 
PARAMETRIC_REPRESENTATION_CONTEXT() REPRESENTATION_CONTEXT('2D SPACE',''
  ) );
#7345 = PCURVE('',#2952,#7346);
#7346 = DEFINITIONAL_REPRESENTATION('',(#7347),#7434);
#7347 = B_SPLINE_CURVE_WITH_KNOTS('',8,(#7348,#7349,#7350,#7351,#7352,
    #7353,#7354,#7355,#7356,#7357,#7358,#7359,#7360,#7361,#7362,#7363,
    #7364,#7365,#7366,#7367,#7368,#7369,#7370,#7371,#7372,#7373,#7374,
    #7375,#7376,#7377,#7378,#7379,#7380,#7381,#7382,#7383,#7384,#7385,
    #7386,#7387,#7388,#7389,#7390,#7391,#7392,#7393,#7394,#7395,#7396,
    #7397,#7398,#7399,#7400,#7401,#7402,#7403,#7404,#7405,#7406,#7407,
    #7408,#7409,#7410,#7411,#7412,#7413,#7414,#7415,#7416,#7417,#7418,
    #7419,#7420,#7421,#7422,#7423,#7424,#7425,#7426,#7427,#7428,#7429,
    #7430,#7431,#7432,#7433),.UNSPECIFIED.,.F.,.F.,(9,7,7,7,7,7,7,7,7,7,
    7,7,9),(0.,1.646587475593E-02,4.456971841642E-02,0.104246079714,
    0.238928764022,0.545720803823,0.693472091123,0.838336099145,
    0.920212284252,0.959082799453,0.973748801695,0.987311578382,1.),
  .UNSPECIFIED.);
#7348 = CARTESIAN_POINT('',(4.,0.504677213698));
#7349 = CARTESIAN_POINT('',(3.997591032425,0.504677213698));
#7350 = CARTESIAN_POINT('',(3.995451509198,0.504516677572));
#7351 = CARTESIAN_POINT('',(3.993485108029,0.504257847875));
#7352 = CARTESIAN_POINT('',(3.991668552365,0.503920189121));
#7353 = CARTESIAN_POINT('',(3.989968199173,0.503526231108));
#7354 = CARTESIAN_POINT('',(3.98836882261,0.503084586471));
#7355 = CARTESIAN_POINT('',(3.986850878194,0.502603733718));
#7356 = CARTESIAN_POINT('',(3.982919650882,0.501203747756));
#7357 = CARTESIAN_POINT('',(3.980650041187,0.500221852336));
#7358 = CARTESIAN_POINT('',(3.978532143824,0.499169366268));
#7359 = CARTESIAN_POINT('',(3.976539244623,0.498060283769));
#7360 = CARTESIAN_POINT('',(3.974651972415,0.496904595566));
#7361 = CARTESIAN_POINT('',(3.972854214984,0.495710064733));
#7362 = CARTESIAN_POINT('',(3.971135245076,0.494481245691));
#7363 = CARTESIAN_POINT('',(3.965980388656,0.490547297305));
#7364 = CARTESIAN_POINT('',(3.962789937222,0.487737962362));
#7365 = CARTESIAN_POINT('',(3.959826985021,0.484831989129));
#7366 = CARTESIAN_POINT('',(3.957051647927,0.48184791542));
#7367 = CARTESIAN_POINT('',(3.954435437291,0.478798915645));
#7368 = CARTESIAN_POINT('',(3.951955035008,0.475695301677));
#7369 = CARTESIAN_POINT('',(3.949595412139,0.472543242779));
#7370 = CARTESIAN_POINT('',(3.942258327391,0.462135951252));
#7371 = CARTESIAN_POINT('',(3.937721863698,0.45470738947));
#7372 = CARTESIAN_POINT('',(3.933584762795,0.447124429735));
#7373 = CARTESIAN_POINT('',(3.929787345106,0.439414366889));
#7374 = CARTESIAN_POINT('',(3.926277329011,0.431600533632));
#7375 = CARTESIAN_POINT('',(3.923025041317,0.423696539445));
#7376 = CARTESIAN_POINT('',(3.920004262121,0.415713681203));
#7377 = CARTESIAN_POINT('',(3.9108000788,0.389312589716));
#7378 = CARTESIAN_POINT('',(3.905510082316,0.370602096259));
#7379 = CARTESIAN_POINT('',(3.9011043816,0.351628273072));
#7380 = CARTESIAN_POINT('',(3.897512328416,0.332433328993));
#7381 = CARTESIAN_POINT('',(3.89467837317,0.313051969034));
#7382 = CARTESIAN_POINT('',(3.892591730838,0.293501089331));
#7383 = CARTESIAN_POINT('',(3.891255615234,0.273791564552));
#7384 = CARTESIAN_POINT('',(3.890442132339,0.244353671479));
#7385 = CARTESIAN_POINT('',(3.890360258636,0.234748172829));
#7386 = CARTESIAN_POINT('',(3.89046487219,0.225106214889));
#7387 = CARTESIAN_POINT('',(3.890761650417,0.215427413798));
#7388 = CARTESIAN_POINT('',(3.891257987905,0.205710897021));
#7389 = CARTESIAN_POINT('',(3.891963448474,0.195955199814));
#7390 = CARTESIAN_POINT('',(3.892890694754,0.186158038903));
#7391 = CARTESIAN_POINT('',(3.895200306487,0.16666621662));
#7392 = CARTESIAN_POINT('',(3.896573346635,0.156973577318));
#7393 = CARTESIAN_POINT('',(3.898192625513,0.147234452008));
#7394 = CARTESIAN_POINT('',(3.900077888019,0.137444625351));
#7395 = CARTESIAN_POINT('',(3.902256926919,0.127598065045));
#7396 = CARTESIAN_POINT('',(3.904765020939,0.117687062029));
#7397 = CARTESIAN_POINT('',(3.907651188225,0.107700690587));
#7398 = CARTESIAN_POINT('',(3.912898275397,9.19202262647E-02));
#7399 = CARTESIAN_POINT('',(3.914941650489,8.619188339656E-02));
#7400 = CARTESIAN_POINT('',(3.917150465149,8.042924180664E-02));
#7401 = CARTESIAN_POINT('',(3.919543333038,7.462789383256E-02));
#7402 = CARTESIAN_POINT('',(3.922148683247,6.878146741811E-02));
#7403 = CARTESIAN_POINT('',(3.925001748647,6.288232728541E-02));
#7404 = CARTESIAN_POINT('',(3.928151922319,5.691982176704E-02));
#7405 = CARTESIAN_POINT('',(3.933387181408,4.799942622287E-02));
#7406 = CARTESIAN_POINT('',(3.93516217797,4.510901655314E-02));
#7407 = CARTESIAN_POINT('',(3.937038668354,4.21967733421E-02));
#7408 = CARTESIAN_POINT('',(3.939029575863,3.925973439977E-02));
#7409 = CARTESIAN_POINT('',(3.941154596511,3.629382031027E-02));
#7410 = CARTESIAN_POINT('',(3.943437960057,3.329431411202E-02));
#7411 = CARTESIAN_POINT('',(3.945913529038,3.025472161311E-02));
#7412 = CARTESIAN_POINT('',(3.949685900872,2.599331323349E-02));
#7413 = CARTESIAN_POINT('',(3.950756688527,2.481836212424E-02));
#7414 = CARTESIAN_POINT('',(3.951868650796,2.363501273785E-02));
#7415 = CARTESIAN_POINT('',(3.953026605428,2.244233273533E-02));
#7416 = CARTESIAN_POINT('',(3.954236163908,2.123933104608E-02));
#7417 = CARTESIAN_POINT('',(3.955504266716,2.002484934034E-02));
#7418 = CARTESIAN_POINT('',(3.956840472656,1.87973053548E-02));
#7419 = CARTESIAN_POINT('',(3.959570825332,1.640477468917E-02));
#7420 = CARTESIAN_POINT('',(3.960948717697,1.52459297074E-02));
#7421 = CARTESIAN_POINT('',(3.962406759372,1.407227886098E-02));
#7422 = CARTESIAN_POINT('',(3.963964551508,1.287961073521E-02));
#7423 = CARTESIAN_POINT('',(3.965636066841,1.166588566112E-02));
#7424 = CARTESIAN_POINT('',(3.967459578126,1.042776453098E-02));
#7425 = CARTESIAN_POINT('',(3.969458791128,9.165485695635E-03));
#7426 = CARTESIAN_POINT('',(3.973889287254,6.653665695885E-03));
#7427 = CARTESIAN_POINT('',(3.977105498954,4.942954543725E-03));
#7428 = CARTESIAN_POINT('',(3.981030360444,3.140295551129E-03));
#7429 = CARTESIAN_POINT('',(3.985395637247,1.607893311823E-03));
#7430 = CARTESIAN_POINT('',(3.989873739128,5.908545657842E-04));
#7431 = CARTESIAN_POINT('',(3.994077698259,1.245855588769E-04));
#7432 = CARTESIAN_POINT('',(3.997627284613,1.985599738827E-16));
#7433 = CARTESIAN_POINT('',(4.,0.));
#7434 = ( GEOMETRIC_REPRESENTATION_CONTEXT(2) 
PARAMETRIC_REPRESENTATION_CONTEXT() REPRESENTATION_CONTEXT('2D SPACE',''
  ) );
#7435 = ORIENTED_EDGE('',*,*,#7436,.F.);
#7436 = EDGE_CURVE('',#7437,#7165,#7439,.T.);
#7437 = VERTEX_POINT('',#7438);
#7438 = CARTESIAN_POINT('',(14.,126.,17.));
#7439 = SURFACE_CURVE('',#7440,(#7446,#7455),.PCURVE_S1.);
#7440 = B_SPLINE_CURVE_WITH_KNOTS('',4,(#7441,#7442,#7443,#7444,#7445),
  .UNSPECIFIED.,.F.,.F.,(5,5),(0.,1.),.PIECEWISE_BEZIER_KNOTS.);
#7441 = CARTESIAN_POINT('',(14.,126.,17.));
#7442 = CARTESIAN_POINT('',(14.,115.25,17.));
#7443 = CARTESIAN_POINT('',(14.,104.5,17.));
#7444 = CARTESIAN_POINT('',(14.,93.75,17.));
#7445 = CARTESIAN_POINT('',(14.,83.,17.));
#7446 = PCURVE('',#2732,#7447);
#7447 = DEFINITIONAL_REPRESENTATION('',(#7448),#7454);
#7448 = B_SPLINE_CURVE_WITH_KNOTS('',4,(#7449,#7450,#7451,#7452,#7453),
  .UNSPECIFIED.,.F.,.F.,(5,5),(0.,1.),.PIECEWISE_BEZIER_KNOTS.);
#7449 = CARTESIAN_POINT('',(6.5,-54.));
#7450 = CARTESIAN_POINT('',(6.5,-43.25));
#7451 = CARTESIAN_POINT('',(6.5,-32.5));
#7452 = CARTESIAN_POINT('',(6.5,-21.75));
#7453 = CARTESIAN_POINT('',(6.5,-11.));
#7454 = ( GEOMETRIC_REPRESENTATION_CONTEXT(2) 
PARAMETRIC_REPRESENTATION_CONTEXT() REPRESENTATION_CONTEXT('2D SPACE',''
  ) );
#7455 = PCURVE('',#2871,#7456);
#7456 = DEFINITIONAL_REPRESENTATION('',(#7457),#7463);
#7457 = B_SPLINE_CURVE_WITH_KNOTS('',4,(#7458,#7459,#7460,#7461,#7462),
  .UNSPECIFIED.,.F.,.F.,(5,5),(0.,1.),.PIECEWISE_BEZIER_KNOTS.);
#7458 = CARTESIAN_POINT('',(5.,0.504677213698));
#7459 = CARTESIAN_POINT('',(4.75,0.504677213698));
#7460 = CARTESIAN_POINT('',(4.5,0.504677213698));
#7461 = CARTESIAN_POINT('',(4.25,0.504677213698));
#7462 = CARTESIAN_POINT('',(4.,0.504677213698));
#7463 = ( GEOMETRIC_REPRESENTATION_CONTEXT(2) 
PARAMETRIC_REPRESENTATION_CONTEXT() REPRESENTATION_CONTEXT('2D SPACE',''
  ) );
#7464 = ORIENTED_EDGE('',*,*,#7465,.T.);
#7465 = EDGE_CURVE('',#7437,#2717,#7466,.T.);
#7466 = SURFACE_CURVE('',#7467,(#7554,#7644),.PCURVE_S1.);
#7467 = B_SPLINE_CURVE_WITH_KNOTS('',8,(#7468,#7469,#7470,#7471,#7472,
    #7473,#7474,#7475,#7476,#7477,#7478,#7479,#7480,#7481,#7482,#7483,
    #7484,#7485,#7486,#7487,#7488,#7489,#7490,#7491,#7492,#7493,#7494,
    #7495,#7496,#7497,#7498,#7499,#7500,#7501,#7502,#7503,#7504,#7505,
    #7506,#7507,#7508,#7509,#7510,#7511,#7512,#7513,#7514,#7515,#7516,
    #7517,#7518,#7519,#7520,#7521,#7522,#7523,#7524,#7525,#7526,#7527,
    #7528,#7529,#7530,#7531,#7532,#7533,#7534,#7535,#7536,#7537,#7538,
    #7539,#7540,#7541,#7542,#7543,#7544,#7545,#7546,#7547,#7548,#7549,
    #7550,#7551,#7552,#7553),.UNSPECIFIED.,.F.,.F.,(9,7,7,7,7,7,7,7,7,7,
    7,7,9),(0.,3.077463222915E-02,9.821377543813E-02,0.158307632761,
    0.280369082981,0.39254622349,0.577501579469,0.753593414185,
    0.828566451028,0.885075603675,0.95217875322,0.97902239905,1.),
  .UNSPECIFIED.);
#7468 = CARTESIAN_POINT('',(14.,126.,17.));
#7469 = CARTESIAN_POINT('',(14.,126.02598650702,17.));
#7470 = CARTESIAN_POINT('',(14.,126.05182231313,16.996485273018));
#7471 = CARTESIAN_POINT('',(14.,126.0773270591,16.990534860346));
#7472 = CARTESIAN_POINT('',(14.,126.10233594617,16.982726535511));
#7473 = CARTESIAN_POINT('',(14.,126.12678105461,16.973554500104));
#7474 = CARTESIAN_POINT('',(14.,126.15067568056,16.963299369054));
#7475 = CARTESIAN_POINT('',(14.,126.17412390429,16.952142299964));
#7476 = CARTESIAN_POINT('',(14.,126.24815431861,16.913774235937));
#7477 = CARTESIAN_POINT('',(14.,126.29696916972,16.883698191493));
#7478 = CARTESIAN_POINT('',(14.,126.3443776748,16.851301995074));
#7479 = CARTESIAN_POINT('',(14.,126.39045586511,16.817043261443));
#7480 = CARTESIAN_POINT('',(14.,126.43539418106,16.78142187003));
#7481 = CARTESIAN_POINT('',(14.,126.47928166297,16.74462462362));
#7482 = CARTESIAN_POINT('',(14.,126.52227201607,16.706813876326));
#7483 = CARTESIAN_POINT('',(14.,126.60217863592,16.63343933663));
#7484 = CARTESIAN_POINT('',(14.,126.6391721303,16.598149002631));
#7485 = CARTESIAN_POINT('',(14.,126.67556264446,16.562229322209));
#7486 = CARTESIAN_POINT('',(14.,126.7113893777,16.525745300247));
#7487 = CARTESIAN_POINT('',(14.,126.74668208593,16.48874735615));
#7488 = CARTESIAN_POINT('',(14.,126.78146572459,16.451275979029));
#7489 = CARTESIAN_POINT('',(14.,126.81576265967,16.413363900845));
#7490 = CARTESIAN_POINT('',(14.,126.91830683983,16.297184484489));
#7491 = CARTESIAN_POINT('',(14.,126.98508119244,16.21763204949));
#7492 = CARTESIAN_POINT('',(14.,127.0500743467,16.136597752302));
#7493 = CARTESIAN_POINT('',(14.,127.11337205816,16.054229994015));
#7494 = CARTESIAN_POINT('',(14.,127.1750320442,15.970641958386));
#7495 = CARTESIAN_POINT('',(14.,127.23509756826,15.885922143899));
#7496 = CARTESIAN_POINT('',(14.,127.29359855251,15.800135165109));
#7497 = CARTESIAN_POINT('',(14.,127.40290730145,15.633550724634));
#7498 = CARTESIAN_POINT('',(14.,127.45394900076,15.55292033029));
#7499 = CARTESIAN_POINT('',(14.,127.5036981487,15.471479896625));
#7500 = CARTESIAN_POINT('',(14.,127.55216100112,15.389266583638));
#7501 = CARTESIAN_POINT('',(14.,127.59933755901,15.306312663201));
#7502 = CARTESIAN_POINT('',(14.,127.64522289718,15.222646338696));
#7503 = CARTESIAN_POINT('',(14.,127.68980849306,15.13829256465));
#7504 = CARTESIAN_POINT('',(14.,127.80443458604,14.913096789915));
#7505 = CARTESIAN_POINT('',(14.,127.87221777415,14.771121184259));
#7506 = CARTESIAN_POINT('',(14.,127.93638482907,14.627443700929));
#7507 = CARTESIAN_POINT('',(14.,127.99685547456,14.48215630563));
#7508 = CARTESIAN_POINT('',(14.,128.05352612409,14.335349907682));
#7509 = CARTESIAN_POINT('',(14.,128.10627316563,14.187115855146));
#7510 = CARTESIAN_POINT('',(14.,128.15495085594,14.037545295649));
#7511 = CARTESIAN_POINT('',(14.,128.24168745447,13.743135127102));
#7512 = CARTESIAN_POINT('',(14.,128.28013476518,13.598442294503));
#7513 = CARTESIAN_POINT('',(14.,128.31458124261,13.452706907556));
#7514 = CARTESIAN_POINT('',(14.,128.34485053276,13.306012969086));
#7515 = CARTESIAN_POINT('',(14.,128.37072332448,13.158468853869));
#7516 = CARTESIAN_POINT('',(14.,128.39194086163,13.010207865799));
#7517 = CARTESIAN_POINT('',(14.,128.40818344245,12.861384761381));
#7518 = CARTESIAN_POINT('',(14.,128.42358283275,12.64863022156));
#7519 = CARTESIAN_POINT('',(14.,128.42719444329,12.585030952606));
#7520 = CARTESIAN_POINT('',(14.,128.42978348723,12.521377759045));
#7521 = CARTESIAN_POINT('',(14.,128.43130845482,12.457687335722));
#7522 = CARTESIAN_POINT('',(14.,128.43172195727,12.393980494867));
#7523 = CARTESIAN_POINT('',(14.,128.43096880651,12.330282161439));
#7524 = CARTESIAN_POINT('',(14.,128.42898215246,12.266621395646));
#7525 = CARTESIAN_POINT('',(14.,128.42318700825,12.155102020112));
#7526 = CARTESIAN_POINT('',(14.,128.41994779511,12.10721741278));
#7527 = CARTESIAN_POINT('',(14.,128.41592428408,12.059389192263));
#7528 = CARTESIAN_POINT('',(14.,128.41107386689,12.01163485752));
#7529 = CARTESIAN_POINT('',(14.,128.40534739835,11.963977732039));
#7530 = CARTESIAN_POINT('',(14.,128.39868659029,11.916447288763));
#7531 = CARTESIAN_POINT('',(14.,128.39101848233,11.869079902766));
#7532 = CARTESIAN_POINT('',(14.,128.3718310701,11.765918910895));
#7533 = CARTESIAN_POINT('',(14.,128.35988646809,11.710362126137));
#7534 = CARTESIAN_POINT('',(14.,128.3462441734,11.655168582929));
#7535 = CARTESIAN_POINT('',(14.,128.33065902297,11.600399767102));
#7536 = CARTESIAN_POINT('',(14.,128.3129000527,11.546209237582));
#7537 = CARTESIAN_POINT('',(14.,128.29251148676,11.492959618528));
#7538 = CARTESIAN_POINT('',(14.,128.26911039306,11.44108830461));
#7539 = CARTESIAN_POINT('',(14.,128.23039091064,11.371643649521));
#7540 = CARTESIAN_POINT('',(14.,128.21867605546,11.35221835743));
#7541 = CARTESIAN_POINT('',(14.,128.20622196673,11.333236079063));
#7542 = CARTESIAN_POINT('',(14.,128.19293613751,11.314784988583));
#7543 = CARTESIAN_POINT('',(14.,128.17872603152,11.2970106269));
#7544 = CARTESIAN_POINT('',(14.,128.16349655367,11.280117916805));
#7545 = CARTESIAN_POINT('',(14.,128.14714030331,11.264380284688));
#7546 = CARTESIAN_POINT('',(14.,128.11575128542,11.239039898761));
#7547 = CARTESIAN_POINT('',(14.,128.1011773928,11.228821433565));
#7548 = CARTESIAN_POINT('',(14.,128.08579861243,11.219740395036));
#7549 = CARTESIAN_POINT('',(14.,128.06965137011,11.212064185556));
#7550 = CARTESIAN_POINT('',(14.,128.05281514539,11.206070349171));
#7551 = CARTESIAN_POINT('',(14.,128.03542786358,11.202002566005));
#7552 = CARTESIAN_POINT('',(14.,128.01771037192,11.2));
#7553 = CARTESIAN_POINT('',(14.,128.,11.2));
#7554 = PCURVE('',#2732,#7555);
#7555 = DEFINITIONAL_REPRESENTATION('',(#7556),#7643);
#7556 = B_SPLINE_CURVE_WITH_KNOTS('',8,(#7557,#7558,#7559,#7560,#7561,
    #7562,#7563,#7564,#7565,#7566,#7567,#7568,#7569,#7570,#7571,#7572,
    #7573,#7574,#7575,#7576,#7577,#7578,#7579,#7580,#7581,#7582,#7583,
    #7584,#7585,#7586,#7587,#7588,#7589,#7590,#7591,#7592,#7593,#7594,
    #7595,#7596,#7597,#7598,#7599,#7600,#7601,#7602,#7603,#7604,#7605,
    #7606,#7607,#7608,#7609,#7610,#7611,#7612,#7613,#7614,#7615,#7616,
    #7617,#7618,#7619,#7620,#7621,#7622,#7623,#7624,#7625,#7626,#7627,
    #7628,#7629,#7630,#7631,#7632,#7633,#7634,#7635,#7636,#7637,#7638,
    #7639,#7640,#7641,#7642),.UNSPECIFIED.,.F.,.F.,(9,7,7,7,7,7,7,7,7,7,
    7,7,9),(0.,3.077463222915E-02,9.821377543813E-02,0.158307632761,
    0.280369082981,0.39254622349,0.577501579469,0.753593414185,
    0.828566451028,0.885075603675,0.95217875322,0.97902239905,1.),
  .UNSPECIFIED.);
#7557 = CARTESIAN_POINT('',(6.5,-54.));
#7558 = CARTESIAN_POINT('',(6.5,-54.02598650702));
#7559 = CARTESIAN_POINT('',(6.496485273018,-54.05182231313));
#7560 = CARTESIAN_POINT('',(6.490534860346,-54.0773270591));
#7561 = CARTESIAN_POINT('',(6.482726535511,-54.10233594617));
#7562 = CARTESIAN_POINT('',(6.473554500104,-54.12678105461));
#7563 = CARTESIAN_POINT('',(6.463299369054,-54.15067568056));
#7564 = CARTESIAN_POINT('',(6.452142299964,-54.17412390429));
#7565 = CARTESIAN_POINT('',(6.413774235937,-54.24815431861));
#7566 = CARTESIAN_POINT('',(6.383698191493,-54.29696916972));
#7567 = CARTESIAN_POINT('',(6.351301995074,-54.3443776748));
#7568 = CARTESIAN_POINT('',(6.317043261443,-54.39045586511));
#7569 = CARTESIAN_POINT('',(6.28142187003,-54.43539418106));
#7570 = CARTESIAN_POINT('',(6.24462462362,-54.47928166297));
#7571 = CARTESIAN_POINT('',(6.206813876326,-54.52227201607));
#7572 = CARTESIAN_POINT('',(6.13343933663,-54.60217863592));
#7573 = CARTESIAN_POINT('',(6.098149002631,-54.6391721303));
#7574 = CARTESIAN_POINT('',(6.062229322209,-54.67556264446));
#7575 = CARTESIAN_POINT('',(6.025745300247,-54.7113893777));
#7576 = CARTESIAN_POINT('',(5.98874735615,-54.74668208593));
#7577 = CARTESIAN_POINT('',(5.951275979029,-54.78146572459));
#7578 = CARTESIAN_POINT('',(5.913363900845,-54.81576265967));
#7579 = CARTESIAN_POINT('',(5.797184484489,-54.91830683983));
#7580 = CARTESIAN_POINT('',(5.71763204949,-54.98508119244));
#7581 = CARTESIAN_POINT('',(5.636597752302,-55.0500743467));
#7582 = CARTESIAN_POINT('',(5.554229994015,-55.11337205816));
#7583 = CARTESIAN_POINT('',(5.470641958386,-55.1750320442));
#7584 = CARTESIAN_POINT('',(5.385922143899,-55.23509756826));
#7585 = CARTESIAN_POINT('',(5.300135165109,-55.29359855251));
#7586 = CARTESIAN_POINT('',(5.133550724634,-55.40290730145));
#7587 = CARTESIAN_POINT('',(5.05292033029,-55.45394900076));
#7588 = CARTESIAN_POINT('',(4.971479896625,-55.5036981487));
#7589 = CARTESIAN_POINT('',(4.889266583638,-55.55216100112));
#7590 = CARTESIAN_POINT('',(4.806312663201,-55.59933755901));
#7591 = CARTESIAN_POINT('',(4.722646338696,-55.64522289718));
#7592 = CARTESIAN_POINT('',(4.63829256465,-55.68980849306));
#7593 = CARTESIAN_POINT('',(4.413096789915,-55.80443458604));
#7594 = CARTESIAN_POINT('',(4.271121184259,-55.87221777415));
#7595 = CARTESIAN_POINT('',(4.127443700929,-55.93638482907));
#7596 = CARTESIAN_POINT('',(3.98215630563,-55.99685547456));
#7597 = CARTESIAN_POINT('',(3.835349907682,-56.05352612409));
#7598 = CARTESIAN_POINT('',(3.687115855146,-56.10627316563));
#7599 = CARTESIAN_POINT('',(3.537545295649,-56.15495085594));
#7600 = CARTESIAN_POINT('',(3.243135127102,-56.24168745447));
#7601 = CARTESIAN_POINT('',(3.098442294503,-56.28013476518));
#7602 = CARTESIAN_POINT('',(2.952706907556,-56.31458124261));
#7603 = CARTESIAN_POINT('',(2.806012969086,-56.34485053276));
#7604 = CARTESIAN_POINT('',(2.658468853869,-56.37072332448));
#7605 = CARTESIAN_POINT('',(2.510207865799,-56.39194086163));
#7606 = CARTESIAN_POINT('',(2.361384761381,-56.40818344245));
#7607 = CARTESIAN_POINT('',(2.14863022156,-56.42358283275));
#7608 = CARTESIAN_POINT('',(2.085030952606,-56.42719444329));
#7609 = CARTESIAN_POINT('',(2.021377759045,-56.42978348723));
#7610 = CARTESIAN_POINT('',(1.957687335722,-56.43130845482));
#7611 = CARTESIAN_POINT('',(1.893980494867,-56.43172195727));
#7612 = CARTESIAN_POINT('',(1.830282161439,-56.43096880651));
#7613 = CARTESIAN_POINT('',(1.766621395646,-56.42898215246));
#7614 = CARTESIAN_POINT('',(1.655102020112,-56.42318700825));
#7615 = CARTESIAN_POINT('',(1.60721741278,-56.41994779511));
#7616 = CARTESIAN_POINT('',(1.559389192263,-56.41592428408));
#7617 = CARTESIAN_POINT('',(1.51163485752,-56.41107386689));
#7618 = CARTESIAN_POINT('',(1.463977732039,-56.40534739835));
#7619 = CARTESIAN_POINT('',(1.416447288763,-56.39868659029));
#7620 = CARTESIAN_POINT('',(1.369079902766,-56.39101848233));
#7621 = CARTESIAN_POINT('',(1.265918910895,-56.3718310701));
#7622 = CARTESIAN_POINT('',(1.210362126137,-56.35988646809));
#7623 = CARTESIAN_POINT('',(1.155168582929,-56.3462441734));
#7624 = CARTESIAN_POINT('',(1.100399767102,-56.33065902297));
#7625 = CARTESIAN_POINT('',(1.046209237582,-56.3129000527));
#7626 = CARTESIAN_POINT('',(0.992959618528,-56.29251148676));
#7627 = CARTESIAN_POINT('',(0.94108830461,-56.26911039306));
#7628 = CARTESIAN_POINT('',(0.871643649521,-56.23039091064));
#7629 = CARTESIAN_POINT('',(0.85221835743,-56.21867605546));
#7630 = CARTESIAN_POINT('',(0.833236079063,-56.20622196673));
#7631 = CARTESIAN_POINT('',(0.814784988583,-56.19293613751));
#7632 = CARTESIAN_POINT('',(0.7970106269,-56.17872603152));
#7633 = CARTESIAN_POINT('',(0.780117916805,-56.16349655367));
#7634 = CARTESIAN_POINT('',(0.764380284688,-56.14714030331));
#7635 = CARTESIAN_POINT('',(0.739039898761,-56.11575128542));
#7636 = CARTESIAN_POINT('',(0.728821433565,-56.1011773928));
#7637 = CARTESIAN_POINT('',(0.719740395036,-56.08579861243));
#7638 = CARTESIAN_POINT('',(0.712064185556,-56.06965137011));
#7639 = CARTESIAN_POINT('',(0.706070349171,-56.05281514539));
#7640 = CARTESIAN_POINT('',(0.702002566005,-56.03542786358));
#7641 = CARTESIAN_POINT('',(0.7,-56.01771037192));
#7642 = CARTESIAN_POINT('',(0.7,-56.));
#7643 = ( GEOMETRIC_REPRESENTATION_CONTEXT(2) 
PARAMETRIC_REPRESENTATION_CONTEXT() REPRESENTATION_CONTEXT('2D SPACE',''
  ) );
#7644 = PCURVE('',#2797,#7645);
#7645 = DEFINITIONAL_REPRESENTATION('',(#7646),#7733);
#7646 = B_SPLINE_CURVE_WITH_KNOTS('',8,(#7647,#7648,#7649,#7650,#7651,
    #7652,#7653,#7654,#7655,#7656,#7657,#7658,#7659,#7660,#7661,#7662,
    #7663,#7664,#7665,#7666,#7667,#7668,#7669,#7670,#7671,#7672,#7673,
    #7674,#7675,#7676,#7677,#7678,#7679,#7680,#7681,#7682,#7683,#7684,
    #7685,#7686,#7687,#7688,#7689,#7690,#7691,#7692,#7693,#7694,#7695,
    #7696,#7697,#7698,#7699,#7700,#7701,#7702,#7703,#7704,#7705,#7706,
    #7707,#7708,#7709,#7710,#7711,#7712,#7713,#7714,#7715,#7716,#7717,
    #7718,#7719,#7720,#7721,#7722,#7723,#7724,#7725,#7726,#7727,#7728,
    #7729,#7730,#7731,#7732),.UNSPECIFIED.,.F.,.F.,(9,7,7,7,7,7,7,7,7,7,
    7,7,9),(0.,3.077463222915E-02,9.821377543813E-02,0.158307632761,
    0.280369082981,0.39254622349,0.577501579469,0.753593414185,
    0.828566451028,0.885075603675,0.95217875322,0.97902239905,1.),
  .UNSPECIFIED.);
#7647 = CARTESIAN_POINT('',(5.,0.504677213698));
#7648 = CARTESIAN_POINT('',(5.003308704837,0.504677213698));
#7649 = CARTESIAN_POINT('',(5.006326008858,0.504374273035));
#7650 = CARTESIAN_POINT('',(5.009115071234,0.503861396054));
#7651 = CARTESIAN_POINT('',(5.011701133321,0.503188363712));
#7652 = CARTESIAN_POINT('',(5.014114641285,0.502397760187));
#7653 = CARTESIAN_POINT('',(5.016379396962,0.501513761407));
#7654 = CARTESIAN_POINT('',(5.018523021161,0.500551973617));
#7655 = CARTESIAN_POINT('',(5.025067895984,0.497244321926));
#7656 = CARTESIAN_POINT('',(5.029044736394,0.494651291821));
#7657 = CARTESIAN_POINT('',(5.032694553526,0.491857915178));
#7658 = CARTESIAN_POINT('',(5.036063478086,0.488903576547));
#7659 = CARTESIAN_POINT('',(5.039215021515,0.485831320249));
#7660 = CARTESIAN_POINT('',(5.042175181391,0.482657214983));
#7661 = CARTESIAN_POINT('',(5.044976627079,0.479395223223));
#7662 = CARTESIAN_POINT('',(5.050018974339,0.47306415714));
#7663 = CARTESIAN_POINT('',(5.052283106774,0.470018776679));
#7664 = CARTESIAN_POINT('',(5.054449476412,0.466918684858));
#7665 = CARTESIAN_POINT('',(5.056528310851,0.463769467211));
#7666 = CARTESIAN_POINT('',(5.058527470051,0.460575453828));
#7667 = CARTESIAN_POINT('',(5.060453418992,0.457340120021));
#7668 = CARTESIAN_POINT('',(5.062311697272,0.454066273123));
#7669 = CARTESIAN_POINT('',(5.067753236654,0.444032316041));
#7670 = CARTESIAN_POINT('',(5.071138685013,0.437159749593));
#7671 = CARTESIAN_POINT('',(5.074301762154,0.430157113606));
#7672 = CARTESIAN_POINT('',(5.077265959041,0.423037100081));
#7673 = CARTESIAN_POINT('',(5.08004831098,0.415809373614));
#7674 = CARTESIAN_POINT('',(5.082662038039,0.408481475921));
#7675 = CARTESIAN_POINT('',(5.085116850723,0.401058892094));
#7676 = CARTESIAN_POINT('',(5.089537662686,0.38664072786));
#7677 = CARTESIAN_POINT('',(5.091526945674,0.379659984051));
#7678 = CARTESIAN_POINT('',(5.093394098337,0.37260700419));
#7679 = CARTESIAN_POINT('',(5.095143351248,0.365484930513));
#7680 = CARTESIAN_POINT('',(5.096777685593,0.35829648605));
#7681 = CARTESIAN_POINT('',(5.098299072031,0.351044044884));
#7682 = CARTESIAN_POINT('',(5.099708709544,0.343729702413));
#7683 = CARTESIAN_POINT('',(5.103148294585,0.324196658194));
#7684 = CARTESIAN_POINT('',(5.104987129638,0.311875608445));
#7685 = CARTESIAN_POINT('',(5.106526463988,0.299400282718));
#7686 = CARTESIAN_POINT('',(5.107763712288,0.28677837826));
#7687 = CARTESIAN_POINT('',(5.10869224428,0.274017519169));
#7688 = CARTESIAN_POINT('',(5.109301761855,0.261125387025));
#7689 = CARTESIAN_POINT('',(5.109577818231,0.248109666173));
#7690 = CARTESIAN_POINT('',(5.109426846509,0.222475252717));
#7691 = CARTESIAN_POINT('',(5.10903291687,0.209870036781));
#7692 = CARTESIAN_POINT('',(5.108301517434,0.197167099036));
#7693 = CARTESIAN_POINT('',(5.107211293423,0.184373572671));
#7694 = CARTESIAN_POINT('',(5.105734380645,0.171498735624));
#7695 = CARTESIAN_POINT('',(5.103836398625,0.158554072219));
#7696 = CARTESIAN_POINT('',(5.101472416084,0.145552981016));
#7697 = CARTESIAN_POINT('',(5.097337886505,0.126956334114));
#7698 = CARTESIAN_POINT('',(5.096006186922,0.1213958527));
#7699 = CARTESIAN_POINT('',(5.094572092647,0.115829314471));
#7700 = CARTESIAN_POINT('',(5.093029384511,0.110258174141));
#7701 = CARTESIAN_POINT('',(5.09137094014,0.104684248555));
#7702 = CARTESIAN_POINT('',(5.089588391493,9.91097170583E-02));
#7703 = CARTESIAN_POINT('',(5.087671473047,9.35371242371E-02));
#7704 = CARTESIAN_POINT('',(5.084051058605,8.377283335848E-02));
#7705 = CARTESIAN_POINT('',(5.082411393733,7.957944059466E-02));
#7706 = CARTESIAN_POINT('',(5.080682426909,7.539022192312E-02));
#7707 = CARTESIAN_POINT('',(5.078857521463,7.120671257927E-02));
#7708 = CARTESIAN_POINT('',(5.076929057691,6.703095958766E-02));
#7709 = CARTESIAN_POINT('',(5.074887985981,6.286555106126E-02));
#7710 = CARTESIAN_POINT('',(5.072722918523,5.871368307457E-02));
#7711 = CARTESIAN_POINT('',(5.067682630784,4.966974908425E-02));
#7712 = CARTESIAN_POINT('',(5.064757616207,4.479813995494E-02));
#7713 = CARTESIAN_POINT('',(5.061613739165,3.99573550632E-02));
#7714 = CARTESIAN_POINT('',(5.058211885481,3.515280661637E-02));
#7715 = CARTESIAN_POINT('',(5.054516629285,3.039798494798E-02));
#7716 = CARTESIAN_POINT('',(5.050458761886,2.572475404638E-02));
#7717 = CARTESIAN_POINT('',(5.045980221267,2.11715732085E-02));
#7718 = CARTESIAN_POINT('',(5.038852610729,1.507472676559E-02));
#7719 = CARTESIAN_POINT('',(5.036723451638,1.336916421204E-02));
#7720 = CARTESIAN_POINT('',(5.034487637524,1.170237331595E-02));
#7721 = CARTESIAN_POINT('',(5.032131180505,1.008210556105E-02));
#7722 = CARTESIAN_POINT('',(5.029640699167,8.52115316178E-03));
#7723 = CARTESIAN_POINT('',(5.027002940942,7.037528775757E-03));
#7724 = CARTESIAN_POINT('',(5.024203317905,5.655268200417E-03));
#7725 = CARTESIAN_POINT('',(5.018894772539,3.42947342684E-03));
#7726 = CARTESIAN_POINT('',(5.016450432267,2.531884262323E-03));
#7727 = CARTESIAN_POINT('',(5.013892899837,1.734171730633E-03));
#7728 = CARTESIAN_POINT('',(5.01123063658,1.059839531164E-03));
#7729 = CARTESIAN_POINT('',(5.008479102549,5.332842901098E-04));
#7730 = CARTESIAN_POINT('',(5.005662847848,1.759264998558E-04));
#7731 = CARTESIAN_POINT('',(5.002818693236,-1.572543307323E-16));
#7732 = CARTESIAN_POINT('',(5.,0.));
#7733 = ( GEOMETRIC_REPRESENTATION_CONTEXT(2) 
PARAMETRIC_REPRESENTATION_CONTEXT() REPRESENTATION_CONTEXT('2D SPACE',''
  ) );
#7734 = ORIENTED_EDGE('',*,*,#2716,.T.);
#7735 = ORIENTED_EDGE('',*,*,#3886,.T.);
#7736 = ORIENTED_EDGE('',*,*,#3956,.F.);
#7737 = ADVANCED_FACE('',(#7738),#2797,.F.);
#7738 = FACE_BOUND('',#7739,.F.);
#7739 = EDGE_LOOP('',(#7740,#7741,#7742));
#7740 = ORIENTED_EDGE('',*,*,#2743,.F.);
#7741 = ORIENTED_EDGE('',*,*,#7465,.F.);
#7742 = ORIENTED_EDGE('',*,*,#7743,.F.);
#7743 = EDGE_CURVE('',#2744,#7437,#7744,.T.);
#7744 = SURFACE_CURVE('',#7745,(#7749,#7756),.PCURVE_S1.);
#7745 = B_SPLINE_CURVE_WITH_KNOTS('',2,(#7746,#7747,#7748),
  .UNSPECIFIED.,.F.,.F.,(3,3),(0.,1.),.PIECEWISE_BEZIER_KNOTS.);
#7746 = CARTESIAN_POINT('',(14.,128.,11.2));
#7747 = CARTESIAN_POINT('',(14.2547213795,127.56574926111,
    16.891479146052));
#7748 = CARTESIAN_POINT('',(13.5,121.,22.8));
#7749 = PCURVE('',#2797,#7750);
#7750 = DEFINITIONAL_REPRESENTATION('',(#7751),#7755);
#7751 = LINE('',#7752,#7753);
#7752 = CARTESIAN_POINT('',(5.,0.));
#7753 = VECTOR('',#7754,1.);
#7754 = DIRECTION('',(0.,1.));
#7755 = ( GEOMETRIC_REPRESENTATION_CONTEXT(2) 
PARAMETRIC_REPRESENTATION_CONTEXT() REPRESENTATION_CONTEXT('2D SPACE',''
  ) );
#7756 = PCURVE('',#2871,#7757);
#7757 = DEFINITIONAL_REPRESENTATION('',(#7758),#7762);
#7758 = LINE('',#7759,#7760);
#7759 = CARTESIAN_POINT('',(5.,0.));
#7760 = VECTOR('',#7761,1.);
#7761 = DIRECTION('',(0.,1.));
#7762 = ( GEOMETRIC_REPRESENTATION_CONTEXT(2) 
PARAMETRIC_REPRESENTATION_CONTEXT() REPRESENTATION_CONTEXT('2D SPACE',''
  ) );
#7763 = ADVANCED_FACE('',(#7764),#2871,.F.);
#7764 = FACE_BOUND('',#7765,.F.);
#7765 = EDGE_LOOP('',(#7766,#7787,#7788,#7789));
#7766 = ORIENTED_EDGE('',*,*,#7767,.F.);
#7767 = EDGE_CURVE('',#2852,#7165,#7768,.T.);
#7768 = SURFACE_CURVE('',#7769,(#7773,#7780),.PCURVE_S1.);
#7769 = B_SPLINE_CURVE_WITH_KNOTS('',2,(#7770,#7771,#7772),
  .UNSPECIFIED.,.F.,.F.,(3,3),(0.,1.),.PIECEWISE_BEZIER_KNOTS.);
#7770 = CARTESIAN_POINT('',(14.,76.,11.2));
#7771 = CARTESIAN_POINT('',(14.2547213795,83.37846931458,16.891479146052
    ));
#7772 = CARTESIAN_POINT('',(13.5,89.,22.8));
#7773 = PCURVE('',#2871,#7774);
#7774 = DEFINITIONAL_REPRESENTATION('',(#7775),#7779);
#7775 = LINE('',#7776,#7777);
#7776 = CARTESIAN_POINT('',(4.,0.));
#7777 = VECTOR('',#7778,1.);
#7778 = DIRECTION('',(0.,1.));
#7779 = ( GEOMETRIC_REPRESENTATION_CONTEXT(2) 
PARAMETRIC_REPRESENTATION_CONTEXT() REPRESENTATION_CONTEXT('2D SPACE',''
  ) );
#7780 = PCURVE('',#2952,#7781);
#7781 = DEFINITIONAL_REPRESENTATION('',(#7782),#7786);
#7782 = LINE('',#7783,#7784);
#7783 = CARTESIAN_POINT('',(4.,0.));
#7784 = VECTOR('',#7785,1.);
#7785 = DIRECTION('',(0.,1.));
#7786 = ( GEOMETRIC_REPRESENTATION_CONTEXT(2) 
PARAMETRIC_REPRESENTATION_CONTEXT() REPRESENTATION_CONTEXT('2D SPACE',''
  ) );
#7787 = ORIENTED_EDGE('',*,*,#2851,.F.);
#7788 = ORIENTED_EDGE('',*,*,#7743,.T.);
#7789 = ORIENTED_EDGE('',*,*,#7436,.T.);
#7790 = ADVANCED_FACE('',(#7791),#2952,.F.);
#7791 = FACE_BOUND('',#7792,.F.);
#7792 = EDGE_LOOP('',(#7793,#7794,#7795));
#7793 = ORIENTED_EDGE('',*,*,#7164,.T.);
#7794 = ORIENTED_EDGE('',*,*,#2908,.F.);
#7795 = ORIENTED_EDGE('',*,*,#7767,.T.);
#7796 = ADVANCED_FACE('',(#7797),#3039,.T.);
#7797 = FACE_BOUND('',#7798,.T.);
#7798 = EDGE_LOOP('',(#7799,#7800,#7801,#7824,#7852,#7873,#7874,#7895,
    #7896));
#7799 = ORIENTED_EDGE('',*,*,#7142,.F.);
#7800 = ORIENTED_EDGE('',*,*,#3023,.T.);
#7801 = ORIENTED_EDGE('',*,*,#7802,.T.);
#7802 = EDGE_CURVE('',#3024,#7803,#7805,.T.);
#7803 = VERTEX_POINT('',#7804);
#7804 = CARTESIAN_POINT('',(9.1,72.,15.));
#7805 = SURFACE_CURVE('',#7806,(#7810,#7817),.PCURVE_S1.);
#7806 = LINE('',#7807,#7808);
#7807 = CARTESIAN_POINT('',(9.1,72.,12.));
#7808 = VECTOR('',#7809,1.);
#7809 = DIRECTION('',(0.,0.,1.));
#7810 = PCURVE('',#3039,#7811);
#7811 = DEFINITIONAL_REPRESENTATION('',(#7812),#7816);
#7812 = LINE('',#7813,#7814);
#7813 = CARTESIAN_POINT('',(1.5,23.1));
#7814 = VECTOR('',#7815,1.);
#7815 = DIRECTION('',(1.,0.));
#7816 = ( GEOMETRIC_REPRESENTATION_CONTEXT(2) 
PARAMETRIC_REPRESENTATION_CONTEXT() REPRESENTATION_CONTEXT('2D SPACE',''
  ) );
#7817 = PCURVE('',#3067,#7818);
#7818 = DEFINITIONAL_REPRESENTATION('',(#7819),#7823);
#7819 = LINE('',#7820,#7821);
#7820 = CARTESIAN_POINT('',(0.,0.));
#7821 = VECTOR('',#7822,1.);
#7822 = DIRECTION('',(1.,0.));
#7823 = ( GEOMETRIC_REPRESENTATION_CONTEXT(2) 
PARAMETRIC_REPRESENTATION_CONTEXT() REPRESENTATION_CONTEXT('2D SPACE',''
  ) );
#7824 = ORIENTED_EDGE('',*,*,#7825,.F.);
#7825 = EDGE_CURVE('',#7826,#7803,#7828,.T.);
#7826 = VERTEX_POINT('',#7827);
#7827 = CARTESIAN_POINT('',(6.9,72.,15.));
#7828 = SURFACE_CURVE('',#7829,(#7833,#7840),.PCURVE_S1.);
#7829 = LINE('',#7830,#7831);
#7830 = CARTESIAN_POINT('',(6.9,72.,15.));
#7831 = VECTOR('',#7832,1.);
#7832 = DIRECTION('',(1.,0.,-0.));
#7833 = PCURVE('',#3039,#7834);
#7834 = DEFINITIONAL_REPRESENTATION('',(#7835),#7839);
#7835 = LINE('',#7836,#7837);
#7836 = CARTESIAN_POINT('',(4.5,20.9));
#7837 = VECTOR('',#7838,1.);
#7838 = DIRECTION('',(0.,1.));
#7839 = ( GEOMETRIC_REPRESENTATION_CONTEXT(2) 
PARAMETRIC_REPRESENTATION_CONTEXT() REPRESENTATION_CONTEXT('2D SPACE',''
  ) );
#7840 = PCURVE('',#7841,#7846);
#7841 = PLANE('',#7842);
#7842 = AXIS2_PLACEMENT_3D('',#7843,#7844,#7845);
#7843 = CARTESIAN_POINT('',(6.9,72.,15.));
#7844 = DIRECTION('',(0.,0.,1.));
#7845 = DIRECTION('',(1.,0.,-0.));
#7846 = DEFINITIONAL_REPRESENTATION('',(#7847),#7851);
#7847 = LINE('',#7848,#7849);
#7848 = CARTESIAN_POINT('',(0.,0.));
#7849 = VECTOR('',#7850,1.);
#7850 = DIRECTION('',(1.,0.));
#7851 = ( GEOMETRIC_REPRESENTATION_CONTEXT(2) 
PARAMETRIC_REPRESENTATION_CONTEXT() REPRESENTATION_CONTEXT('2D SPACE',''
  ) );
#7852 = ORIENTED_EDGE('',*,*,#7853,.F.);
#7853 = EDGE_CURVE('',#3108,#7826,#7854,.T.);
#7854 = SURFACE_CURVE('',#7855,(#7859,#7866),.PCURVE_S1.);
#7855 = LINE('',#7856,#7857);
#7856 = CARTESIAN_POINT('',(6.9,72.,12.));
#7857 = VECTOR('',#7858,1.);
#7858 = DIRECTION('',(0.,0.,1.));
#7859 = PCURVE('',#3039,#7860);
#7860 = DEFINITIONAL_REPRESENTATION('',(#7861),#7865);
#7861 = LINE('',#7862,#7863);
#7862 = CARTESIAN_POINT('',(1.5,20.9));
#7863 = VECTOR('',#7864,1.);
#7864 = DIRECTION('',(1.,0.));
#7865 = ( GEOMETRIC_REPRESENTATION_CONTEXT(2) 
PARAMETRIC_REPRESENTATION_CONTEXT() REPRESENTATION_CONTEXT('2D SPACE',''
  ) );
#7866 = PCURVE('',#3123,#7867);
#7867 = DEFINITIONAL_REPRESENTATION('',(#7868),#7872);
#7868 = LINE('',#7869,#7870);
#7869 = CARTESIAN_POINT('',(0.,0.));
#7870 = VECTOR('',#7871,1.);
#7871 = DIRECTION('',(1.,0.));
#7872 = ( GEOMETRIC_REPRESENTATION_CONTEXT(2) 
PARAMETRIC_REPRESENTATION_CONTEXT() REPRESENTATION_CONTEXT('2D SPACE',''
  ) );
#7873 = ORIENTED_EDGE('',*,*,#3135,.T.);
#7874 = ORIENTED_EDGE('',*,*,#7875,.T.);
#7875 = EDGE_CURVE('',#3136,#6077,#7876,.T.);
#7876 = SURFACE_CURVE('',#7877,(#7881,#7888),.PCURVE_S1.);
#7877 = LINE('',#7878,#7879);
#7878 = CARTESIAN_POINT('',(1.1,72.,12.));
#7879 = VECTOR('',#7880,1.);
#7880 = DIRECTION('',(0.,0.,1.));
#7881 = PCURVE('',#3039,#7882);
#7882 = DEFINITIONAL_REPRESENTATION('',(#7883),#7887);
#7883 = LINE('',#7884,#7885);
#7884 = CARTESIAN_POINT('',(1.5,15.1));
#7885 = VECTOR('',#7886,1.);
#7886 = DIRECTION('',(1.,0.));
#7887 = ( GEOMETRIC_REPRESENTATION_CONTEXT(2) 
PARAMETRIC_REPRESENTATION_CONTEXT() REPRESENTATION_CONTEXT('2D SPACE',''
  ) );
#7888 = PCURVE('',#3174,#7889);
#7889 = DEFINITIONAL_REPRESENTATION('',(#7890),#7894);
#7890 = LINE('',#7891,#7892);
#7891 = CARTESIAN_POINT('',(0.,0.));
#7892 = VECTOR('',#7893,1.);
#7893 = DIRECTION('',(1.,0.));
#7894 = ( GEOMETRIC_REPRESENTATION_CONTEXT(2) 
PARAMETRIC_REPRESENTATION_CONTEXT() REPRESENTATION_CONTEXT('2D SPACE',''
  ) );
#7895 = ORIENTED_EDGE('',*,*,#6105,.F.);
#7896 = ORIENTED_EDGE('',*,*,#3933,.T.);
#7897 = ADVANCED_FACE('',(#7898),#3174,.T.);
#7898 = FACE_BOUND('',#7899,.T.);
#7899 = EDGE_LOOP('',(#7900,#7901,#7902,#7925,#7953));
#7900 = ORIENTED_EDGE('',*,*,#7875,.F.);
#7901 = ORIENTED_EDGE('',*,*,#3158,.T.);
#7902 = ORIENTED_EDGE('',*,*,#7903,.T.);
#7903 = EDGE_CURVE('',#3159,#7904,#7906,.T.);
#7904 = VERTEX_POINT('',#7905);
#7905 = CARTESIAN_POINT('',(1.1,132.,15.));
#7906 = SURFACE_CURVE('',#7907,(#7911,#7918),.PCURVE_S1.);
#7907 = LINE('',#7908,#7909);
#7908 = CARTESIAN_POINT('',(1.1,132.,12.));
#7909 = VECTOR('',#7910,1.);
#7910 = DIRECTION('',(0.,0.,1.));
#7911 = PCURVE('',#3174,#7912);
#7912 = DEFINITIONAL_REPRESENTATION('',(#7913),#7917);
#7913 = LINE('',#7914,#7915);
#7914 = CARTESIAN_POINT('',(0.,-60.));
#7915 = VECTOR('',#7916,1.);
#7916 = DIRECTION('',(1.,0.));
#7917 = ( GEOMETRIC_REPRESENTATION_CONTEXT(2) 
PARAMETRIC_REPRESENTATION_CONTEXT() REPRESENTATION_CONTEXT('2D SPACE',''
  ) );
#7918 = PCURVE('',#3202,#7919);
#7919 = DEFINITIONAL_REPRESENTATION('',(#7920),#7924);
#7920 = LINE('',#7921,#7922);
#7921 = CARTESIAN_POINT('',(0.,2.2));
#7922 = VECTOR('',#7923,1.);
#7923 = DIRECTION('',(1.,0.));
#7924 = ( GEOMETRIC_REPRESENTATION_CONTEXT(2) 
PARAMETRIC_REPRESENTATION_CONTEXT() REPRESENTATION_CONTEXT('2D SPACE',''
  ) );
#7925 = ORIENTED_EDGE('',*,*,#7926,.F.);
#7926 = EDGE_CURVE('',#7927,#7904,#7929,.T.);
#7927 = VERTEX_POINT('',#7928);
#7928 = CARTESIAN_POINT('',(1.1,72.,15.));
#7929 = SURFACE_CURVE('',#7930,(#7934,#7941),.PCURVE_S1.);
#7930 = LINE('',#7931,#7932);
#7931 = CARTESIAN_POINT('',(1.1,72.,15.));
#7932 = VECTOR('',#7933,1.);
#7933 = DIRECTION('',(-0.,1.,0.));
#7934 = PCURVE('',#3174,#7935);
#7935 = DEFINITIONAL_REPRESENTATION('',(#7936),#7940);
#7936 = LINE('',#7937,#7938);
#7937 = CARTESIAN_POINT('',(3.,0.));
#7938 = VECTOR('',#7939,1.);
#7939 = DIRECTION('',(0.,-1.));
#7940 = ( GEOMETRIC_REPRESENTATION_CONTEXT(2) 
PARAMETRIC_REPRESENTATION_CONTEXT() REPRESENTATION_CONTEXT('2D SPACE',''
  ) );
#7941 = PCURVE('',#7942,#7947);
#7942 = PLANE('',#7943);
#7943 = AXIS2_PLACEMENT_3D('',#7944,#7945,#7946);
#7944 = CARTESIAN_POINT('',(-1.1,72.,15.));
#7945 = DIRECTION('',(0.,0.,1.));
#7946 = DIRECTION('',(1.,0.,-0.));
#7947 = DEFINITIONAL_REPRESENTATION('',(#7948),#7952);
#7948 = LINE('',#7949,#7950);
#7949 = CARTESIAN_POINT('',(2.2,0.));
#7950 = VECTOR('',#7951,1.);
#7951 = DIRECTION('',(0.,1.));
#7952 = ( GEOMETRIC_REPRESENTATION_CONTEXT(2) 
PARAMETRIC_REPRESENTATION_CONTEXT() REPRESENTATION_CONTEXT('2D SPACE',''
  ) );
#7953 = ORIENTED_EDGE('',*,*,#7954,.F.);
#7954 = EDGE_CURVE('',#6077,#7927,#7955,.T.);
#7955 = SURFACE_CURVE('',#7956,(#7960,#7967),.PCURVE_S1.);
#7956 = LINE('',#7957,#7958);
#7957 = CARTESIAN_POINT('',(1.1,72.,12.));
#7958 = VECTOR('',#7959,1.);
#7959 = DIRECTION('',(0.,0.,1.));
#7960 = PCURVE('',#3174,#7961);
#7961 = DEFINITIONAL_REPRESENTATION('',(#7962),#7966);
#7962 = LINE('',#7963,#7964);
#7963 = CARTESIAN_POINT('',(0.,0.));
#7964 = VECTOR('',#7965,1.);
#7965 = DIRECTION('',(1.,0.));
#7966 = ( GEOMETRIC_REPRESENTATION_CONTEXT(2) 
PARAMETRIC_REPRESENTATION_CONTEXT() REPRESENTATION_CONTEXT('2D SPACE',''
  ) );
#7967 = PCURVE('',#6093,#7968);
#7968 = DEFINITIONAL_REPRESENTATION('',(#7969),#7973);
#7969 = LINE('',#7970,#7971);
#7970 = CARTESIAN_POINT('',(0.,2.2));
#7971 = VECTOR('',#7972,1.);
#7972 = DIRECTION('',(1.,0.));
#7973 = ( GEOMETRIC_REPRESENTATION_CONTEXT(2) 
PARAMETRIC_REPRESENTATION_CONTEXT() REPRESENTATION_CONTEXT('2D SPACE',''
  ) );
#7974 = ADVANCED_FACE('',(#7975),#3202,.T.);
#7975 = FACE_BOUND('',#7976,.T.);
#7976 = EDGE_LOOP('',(#7977,#7978,#8001,#8022));
#7977 = ORIENTED_EDGE('',*,*,#3186,.F.);
#7978 = ORIENTED_EDGE('',*,*,#7979,.T.);
#7979 = EDGE_CURVE('',#3187,#7980,#7982,.T.);
#7980 = VERTEX_POINT('',#7981);
#7981 = CARTESIAN_POINT('',(-1.1,132.,15.));
#7982 = SURFACE_CURVE('',#7983,(#7987,#7994),.PCURVE_S1.);
#7983 = LINE('',#7984,#7985);
#7984 = CARTESIAN_POINT('',(-1.1,132.,12.));
#7985 = VECTOR('',#7986,1.);
#7986 = DIRECTION('',(0.,0.,1.));
#7987 = PCURVE('',#3202,#7988);
#7988 = DEFINITIONAL_REPRESENTATION('',(#7989),#7993);
#7989 = LINE('',#7990,#7991);
#7990 = CARTESIAN_POINT('',(0.,0.));
#7991 = VECTOR('',#7992,1.);
#7992 = DIRECTION('',(1.,0.));
#7993 = ( GEOMETRIC_REPRESENTATION_CONTEXT(2) 
PARAMETRIC_REPRESENTATION_CONTEXT() REPRESENTATION_CONTEXT('2D SPACE',''
  ) );
#7994 = PCURVE('',#3230,#7995);
#7995 = DEFINITIONAL_REPRESENTATION('',(#7996),#8000);
#7996 = LINE('',#7997,#7998);
#7997 = CARTESIAN_POINT('',(0.,-60.));
#7998 = VECTOR('',#7999,1.);
#7999 = DIRECTION('',(1.,0.));
#8000 = ( GEOMETRIC_REPRESENTATION_CONTEXT(2) 
PARAMETRIC_REPRESENTATION_CONTEXT() REPRESENTATION_CONTEXT('2D SPACE',''
  ) );
#8001 = ORIENTED_EDGE('',*,*,#8002,.T.);
#8002 = EDGE_CURVE('',#7980,#7904,#8003,.T.);
#8003 = SURFACE_CURVE('',#8004,(#8008,#8015),.PCURVE_S1.);
#8004 = LINE('',#8005,#8006);
#8005 = CARTESIAN_POINT('',(-1.1,132.,15.));
#8006 = VECTOR('',#8007,1.);
#8007 = DIRECTION('',(1.,0.,-0.));
#8008 = PCURVE('',#3202,#8009);
#8009 = DEFINITIONAL_REPRESENTATION('',(#8010),#8014);
#8010 = LINE('',#8011,#8012);
#8011 = CARTESIAN_POINT('',(3.,0.));
#8012 = VECTOR('',#8013,1.);
#8013 = DIRECTION('',(0.,1.));
#8014 = ( GEOMETRIC_REPRESENTATION_CONTEXT(2) 
PARAMETRIC_REPRESENTATION_CONTEXT() REPRESENTATION_CONTEXT('2D SPACE',''
  ) );
#8015 = PCURVE('',#7942,#8016);
#8016 = DEFINITIONAL_REPRESENTATION('',(#8017),#8021);
#8017 = LINE('',#8018,#8019);
#8018 = CARTESIAN_POINT('',(0.,60.));
#8019 = VECTOR('',#8020,1.);
#8020 = DIRECTION('',(1.,0.));
#8021 = ( GEOMETRIC_REPRESENTATION_CONTEXT(2) 
PARAMETRIC_REPRESENTATION_CONTEXT() REPRESENTATION_CONTEXT('2D SPACE',''
  ) );
#8022 = ORIENTED_EDGE('',*,*,#7903,.F.);
#8023 = ADVANCED_FACE('',(#8024),#3230,.F.);
#8024 = FACE_BOUND('',#8025,.F.);
#8025 = EDGE_LOOP('',(#8026,#8027,#8028,#8029,#8052));
#8026 = ORIENTED_EDGE('',*,*,#6155,.F.);
#8027 = ORIENTED_EDGE('',*,*,#3214,.T.);
#8028 = ORIENTED_EDGE('',*,*,#7979,.T.);
#8029 = ORIENTED_EDGE('',*,*,#8030,.F.);
#8030 = EDGE_CURVE('',#8031,#7980,#8033,.T.);
#8031 = VERTEX_POINT('',#8032);
#8032 = CARTESIAN_POINT('',(-1.1,72.,15.));
#8033 = SURFACE_CURVE('',#8034,(#8038,#8045),.PCURVE_S1.);
#8034 = LINE('',#8035,#8036);
#8035 = CARTESIAN_POINT('',(-1.1,72.,15.));
#8036 = VECTOR('',#8037,1.);
#8037 = DIRECTION('',(-0.,1.,0.));
#8038 = PCURVE('',#3230,#8039);
#8039 = DEFINITIONAL_REPRESENTATION('',(#8040),#8044);
#8040 = LINE('',#8041,#8042);
#8041 = CARTESIAN_POINT('',(3.,0.));
#8042 = VECTOR('',#8043,1.);
#8043 = DIRECTION('',(0.,-1.));
#8044 = ( GEOMETRIC_REPRESENTATION_CONTEXT(2) 
PARAMETRIC_REPRESENTATION_CONTEXT() REPRESENTATION_CONTEXT('2D SPACE',''
  ) );
#8045 = PCURVE('',#7942,#8046);
#8046 = DEFINITIONAL_REPRESENTATION('',(#8047),#8051);
#8047 = LINE('',#8048,#8049);
#8048 = CARTESIAN_POINT('',(0.,0.));
#8049 = VECTOR('',#8050,1.);
#8050 = DIRECTION('',(0.,1.));
#8051 = ( GEOMETRIC_REPRESENTATION_CONTEXT(2) 
PARAMETRIC_REPRESENTATION_CONTEXT() REPRESENTATION_CONTEXT('2D SPACE',''
  ) );
#8052 = ORIENTED_EDGE('',*,*,#8053,.F.);
#8053 = EDGE_CURVE('',#6053,#8031,#8054,.T.);
#8054 = SURFACE_CURVE('',#8055,(#8059,#8066),.PCURVE_S1.);
#8055 = LINE('',#8056,#8057);
#8056 = CARTESIAN_POINT('',(-1.1,72.,12.));
#8057 = VECTOR('',#8058,1.);
#8058 = DIRECTION('',(0.,0.,1.));
#8059 = PCURVE('',#3230,#8060);
#8060 = DEFINITIONAL_REPRESENTATION('',(#8061),#8065);
#8061 = LINE('',#8062,#8063);
#8062 = CARTESIAN_POINT('',(0.,0.));
#8063 = VECTOR('',#8064,1.);
#8064 = DIRECTION('',(1.,0.));
#8065 = ( GEOMETRIC_REPRESENTATION_CONTEXT(2) 
PARAMETRIC_REPRESENTATION_CONTEXT() REPRESENTATION_CONTEXT('2D SPACE',''
  ) );
#8066 = PCURVE('',#6093,#8067);
#8067 = DEFINITIONAL_REPRESENTATION('',(#8068),#8072);
#8068 = LINE('',#8069,#8070);
#8069 = CARTESIAN_POINT('',(0.,0.));
#8070 = VECTOR('',#8071,1.);
#8071 = DIRECTION('',(1.,0.));
#8072 = ( GEOMETRIC_REPRESENTATION_CONTEXT(2) 
PARAMETRIC_REPRESENTATION_CONTEXT() REPRESENTATION_CONTEXT('2D SPACE',''
  ) );
#8073 = ADVANCED_FACE('',(#8074),#3281,.T.);
#8074 = FACE_BOUND('',#8075,.T.);
#8075 = EDGE_LOOP('',(#8076,#8077,#8078,#8101));
#8076 = ORIENTED_EDGE('',*,*,#6177,.F.);
#8077 = ORIENTED_EDGE('',*,*,#3265,.T.);
#8078 = ORIENTED_EDGE('',*,*,#8079,.T.);
#8079 = EDGE_CURVE('',#3266,#8080,#8082,.T.);
#8080 = VERTEX_POINT('',#8081);
#8081 = CARTESIAN_POINT('',(-6.9,132.,15.));
#8082 = SURFACE_CURVE('',#8083,(#8087,#8094),.PCURVE_S1.);
#8083 = LINE('',#8084,#8085);
#8084 = CARTESIAN_POINT('',(-6.9,132.,12.));
#8085 = VECTOR('',#8086,1.);
#8086 = DIRECTION('',(0.,0.,1.));
#8087 = PCURVE('',#3281,#8088);
#8088 = DEFINITIONAL_REPRESENTATION('',(#8089),#8093);
#8089 = LINE('',#8090,#8091);
#8090 = CARTESIAN_POINT('',(0.,-60.));
#8091 = VECTOR('',#8092,1.);
#8092 = DIRECTION('',(1.,0.));
#8093 = ( GEOMETRIC_REPRESENTATION_CONTEXT(2) 
PARAMETRIC_REPRESENTATION_CONTEXT() REPRESENTATION_CONTEXT('2D SPACE',''
  ) );
#8094 = PCURVE('',#3309,#8095);
#8095 = DEFINITIONAL_REPRESENTATION('',(#8096),#8100);
#8096 = LINE('',#8097,#8098);
#8097 = CARTESIAN_POINT('',(0.,2.2));
#8098 = VECTOR('',#8099,1.);
#8099 = DIRECTION('',(1.,0.));
#8100 = ( GEOMETRIC_REPRESENTATION_CONTEXT(2) 
PARAMETRIC_REPRESENTATION_CONTEXT() REPRESENTATION_CONTEXT('2D SPACE',''
  ) );
#8101 = ORIENTED_EDGE('',*,*,#8102,.F.);
#8102 = EDGE_CURVE('',#6178,#8080,#8103,.T.);
#8103 = SURFACE_CURVE('',#8104,(#8108,#8115),.PCURVE_S1.);
#8104 = LINE('',#8105,#8106);
#8105 = CARTESIAN_POINT('',(-6.9,72.,15.));
#8106 = VECTOR('',#8107,1.);
#8107 = DIRECTION('',(-0.,1.,0.));
#8108 = PCURVE('',#3281,#8109);
#8109 = DEFINITIONAL_REPRESENTATION('',(#8110),#8114);
#8110 = LINE('',#8111,#8112);
#8111 = CARTESIAN_POINT('',(3.,0.));
#8112 = VECTOR('',#8113,1.);
#8113 = DIRECTION('',(0.,-1.));
#8114 = ( GEOMETRIC_REPRESENTATION_CONTEXT(2) 
PARAMETRIC_REPRESENTATION_CONTEXT() REPRESENTATION_CONTEXT('2D SPACE',''
  ) );
#8115 = PCURVE('',#6216,#8116);
#8116 = DEFINITIONAL_REPRESENTATION('',(#8117),#8121);
#8117 = LINE('',#8118,#8119);
#8118 = CARTESIAN_POINT('',(2.2,0.));
#8119 = VECTOR('',#8120,1.);
#8120 = DIRECTION('',(0.,1.));
#8121 = ( GEOMETRIC_REPRESENTATION_CONTEXT(2) 
PARAMETRIC_REPRESENTATION_CONTEXT() REPRESENTATION_CONTEXT('2D SPACE',''
  ) );
#8122 = ADVANCED_FACE('',(#8123),#3309,.T.);
#8123 = FACE_BOUND('',#8124,.T.);
#8124 = EDGE_LOOP('',(#8125,#8126,#8149,#8170));
#8125 = ORIENTED_EDGE('',*,*,#3293,.F.);
#8126 = ORIENTED_EDGE('',*,*,#8127,.T.);
#8127 = EDGE_CURVE('',#3294,#8128,#8130,.T.);
#8128 = VERTEX_POINT('',#8129);
#8129 = CARTESIAN_POINT('',(-9.1,132.,15.));
#8130 = SURFACE_CURVE('',#8131,(#8135,#8142),.PCURVE_S1.);
#8131 = LINE('',#8132,#8133);
#8132 = CARTESIAN_POINT('',(-9.1,132.,12.));
#8133 = VECTOR('',#8134,1.);
#8134 = DIRECTION('',(0.,0.,1.));
#8135 = PCURVE('',#3309,#8136);
#8136 = DEFINITIONAL_REPRESENTATION('',(#8137),#8141);
#8137 = LINE('',#8138,#8139);
#8138 = CARTESIAN_POINT('',(0.,0.));
#8139 = VECTOR('',#8140,1.);
#8140 = DIRECTION('',(1.,0.));
#8141 = ( GEOMETRIC_REPRESENTATION_CONTEXT(2) 
PARAMETRIC_REPRESENTATION_CONTEXT() REPRESENTATION_CONTEXT('2D SPACE',''
  ) );
#8142 = PCURVE('',#3337,#8143);
#8143 = DEFINITIONAL_REPRESENTATION('',(#8144),#8148);
#8144 = LINE('',#8145,#8146);
#8145 = CARTESIAN_POINT('',(0.,-60.));
#8146 = VECTOR('',#8147,1.);
#8147 = DIRECTION('',(1.,0.));
#8148 = ( GEOMETRIC_REPRESENTATION_CONTEXT(2) 
PARAMETRIC_REPRESENTATION_CONTEXT() REPRESENTATION_CONTEXT('2D SPACE',''
  ) );
#8149 = ORIENTED_EDGE('',*,*,#8150,.T.);
#8150 = EDGE_CURVE('',#8128,#8080,#8151,.T.);
#8151 = SURFACE_CURVE('',#8152,(#8156,#8163),.PCURVE_S1.);
#8152 = LINE('',#8153,#8154);
#8153 = CARTESIAN_POINT('',(-9.1,132.,15.));
#8154 = VECTOR('',#8155,1.);
#8155 = DIRECTION('',(1.,0.,-0.));
#8156 = PCURVE('',#3309,#8157);
#8157 = DEFINITIONAL_REPRESENTATION('',(#8158),#8162);
#8158 = LINE('',#8159,#8160);
#8159 = CARTESIAN_POINT('',(3.,0.));
#8160 = VECTOR('',#8161,1.);
#8161 = DIRECTION('',(0.,1.));
#8162 = ( GEOMETRIC_REPRESENTATION_CONTEXT(2) 
PARAMETRIC_REPRESENTATION_CONTEXT() REPRESENTATION_CONTEXT('2D SPACE',''
  ) );
#8163 = PCURVE('',#6216,#8164);
#8164 = DEFINITIONAL_REPRESENTATION('',(#8165),#8169);
#8165 = LINE('',#8166,#8167);
#8166 = CARTESIAN_POINT('',(0.,60.));
#8167 = VECTOR('',#8168,1.);
#8168 = DIRECTION('',(1.,0.));
#8169 = ( GEOMETRIC_REPRESENTATION_CONTEXT(2) 
PARAMETRIC_REPRESENTATION_CONTEXT() REPRESENTATION_CONTEXT('2D SPACE',''
  ) );
#8170 = ORIENTED_EDGE('',*,*,#8079,.F.);
#8171 = ADVANCED_FACE('',(#8172),#3337,.F.);
#8172 = FACE_BOUND('',#8173,.F.);
#8173 = EDGE_LOOP('',(#8174,#8175,#8176,#8177));
#8174 = ORIENTED_EDGE('',*,*,#6228,.F.);
#8175 = ORIENTED_EDGE('',*,*,#3321,.T.);
#8176 = ORIENTED_EDGE('',*,*,#8127,.T.);
#8177 = ORIENTED_EDGE('',*,*,#8178,.F.);
#8178 = EDGE_CURVE('',#6201,#8128,#8179,.T.);
#8179 = SURFACE_CURVE('',#8180,(#8184,#8191),.PCURVE_S1.);
#8180 = LINE('',#8181,#8182);
#8181 = CARTESIAN_POINT('',(-9.1,72.,15.));
#8182 = VECTOR('',#8183,1.);
#8183 = DIRECTION('',(-0.,1.,0.));
#8184 = PCURVE('',#3337,#8185);
#8185 = DEFINITIONAL_REPRESENTATION('',(#8186),#8190);
#8186 = LINE('',#8187,#8188);
#8187 = CARTESIAN_POINT('',(3.,0.));
#8188 = VECTOR('',#8189,1.);
#8189 = DIRECTION('',(0.,-1.));
#8190 = ( GEOMETRIC_REPRESENTATION_CONTEXT(2) 
PARAMETRIC_REPRESENTATION_CONTEXT() REPRESENTATION_CONTEXT('2D SPACE',''
  ) );
#8191 = PCURVE('',#6216,#8192);
#8192 = DEFINITIONAL_REPRESENTATION('',(#8193),#8197);
#8193 = LINE('',#8194,#8195);
#8194 = CARTESIAN_POINT('',(0.,0.));
#8195 = VECTOR('',#8196,1.);
#8196 = DIRECTION('',(0.,1.));
#8197 = ( GEOMETRIC_REPRESENTATION_CONTEXT(2) 
PARAMETRIC_REPRESENTATION_CONTEXT() REPRESENTATION_CONTEXT('2D SPACE',''
  ) );
#8198 = ADVANCED_FACE('',(#8199),#3428,.F.);
#8199 = FACE_BOUND('',#8200,.F.);
#8200 = EDGE_LOOP('',(#8201,#8202,#8203));
#8201 = ORIENTED_EDGE('',*,*,#3394,.F.);
#8202 = ORIENTED_EDGE('',*,*,#6278,.F.);
#8203 = ORIENTED_EDGE('',*,*,#8204,.F.);
#8204 = EDGE_CURVE('',#3395,#6279,#8205,.T.);
#8205 = SURFACE_CURVE('',#8206,(#8210,#8217),.PCURVE_S1.);
#8206 = B_SPLINE_CURVE_WITH_KNOTS('',2,(#8207,#8208,#8209),
  .UNSPECIFIED.,.F.,.F.,(3,3),(0.,1.),.PIECEWISE_BEZIER_KNOTS.);
#8207 = CARTESIAN_POINT('',(-14.,76.,11.2));
#8208 = CARTESIAN_POINT('',(-14.2547213795,83.37846931458,
    16.891479146052));
#8209 = CARTESIAN_POINT('',(-13.5,89.,22.8));
#8210 = PCURVE('',#3428,#8211);
#8211 = DEFINITIONAL_REPRESENTATION('',(#8212),#8216);
#8212 = LINE('',#8213,#8214);
#8213 = CARTESIAN_POINT('',(1.,0.));
#8214 = VECTOR('',#8215,1.);
#8215 = DIRECTION('',(0.,1.));
#8216 = ( GEOMETRIC_REPRESENTATION_CONTEXT(2) 
PARAMETRIC_REPRESENTATION_CONTEXT() REPRESENTATION_CONTEXT('2D SPACE',''
  ) );
#8217 = PCURVE('',#3492,#8218);
#8218 = DEFINITIONAL_REPRESENTATION('',(#8219),#8223);
#8219 = LINE('',#8220,#8221);
#8220 = CARTESIAN_POINT('',(1.,0.));
#8221 = VECTOR('',#8222,1.);
#8222 = DIRECTION('',(0.,1.));
#8223 = ( GEOMETRIC_REPRESENTATION_CONTEXT(2) 
PARAMETRIC_REPRESENTATION_CONTEXT() REPRESENTATION_CONTEXT('2D SPACE',''
  ) );
#8224 = ADVANCED_FACE('',(#8225),#3492,.F.);
#8225 = FACE_BOUND('',#8226,.F.);
#8226 = EDGE_LOOP('',(#8227,#8248,#8249,#8250));
#8227 = ORIENTED_EDGE('',*,*,#8228,.F.);
#8228 = EDGE_CURVE('',#3473,#6551,#8229,.T.);
#8229 = SURFACE_CURVE('',#8230,(#8234,#8241),.PCURVE_S1.);
#8230 = B_SPLINE_CURVE_WITH_KNOTS('',2,(#8231,#8232,#8233),
  .UNSPECIFIED.,.F.,.F.,(3,3),(0.,1.),.PIECEWISE_BEZIER_KNOTS.);
#8231 = CARTESIAN_POINT('',(-14.,128.,11.2));
#8232 = CARTESIAN_POINT('',(-14.2547213795,127.56574926111,
    16.891479146052));
#8233 = CARTESIAN_POINT('',(-13.5,121.,22.8));
#8234 = PCURVE('',#3492,#8235);
#8235 = DEFINITIONAL_REPRESENTATION('',(#8236),#8240);
#8236 = LINE('',#8237,#8238);
#8237 = CARTESIAN_POINT('',(0.,0.));
#8238 = VECTOR('',#8239,1.);
#8239 = DIRECTION('',(0.,1.));
#8240 = ( GEOMETRIC_REPRESENTATION_CONTEXT(2) 
PARAMETRIC_REPRESENTATION_CONTEXT() REPRESENTATION_CONTEXT('2D SPACE',''
  ) );
#8241 = PCURVE('',#3573,#8242);
#8242 = DEFINITIONAL_REPRESENTATION('',(#8243),#8247);
#8243 = LINE('',#8244,#8245);
#8244 = CARTESIAN_POINT('',(8.,0.));
#8245 = VECTOR('',#8246,1.);
#8246 = DIRECTION('',(0.,1.));
#8247 = ( GEOMETRIC_REPRESENTATION_CONTEXT(2) 
PARAMETRIC_REPRESENTATION_CONTEXT() REPRESENTATION_CONTEXT('2D SPACE',''
  ) );
#8248 = ORIENTED_EDGE('',*,*,#3472,.F.);
#8249 = ORIENTED_EDGE('',*,*,#8204,.T.);
#8250 = ORIENTED_EDGE('',*,*,#6550,.T.);
#8251 = ADVANCED_FACE('',(#8252),#3573,.F.);
#8252 = FACE_BOUND('',#8253,.F.);
#8253 = EDGE_LOOP('',(#8254,#8255,#8256));
#8254 = ORIENTED_EDGE('',*,*,#6579,.T.);
#8255 = ORIENTED_EDGE('',*,*,#3529,.F.);
#8256 = ORIENTED_EDGE('',*,*,#8228,.T.);
#8257 = ADVANCED_FACE('',(#8258),#3663,.F.);
#8258 = FACE_BOUND('',#8259,.F.);
#8259 = EDGE_LOOP('',(#8260,#8285,#8314,#8335,#8357,#8378,#8379));
#8260 = ORIENTED_EDGE('',*,*,#8261,.T.);
#8261 = EDGE_CURVE('',#8262,#8264,#8266,.T.);
#8262 = VERTEX_POINT('',#8263);
#8263 = CARTESIAN_POINT('',(-16.3,76.,16.));
#8264 = VERTEX_POINT('',#8265);
#8265 = CARTESIAN_POINT('',(-16.3,76.,17.));
#8266 = SURFACE_CURVE('',#8267,(#8271,#8278),.PCURVE_S1.);
#8267 = LINE('',#8268,#8269);
#8268 = CARTESIAN_POINT('',(-16.3,76.,11.));
#8269 = VECTOR('',#8270,1.);
#8270 = DIRECTION('',(0.,0.,1.));
#8271 = PCURVE('',#3663,#8272);
#8272 = DEFINITIONAL_REPRESENTATION('',(#8273),#8277);
#8273 = LINE('',#8274,#8275);
#8274 = CARTESIAN_POINT('',(6.28318530718,-0.));
#8275 = VECTOR('',#8276,1.);
#8276 = DIRECTION('',(0.,1.));
#8277 = ( GEOMETRIC_REPRESENTATION_CONTEXT(2) 
PARAMETRIC_REPRESENTATION_CONTEXT() REPRESENTATION_CONTEXT('2D SPACE',''
  ) );
#8278 = PCURVE('',#4862,#8279);
#8279 = DEFINITIONAL_REPRESENTATION('',(#8280),#8284);
#8280 = LINE('',#8281,#8282);
#8281 = CARTESIAN_POINT('',(-16.3,11.));
#8282 = VECTOR('',#8283,1.);
#8283 = DIRECTION('',(0.,-1.));
#8284 = ( GEOMETRIC_REPRESENTATION_CONTEXT(2) 
PARAMETRIC_REPRESENTATION_CONTEXT() REPRESENTATION_CONTEXT('2D SPACE',''
  ) );
#8285 = ORIENTED_EDGE('',*,*,#8286,.F.);
#8286 = EDGE_CURVE('',#8287,#8264,#8289,.T.);
#8287 = VERTEX_POINT('',#8288);
#8288 = CARTESIAN_POINT('',(-19.7,76.,17.));
#8289 = SURFACE_CURVE('',#8290,(#8295,#8302),.PCURVE_S1.);
#8290 = CIRCLE('',#8291,1.7);
#8291 = AXIS2_PLACEMENT_3D('',#8292,#8293,#8294);
#8292 = CARTESIAN_POINT('',(-18.,76.,17.));
#8293 = DIRECTION('',(0.,0.,1.));
#8294 = DIRECTION('',(1.,0.,-0.));
#8295 = PCURVE('',#3663,#8296);
#8296 = DEFINITIONAL_REPRESENTATION('',(#8297),#8301);
#8297 = LINE('',#8298,#8299);
#8298 = CARTESIAN_POINT('',(0.,6.));
#8299 = VECTOR('',#8300,1.);
#8300 = DIRECTION('',(1.,0.));
#8301 = ( GEOMETRIC_REPRESENTATION_CONTEXT(2) 
PARAMETRIC_REPRESENTATION_CONTEXT() REPRESENTATION_CONTEXT('2D SPACE',''
  ) );
#8302 = PCURVE('',#8303,#8308);
#8303 = PLANE('',#8304);
#8304 = AXIS2_PLACEMENT_3D('',#8305,#8306,#8307);
#8305 = CARTESIAN_POINT('',(-18.,76.,17.));
#8306 = DIRECTION('',(0.,0.,1.));
#8307 = DIRECTION('',(1.,0.,-0.));
#8308 = DEFINITIONAL_REPRESENTATION('',(#8309),#8313);
#8309 = CIRCLE('',#8310,1.7);
#8310 = AXIS2_PLACEMENT_2D('',#8311,#8312);
#8311 = CARTESIAN_POINT('',(0.,0.));
#8312 = DIRECTION('',(1.,0.));
#8313 = ( GEOMETRIC_REPRESENTATION_CONTEXT(2) 
PARAMETRIC_REPRESENTATION_CONTEXT() REPRESENTATION_CONTEXT('2D SPACE',''
  ) );
#8314 = ORIENTED_EDGE('',*,*,#8315,.F.);
#8315 = EDGE_CURVE('',#8316,#8287,#8318,.T.);
#8316 = VERTEX_POINT('',#8317);
#8317 = CARTESIAN_POINT('',(-19.7,76.,16.));
#8318 = SURFACE_CURVE('',#8319,(#8323,#8329),.PCURVE_S1.);
#8319 = LINE('',#8320,#8321);
#8320 = CARTESIAN_POINT('',(-19.7,76.,11.));
#8321 = VECTOR('',#8322,1.);
#8322 = DIRECTION('',(0.,0.,1.));
#8323 = PCURVE('',#3663,#8324);
#8324 = DEFINITIONAL_REPRESENTATION('',(#8325),#8328);
#8325 = B_SPLINE_CURVE_WITH_KNOTS('',1,(#8326,#8327),.UNSPECIFIED.,.F.,
  .F.,(2,2),(2.2,6.0000006),.PIECEWISE_BEZIER_KNOTS.);
#8326 = CARTESIAN_POINT('',(3.14159265359,2.2));
#8327 = CARTESIAN_POINT('',(3.14159265359,6.0000006));
#8328 = ( GEOMETRIC_REPRESENTATION_CONTEXT(2) 
PARAMETRIC_REPRESENTATION_CONTEXT() REPRESENTATION_CONTEXT('2D SPACE',''
  ) );
#8329 = PCURVE('',#4862,#8330);
#8330 = DEFINITIONAL_REPRESENTATION('',(#8331),#8334);
#8331 = B_SPLINE_CURVE_WITH_KNOTS('',1,(#8332,#8333),.UNSPECIFIED.,.F.,
  .F.,(2,2),(2.2,6.0000006),.PIECEWISE_BEZIER_KNOTS.);
#8332 = CARTESIAN_POINT('',(-19.7,8.8));
#8333 = CARTESIAN_POINT('',(-19.7,4.9999994));
#8334 = ( GEOMETRIC_REPRESENTATION_CONTEXT(2) 
PARAMETRIC_REPRESENTATION_CONTEXT() REPRESENTATION_CONTEXT('2D SPACE',''
  ) );
#8335 = ORIENTED_EDGE('',*,*,#8336,.F.);
#8336 = EDGE_CURVE('',#8262,#8316,#8337,.T.);
#8337 = SURFACE_CURVE('',#8338,(#8343,#8350),.PCURVE_S1.);
#8338 = CIRCLE('',#8339,1.7);
#8339 = AXIS2_PLACEMENT_3D('',#8340,#8341,#8342);
#8340 = CARTESIAN_POINT('',(-18.,76.,16.));
#8341 = DIRECTION('',(0.,0.,1.));
#8342 = DIRECTION('',(1.,0.,-0.));
#8343 = PCURVE('',#3663,#8344);
#8344 = DEFINITIONAL_REPRESENTATION('',(#8345),#8349);
#8345 = LINE('',#8346,#8347);
#8346 = CARTESIAN_POINT('',(0.,5.));
#8347 = VECTOR('',#8348,1.);
#8348 = DIRECTION('',(1.,0.));
#8349 = ( GEOMETRIC_REPRESENTATION_CONTEXT(2) 
PARAMETRIC_REPRESENTATION_CONTEXT() REPRESENTATION_CONTEXT('2D SPACE',''
  ) );
#8350 = PCURVE('',#4834,#8351);
#8351 = DEFINITIONAL_REPRESENTATION('',(#8352),#8356);
#8352 = CIRCLE('',#8353,1.7);
#8353 = AXIS2_PLACEMENT_2D('',#8354,#8355);
#8354 = CARTESIAN_POINT('',(5.,6.));
#8355 = DIRECTION('',(1.,0.));
#8356 = ( GEOMETRIC_REPRESENTATION_CONTEXT(2) 
PARAMETRIC_REPRESENTATION_CONTEXT() REPRESENTATION_CONTEXT('2D SPACE',''
  ) );
#8357 = ORIENTED_EDGE('',*,*,#8358,.F.);
#8358 = EDGE_CURVE('',#3647,#8262,#8359,.T.);
#8359 = SEAM_CURVE('',#8360,(#8364,#8371),.PCURVE_S1.);
#8360 = LINE('',#8361,#8362);
#8361 = CARTESIAN_POINT('',(-16.3,76.,11.));
#8362 = VECTOR('',#8363,1.);
#8363 = DIRECTION('',(0.,0.,1.));
#8364 = PCURVE('',#3663,#8365);
#8365 = DEFINITIONAL_REPRESENTATION('',(#8366),#8370);
#8366 = LINE('',#8367,#8368);
#8367 = CARTESIAN_POINT('',(6.28318530718,-0.));
#8368 = VECTOR('',#8369,1.);
#8369 = DIRECTION('',(0.,1.));
#8370 = ( GEOMETRIC_REPRESENTATION_CONTEXT(2) 
PARAMETRIC_REPRESENTATION_CONTEXT() REPRESENTATION_CONTEXT('2D SPACE',''
  ) );
#8371 = PCURVE('',#3663,#8372);
#8372 = DEFINITIONAL_REPRESENTATION('',(#8373),#8377);
#8373 = LINE('',#8374,#8375);
#8374 = CARTESIAN_POINT('',(0.,-0.));
#8375 = VECTOR('',#8376,1.);
#8376 = DIRECTION('',(0.,1.));
#8377 = ( GEOMETRIC_REPRESENTATION_CONTEXT(2) 
PARAMETRIC_REPRESENTATION_CONTEXT() REPRESENTATION_CONTEXT('2D SPACE',''
  ) );
#8378 = ORIENTED_EDGE('',*,*,#3646,.T.);
#8379 = ORIENTED_EDGE('',*,*,#8358,.T.);
#8380 = ADVANCED_FACE('',(#8381),#3694,.F.);
#8381 = FACE_BOUND('',#8382,.F.);
#8382 = EDGE_LOOP('',(#8383,#8408,#8437,#8458,#8480,#8501,#8502));
#8383 = ORIENTED_EDGE('',*,*,#8384,.T.);
#8384 = EDGE_CURVE('',#8385,#8387,#8389,.T.);
#8385 = VERTEX_POINT('',#8386);
#8386 = CARTESIAN_POINT('',(19.7,76.,16.));
#8387 = VERTEX_POINT('',#8388);
#8388 = CARTESIAN_POINT('',(19.7,76.,17.));
#8389 = SURFACE_CURVE('',#8390,(#8394,#8401),.PCURVE_S1.);
#8390 = LINE('',#8391,#8392);
#8391 = CARTESIAN_POINT('',(19.7,76.,11.));
#8392 = VECTOR('',#8393,1.);
#8393 = DIRECTION('',(0.,0.,1.));
#8394 = PCURVE('',#3694,#8395);
#8395 = DEFINITIONAL_REPRESENTATION('',(#8396),#8400);
#8396 = LINE('',#8397,#8398);
#8397 = CARTESIAN_POINT('',(6.28318530718,-0.));
#8398 = VECTOR('',#8399,1.);
#8399 = DIRECTION('',(0.,1.));
#8400 = ( GEOMETRIC_REPRESENTATION_CONTEXT(2) 
PARAMETRIC_REPRESENTATION_CONTEXT() REPRESENTATION_CONTEXT('2D SPACE',''
  ) );
#8401 = PCURVE('',#4862,#8402);
#8402 = DEFINITIONAL_REPRESENTATION('',(#8403),#8407);
#8403 = LINE('',#8404,#8405);
#8404 = CARTESIAN_POINT('',(19.7,11.));
#8405 = VECTOR('',#8406,1.);
#8406 = DIRECTION('',(0.,-1.));
#8407 = ( GEOMETRIC_REPRESENTATION_CONTEXT(2) 
PARAMETRIC_REPRESENTATION_CONTEXT() REPRESENTATION_CONTEXT('2D SPACE',''
  ) );
#8408 = ORIENTED_EDGE('',*,*,#8409,.F.);
#8409 = EDGE_CURVE('',#8410,#8387,#8412,.T.);
#8410 = VERTEX_POINT('',#8411);
#8411 = CARTESIAN_POINT('',(16.3,76.,17.));
#8412 = SURFACE_CURVE('',#8413,(#8418,#8425),.PCURVE_S1.);
#8413 = CIRCLE('',#8414,1.7);
#8414 = AXIS2_PLACEMENT_3D('',#8415,#8416,#8417);
#8415 = CARTESIAN_POINT('',(18.,76.,17.));
#8416 = DIRECTION('',(0.,0.,1.));
#8417 = DIRECTION('',(1.,0.,-0.));
#8418 = PCURVE('',#3694,#8419);
#8419 = DEFINITIONAL_REPRESENTATION('',(#8420),#8424);
#8420 = LINE('',#8421,#8422);
#8421 = CARTESIAN_POINT('',(0.,6.));
#8422 = VECTOR('',#8423,1.);
#8423 = DIRECTION('',(1.,0.));
#8424 = ( GEOMETRIC_REPRESENTATION_CONTEXT(2) 
PARAMETRIC_REPRESENTATION_CONTEXT() REPRESENTATION_CONTEXT('2D SPACE',''
  ) );
#8425 = PCURVE('',#8426,#8431);
#8426 = PLANE('',#8427);
#8427 = AXIS2_PLACEMENT_3D('',#8428,#8429,#8430);
#8428 = CARTESIAN_POINT('',(18.,76.,17.));
#8429 = DIRECTION('',(0.,0.,1.));
#8430 = DIRECTION('',(1.,0.,-0.));
#8431 = DEFINITIONAL_REPRESENTATION('',(#8432),#8436);
#8432 = CIRCLE('',#8433,1.7);
#8433 = AXIS2_PLACEMENT_2D('',#8434,#8435);
#8434 = CARTESIAN_POINT('',(0.,0.));
#8435 = DIRECTION('',(1.,0.));
#8436 = ( GEOMETRIC_REPRESENTATION_CONTEXT(2) 
PARAMETRIC_REPRESENTATION_CONTEXT() REPRESENTATION_CONTEXT('2D SPACE',''
  ) );
#8437 = ORIENTED_EDGE('',*,*,#8438,.F.);
#8438 = EDGE_CURVE('',#8439,#8410,#8441,.T.);
#8439 = VERTEX_POINT('',#8440);
#8440 = CARTESIAN_POINT('',(16.3,76.,16.));
#8441 = SURFACE_CURVE('',#8442,(#8446,#8452),.PCURVE_S1.);
#8442 = LINE('',#8443,#8444);
#8443 = CARTESIAN_POINT('',(16.3,76.,11.));
#8444 = VECTOR('',#8445,1.);
#8445 = DIRECTION('',(0.,0.,1.));
#8446 = PCURVE('',#3694,#8447);
#8447 = DEFINITIONAL_REPRESENTATION('',(#8448),#8451);
#8448 = B_SPLINE_CURVE_WITH_KNOTS('',1,(#8449,#8450),.UNSPECIFIED.,.F.,
  .F.,(2,2),(2.2,6.0000006),.PIECEWISE_BEZIER_KNOTS.);
#8449 = CARTESIAN_POINT('',(3.14159265359,2.2));
#8450 = CARTESIAN_POINT('',(3.14159265359,6.0000006));
#8451 = ( GEOMETRIC_REPRESENTATION_CONTEXT(2) 
PARAMETRIC_REPRESENTATION_CONTEXT() REPRESENTATION_CONTEXT('2D SPACE',''
  ) );
#8452 = PCURVE('',#4862,#8453);
#8453 = DEFINITIONAL_REPRESENTATION('',(#8454),#8457);
#8454 = B_SPLINE_CURVE_WITH_KNOTS('',1,(#8455,#8456),.UNSPECIFIED.,.F.,
  .F.,(2,2),(2.2,6.0000006),.PIECEWISE_BEZIER_KNOTS.);
#8455 = CARTESIAN_POINT('',(16.3,8.8));
#8456 = CARTESIAN_POINT('',(16.3,4.9999994));
#8457 = ( GEOMETRIC_REPRESENTATION_CONTEXT(2) 
PARAMETRIC_REPRESENTATION_CONTEXT() REPRESENTATION_CONTEXT('2D SPACE',''
  ) );
#8458 = ORIENTED_EDGE('',*,*,#8459,.F.);
#8459 = EDGE_CURVE('',#8385,#8439,#8460,.T.);
#8460 = SURFACE_CURVE('',#8461,(#8466,#8473),.PCURVE_S1.);
#8461 = CIRCLE('',#8462,1.7);
#8462 = AXIS2_PLACEMENT_3D('',#8463,#8464,#8465);
#8463 = CARTESIAN_POINT('',(18.,76.,16.));
#8464 = DIRECTION('',(0.,0.,1.));
#8465 = DIRECTION('',(1.,0.,-0.));
#8466 = PCURVE('',#3694,#8467);
#8467 = DEFINITIONAL_REPRESENTATION('',(#8468),#8472);
#8468 = LINE('',#8469,#8470);
#8469 = CARTESIAN_POINT('',(0.,5.));
#8470 = VECTOR('',#8471,1.);
#8471 = DIRECTION('',(1.,0.));
#8472 = ( GEOMETRIC_REPRESENTATION_CONTEXT(2) 
PARAMETRIC_REPRESENTATION_CONTEXT() REPRESENTATION_CONTEXT('2D SPACE',''
  ) );
#8473 = PCURVE('',#4936,#8474);
#8474 = DEFINITIONAL_REPRESENTATION('',(#8475),#8479);
#8475 = CIRCLE('',#8476,1.7);
#8476 = AXIS2_PLACEMENT_2D('',#8477,#8478);
#8477 = CARTESIAN_POINT('',(41.,6.));
#8478 = DIRECTION('',(1.,0.));
#8479 = ( GEOMETRIC_REPRESENTATION_CONTEXT(2) 
PARAMETRIC_REPRESENTATION_CONTEXT() REPRESENTATION_CONTEXT('2D SPACE',''
  ) );
#8480 = ORIENTED_EDGE('',*,*,#8481,.F.);
#8481 = EDGE_CURVE('',#3678,#8385,#8482,.T.);
#8482 = SEAM_CURVE('',#8483,(#8487,#8494),.PCURVE_S1.);
#8483 = LINE('',#8484,#8485);
#8484 = CARTESIAN_POINT('',(19.7,76.,11.));
#8485 = VECTOR('',#8486,1.);
#8486 = DIRECTION('',(0.,0.,1.));
#8487 = PCURVE('',#3694,#8488);
#8488 = DEFINITIONAL_REPRESENTATION('',(#8489),#8493);
#8489 = LINE('',#8490,#8491);
#8490 = CARTESIAN_POINT('',(6.28318530718,-0.));
#8491 = VECTOR('',#8492,1.);
#8492 = DIRECTION('',(0.,1.));
#8493 = ( GEOMETRIC_REPRESENTATION_CONTEXT(2) 
PARAMETRIC_REPRESENTATION_CONTEXT() REPRESENTATION_CONTEXT('2D SPACE',''
  ) );
#8494 = PCURVE('',#3694,#8495);
#8495 = DEFINITIONAL_REPRESENTATION('',(#8496),#8500);
#8496 = LINE('',#8497,#8498);
#8497 = CARTESIAN_POINT('',(0.,-0.));
#8498 = VECTOR('',#8499,1.);
#8499 = DIRECTION('',(0.,1.));
#8500 = ( GEOMETRIC_REPRESENTATION_CONTEXT(2) 
PARAMETRIC_REPRESENTATION_CONTEXT() REPRESENTATION_CONTEXT('2D SPACE',''
  ) );
#8501 = ORIENTED_EDGE('',*,*,#3677,.T.);
#8502 = ORIENTED_EDGE('',*,*,#8481,.T.);
#8503 = ADVANCED_FACE('',(#8504),#3725,.F.);
#8504 = FACE_BOUND('',#8505,.F.);
#8505 = EDGE_LOOP('',(#8506,#8530,#8551,#8552));
#8506 = ORIENTED_EDGE('',*,*,#8507,.F.);
#8507 = EDGE_CURVE('',#8508,#8508,#8510,.T.);
#8508 = VERTEX_POINT('',#8509);
#8509 = CARTESIAN_POINT('',(-16.3,102.,16.));
#8510 = SURFACE_CURVE('',#8511,(#8516,#8523),.PCURVE_S1.);
#8511 = CIRCLE('',#8512,1.7);
#8512 = AXIS2_PLACEMENT_3D('',#8513,#8514,#8515);
#8513 = CARTESIAN_POINT('',(-18.,102.,16.));
#8514 = DIRECTION('',(0.,0.,1.));
#8515 = DIRECTION('',(1.,0.,-0.));
#8516 = PCURVE('',#3725,#8517);
#8517 = DEFINITIONAL_REPRESENTATION('',(#8518),#8522);
#8518 = LINE('',#8519,#8520);
#8519 = CARTESIAN_POINT('',(0.,5.));
#8520 = VECTOR('',#8521,1.);
#8521 = DIRECTION('',(1.,0.));
#8522 = ( GEOMETRIC_REPRESENTATION_CONTEXT(2) 
PARAMETRIC_REPRESENTATION_CONTEXT() REPRESENTATION_CONTEXT('2D SPACE',''
  ) );
#8523 = PCURVE('',#4834,#8524);
#8524 = DEFINITIONAL_REPRESENTATION('',(#8525),#8529);
#8525 = CIRCLE('',#8526,1.7);
#8526 = AXIS2_PLACEMENT_2D('',#8527,#8528);
#8527 = CARTESIAN_POINT('',(5.,32.));
#8528 = DIRECTION('',(1.,0.));
#8529 = ( GEOMETRIC_REPRESENTATION_CONTEXT(2) 
PARAMETRIC_REPRESENTATION_CONTEXT() REPRESENTATION_CONTEXT('2D SPACE',''
  ) );
#8530 = ORIENTED_EDGE('',*,*,#8531,.F.);
#8531 = EDGE_CURVE('',#3709,#8508,#8532,.T.);
#8532 = SEAM_CURVE('',#8533,(#8537,#8544),.PCURVE_S1.);
#8533 = LINE('',#8534,#8535);
#8534 = CARTESIAN_POINT('',(-16.3,102.,11.));
#8535 = VECTOR('',#8536,1.);
#8536 = DIRECTION('',(0.,0.,1.));
#8537 = PCURVE('',#3725,#8538);
#8538 = DEFINITIONAL_REPRESENTATION('',(#8539),#8543);
#8539 = LINE('',#8540,#8541);
#8540 = CARTESIAN_POINT('',(6.28318530718,-0.));
#8541 = VECTOR('',#8542,1.);
#8542 = DIRECTION('',(0.,1.));
#8543 = ( GEOMETRIC_REPRESENTATION_CONTEXT(2) 
PARAMETRIC_REPRESENTATION_CONTEXT() REPRESENTATION_CONTEXT('2D SPACE',''
  ) );
#8544 = PCURVE('',#3725,#8545);
#8545 = DEFINITIONAL_REPRESENTATION('',(#8546),#8550);
#8546 = LINE('',#8547,#8548);
#8547 = CARTESIAN_POINT('',(0.,-0.));
#8548 = VECTOR('',#8549,1.);
#8549 = DIRECTION('',(0.,1.));
#8550 = ( GEOMETRIC_REPRESENTATION_CONTEXT(2) 
PARAMETRIC_REPRESENTATION_CONTEXT() REPRESENTATION_CONTEXT('2D SPACE',''
  ) );
#8551 = ORIENTED_EDGE('',*,*,#3708,.T.);
#8552 = ORIENTED_EDGE('',*,*,#8531,.T.);
#8553 = ADVANCED_FACE('',(#8554),#3756,.F.);
#8554 = FACE_BOUND('',#8555,.F.);
#8555 = EDGE_LOOP('',(#8556,#8580,#8601,#8602));
#8556 = ORIENTED_EDGE('',*,*,#8557,.F.);
#8557 = EDGE_CURVE('',#8558,#8558,#8560,.T.);
#8558 = VERTEX_POINT('',#8559);
#8559 = CARTESIAN_POINT('',(-16.3,128.,16.));
#8560 = SURFACE_CURVE('',#8561,(#8566,#8573),.PCURVE_S1.);
#8561 = CIRCLE('',#8562,1.7);
#8562 = AXIS2_PLACEMENT_3D('',#8563,#8564,#8565);
#8563 = CARTESIAN_POINT('',(-18.,128.,16.));
#8564 = DIRECTION('',(0.,0.,1.));
#8565 = DIRECTION('',(1.,0.,-0.));
#8566 = PCURVE('',#3756,#8567);
#8567 = DEFINITIONAL_REPRESENTATION('',(#8568),#8572);
#8568 = LINE('',#8569,#8570);
#8569 = CARTESIAN_POINT('',(0.,5.));
#8570 = VECTOR('',#8571,1.);
#8571 = DIRECTION('',(1.,0.));
#8572 = ( GEOMETRIC_REPRESENTATION_CONTEXT(2) 
PARAMETRIC_REPRESENTATION_CONTEXT() REPRESENTATION_CONTEXT('2D SPACE',''
  ) );
#8573 = PCURVE('',#4834,#8574);
#8574 = DEFINITIONAL_REPRESENTATION('',(#8575),#8579);
#8575 = CIRCLE('',#8576,1.7);
#8576 = AXIS2_PLACEMENT_2D('',#8577,#8578);
#8577 = CARTESIAN_POINT('',(5.,58.));
#8578 = DIRECTION('',(1.,0.));
#8579 = ( GEOMETRIC_REPRESENTATION_CONTEXT(2) 
PARAMETRIC_REPRESENTATION_CONTEXT() REPRESENTATION_CONTEXT('2D SPACE',''
  ) );
#8580 = ORIENTED_EDGE('',*,*,#8581,.F.);
#8581 = EDGE_CURVE('',#3740,#8558,#8582,.T.);
#8582 = SEAM_CURVE('',#8583,(#8587,#8594),.PCURVE_S1.);
#8583 = LINE('',#8584,#8585);
#8584 = CARTESIAN_POINT('',(-16.3,128.,11.));
#8585 = VECTOR('',#8586,1.);
#8586 = DIRECTION('',(0.,0.,1.));
#8587 = PCURVE('',#3756,#8588);
#8588 = DEFINITIONAL_REPRESENTATION('',(#8589),#8593);
#8589 = LINE('',#8590,#8591);
#8590 = CARTESIAN_POINT('',(6.28318530718,-0.));
#8591 = VECTOR('',#8592,1.);
#8592 = DIRECTION('',(0.,1.));
#8593 = ( GEOMETRIC_REPRESENTATION_CONTEXT(2) 
PARAMETRIC_REPRESENTATION_CONTEXT() REPRESENTATION_CONTEXT('2D SPACE',''
  ) );
#8594 = PCURVE('',#3756,#8595);
#8595 = DEFINITIONAL_REPRESENTATION('',(#8596),#8600);
#8596 = LINE('',#8597,#8598);
#8597 = CARTESIAN_POINT('',(0.,-0.));
#8598 = VECTOR('',#8599,1.);
#8599 = DIRECTION('',(0.,1.));
#8600 = ( GEOMETRIC_REPRESENTATION_CONTEXT(2) 
PARAMETRIC_REPRESENTATION_CONTEXT() REPRESENTATION_CONTEXT('2D SPACE',''
  ) );
#8601 = ORIENTED_EDGE('',*,*,#3739,.T.);
#8602 = ORIENTED_EDGE('',*,*,#8581,.T.);
#8603 = ADVANCED_FACE('',(#8604),#3787,.F.);
#8604 = FACE_BOUND('',#8605,.F.);
#8605 = EDGE_LOOP('',(#8606,#8630,#8651,#8652));
#8606 = ORIENTED_EDGE('',*,*,#8607,.F.);
#8607 = EDGE_CURVE('',#8608,#8608,#8610,.T.);
#8608 = VERTEX_POINT('',#8609);
#8609 = CARTESIAN_POINT('',(19.7,102.,16.));
#8610 = SURFACE_CURVE('',#8611,(#8616,#8623),.PCURVE_S1.);
#8611 = CIRCLE('',#8612,1.7);
#8612 = AXIS2_PLACEMENT_3D('',#8613,#8614,#8615);
#8613 = CARTESIAN_POINT('',(18.,102.,16.));
#8614 = DIRECTION('',(0.,0.,1.));
#8615 = DIRECTION('',(1.,0.,-0.));
#8616 = PCURVE('',#3787,#8617);
#8617 = DEFINITIONAL_REPRESENTATION('',(#8618),#8622);
#8618 = LINE('',#8619,#8620);
#8619 = CARTESIAN_POINT('',(0.,5.));
#8620 = VECTOR('',#8621,1.);
#8621 = DIRECTION('',(1.,0.));
#8622 = ( GEOMETRIC_REPRESENTATION_CONTEXT(2) 
PARAMETRIC_REPRESENTATION_CONTEXT() REPRESENTATION_CONTEXT('2D SPACE',''
  ) );
#8623 = PCURVE('',#4936,#8624);
#8624 = DEFINITIONAL_REPRESENTATION('',(#8625),#8629);
#8625 = CIRCLE('',#8626,1.7);
#8626 = AXIS2_PLACEMENT_2D('',#8627,#8628);
#8627 = CARTESIAN_POINT('',(41.,32.));
#8628 = DIRECTION('',(1.,0.));
#8629 = ( GEOMETRIC_REPRESENTATION_CONTEXT(2) 
PARAMETRIC_REPRESENTATION_CONTEXT() REPRESENTATION_CONTEXT('2D SPACE',''
  ) );
#8630 = ORIENTED_EDGE('',*,*,#8631,.F.);
#8631 = EDGE_CURVE('',#3771,#8608,#8632,.T.);
#8632 = SEAM_CURVE('',#8633,(#8637,#8644),.PCURVE_S1.);
#8633 = LINE('',#8634,#8635);
#8634 = CARTESIAN_POINT('',(19.7,102.,11.));
#8635 = VECTOR('',#8636,1.);
#8636 = DIRECTION('',(0.,0.,1.));
#8637 = PCURVE('',#3787,#8638);
#8638 = DEFINITIONAL_REPRESENTATION('',(#8639),#8643);
#8639 = LINE('',#8640,#8641);
#8640 = CARTESIAN_POINT('',(6.28318530718,-0.));
#8641 = VECTOR('',#8642,1.);
#8642 = DIRECTION('',(0.,1.));
#8643 = ( GEOMETRIC_REPRESENTATION_CONTEXT(2) 
PARAMETRIC_REPRESENTATION_CONTEXT() REPRESENTATION_CONTEXT('2D SPACE',''
  ) );
#8644 = PCURVE('',#3787,#8645);
#8645 = DEFINITIONAL_REPRESENTATION('',(#8646),#8650);
#8646 = LINE('',#8647,#8648);
#8647 = CARTESIAN_POINT('',(0.,-0.));
#8648 = VECTOR('',#8649,1.);
#8649 = DIRECTION('',(0.,1.));
#8650 = ( GEOMETRIC_REPRESENTATION_CONTEXT(2) 
PARAMETRIC_REPRESENTATION_CONTEXT() REPRESENTATION_CONTEXT('2D SPACE',''
  ) );
#8651 = ORIENTED_EDGE('',*,*,#3770,.T.);
#8652 = ORIENTED_EDGE('',*,*,#8631,.T.);
#8653 = ADVANCED_FACE('',(#8654),#3818,.F.);
#8654 = FACE_BOUND('',#8655,.F.);
#8655 = EDGE_LOOP('',(#8656,#8680,#8701,#8702));
#8656 = ORIENTED_EDGE('',*,*,#8657,.F.);
#8657 = EDGE_CURVE('',#8658,#8658,#8660,.T.);
#8658 = VERTEX_POINT('',#8659);
#8659 = CARTESIAN_POINT('',(19.7,128.,16.));
#8660 = SURFACE_CURVE('',#8661,(#8666,#8673),.PCURVE_S1.);
#8661 = CIRCLE('',#8662,1.7);
#8662 = AXIS2_PLACEMENT_3D('',#8663,#8664,#8665);
#8663 = CARTESIAN_POINT('',(18.,128.,16.));
#8664 = DIRECTION('',(0.,0.,1.));
#8665 = DIRECTION('',(1.,0.,-0.));
#8666 = PCURVE('',#3818,#8667);
#8667 = DEFINITIONAL_REPRESENTATION('',(#8668),#8672);
#8668 = LINE('',#8669,#8670);
#8669 = CARTESIAN_POINT('',(0.,5.));
#8670 = VECTOR('',#8671,1.);
#8671 = DIRECTION('',(1.,0.));
#8672 = ( GEOMETRIC_REPRESENTATION_CONTEXT(2) 
PARAMETRIC_REPRESENTATION_CONTEXT() REPRESENTATION_CONTEXT('2D SPACE',''
  ) );
#8673 = PCURVE('',#4936,#8674);
#8674 = DEFINITIONAL_REPRESENTATION('',(#8675),#8679);
#8675 = CIRCLE('',#8676,1.7);
#8676 = AXIS2_PLACEMENT_2D('',#8677,#8678);
#8677 = CARTESIAN_POINT('',(41.,58.));
#8678 = DIRECTION('',(1.,0.));
#8679 = ( GEOMETRIC_REPRESENTATION_CONTEXT(2) 
PARAMETRIC_REPRESENTATION_CONTEXT() REPRESENTATION_CONTEXT('2D SPACE',''
  ) );
#8680 = ORIENTED_EDGE('',*,*,#8681,.F.);
#8681 = EDGE_CURVE('',#3802,#8658,#8682,.T.);
#8682 = SEAM_CURVE('',#8683,(#8687,#8694),.PCURVE_S1.);
#8683 = LINE('',#8684,#8685);
#8684 = CARTESIAN_POINT('',(19.7,128.,11.));
#8685 = VECTOR('',#8686,1.);
#8686 = DIRECTION('',(0.,0.,1.));
#8687 = PCURVE('',#3818,#8688);
#8688 = DEFINITIONAL_REPRESENTATION('',(#8689),#8693);
#8689 = LINE('',#8690,#8691);
#8690 = CARTESIAN_POINT('',(6.28318530718,-0.));
#8691 = VECTOR('',#8692,1.);
#8692 = DIRECTION('',(0.,1.));
#8693 = ( GEOMETRIC_REPRESENTATION_CONTEXT(2) 
PARAMETRIC_REPRESENTATION_CONTEXT() REPRESENTATION_CONTEXT('2D SPACE',''
  ) );
#8694 = PCURVE('',#3818,#8695);
#8695 = DEFINITIONAL_REPRESENTATION('',(#8696),#8700);
#8696 = LINE('',#8697,#8698);
#8697 = CARTESIAN_POINT('',(0.,-0.));
#8698 = VECTOR('',#8699,1.);
#8699 = DIRECTION('',(0.,1.));
#8700 = ( GEOMETRIC_REPRESENTATION_CONTEXT(2) 
PARAMETRIC_REPRESENTATION_CONTEXT() REPRESENTATION_CONTEXT('2D SPACE',''
  ) );
#8701 = ORIENTED_EDGE('',*,*,#3801,.T.);
#8702 = ORIENTED_EDGE('',*,*,#8681,.T.);
#8703 = ADVANCED_FACE('',(#8704,#8958,#8961),#4834,.T.);
#8704 = FACE_BOUND('',#8705,.T.);
#8705 = EDGE_LOOP('',(#8706,#8707,#8708,#8709,#8730,#8749,#8750,#8769,
    #8770,#8850,#8879,#8957));
#8706 = ORIENTED_EDGE('',*,*,#6879,.F.);
#8707 = ORIENTED_EDGE('',*,*,#6929,.F.);
#8708 = ORIENTED_EDGE('',*,*,#6955,.T.);
#8709 = ORIENTED_EDGE('',*,*,#8710,.T.);
#8710 = EDGE_CURVE('',#6956,#8711,#8713,.T.);
#8711 = VERTEX_POINT('',#8712);
#8712 = CARTESIAN_POINT('',(-21.16601048851,76.,16.));
#8713 = SURFACE_CURVE('',#8714,(#8718,#8724),.PCURVE_S1.);
#8714 = LINE('',#8715,#8716);
#8715 = CARTESIAN_POINT('',(-21.16601048851,70.,16.));
#8716 = VECTOR('',#8717,1.);
#8717 = DIRECTION('',(0.,1.,1.110223024625E-16));
#8718 = PCURVE('',#4834,#8719);
#8719 = DEFINITIONAL_REPRESENTATION('',(#8720),#8723);
#8720 = B_SPLINE_CURVE_WITH_KNOTS('',1,(#8721,#8722),.UNSPECIFIED.,.F.,
  .F.,(2,2),(-6.000000070117E-07,6.0000006),.PIECEWISE_BEZIER_KNOTS.);
#8721 = CARTESIAN_POINT('',(1.833989511483,-6.000000070117E-07));
#8722 = CARTESIAN_POINT('',(1.833989511483,6.0000006));
#8723 = ( GEOMETRIC_REPRESENTATION_CONTEXT(2) 
PARAMETRIC_REPRESENTATION_CONTEXT() REPRESENTATION_CONTEXT('2D SPACE',''
  ) );
#8724 = PCURVE('',#6995,#8725);
#8725 = DEFINITIONAL_REPRESENTATION('',(#8726),#8729);
#8726 = B_SPLINE_CURVE_WITH_KNOTS('',1,(#8727,#8728),.UNSPECIFIED.,.F.,
  .F.,(2,2),(-6.000000070117E-07,6.0000006),.PIECEWISE_BEZIER_KNOTS.);
#8727 = CARTESIAN_POINT('',(2.865366022826,-6.000000076778E-07));
#8728 = CARTESIAN_POINT('',(2.865366022826,6.0000006));
#8729 = ( GEOMETRIC_REPRESENTATION_CONTEXT(2) 
PARAMETRIC_REPRESENTATION_CONTEXT() REPRESENTATION_CONTEXT('2D SPACE',''
  ) );
#8730 = ORIENTED_EDGE('',*,*,#8731,.T.);
#8731 = EDGE_CURVE('',#8711,#8316,#8732,.T.);
#8732 = SURFACE_CURVE('',#8733,(#8737,#8743),.PCURVE_S1.);
#8733 = LINE('',#8734,#8735);
#8734 = CARTESIAN_POINT('',(-11.5,76.,16.));
#8735 = VECTOR('',#8736,1.);
#8736 = DIRECTION('',(1.,0.,0.));
#8737 = PCURVE('',#4834,#8738);
#8738 = DEFINITIONAL_REPRESENTATION('',(#8739),#8742);
#8739 = B_SPLINE_CURVE_WITH_KNOTS('',1,(#8740,#8741),.UNSPECIFIED.,.F.,
  .F.,(2,2),(-10.5,33.5),.PIECEWISE_BEZIER_KNOTS.);
#8740 = CARTESIAN_POINT('',(1.,6.));
#8741 = CARTESIAN_POINT('',(45.,6.));
#8742 = ( GEOMETRIC_REPRESENTATION_CONTEXT(2) 
PARAMETRIC_REPRESENTATION_CONTEXT() REPRESENTATION_CONTEXT('2D SPACE',''
  ) );
#8743 = PCURVE('',#4862,#8744);
#8744 = DEFINITIONAL_REPRESENTATION('',(#8745),#8748);
#8745 = B_SPLINE_CURVE_WITH_KNOTS('',1,(#8746,#8747),.UNSPECIFIED.,.F.,
  .F.,(2,2),(-10.5,33.5),.PIECEWISE_BEZIER_KNOTS.);
#8746 = CARTESIAN_POINT('',(-22.,6.));
#8747 = CARTESIAN_POINT('',(22.,6.));
#8748 = ( GEOMETRIC_REPRESENTATION_CONTEXT(2) 
PARAMETRIC_REPRESENTATION_CONTEXT() REPRESENTATION_CONTEXT('2D SPACE',''
  ) );
#8749 = ORIENTED_EDGE('',*,*,#8336,.F.);
#8750 = ORIENTED_EDGE('',*,*,#8751,.T.);
#8751 = EDGE_CURVE('',#8262,#4818,#8752,.T.);
#8752 = SURFACE_CURVE('',#8753,(#8757,#8763),.PCURVE_S1.);
#8753 = LINE('',#8754,#8755);
#8754 = CARTESIAN_POINT('',(-11.5,76.,16.));
#8755 = VECTOR('',#8756,1.);
#8756 = DIRECTION('',(1.,0.,0.));
#8757 = PCURVE('',#4834,#8758);
#8758 = DEFINITIONAL_REPRESENTATION('',(#8759),#8762);
#8759 = B_SPLINE_CURVE_WITH_KNOTS('',1,(#8760,#8761),.UNSPECIFIED.,.F.,
  .F.,(2,2),(-10.5,33.5),.PIECEWISE_BEZIER_KNOTS.);
#8760 = CARTESIAN_POINT('',(1.,6.));
#8761 = CARTESIAN_POINT('',(45.,6.));
#8762 = ( GEOMETRIC_REPRESENTATION_CONTEXT(2) 
PARAMETRIC_REPRESENTATION_CONTEXT() REPRESENTATION_CONTEXT('2D SPACE',''
  ) );
#8763 = PCURVE('',#4862,#8764);
#8764 = DEFINITIONAL_REPRESENTATION('',(#8765),#8768);
#8765 = B_SPLINE_CURVE_WITH_KNOTS('',1,(#8766,#8767),.UNSPECIFIED.,.F.,
  .F.,(2,2),(-10.5,33.5),.PIECEWISE_BEZIER_KNOTS.);
#8766 = CARTESIAN_POINT('',(-22.,6.));
#8767 = CARTESIAN_POINT('',(22.,6.));
#8768 = ( GEOMETRIC_REPRESENTATION_CONTEXT(2) 
PARAMETRIC_REPRESENTATION_CONTEXT() REPRESENTATION_CONTEXT('2D SPACE',''
  ) );
#8769 = ORIENTED_EDGE('',*,*,#4817,.T.);
#8770 = ORIENTED_EDGE('',*,*,#8771,.T.);
#8771 = EDGE_CURVE('',#4820,#8772,#8774,.T.);
#8772 = VERTEX_POINT('',#8773);
#8773 = CARTESIAN_POINT('',(-16.13500577584,81.976204108213,16.));
#8774 = SURFACE_CURVE('',#8775,(#8798,#8824),.PCURVE_S1.);
#8775 = B_SPLINE_CURVE_WITH_KNOTS('',6,(#8776,#8777,#8778,#8779,#8780,
    #8781,#8782,#8783,#8784,#8785,#8786,#8787,#8788,#8789,#8790,#8791,
    #8792,#8793,#8794,#8795,#8796,#8797),.UNSPECIFIED.,.F.,.F.,(7,5,5,5,
    7),(0.,0.251999872073,0.500999935643,0.749999999274,1.),
  .UNSPECIFIED.);
#8776 = CARTESIAN_POINT('',(-9.009145698549,74.850344030918,16.));
#8777 = CARTESIAN_POINT('',(-9.479255489566,74.850344030918,16.));
#8778 = CARTESIAN_POINT('',(-9.949393445599,74.887561203835,16.));
#8779 = CARTESIAN_POINT('',(-10.41581434356,74.962003521884,16.));
#8780 = CARTESIAN_POINT('',(-10.87487196791,75.073162010879,16.));
#8781 = CARTESIAN_POINT('',(-11.32300576739,75.220100441205,16.));
#8782 = CARTESIAN_POINT('',(-12.18535730853,75.580476268715,16.));
#8783 = CARTESIAN_POINT('',(-12.59996511875,75.793122061471,16.));
#8784 = CARTESIAN_POINT('',(-12.99725144065,76.037919009439,16.));
#8785 = CARTESIAN_POINT('',(-13.3741568271,76.313063145916,16.));
#8786 = CARTESIAN_POINT('',(-13.72785392799,76.61640491675,16.));
#8787 = CARTESIAN_POINT('',(-14.38374267491,77.274357442432,16.));
#8788 = CARTESIAN_POINT('',(-14.68597177847,77.629005772709,16.));
#8789 = CARTESIAN_POINT('',(-14.95993047606,78.006773688643,16.));
#8790 = CARTESIAN_POINT('',(-15.20347810656,78.404827101006,16.));
#8791 = CARTESIAN_POINT('',(-15.41482032331,78.82010091067,16.));
#8792 = CARTESIAN_POINT('',(-15.77105750707,79.680133546311,16.));
#8793 = CARTESIAN_POINT('',(-15.91570281067,80.125053783031,16.));
#8794 = CARTESIAN_POINT('',(-16.02511175992,80.580641693183,16.));
#8795 = CARTESIAN_POINT('',(-16.0983769712,81.04341903886,16.));
#8796 = CARTESIAN_POINT('',(-16.13500577584,81.509825108978,16.));
#8797 = CARTESIAN_POINT('',(-16.13500577584,81.976204108213,16.));
#8798 = PCURVE('',#4834,#8799);
#8799 = DEFINITIONAL_REPRESENTATION('',(#8800),#8823);
#8800 = B_SPLINE_CURVE_WITH_KNOTS('',6,(#8801,#8802,#8803,#8804,#8805,
    #8806,#8807,#8808,#8809,#8810,#8811,#8812,#8813,#8814,#8815,#8816,
    #8817,#8818,#8819,#8820,#8821,#8822),.UNSPECIFIED.,.F.,.F.,(7,5,5,5,
    7),(0.,0.251999872073,0.500999935643,0.749999999274,1.),
  .UNSPECIFIED.);
#8801 = CARTESIAN_POINT('',(13.990854301451,4.850344030918));
#8802 = CARTESIAN_POINT('',(13.520744510434,4.850344030918));
#8803 = CARTESIAN_POINT('',(13.050606554401,4.887561203835));
#8804 = CARTESIAN_POINT('',(12.584185656436,4.962003521884));
#8805 = CARTESIAN_POINT('',(12.125128032087,5.073162010879));
#8806 = CARTESIAN_POINT('',(11.676994232604,5.220100441205));
#8807 = CARTESIAN_POINT('',(10.81464269147,5.580476268715));
#8808 = CARTESIAN_POINT('',(10.400034881245,5.793122061471));
#8809 = CARTESIAN_POINT('',(10.002748559341,6.037919009439));
#8810 = CARTESIAN_POINT('',(9.625843172896,6.313063145916));
#8811 = CARTESIAN_POINT('',(9.272146072005,6.61640491675));
#8812 = CARTESIAN_POINT('',(8.616257325089,7.274357442432));
#8813 = CARTESIAN_POINT('',(8.314028221522,7.629005772709));
#8814 = CARTESIAN_POINT('',(8.040069523937,8.006773688643));
#8815 = CARTESIAN_POINT('',(7.796521893435,8.404827101006));
#8816 = CARTESIAN_POINT('',(7.585179676687,8.82010091067));
#8817 = CARTESIAN_POINT('',(7.228942492921,9.680133546311));
#8818 = CARTESIAN_POINT('',(7.084297189325,10.125053783031));
#8819 = CARTESIAN_POINT('',(6.974888240078,10.580641693183));
#8820 = CARTESIAN_POINT('',(6.901623028796,11.04341903886));
#8821 = CARTESIAN_POINT('',(6.864994224156,11.509825108978));
#8822 = CARTESIAN_POINT('',(6.864994224156,11.976204108213));
#8823 = ( GEOMETRIC_REPRESENTATION_CONTEXT(2) 
PARAMETRIC_REPRESENTATION_CONTEXT() REPRESENTATION_CONTEXT('2D SPACE',''
  ) );
#8824 = PCURVE('',#5948,#8825);
#8825 = DEFINITIONAL_REPRESENTATION('',(#8826),#8849);
#8826 = B_SPLINE_CURVE_WITH_KNOTS('',6,(#8827,#8828,#8829,#8830,#8831,
    #8832,#8833,#8834,#8835,#8836,#8837,#8838,#8839,#8840,#8841,#8842,
    #8843,#8844,#8845,#8846,#8847,#8848),.UNSPECIFIED.,.F.,.F.,(7,5,5,5,
    7),(0.,0.251999872073,0.500999935643,0.749999999274,1.),
  .UNSPECIFIED.);
#8827 = CARTESIAN_POINT('',(2.,0.385290804161));
#8828 = CARTESIAN_POINT('',(1.958000692562,0.385290804161));
#8829 = CARTESIAN_POINT('',(1.915998896978,0.385290804161));
#8830 = CARTESIAN_POINT('',(1.874000000747,0.385290804161));
#8831 = CARTESIAN_POINT('',(1.832001107993,0.385290804161));
#8832 = CARTESIAN_POINT('',(1.789999307895,0.385290804161));
#8833 = CARTESIAN_POINT('',(1.706500652204,0.385290804161));
#8834 = CARTESIAN_POINT('',(1.664998957024,0.385290804161));
#8835 = CARTESIAN_POINT('',(1.623500002637,0.385290804161));
#8836 = CARTESIAN_POINT('',(1.582001046565,0.385290804161));
#8837 = CARTESIAN_POINT('',(1.540499349139,0.385290804161));
#8838 = CARTESIAN_POINT('',(1.457500650851,0.385290804161));
#8839 = CARTESIAN_POINT('',(1.415998953443,0.385290804161));
#8840 = CARTESIAN_POINT('',(1.374499997415,0.385290804161));
#8841 = CARTESIAN_POINT('',(1.333001043055,0.385290804161));
#8842 = CARTESIAN_POINT('',(1.291499347847,0.385290804161));
#8843 = CARTESIAN_POINT('',(1.208333998633,0.385290804161));
#8844 = CARTESIAN_POINT('',(1.166665601499,0.385290804161));
#8845 = CARTESIAN_POINT('',(1.124999999149,0.385290804161));
#8846 = CARTESIAN_POINT('',(1.083334393514,0.385290804161));
#8847 = CARTESIAN_POINT('',(1.041666000891,0.385290804161));
#8848 = CARTESIAN_POINT('',(1.,0.385290804161));
#8849 = ( GEOMETRIC_REPRESENTATION_CONTEXT(2) 
PARAMETRIC_REPRESENTATION_CONTEXT() REPRESENTATION_CONTEXT('2D SPACE',''
  ) );
#8850 = ORIENTED_EDGE('',*,*,#8851,.T.);
#8851 = EDGE_CURVE('',#8772,#8852,#8854,.T.);
#8852 = VERTEX_POINT('',#8853);
#8853 = CARTESIAN_POINT('',(-16.13500577584,126.3203555826,16.));
#8854 = SURFACE_CURVE('',#8855,(#8861,#8870),.PCURVE_S1.);
#8855 = B_SPLINE_CURVE_WITH_KNOTS('',4,(#8856,#8857,#8858,#8859,#8860),
  .UNSPECIFIED.,.F.,.F.,(5,5),(0.,1.),.PIECEWISE_BEZIER_KNOTS.);
#8856 = CARTESIAN_POINT('',(-16.13500577584,81.976204108213,16.));
#8857 = CARTESIAN_POINT('',(-16.13500577584,93.062241976811,16.));
#8858 = CARTESIAN_POINT('',(-16.13500577584,104.14827984541,16.));
#8859 = CARTESIAN_POINT('',(-16.13500577584,115.234317714,16.));
#8860 = CARTESIAN_POINT('',(-16.13500577584,126.3203555826,16.));
#8861 = PCURVE('',#4834,#8862);
#8862 = DEFINITIONAL_REPRESENTATION('',(#8863),#8869);
#8863 = B_SPLINE_CURVE_WITH_KNOTS('',4,(#8864,#8865,#8866,#8867,#8868),
  .UNSPECIFIED.,.F.,.F.,(5,5),(0.,1.),.PIECEWISE_BEZIER_KNOTS.);
#8864 = CARTESIAN_POINT('',(6.864994224156,11.976204108213));
#8865 = CARTESIAN_POINT('',(6.864994224156,23.062241976811));
#8866 = CARTESIAN_POINT('',(6.864994224156,34.14827984541));
#8867 = CARTESIAN_POINT('',(6.864994224156,45.234317714008));
#8868 = CARTESIAN_POINT('',(6.864994224156,56.320355582606));
#8869 = ( GEOMETRIC_REPRESENTATION_CONTEXT(2) 
PARAMETRIC_REPRESENTATION_CONTEXT() REPRESENTATION_CONTEXT('2D SPACE',''
  ) );
#8870 = PCURVE('',#5815,#8871);
#8871 = DEFINITIONAL_REPRESENTATION('',(#8872),#8878);
#8872 = B_SPLINE_CURVE_WITH_KNOTS('',4,(#8873,#8874,#8875,#8876,#8877),
  .UNSPECIFIED.,.F.,.F.,(5,5),(0.,1.),.PIECEWISE_BEZIER_KNOTS.);
#8873 = CARTESIAN_POINT('',(1.,0.385290804161));
#8874 = CARTESIAN_POINT('',(0.75,0.385290804161));
#8875 = CARTESIAN_POINT('',(0.5,0.385290804161));
#8876 = CARTESIAN_POINT('',(0.25,0.385290804161));
#8877 = CARTESIAN_POINT('',(0.,0.385290804161));
#8878 = ( GEOMETRIC_REPRESENTATION_CONTEXT(2) 
PARAMETRIC_REPRESENTATION_CONTEXT() REPRESENTATION_CONTEXT('2D SPACE',''
  ) );
#8879 = ORIENTED_EDGE('',*,*,#8880,.T.);
#8880 = EDGE_CURVE('',#8852,#5511,#8881,.T.);
#8881 = SURFACE_CURVE('',#8882,(#8905,#8931),.PCURVE_S1.);
#8882 = B_SPLINE_CURVE_WITH_KNOTS('',6,(#8883,#8884,#8885,#8886,#8887,
    #8888,#8889,#8890,#8891,#8892,#8893,#8894,#8895,#8896,#8897,#8898,
    #8899,#8900,#8901,#8902,#8903,#8904),.UNSPECIFIED.,.F.,.F.,(7,5,5,5,
    7),(0.,0.251999872073,0.500999935643,0.749999999274,1.),
  .UNSPECIFIED.);
#8883 = CARTESIAN_POINT('',(-16.13500577584,126.3203555826,16.));
#8884 = CARTESIAN_POINT('',(-16.13500577584,126.79046537362,16.));
#8885 = CARTESIAN_POINT('',(-16.09778860292,127.26060332965,16.));
#8886 = CARTESIAN_POINT('',(-16.02334628487,127.72702422762,16.));
#8887 = CARTESIAN_POINT('',(-15.91218779588,128.18608185197,16.));
#8888 = CARTESIAN_POINT('',(-15.76524936555,128.63421565145,16.));
#8889 = CARTESIAN_POINT('',(-15.40487353804,129.49656719258,16.));
#8890 = CARTESIAN_POINT('',(-15.19222774529,129.91117500281,16.));
#8891 = CARTESIAN_POINT('',(-14.94743079732,130.30846132471,16.));
#8892 = CARTESIAN_POINT('',(-14.67228666084,130.68536671116,16.));
#8893 = CARTESIAN_POINT('',(-14.36894489001,131.03906381205,16.));
#8894 = CARTESIAN_POINT('',(-13.71099236432,131.69495255897,16.));
#8895 = CARTESIAN_POINT('',(-13.35634403405,131.99718166253,16.));
#8896 = CARTESIAN_POINT('',(-12.97857611811,132.27114036012,16.));
#8897 = CARTESIAN_POINT('',(-12.58052270575,132.51468799062,16.));
#8898 = CARTESIAN_POINT('',(-12.16524889608,132.72603020737,16.));
#8899 = CARTESIAN_POINT('',(-11.30521626044,133.08226739113,16.));
#8900 = CARTESIAN_POINT('',(-10.86029602372,133.22691269473,16.));
#8901 = CARTESIAN_POINT('',(-10.40470811357,133.33632164397,16.));
#8902 = CARTESIAN_POINT('',(-9.9419307679,133.40958685526,16.));
#8903 = CARTESIAN_POINT('',(-9.475524697784,133.4462156599,16.));
#8904 = CARTESIAN_POINT('',(-9.009145698549,133.4462156599,16.));
#8905 = PCURVE('',#4834,#8906);
#8906 = DEFINITIONAL_REPRESENTATION('',(#8907),#8930);
#8907 = B_SPLINE_CURVE_WITH_KNOTS('',6,(#8908,#8909,#8910,#8911,#8912,
    #8913,#8914,#8915,#8916,#8917,#8918,#8919,#8920,#8921,#8922,#8923,
    #8924,#8925,#8926,#8927,#8928,#8929),.UNSPECIFIED.,.F.,.F.,(7,5,5,5,
    7),(0.,0.251999872073,0.500999935643,0.749999999274,1.),
  .UNSPECIFIED.);
#8908 = CARTESIAN_POINT('',(6.864994224156,56.320355582606));
#8909 = CARTESIAN_POINT('',(6.864994224156,56.790465373623));
#8910 = CARTESIAN_POINT('',(6.902211397073,57.260603329658));
#8911 = CARTESIAN_POINT('',(6.976653715122,57.727024227621));
#8912 = CARTESIAN_POINT('',(7.087812204117,58.186081851972));
#8913 = CARTESIAN_POINT('',(7.234750634443,58.634215651454));
#8914 = CARTESIAN_POINT('',(7.595126461954,59.496567192588));
#8915 = CARTESIAN_POINT('',(7.80777225471,59.911175002813));
#8916 = CARTESIAN_POINT('',(8.052569202679,60.308461324719));
#8917 = CARTESIAN_POINT('',(8.327713339155,60.685366711163));
#8918 = CARTESIAN_POINT('',(8.631055109989,61.039063812054));
#8919 = CARTESIAN_POINT('',(9.289007635672,61.69495255897));
#8920 = CARTESIAN_POINT('',(9.643655965949,61.997181662536));
#8921 = CARTESIAN_POINT('',(10.021423881883,62.271140360122));
#8922 = CARTESIAN_POINT('',(10.419477294247,62.514687990623));
#8923 = CARTESIAN_POINT('',(10.834751103911,62.726030207372));
#8924 = CARTESIAN_POINT('',(11.694783739552,63.082267391137));
#8925 = CARTESIAN_POINT('',(12.139703976272,63.226912694733));
#8926 = CARTESIAN_POINT('',(12.595291886422,63.336321643979));
#8927 = CARTESIAN_POINT('',(13.0580692321,63.409586855261));
#8928 = CARTESIAN_POINT('',(13.524475302216,63.446215659901));
#8929 = CARTESIAN_POINT('',(13.990854301451,63.446215659901));
#8930 = ( GEOMETRIC_REPRESENTATION_CONTEXT(2) 
PARAMETRIC_REPRESENTATION_CONTEXT() REPRESENTATION_CONTEXT('2D SPACE',''
  ) );
#8931 = PCURVE('',#5689,#8932);
#8932 = DEFINITIONAL_REPRESENTATION('',(#8933),#8956);
#8933 = B_SPLINE_CURVE_WITH_KNOTS('',6,(#8934,#8935,#8936,#8937,#8938,
    #8939,#8940,#8941,#8942,#8943,#8944,#8945,#8946,#8947,#8948,#8949,
    #8950,#8951,#8952,#8953,#8954,#8955),.UNSPECIFIED.,.F.,.F.,(7,5,5,5,
    7),(0.,0.251999872073,0.500999935643,0.749999999274,1.),
  .UNSPECIFIED.);
#8934 = CARTESIAN_POINT('',(8.,0.385290804161));
#8935 = CARTESIAN_POINT('',(7.958000692562,0.385290804161));
#8936 = CARTESIAN_POINT('',(7.915998896978,0.385290804161));
#8937 = CARTESIAN_POINT('',(7.874000000747,0.385290804161));
#8938 = CARTESIAN_POINT('',(7.832001107993,0.385290804161));
#8939 = CARTESIAN_POINT('',(7.789999307895,0.385290804161));
#8940 = CARTESIAN_POINT('',(7.706500652203,0.385290804161));
#8941 = CARTESIAN_POINT('',(7.664998957024,0.385290804161));
#8942 = CARTESIAN_POINT('',(7.623500002637,0.385290804161));
#8943 = CARTESIAN_POINT('',(7.582001046565,0.385290804161));
#8944 = CARTESIAN_POINT('',(7.540499349139,0.385290804161));
#8945 = CARTESIAN_POINT('',(7.45750065085,0.385290804161));
#8946 = CARTESIAN_POINT('',(7.415998953443,0.385290804161));
#8947 = CARTESIAN_POINT('',(7.374499997414,0.385290804161));
#8948 = CARTESIAN_POINT('',(7.333001043054,0.385290804161));
#8949 = CARTESIAN_POINT('',(7.291499347846,0.385290804161));
#8950 = CARTESIAN_POINT('',(7.208333998632,0.385290804161));
#8951 = CARTESIAN_POINT('',(7.166665601499,0.385290804161));
#8952 = CARTESIAN_POINT('',(7.124999999149,0.385290804161));
#8953 = CARTESIAN_POINT('',(7.083334393514,0.385290804161));
#8954 = CARTESIAN_POINT('',(7.041666000891,0.385290804161));
#8955 = CARTESIAN_POINT('',(7.,0.385290804161));
#8956 = ( GEOMETRIC_REPRESENTATION_CONTEXT(2) 
PARAMETRIC_REPRESENTATION_CONTEXT() REPRESENTATION_CONTEXT('2D SPACE',''
  ) );
#8957 = ORIENTED_EDGE('',*,*,#5510,.T.);
#8958 = FACE_BOUND('',#8959,.T.);
#8959 = EDGE_LOOP('',(#8960));
#8960 = ORIENTED_EDGE('',*,*,#8507,.F.);
#8961 = FACE_BOUND('',#8962,.T.);
#8962 = EDGE_LOOP('',(#8963));
#8963 = ORIENTED_EDGE('',*,*,#8557,.F.);
#8964 = ADVANCED_FACE('',(#8965),#5948,.T.);
#8965 = FACE_BOUND('',#8966,.T.);
#8966 = EDGE_LOOP('',(#8967,#8988,#8989));
#8967 = ORIENTED_EDGE('',*,*,#8968,.F.);
#8968 = EDGE_CURVE('',#8772,#5796,#8969,.T.);
#8969 = SURFACE_CURVE('',#8970,(#8974,#8981),.PCURVE_S1.);
#8970 = B_SPLINE_CURVE_WITH_KNOTS('',2,(#8971,#8972,#8973),
  .UNSPECIFIED.,.F.,.F.,(3,3),(0.,1.),.PIECEWISE_BEZIER_KNOTS.);
#8971 = CARTESIAN_POINT('',(-14.,78.4,12.));
#8972 = CARTESIAN_POINT('',(-17.91179400264,82.627810852953,
    17.310527867443));
#8973 = CARTESIAN_POINT('',(-15.9,89.,22.));
#8974 = PCURVE('',#5948,#8975);
#8975 = DEFINITIONAL_REPRESENTATION('',(#8976),#8980);
#8976 = LINE('',#8977,#8978);
#8977 = CARTESIAN_POINT('',(1.,0.));
#8978 = VECTOR('',#8979,1.);
#8979 = DIRECTION('',(0.,1.));
#8980 = ( GEOMETRIC_REPRESENTATION_CONTEXT(2) 
PARAMETRIC_REPRESENTATION_CONTEXT() REPRESENTATION_CONTEXT('2D SPACE',''
  ) );
#8981 = PCURVE('',#5815,#8982);
#8982 = DEFINITIONAL_REPRESENTATION('',(#8983),#8987);
#8983 = LINE('',#8984,#8985);
#8984 = CARTESIAN_POINT('',(1.,0.));
#8985 = VECTOR('',#8986,1.);
#8986 = DIRECTION('',(0.,1.));
#8987 = ( GEOMETRIC_REPRESENTATION_CONTEXT(2) 
PARAMETRIC_REPRESENTATION_CONTEXT() REPRESENTATION_CONTEXT('2D SPACE',''
  ) );
#8988 = ORIENTED_EDGE('',*,*,#8771,.F.);
#8989 = ORIENTED_EDGE('',*,*,#5852,.T.);
#8990 = ADVANCED_FACE('',(#8991,#9017),#5815,.T.);
#8991 = FACE_BOUND('',#8992,.T.);
#8992 = EDGE_LOOP('',(#8993,#9014,#9015,#9016));
#8993 = ORIENTED_EDGE('',*,*,#8994,.F.);
#8994 = EDGE_CURVE('',#8852,#5532,#8995,.T.);
#8995 = SURFACE_CURVE('',#8996,(#9000,#9007),.PCURVE_S1.);
#8996 = B_SPLINE_CURVE_WITH_KNOTS('',2,(#8997,#8998,#8999),
  .UNSPECIFIED.,.F.,.F.,(3,3),(0.,1.),.PIECEWISE_BEZIER_KNOTS.);
#8997 = CARTESIAN_POINT('',(-14.,125.6,12.));
#8998 = CARTESIAN_POINT('',(-17.91179400264,128.56235925761,
    17.310527867443));
#8999 = CARTESIAN_POINT('',(-15.9,121.,22.));
#9000 = PCURVE('',#5815,#9001);
#9001 = DEFINITIONAL_REPRESENTATION('',(#9002),#9006);
#9002 = LINE('',#9003,#9004);
#9003 = CARTESIAN_POINT('',(0.,0.));
#9004 = VECTOR('',#9005,1.);
#9005 = DIRECTION('',(0.,1.));
#9006 = ( GEOMETRIC_REPRESENTATION_CONTEXT(2) 
PARAMETRIC_REPRESENTATION_CONTEXT() REPRESENTATION_CONTEXT('2D SPACE',''
  ) );
#9007 = PCURVE('',#5689,#9008);
#9008 = DEFINITIONAL_REPRESENTATION('',(#9009),#9013);
#9009 = LINE('',#9010,#9011);
#9010 = CARTESIAN_POINT('',(8.,0.));
#9011 = VECTOR('',#9012,1.);
#9012 = DIRECTION('',(0.,1.));
#9013 = ( GEOMETRIC_REPRESENTATION_CONTEXT(2) 
PARAMETRIC_REPRESENTATION_CONTEXT() REPRESENTATION_CONTEXT('2D SPACE',''
  ) );
#9014 = ORIENTED_EDGE('',*,*,#8851,.F.);
#9015 = ORIENTED_EDGE('',*,*,#8968,.T.);
#9016 = ORIENTED_EDGE('',*,*,#5795,.T.);
#9017 = FACE_BOUND('',#9018,.T.);
#9018 = EDGE_LOOP('',(#9019,#9055));
#9019 = ORIENTED_EDGE('',*,*,#9020,.F.);
#9020 = EDGE_CURVE('',#9021,#9023,#9025,.T.);
#9021 = VERTEX_POINT('',#9022);
#9022 = CARTESIAN_POINT('',(-16.4,101.42554373534,17.));
#9023 = VERTEX_POINT('',#9024);
#9024 = CARTESIAN_POINT('',(-16.4,102.57445626465,17.));
#9025 = SURFACE_CURVE('',#9026,(#9032,#9041),.PCURVE_S1.);
#9026 = B_SPLINE_CURVE_WITH_KNOTS('',4,(#9027,#9028,#9029,#9030,#9031),
  .UNSPECIFIED.,.F.,.F.,(5,5),(0.,1.),.PIECEWISE_BEZIER_KNOTS.);
#9027 = CARTESIAN_POINT('',(-16.4,100.3,17.));
#9028 = CARTESIAN_POINT('',(-16.4,101.15,17.));
#9029 = CARTESIAN_POINT('',(-16.4,102.,17.));
#9030 = CARTESIAN_POINT('',(-16.4,102.85,17.));
#9031 = CARTESIAN_POINT('',(-16.4,103.7,17.));
#9032 = PCURVE('',#5815,#9033);
#9033 = DEFINITIONAL_REPRESENTATION('',(#9034),#9040);
#9034 = B_SPLINE_CURVE_WITH_KNOTS('',4,(#9035,#9036,#9037,#9038,#9039),
  .UNSPECIFIED.,.F.,.F.,(5,5),(0.,1.),.PIECEWISE_BEZIER_KNOTS.);
#9035 = CARTESIAN_POINT('',(0.597674418605,0.484488549545));
#9036 = CARTESIAN_POINT('',(0.577906976744,0.484488549545));
#9037 = CARTESIAN_POINT('',(0.558139534884,0.484488549545));
#9038 = CARTESIAN_POINT('',(0.538372093023,0.484488549545));
#9039 = CARTESIAN_POINT('',(0.518604651163,0.484488549545));
#9040 = ( GEOMETRIC_REPRESENTATION_CONTEXT(2) 
PARAMETRIC_REPRESENTATION_CONTEXT() REPRESENTATION_CONTEXT('2D SPACE',''
  ) );
#9041 = PCURVE('',#9042,#9047);
#9042 = PLANE('',#9043);
#9043 = AXIS2_PLACEMENT_3D('',#9044,#9045,#9046);
#9044 = CARTESIAN_POINT('',(-18.,102.,17.));
#9045 = DIRECTION('',(0.,0.,1.));
#9046 = DIRECTION('',(1.,0.,-0.));
#9047 = DEFINITIONAL_REPRESENTATION('',(#9048),#9054);
#9048 = B_SPLINE_CURVE_WITH_KNOTS('',4,(#9049,#9050,#9051,#9052,#9053),
  .UNSPECIFIED.,.F.,.F.,(5,5),(0.,1.),.PIECEWISE_BEZIER_KNOTS.);
#9049 = CARTESIAN_POINT('',(1.6,-1.7));
#9050 = CARTESIAN_POINT('',(1.6,-0.85));
#9051 = CARTESIAN_POINT('',(1.6,6.661338147751E-16));
#9052 = CARTESIAN_POINT('',(1.6,0.85));
#9053 = CARTESIAN_POINT('',(1.6,1.7));
#9054 = ( GEOMETRIC_REPRESENTATION_CONTEXT(2) 
PARAMETRIC_REPRESENTATION_CONTEXT() REPRESENTATION_CONTEXT('2D SPACE',''
  ) );
#9055 = ORIENTED_EDGE('',*,*,#9056,.T.);
#9056 = EDGE_CURVE('',#9021,#9023,#9057,.T.);
#9057 = SURFACE_CURVE('',#9058,(#9089,#9140),.PCURVE_S1.);
#9058 = B_SPLINE_CURVE_WITH_KNOTS('',8,(#9059,#9060,#9061,#9062,#9063,
    #9064,#9065,#9066,#9067,#9068,#9069,#9070,#9071,#9072,#9073,#9074,
    #9075,#9076,#9077,#9078,#9079,#9080,#9081,#9082,#9083,#9084,#9085,
    #9086,#9087,#9088),.UNSPECIFIED.,.F.,.F.,(9,7,7,7,9),(
    9.93944984722E-07,0.614031939856,1.,1.332298002734,1.997827311588),
  .UNSPECIFIED.);
#9059 = CARTESIAN_POINT('',(-16.4,101.42554373534,17.));
#9060 = CARTESIAN_POINT('',(-16.39036387761,101.45238267292,
    16.953667138421));
#9061 = CARTESIAN_POINT('',(-16.38063711667,101.48109230675,
    16.908260249943));
#9062 = CARTESIAN_POINT('',(-16.37083517262,101.51198176121,
    16.863755689769));
#9063 = CARTESIAN_POINT('',(-16.36101326524,101.54539115869,
    16.820325949737));
#9064 = CARTESIAN_POINT('',(-16.35126881958,101.58165724058,
    16.778309463345));
#9065 = CARTESIAN_POINT('',(-16.34176865558,101.62121138389,
    16.738285620744));
#9066 = CARTESIAN_POINT('',(-16.33273578035,101.66446594866,
    16.700993754948));
#9067 = CARTESIAN_POINT('',(-16.3193650034,101.74232628824,
    16.646665351011));
#9068 = CARTESIAN_POINT('',(-16.3145264262,101.77419531612,
    16.627238119588));
#9069 = CARTESIAN_POINT('',(-16.31012112178,101.80796919135,
    16.609743352209));
#9070 = CARTESIAN_POINT('',(-16.30629638823,101.84364277361,
    16.594703608484));
#9071 = CARTESIAN_POINT('',(-16.30322309637,101.88108879382,
    16.582709258191));
#9072 = CARTESIAN_POINT('',(-16.30107797976,101.92002763406,
    16.574370218725));
#9073 = CARTESIAN_POINT('',(-16.3,101.95995674206,16.570178782375));
#9074 = CARTESIAN_POINT('',(-16.3,102.03447511856,16.570178782375));
#9075 = CARTESIAN_POINT('',(-16.30079901078,102.06894480194,
    16.573285401584));
#9076 = CARTESIAN_POINT('',(-16.30239662655,102.10280522894,
    16.579496507951));
#9077 = CARTESIAN_POINT('',(-16.30471596539,102.13566968421,
    16.58853861242));
#9078 = CARTESIAN_POINT('',(-16.3076487468,102.16729524823,
    16.600035868471));
#9079 = CARTESIAN_POINT('',(-16.31108166008,102.19754513712,
    16.613595585108));
#9080 = CARTESIAN_POINT('',(-16.31491077076,102.22636984622,
    16.628850963939));
#9081 = CARTESIAN_POINT('',(-16.32734222267,102.30870807663,
    16.678850151256));
#9082 = CARTESIAN_POINT('',(-16.33686287859,102.35787883885,
    16.717724628238));
#9083 = CARTESIAN_POINT('',(-16.34706685469,102.4024779938,
    16.76026846204));
#9084 = CARTESIAN_POINT('',(-16.35762854047,102.44298360689,
    16.805409242551));
#9085 = CARTESIAN_POINT('',(-16.36830097402,102.47998698768,
    16.852278442655));
#9086 = CARTESIAN_POINT('',(-16.37895462059,102.51392607039,
    16.900418590517));
#9087 = CARTESIAN_POINT('',(-16.38952228606,102.54527329053,
    16.949620557953));
#9088 = CARTESIAN_POINT('',(-16.4,102.57445626465,17.));
#9089 = PCURVE('',#5815,#9090);
#9090 = DEFINITIONAL_REPRESENTATION('',(#9091),#9139);
#9091 = B_SPLINE_CURVE_WITH_KNOTS('',3,(#9092,#9093,#9094,#9095,#9096,
    #9097,#9098,#9099,#9100,#9101,#9102,#9103,#9104,#9105,#9106,#9107,
    #9108,#9109,#9110,#9111,#9112,#9113,#9114,#9115,#9116,#9117,#9118,
    #9119,#9120,#9121,#9122,#9123,#9124,#9125,#9126,#9127,#9128,#9129,
    #9130,#9131,#9132,#9133,#9134,#9135,#9136,#9137,#9138),
  .UNSPECIFIED.,.F.,.F.,(4,1,1,1,1,1,1,1,1,1,1,1,1,1,1,1,1,1,1,1,1,1,1,1
    ,1,1,1,1,1,1,1,1,1,1,1,1,1,1,1,1,1,1,1,1,4),(9.93944984722E-07,
    4.540613752779E-02,9.081128111059E-02,0.136216424693,0.181621568276,
    0.227026711859,0.272431855442,0.317836999025,0.363242142607,
    0.40864728619,0.454052429773,0.499457573356,0.544862716939,
    0.590267860521,0.635673004104,0.681078147687,0.72648329127,
    0.771888434853,0.817293578435,0.862698722018,0.908103865601,
    0.953509009184,0.998914152767,1.044319296349,1.089724439932,
    1.135129583515,1.180534727098,1.225939870681,1.271345014263,
    1.316750157846,1.362155301429,1.407560445012,1.452965588595,
    1.498370732177,1.54377587576,1.589181019343,1.634586162926,
    1.679991306509,1.725396450091,1.770801593674,1.816206737257,
    1.86161188084,1.907017024423,1.952422168005,1.997827311588),
  .QUASI_UNIFORM_KNOTS.);
#9092 = CARTESIAN_POINT('',(0.571498982899,0.484488549545));
#9093 = CARTESIAN_POINT('',(0.571287083515,0.483576750991));
#9094 = CARTESIAN_POINT('',(0.57085979035,0.481762594385));
#9095 = CARTESIAN_POINT('',(0.570207500434,0.479070863533));
#9096 = CARTESIAN_POINT('',(0.569542967003,0.476409447705));
#9097 = CARTESIAN_POINT('',(0.568865389009,0.473780458379));
#9098 = CARTESIAN_POINT('',(0.568174023365,0.471186865289));
#9099 = CARTESIAN_POINT('',(0.567468188913,0.468632634522));
#9100 = CARTESIAN_POINT('',(0.566747258049,0.466122720824));
#9101 = CARTESIAN_POINT('',(0.566010649185,0.463663107865));
#9102 = CARTESIAN_POINT('',(0.565257815926,0.461260849013));
#9103 = CARTESIAN_POINT('',(0.564488230153,0.4589241233));
#9104 = CARTESIAN_POINT('',(0.563701364317,0.456662331301));
#9105 = CARTESIAN_POINT('',(0.562896640576,0.454486170394));
#9106 = CARTESIAN_POINT('',(0.562073452964,0.45240797699));
#9107 = CARTESIAN_POINT('',(0.561230848135,0.450441333128));
#9108 = CARTESIAN_POINT('',(0.56036835114,0.44860370351));
#9109 = CARTESIAN_POINT('',(0.559488279513,0.446920521625));
#9110 = CARTESIAN_POINT('',(0.558593755208,0.445419277068));
#9111 = CARTESIAN_POINT('',(0.557689087369,0.444129404578));
#9112 = CARTESIAN_POINT('',(0.55677970483,0.443080737502));
#9113 = CARTESIAN_POINT('',(0.555872160044,0.442301915016));
#9114 = CARTESIAN_POINT('',(0.554974330629,0.441818203304));
#9115 = CARTESIAN_POINT('',(0.554094795724,0.441648714574));
#9116 = CARTESIAN_POINT('',(0.553245360346,0.441802829879));
#9117 = CARTESIAN_POINT('',(0.552437348485,0.442273503339));
#9118 = CARTESIAN_POINT('',(0.551676310648,0.443042386748));
#9119 = CARTESIAN_POINT('',(0.550965694911,0.444084134047));
#9120 = CARTESIAN_POINT('',(0.550306706079,0.445369434596));
#9121 = CARTESIAN_POINT('',(0.549699029565,0.446867422832));
#9122 = CARTESIAN_POINT('',(0.549141084955,0.448547920072));
#9123 = CARTESIAN_POINT('',(0.548630648647,0.450381918279));
#9124 = CARTESIAN_POINT('',(0.548164174809,0.452346297566));
#9125 = CARTESIAN_POINT('',(0.547737445325,0.45442524283));
#9126 = CARTESIAN_POINT('',(0.547347103857,0.456603957808));
#9127 = CARTESIAN_POINT('',(0.546990138456,0.458869702308));
#9128 = CARTESIAN_POINT('',(0.546663892772,0.461211221741));
#9129 = CARTESIAN_POINT('',(0.546365972903,0.463618695719));
#9130 = CARTESIAN_POINT('',(0.546094209658,0.466083611952));
#9131 = CARTESIAN_POINT('',(0.545846625317,0.468598705215));
#9132 = CARTESIAN_POINT('',(0.545621411944,0.471157907408));
#9133 = CARTESIAN_POINT('',(0.545416914984,0.473756316001));
#9134 = CARTESIAN_POINT('',(0.545231619027,0.476390156663));
#9135 = CARTESIAN_POINT('',(0.545064141146,0.479056800539));
#9136 = CARTESIAN_POINT('',(0.544913207634,0.481754609448));
#9137 = CARTESIAN_POINT('',(0.544822874238,0.483573847627));
#9138 = CARTESIAN_POINT('',(0.544780086869,0.484488549545));
#9139 = ( GEOMETRIC_REPRESENTATION_CONTEXT(2) 
PARAMETRIC_REPRESENTATION_CONTEXT() REPRESENTATION_CONTEXT('2D SPACE',''
  ) );
#9140 = PCURVE('',#9141,#9146);
#9141 = CYLINDRICAL_SURFACE('',#9142,1.7);
#9142 = AXIS2_PLACEMENT_3D('',#9143,#9144,#9145);
#9143 = CARTESIAN_POINT('',(-18.,102.,11.));
#9144 = DIRECTION('',(0.,0.,1.));
#9145 = DIRECTION('',(1.,0.,-0.));
#9146 = DEFINITIONAL_REPRESENTATION('',(#9147),#9195);
#9147 = B_SPLINE_CURVE_WITH_KNOTS('',3,(#9148,#9149,#9150,#9151,#9152,
    #9153,#9154,#9155,#9156,#9157,#9158,#9159,#9160,#9161,#9162,#9163,
    #9164,#9165,#9166,#9167,#9168,#9169,#9170,#9171,#9172,#9173,#9174,
    #9175,#9176,#9177,#9178,#9179,#9180,#9181,#9182,#9183,#9184,#9185,
    #9186,#9187,#9188,#9189,#9190,#9191,#9192,#9193,#9194),
  .UNSPECIFIED.,.F.,.F.,(4,1,1,1,1,1,1,1,1,1,1,1,1,1,1,1,1,1,1,1,1,1,1,1
    ,1,1,1,1,1,1,1,1,1,1,1,1,1,1,1,1,1,1,1,1,4),(9.93944984722E-07,
    4.540613752779E-02,9.081128111059E-02,0.136216424693,0.181621568276,
    0.227026711859,0.272431855442,0.317836999025,0.363242142607,
    0.40864728619,0.454052429773,0.499457573356,0.544862716939,
    0.590267860521,0.635673004104,0.681078147687,0.72648329127,
    0.771888434853,0.817293578435,0.862698722018,0.908103865601,
    0.953509009184,0.998914152767,1.044319296349,1.089724439932,
    1.135129583515,1.180534727098,1.225939870681,1.271345014263,
    1.316750157846,1.362155301429,1.407560445012,1.452965588595,
    1.498370732177,1.54377587576,1.589181019343,1.634586162926,
    1.679991306509,1.725396450091,1.770801593674,1.816206737257,
    1.86161188084,1.907017024423,1.952422168005,1.997827311588),
  .QUASI_UNIFORM_KNOTS.);
#9148 = CARTESIAN_POINT('',(5.938484127381,6.));
#9149 = CARTESIAN_POINT('',(5.941791891181,5.990864447755));
#9150 = CARTESIAN_POINT('',(5.948514804273,5.972684828601));
#9151 = CARTESIAN_POINT('',(5.958946006651,5.94570201218));
#9152 = CARTESIAN_POINT('',(5.969748516378,5.91901423348));
#9153 = CARTESIAN_POINT('',(5.980947513884,5.892642976062));
#9154 = CARTESIAN_POINT('',(5.992568756988,5.866618360362));
#9155 = CARTESIAN_POINT('',(6.004638830513,5.840980543099));
#9156 = CARTESIAN_POINT('',(6.01718537546,5.815779654092));
#9157 = CARTESIAN_POINT('',(6.030237415086,5.791076213763));
#9158 = CARTESIAN_POINT('',(6.043825771983,5.766941555567));
#9159 = CARTESIAN_POINT('',(6.057983681486,5.743458400082));
#9160 = CARTESIAN_POINT('',(6.07274752519,5.720721829518));
#9161 = CARTESIAN_POINT('',(6.088158369865,5.698840053696));
#9162 = CARTESIAN_POINT('',(6.104262284539,5.677937860251));
#9163 = CARTESIAN_POINT('',(6.121117653362,5.658152665648));
#9164 = CARTESIAN_POINT('',(6.138780443637,5.639661045183));
#9165 = CARTESIAN_POINT('',(6.157254996061,5.622719894339));
#9166 = CARTESIAN_POINT('',(6.176530881536,5.607606949874));
#9167 = CARTESIAN_POINT('',(6.196572860392,5.594619623485));
#9168 = CARTESIAN_POINT('',(6.217318830226,5.584059382182));
#9169 = CARTESIAN_POINT('',(6.238675697369,5.576215626417));
#9170 = CARTESIAN_POINT('',(6.260508600705,5.571343638815));
#9171 = CARTESIAN_POINT('',(6.282649661389,5.569636459571));
#9172 = CARTESIAN_POINT('',(6.304823869882,5.571188790041));
#9173 = CARTESIAN_POINT('',(6.326726918965,5.575929469817));
#9174 = CARTESIAN_POINT('',(6.348173257785,5.583673159892));
#9175 = CARTESIAN_POINT('',(6.369012520814,5.594163772256));
#9176 = CARTESIAN_POINT('',(6.389140790989,5.607105141608));
#9177 = CARTESIAN_POINT('',(6.408488255686,5.622185402884));
#9178 = CARTESIAN_POINT('',(6.427018572885,5.639099645186));
#9179 = CARTESIAN_POINT('',(6.444714360862,5.657554854417));
#9180 = CARTESIAN_POINT('',(6.461606678764,5.677317417068));
#9181 = CARTESIAN_POINT('',(6.477762029244,5.698227332783));
#9182 = CARTESIAN_POINT('',(6.493227308202,5.720134953185));
#9183 = CARTESIAN_POINT('',(6.508045751102,5.742911416012));
#9184 = CARTESIAN_POINT('',(6.522255256056,5.766442898396));
#9185 = CARTESIAN_POINT('',(6.53589067161,5.790630091937));
#9186 = CARTESIAN_POINT('',(6.548984463151,5.815386924107));
#9187 = CARTESIAN_POINT('',(6.561567417733,5.840639932623));
#9188 = CARTESIAN_POINT('',(6.57366907148,5.86632774985));
#9189 = CARTESIAN_POINT('',(6.585318038121,5.892400770936));
#9190 = CARTESIAN_POINT('',(6.596542258787,5.91882076311));
#9191 = CARTESIAN_POINT('',(6.607369182573,5.945561022513));
#9192 = CARTESIAN_POINT('',(6.617825945347,5.972604806085));
#9193 = CARTESIAN_POINT('',(6.624568153063,5.990835357373));
#9194 = CARTESIAN_POINT('',(6.627886486978,6.));
#9195 = ( GEOMETRIC_REPRESENTATION_CONTEXT(2) 
PARAMETRIC_REPRESENTATION_CONTEXT() REPRESENTATION_CONTEXT('2D SPACE',''
  ) );
#9196 = ADVANCED_FACE('',(#9197),#5689,.T.);
#9197 = FACE_BOUND('',#9198,.T.);
#9198 = EDGE_LOOP('',(#9199,#9200,#9201));
#9199 = ORIENTED_EDGE('',*,*,#5531,.F.);
#9200 = ORIENTED_EDGE('',*,*,#8880,.F.);
#9201 = ORIENTED_EDGE('',*,*,#8994,.T.);
#9202 = ADVANCED_FACE('',(#9203,#9457,#9460),#4936,.T.);
#9203 = FACE_BOUND('',#9204,.T.);
#9204 = EDGE_LOOP('',(#9205,#9206,#9207,#9287,#9316,#9394,#9395,#9414,
    #9415,#9436,#9455,#9456));
#9205 = ORIENTED_EDGE('',*,*,#7117,.F.);
#9206 = ORIENTED_EDGE('',*,*,#5442,.F.);
#9207 = ORIENTED_EDGE('',*,*,#9208,.T.);
#9208 = EDGE_CURVE('',#5179,#9209,#9211,.T.);
#9209 = VERTEX_POINT('',#9210);
#9210 = CARTESIAN_POINT('',(16.135005775844,126.3203555826,16.));
#9211 = SURFACE_CURVE('',#9212,(#9235,#9261),.PCURVE_S1.);
#9212 = B_SPLINE_CURVE_WITH_KNOTS('',6,(#9213,#9214,#9215,#9216,#9217,
    #9218,#9219,#9220,#9221,#9222,#9223,#9224,#9225,#9226,#9227,#9228,
    #9229,#9230,#9231,#9232,#9233,#9234),.UNSPECIFIED.,.F.,.F.,(7,5,5,5,
    7),(0.,0.250999936406,0.499999999388,0.74999999989,1.),
  .UNSPECIFIED.);
#9213 = CARTESIAN_POINT('',(9.009145698549,133.4462156599,16.));
#9214 = CARTESIAN_POINT('',(9.477390094851,133.4462156599,16.));
#9215 = CARTESIAN_POINT('',(9.945662104782,133.40929325693,16.));
#9216 = CARTESIAN_POINT('',(10.410261402143,133.3354406657,16.));
#9217 = CARTESIAN_POINT('',(10.867584690598,133.2251586569,16.));
#9218 = CARTESIAN_POINT('',(11.314112730902,133.07936895407,16.));
#9219 = CARTESIAN_POINT('',(12.175307008404,132.72106471129,16.));
#9220 = CARTESIAN_POINT('',(12.590248330262,132.509070445,16.));
#9221 = CARTESIAN_POINT('',(12.987918688002,132.26489785453,16.));
#9222 = CARTESIAN_POINT('',(13.365255804713,131.99034609878,16.));
#9223 = CARTESIAN_POINT('',(13.719428957241,131.68756028804,16.));
#9224 = CARTESIAN_POINT('',(14.377669440605,131.02931980467,16.));
#9225 = CARTESIAN_POINT('',(14.681567888871,130.67362046121,16.));
#9226 = CARTESIAN_POINT('',(14.956994524764,130.29458110152,16.));
#9227 = CARTESIAN_POINT('',(15.201780020497,129.89506798509,16.));
#9228 = CARTESIAN_POINT('',(15.414106465863,129.47818218447,16.));
#9229 = CARTESIAN_POINT('',(15.77105750708,128.6164261445,16.));
#9230 = CARTESIAN_POINT('',(15.915702810676,128.17150590778,16.));
#9231 = CARTESIAN_POINT('',(16.025111759922,127.71591799763,16.));
#9232 = CARTESIAN_POINT('',(16.098376971204,127.25314065195,16.));
#9233 = CARTESIAN_POINT('',(16.135005775844,126.78673458184,16.));
#9234 = CARTESIAN_POINT('',(16.135005775844,126.3203555826,16.));
#9235 = PCURVE('',#4936,#9236);
#9236 = DEFINITIONAL_REPRESENTATION('',(#9237),#9260);
#9237 = B_SPLINE_CURVE_WITH_KNOTS('',6,(#9238,#9239,#9240,#9241,#9242,
    #9243,#9244,#9245,#9246,#9247,#9248,#9249,#9250,#9251,#9252,#9253,
    #9254,#9255,#9256,#9257,#9258,#9259),.UNSPECIFIED.,.F.,.F.,(7,5,5,5,
    7),(0.,0.250999936406,0.499999999388,0.74999999989,1.),
  .UNSPECIFIED.);
#9238 = CARTESIAN_POINT('',(32.009145698549,63.446215659901));
#9239 = CARTESIAN_POINT('',(32.477390094851,63.446215659901));
#9240 = CARTESIAN_POINT('',(32.945662104782,63.409293256933));
#9241 = CARTESIAN_POINT('',(33.410261402143,63.335440665701));
#9242 = CARTESIAN_POINT('',(33.867584690598,63.225158656909));
#9243 = CARTESIAN_POINT('',(34.314112730902,63.079368954079));
#9244 = CARTESIAN_POINT('',(35.175307008404,62.721064711295));
#9245 = CARTESIAN_POINT('',(35.590248330262,62.509070445004));
#9246 = CARTESIAN_POINT('',(35.987918688002,62.264897854532));
#9247 = CARTESIAN_POINT('',(36.365255804713,61.990346098787));
#9248 = CARTESIAN_POINT('',(36.719428957241,61.68756028804));
#9249 = CARTESIAN_POINT('',(37.377669440605,61.029319804676));
#9250 = CARTESIAN_POINT('',(37.681567888871,60.673620461219));
#9251 = CARTESIAN_POINT('',(37.956994524764,60.294581101527));
#9252 = CARTESIAN_POINT('',(38.201780020497,59.895067985099));
#9253 = CARTESIAN_POINT('',(38.414106465863,59.478182184478));
#9254 = CARTESIAN_POINT('',(38.77105750708,58.616426144505));
#9255 = CARTESIAN_POINT('',(38.915702810676,58.171505907786));
#9256 = CARTESIAN_POINT('',(39.025111759922,57.715917997634));
#9257 = CARTESIAN_POINT('',(39.098376971204,57.253140651958));
#9258 = CARTESIAN_POINT('',(39.135005775844,56.786734581841));
#9259 = CARTESIAN_POINT('',(39.135005775844,56.320355582606));
#9260 = ( GEOMETRIC_REPRESENTATION_CONTEXT(2) 
PARAMETRIC_REPRESENTATION_CONTEXT() REPRESENTATION_CONTEXT('2D SPACE',''
  ) );
#9261 = PCURVE('',#5336,#9262);
#9262 = DEFINITIONAL_REPRESENTATION('',(#9263),#9286);
#9263 = B_SPLINE_CURVE_WITH_KNOTS('',6,(#9264,#9265,#9266,#9267,#9268,
    #9269,#9270,#9271,#9272,#9273,#9274,#9275,#9276,#9277,#9278,#9279,
    #9280,#9281,#9282,#9283,#9284,#9285),.UNSPECIFIED.,.F.,.F.,(7,5,5,5,
    7),(0.,0.250999936406,0.499999999388,0.74999999989,1.),
  .UNSPECIFIED.);
#9264 = CARTESIAN_POINT('',(6.,0.385290804161));
#9265 = CARTESIAN_POINT('',(5.958167345731,0.385290804161));
#9266 = CARTESIAN_POINT('',(5.9163322519,0.385290804161));
#9267 = CARTESIAN_POINT('',(5.874500000799,0.385290804161));
#9268 = CARTESIAN_POINT('',(5.832667753079,0.385290804161));
#9269 = CARTESIAN_POINT('',(5.790832654736,0.385290804161));
#9270 = CARTESIAN_POINT('',(5.707500652178,0.385290804161));
#9271 = CARTESIAN_POINT('',(5.665998956985,0.385290804161));
#9272 = CARTESIAN_POINT('',(5.624500002611,0.385290804161));
#9273 = CARTESIAN_POINT('',(5.583001046561,0.385290804161));
#9274 = CARTESIAN_POINT('',(5.541499349144,0.385290804161));
#9275 = CARTESIAN_POINT('',(5.458333997258,0.385290804161));
#9276 = CARTESIAN_POINT('',(5.416665599148,0.385290804161));
#9277 = CARTESIAN_POINT('',(5.374999997384,0.385290804161));
#9278 = CARTESIAN_POINT('',(5.333334397317,0.385290804161));
#9279 = CARTESIAN_POINT('',(5.291666001433,0.385290804161));
#9280 = CARTESIAN_POINT('',(5.208333998632,0.385290804161));
#9281 = CARTESIAN_POINT('',(5.166665601499,0.385290804161));
#9282 = CARTESIAN_POINT('',(5.124999999149,0.385290804161));
#9283 = CARTESIAN_POINT('',(5.083334393514,0.385290804161));
#9284 = CARTESIAN_POINT('',(5.041666000891,0.385290804161));
#9285 = CARTESIAN_POINT('',(5.,0.385290804161));
#9286 = ( GEOMETRIC_REPRESENTATION_CONTEXT(2) 
PARAMETRIC_REPRESENTATION_CONTEXT() REPRESENTATION_CONTEXT('2D SPACE',''
  ) );
#9287 = ORIENTED_EDGE('',*,*,#9288,.T.);
#9288 = EDGE_CURVE('',#9209,#9289,#9291,.T.);
#9289 = VERTEX_POINT('',#9290);
#9290 = CARTESIAN_POINT('',(16.135005775844,81.976204108213,16.));
#9291 = SURFACE_CURVE('',#9292,(#9298,#9307),.PCURVE_S1.);
#9292 = B_SPLINE_CURVE_WITH_KNOTS('',4,(#9293,#9294,#9295,#9296,#9297),
  .UNSPECIFIED.,.F.,.F.,(5,5),(0.,1.),.PIECEWISE_BEZIER_KNOTS.);
#9293 = CARTESIAN_POINT('',(16.135005775844,126.3203555826,16.));
#9294 = CARTESIAN_POINT('',(16.135005775844,115.234317714,16.));
#9295 = CARTESIAN_POINT('',(16.135005775844,104.1482798454,16.));
#9296 = CARTESIAN_POINT('',(16.135005775844,93.062241976812,16.));
#9297 = CARTESIAN_POINT('',(16.135005775844,81.976204108213,16.));
#9298 = PCURVE('',#4936,#9299);
#9299 = DEFINITIONAL_REPRESENTATION('',(#9300),#9306);
#9300 = B_SPLINE_CURVE_WITH_KNOTS('',4,(#9301,#9302,#9303,#9304,#9305),
  .UNSPECIFIED.,.F.,.F.,(5,5),(0.,1.),.PIECEWISE_BEZIER_KNOTS.);
#9301 = CARTESIAN_POINT('',(39.135005775844,56.320355582606));
#9302 = CARTESIAN_POINT('',(39.135005775844,45.234317714008));
#9303 = CARTESIAN_POINT('',(39.135005775844,34.148279845409));
#9304 = CARTESIAN_POINT('',(39.135005775844,23.062241976812));
#9305 = CARTESIAN_POINT('',(39.135005775844,11.976204108213));
#9306 = ( GEOMETRIC_REPRESENTATION_CONTEXT(2) 
PARAMETRIC_REPRESENTATION_CONTEXT() REPRESENTATION_CONTEXT('2D SPACE',''
  ) );
#9307 = PCURVE('',#5141,#9308);
#9308 = DEFINITIONAL_REPRESENTATION('',(#9309),#9315);
#9309 = B_SPLINE_CURVE_WITH_KNOTS('',4,(#9310,#9311,#9312,#9313,#9314),
  .UNSPECIFIED.,.F.,.F.,(5,5),(0.,1.),.PIECEWISE_BEZIER_KNOTS.);
#9310 = CARTESIAN_POINT('',(5.,0.385290804161));
#9311 = CARTESIAN_POINT('',(4.75,0.385290804161));
#9312 = CARTESIAN_POINT('',(4.5,0.385290804161));
#9313 = CARTESIAN_POINT('',(4.25,0.385290804161));
#9314 = CARTESIAN_POINT('',(4.,0.385290804161));
#9315 = ( GEOMETRIC_REPRESENTATION_CONTEXT(2) 
PARAMETRIC_REPRESENTATION_CONTEXT() REPRESENTATION_CONTEXT('2D SPACE',''
  ) );
#9316 = ORIENTED_EDGE('',*,*,#9317,.T.);
#9317 = EDGE_CURVE('',#9289,#4922,#9318,.T.);
#9318 = SURFACE_CURVE('',#9319,(#9342,#9368),.PCURVE_S1.);
#9319 = B_SPLINE_CURVE_WITH_KNOTS('',6,(#9320,#9321,#9322,#9323,#9324,
    #9325,#9326,#9327,#9328,#9329,#9330,#9331,#9332,#9333,#9334,#9335,
    #9336,#9337,#9338,#9339,#9340,#9341),.UNSPECIFIED.,.F.,.F.,(7,5,5,5,
    7),(0.,0.250999936406,0.499999999387,0.74999999989,1.),
  .UNSPECIFIED.);
#9320 = CARTESIAN_POINT('',(16.135005775844,81.976204108213,16.));
#9321 = CARTESIAN_POINT('',(16.135005775844,81.507959711911,16.));
#9322 = CARTESIAN_POINT('',(16.098083372876,81.039687701981,16.));
#9323 = CARTESIAN_POINT('',(16.024230781644,80.575088404619,16.));
#9324 = CARTESIAN_POINT('',(15.913948772852,80.117765116164,16.));
#9325 = CARTESIAN_POINT('',(15.768159070022,79.671237075861,16.));
#9326 = CARTESIAN_POINT('',(15.409854827238,78.81004279836,16.));
#9327 = CARTESIAN_POINT('',(15.197860560947,78.395101476501,16.));
#9328 = CARTESIAN_POINT('',(14.953687970476,77.997431118761,16.));
#9329 = CARTESIAN_POINT('',(14.679136214732,77.62009400205,16.));
#9330 = CARTESIAN_POINT('',(14.376350403984,77.265920849522,16.));
#9331 = CARTESIAN_POINT('',(13.718109920621,76.607680366159,16.));
#9332 = CARTESIAN_POINT('',(13.362410577164,76.303781917893,16.));
#9333 = CARTESIAN_POINT('',(12.983371217472,76.028355282,16.));
#9334 = CARTESIAN_POINT('',(12.583858101045,75.783569786267,16.));
#9335 = CARTESIAN_POINT('',(12.166972300424,75.571243340901,16.));
#9336 = CARTESIAN_POINT('',(11.30521626045,75.214292299683,16.));
#9337 = CARTESIAN_POINT('',(10.860296023731,75.069646996087,16.));
#9338 = CARTESIAN_POINT('',(10.404708113579,74.96023804684,16.));
#9339 = CARTESIAN_POINT('',(9.941930767902,74.886972835558,16.));
#9340 = CARTESIAN_POINT('',(9.475524697784,74.850344030918,16.));
#9341 = CARTESIAN_POINT('',(9.009145698549,74.850344030918,16.));
#9342 = PCURVE('',#4936,#9343);
#9343 = DEFINITIONAL_REPRESENTATION('',(#9344),#9367);
#9344 = B_SPLINE_CURVE_WITH_KNOTS('',6,(#9345,#9346,#9347,#9348,#9349,
    #9350,#9351,#9352,#9353,#9354,#9355,#9356,#9357,#9358,#9359,#9360,
    #9361,#9362,#9363,#9364,#9365,#9366),.UNSPECIFIED.,.F.,.F.,(7,5,5,5,
    7),(0.,0.250999936406,0.499999999387,0.74999999989,1.),
  .UNSPECIFIED.);
#9345 = CARTESIAN_POINT('',(39.135005775844,11.976204108213));
#9346 = CARTESIAN_POINT('',(39.135005775844,11.507959711911));
#9347 = CARTESIAN_POINT('',(39.098083372876,11.039687701981));
#9348 = CARTESIAN_POINT('',(39.024230781644,10.575088404619));
#9349 = CARTESIAN_POINT('',(38.913948772852,10.117765116164));
#9350 = CARTESIAN_POINT('',(38.768159070022,9.671237075861));
#9351 = CARTESIAN_POINT('',(38.409854827238,8.81004279836));
#9352 = CARTESIAN_POINT('',(38.197860560947,8.395101476501));
#9353 = CARTESIAN_POINT('',(37.953687970476,7.997431118761));
#9354 = CARTESIAN_POINT('',(37.679136214732,7.62009400205));
#9355 = CARTESIAN_POINT('',(37.376350403984,7.265920849522));
#9356 = CARTESIAN_POINT('',(36.718109920621,6.607680366159));
#9357 = CARTESIAN_POINT('',(36.362410577164,6.303781917893));
#9358 = CARTESIAN_POINT('',(35.983371217472,6.028355282));
#9359 = CARTESIAN_POINT('',(35.583858101045,5.783569786267));
#9360 = CARTESIAN_POINT('',(35.166972300424,5.571243340901));
#9361 = CARTESIAN_POINT('',(34.30521626045,5.214292299683));
#9362 = CARTESIAN_POINT('',(33.860296023731,5.069646996087));
#9363 = CARTESIAN_POINT('',(33.404708113579,4.96023804684));
#9364 = CARTESIAN_POINT('',(32.941930767902,4.886972835558));
#9365 = CARTESIAN_POINT('',(32.475524697784,4.850344030918));
#9366 = CARTESIAN_POINT('',(32.009145698549,4.850344030918));
#9367 = ( GEOMETRIC_REPRESENTATION_CONTEXT(2) 
PARAMETRIC_REPRESENTATION_CONTEXT() REPRESENTATION_CONTEXT('2D SPACE',''
  ) );
#9368 = PCURVE('',#5045,#9369);
#9369 = DEFINITIONAL_REPRESENTATION('',(#9370),#9393);
#9370 = B_SPLINE_CURVE_WITH_KNOTS('',6,(#9371,#9372,#9373,#9374,#9375,
    #9376,#9377,#9378,#9379,#9380,#9381,#9382,#9383,#9384,#9385,#9386,
    #9387,#9388,#9389,#9390,#9391,#9392),.UNSPECIFIED.,.F.,.F.,(7,5,5,5,
    7),(0.,0.250999936406,0.499999999387,0.74999999989,1.),
  .UNSPECIFIED.);
#9371 = CARTESIAN_POINT('',(4.,0.385290804161));
#9372 = CARTESIAN_POINT('',(3.958167345731,0.385290804161));
#9373 = CARTESIAN_POINT('',(3.9163322519,0.385290804161));
#9374 = CARTESIAN_POINT('',(3.874500000799,0.385290804161));
#9375 = CARTESIAN_POINT('',(3.832667753079,0.385290804161));
#9376 = CARTESIAN_POINT('',(3.790832654736,0.385290804161));
#9377 = CARTESIAN_POINT('',(3.707500652179,0.385290804161));
#9378 = CARTESIAN_POINT('',(3.665998956985,0.385290804161));
#9379 = CARTESIAN_POINT('',(3.624500002612,0.385290804161));
#9380 = CARTESIAN_POINT('',(3.583001046561,0.385290804161));
#9381 = CARTESIAN_POINT('',(3.541499349145,0.385290804161));
#9382 = CARTESIAN_POINT('',(3.458333997258,0.385290804161));
#9383 = CARTESIAN_POINT('',(3.416665599148,0.385290804161));
#9384 = CARTESIAN_POINT('',(3.374999997384,0.385290804161));
#9385 = CARTESIAN_POINT('',(3.333334397317,0.385290804161));
#9386 = CARTESIAN_POINT('',(3.291666001433,0.385290804161));
#9387 = CARTESIAN_POINT('',(3.208333998632,0.385290804161));
#9388 = CARTESIAN_POINT('',(3.166665601499,0.385290804161));
#9389 = CARTESIAN_POINT('',(3.124999999149,0.385290804161));
#9390 = CARTESIAN_POINT('',(3.083334393514,0.385290804161));
#9391 = CARTESIAN_POINT('',(3.041666000891,0.385290804161));
#9392 = CARTESIAN_POINT('',(3.,0.385290804161));
#9393 = ( GEOMETRIC_REPRESENTATION_CONTEXT(2) 
PARAMETRIC_REPRESENTATION_CONTEXT() REPRESENTATION_CONTEXT('2D SPACE',''
  ) );
#9394 = ORIENTED_EDGE('',*,*,#4921,.F.);
#9395 = ORIENTED_EDGE('',*,*,#9396,.T.);
#9396 = EDGE_CURVE('',#4898,#8439,#9397,.T.);
#9397 = SURFACE_CURVE('',#9398,(#9402,#9408),.PCURVE_S1.);
#9398 = LINE('',#9399,#9400);
#9399 = CARTESIAN_POINT('',(-11.5,76.,16.));
#9400 = VECTOR('',#9401,1.);
#9401 = DIRECTION('',(1.,0.,0.));
#9402 = PCURVE('',#4936,#9403);
#9403 = DEFINITIONAL_REPRESENTATION('',(#9404),#9407);
#9404 = B_SPLINE_CURVE_WITH_KNOTS('',1,(#9405,#9406),.UNSPECIFIED.,.F.,
  .F.,(2,2),(-10.5,33.5),.PIECEWISE_BEZIER_KNOTS.);
#9405 = CARTESIAN_POINT('',(1.,6.));
#9406 = CARTESIAN_POINT('',(45.,6.));
#9407 = ( GEOMETRIC_REPRESENTATION_CONTEXT(2) 
PARAMETRIC_REPRESENTATION_CONTEXT() REPRESENTATION_CONTEXT('2D SPACE',''
  ) );
#9408 = PCURVE('',#4862,#9409);
#9409 = DEFINITIONAL_REPRESENTATION('',(#9410),#9413);
#9410 = B_SPLINE_CURVE_WITH_KNOTS('',1,(#9411,#9412),.UNSPECIFIED.,.F.,
  .F.,(2,2),(-10.5,33.5),.PIECEWISE_BEZIER_KNOTS.);
#9411 = CARTESIAN_POINT('',(-22.,6.));
#9412 = CARTESIAN_POINT('',(22.,6.));
#9413 = ( GEOMETRIC_REPRESENTATION_CONTEXT(2) 
PARAMETRIC_REPRESENTATION_CONTEXT() REPRESENTATION_CONTEXT('2D SPACE',''
  ) );
#9414 = ORIENTED_EDGE('',*,*,#8459,.F.);
#9415 = ORIENTED_EDGE('',*,*,#9416,.T.);
#9416 = EDGE_CURVE('',#8385,#9417,#9419,.T.);
#9417 = VERTEX_POINT('',#9418);
#9418 = CARTESIAN_POINT('',(21.166010488517,76.,16.));
#9419 = SURFACE_CURVE('',#9420,(#9424,#9430),.PCURVE_S1.);
#9420 = LINE('',#9421,#9422);
#9421 = CARTESIAN_POINT('',(-11.5,76.,16.));
#9422 = VECTOR('',#9423,1.);
#9423 = DIRECTION('',(1.,0.,0.));
#9424 = PCURVE('',#4936,#9425);
#9425 = DEFINITIONAL_REPRESENTATION('',(#9426),#9429);
#9426 = B_SPLINE_CURVE_WITH_KNOTS('',1,(#9427,#9428),.UNSPECIFIED.,.F.,
  .F.,(2,2),(-10.5,33.5),.PIECEWISE_BEZIER_KNOTS.);
#9427 = CARTESIAN_POINT('',(1.,6.));
#9428 = CARTESIAN_POINT('',(45.,6.));
#9429 = ( GEOMETRIC_REPRESENTATION_CONTEXT(2) 
PARAMETRIC_REPRESENTATION_CONTEXT() REPRESENTATION_CONTEXT('2D SPACE',''
  ) );
#9430 = PCURVE('',#4862,#9431);
#9431 = DEFINITIONAL_REPRESENTATION('',(#9432),#9435);
#9432 = B_SPLINE_CURVE_WITH_KNOTS('',1,(#9433,#9434),.UNSPECIFIED.,.F.,
  .F.,(2,2),(-10.5,33.5),.PIECEWISE_BEZIER_KNOTS.);
#9433 = CARTESIAN_POINT('',(-22.,6.));
#9434 = CARTESIAN_POINT('',(22.,6.));
#9435 = ( GEOMETRIC_REPRESENTATION_CONTEXT(2) 
PARAMETRIC_REPRESENTATION_CONTEXT() REPRESENTATION_CONTEXT('2D SPACE',''
  ) );
#9436 = ORIENTED_EDGE('',*,*,#9437,.F.);
#9437 = EDGE_CURVE('',#6979,#9417,#9438,.T.);
#9438 = SURFACE_CURVE('',#9439,(#9443,#9449),.PCURVE_S1.);
#9439 = LINE('',#9440,#9441);
#9440 = CARTESIAN_POINT('',(21.166010488517,70.,16.));
#9441 = VECTOR('',#9442,1.);
#9442 = DIRECTION('',(0.,1.,1.110223024625E-16));
#9443 = PCURVE('',#4936,#9444);
#9444 = DEFINITIONAL_REPRESENTATION('',(#9445),#9448);
#9445 = B_SPLINE_CURVE_WITH_KNOTS('',1,(#9446,#9447),.UNSPECIFIED.,.F.,
  .F.,(2,2),(-6.000000070117E-07,6.0000006),.PIECEWISE_BEZIER_KNOTS.);
#9446 = CARTESIAN_POINT('',(44.166010488517,-6.000000070117E-07));
#9447 = CARTESIAN_POINT('',(44.166010488517,6.0000006));
#9448 = ( GEOMETRIC_REPRESENTATION_CONTEXT(2) 
PARAMETRIC_REPRESENTATION_CONTEXT() REPRESENTATION_CONTEXT('2D SPACE',''
  ) );
#9449 = PCURVE('',#6995,#9450);
#9450 = DEFINITIONAL_REPRESENTATION('',(#9451),#9454);
#9451 = B_SPLINE_CURVE_WITH_KNOTS('',1,(#9452,#9453),.UNSPECIFIED.,.F.,
  .F.,(2,2),(-6.000000070117E-07,6.0000006),.PIECEWISE_BEZIER_KNOTS.);
#9452 = CARTESIAN_POINT('',(6.559411937943,-6.000000076778E-07));
#9453 = CARTESIAN_POINT('',(6.559411937943,6.0000006));
#9454 = ( GEOMETRIC_REPRESENTATION_CONTEXT(2) 
PARAMETRIC_REPRESENTATION_CONTEXT() REPRESENTATION_CONTEXT('2D SPACE',''
  ) );
#9455 = ORIENTED_EDGE('',*,*,#7007,.T.);
#9456 = ORIENTED_EDGE('',*,*,#7091,.T.);
#9457 = FACE_BOUND('',#9458,.T.);
#9458 = EDGE_LOOP('',(#9459));
#9459 = ORIENTED_EDGE('',*,*,#8607,.F.);
#9460 = FACE_BOUND('',#9461,.T.);
#9461 = EDGE_LOOP('',(#9462));
#9462 = ORIENTED_EDGE('',*,*,#8657,.F.);
#9463 = ADVANCED_FACE('',(#9464),#5336,.T.);
#9464 = FACE_BOUND('',#9465,.T.);
#9465 = EDGE_LOOP('',(#9466,#9487,#9488));
#9466 = ORIENTED_EDGE('',*,*,#9467,.F.);
#9467 = EDGE_CURVE('',#9209,#5122,#9468,.T.);
#9468 = SURFACE_CURVE('',#9469,(#9473,#9480),.PCURVE_S1.);
#9469 = B_SPLINE_CURVE_WITH_KNOTS('',2,(#9470,#9471,#9472),
  .UNSPECIFIED.,.F.,.F.,(3,3),(0.,1.),.PIECEWISE_BEZIER_KNOTS.);
#9470 = CARTESIAN_POINT('',(14.,125.6,12.));
#9471 = CARTESIAN_POINT('',(17.91179400264,128.56235925761,
    17.310527867443));
#9472 = CARTESIAN_POINT('',(15.9,121.,22.));
#9473 = PCURVE('',#5336,#9474);
#9474 = DEFINITIONAL_REPRESENTATION('',(#9475),#9479);
#9475 = LINE('',#9476,#9477);
#9476 = CARTESIAN_POINT('',(5.,0.));
#9477 = VECTOR('',#9478,1.);
#9478 = DIRECTION('',(0.,1.));
#9479 = ( GEOMETRIC_REPRESENTATION_CONTEXT(2) 
PARAMETRIC_REPRESENTATION_CONTEXT() REPRESENTATION_CONTEXT('2D SPACE',''
  ) );
#9480 = PCURVE('',#5141,#9481);
#9481 = DEFINITIONAL_REPRESENTATION('',(#9482),#9486);
#9482 = LINE('',#9483,#9484);
#9483 = CARTESIAN_POINT('',(5.,0.));
#9484 = VECTOR('',#9485,1.);
#9485 = DIRECTION('',(0.,1.));
#9486 = ( GEOMETRIC_REPRESENTATION_CONTEXT(2) 
PARAMETRIC_REPRESENTATION_CONTEXT() REPRESENTATION_CONTEXT('2D SPACE',''
  ) );
#9487 = ORIENTED_EDGE('',*,*,#9208,.F.);
#9488 = ORIENTED_EDGE('',*,*,#5178,.T.);
#9489 = ADVANCED_FACE('',(#9490,#9516),#5141,.T.);
#9490 = FACE_BOUND('',#9491,.T.);
#9491 = EDGE_LOOP('',(#9492,#9513,#9514,#9515));
#9492 = ORIENTED_EDGE('',*,*,#9493,.F.);
#9493 = EDGE_CURVE('',#9289,#4948,#9494,.T.);
#9494 = SURFACE_CURVE('',#9495,(#9499,#9506),.PCURVE_S1.);
#9495 = B_SPLINE_CURVE_WITH_KNOTS('',2,(#9496,#9497,#9498),
  .UNSPECIFIED.,.F.,.F.,(3,3),(0.,1.),.PIECEWISE_BEZIER_KNOTS.);
#9496 = CARTESIAN_POINT('',(14.,78.4,12.));
#9497 = CARTESIAN_POINT('',(17.91179400264,82.627810852953,
    17.310527867443));
#9498 = CARTESIAN_POINT('',(15.9,89.,22.));
#9499 = PCURVE('',#5141,#9500);
#9500 = DEFINITIONAL_REPRESENTATION('',(#9501),#9505);
#9501 = LINE('',#9502,#9503);
#9502 = CARTESIAN_POINT('',(4.,0.));
#9503 = VECTOR('',#9504,1.);
#9504 = DIRECTION('',(0.,1.));
#9505 = ( GEOMETRIC_REPRESENTATION_CONTEXT(2) 
PARAMETRIC_REPRESENTATION_CONTEXT() REPRESENTATION_CONTEXT('2D SPACE',''
  ) );
#9506 = PCURVE('',#5045,#9507);
#9507 = DEFINITIONAL_REPRESENTATION('',(#9508),#9512);
#9508 = LINE('',#9509,#9510);
#9509 = CARTESIAN_POINT('',(4.,0.));
#9510 = VECTOR('',#9511,1.);
#9511 = DIRECTION('',(0.,1.));
#9512 = ( GEOMETRIC_REPRESENTATION_CONTEXT(2) 
PARAMETRIC_REPRESENTATION_CONTEXT() REPRESENTATION_CONTEXT('2D SPACE',''
  ) );
#9513 = ORIENTED_EDGE('',*,*,#9288,.F.);
#9514 = ORIENTED_EDGE('',*,*,#9467,.T.);
#9515 = ORIENTED_EDGE('',*,*,#5121,.T.);
#9516 = FACE_BOUND('',#9517,.T.);
#9517 = EDGE_LOOP('',(#9518,#9554));
#9518 = ORIENTED_EDGE('',*,*,#9519,.F.);
#9519 = EDGE_CURVE('',#9520,#9522,#9524,.T.);
#9520 = VERTEX_POINT('',#9521);
#9521 = CARTESIAN_POINT('',(16.4,102.57445626465,17.));
#9522 = VERTEX_POINT('',#9523);
#9523 = CARTESIAN_POINT('',(16.4,101.42554373534,17.));
#9524 = SURFACE_CURVE('',#9525,(#9531,#9540),.PCURVE_S1.);
#9525 = B_SPLINE_CURVE_WITH_KNOTS('',4,(#9526,#9527,#9528,#9529,#9530),
  .UNSPECIFIED.,.F.,.F.,(5,5),(0.,1.),.PIECEWISE_BEZIER_KNOTS.);
#9526 = CARTESIAN_POINT('',(16.4,103.7,17.));
#9527 = CARTESIAN_POINT('',(16.4,102.85,17.));
#9528 = CARTESIAN_POINT('',(16.4,102.,17.));
#9529 = CARTESIAN_POINT('',(16.4,101.15,17.));
#9530 = CARTESIAN_POINT('',(16.4,100.3,17.));
#9531 = PCURVE('',#5141,#9532);
#9532 = DEFINITIONAL_REPRESENTATION('',(#9533),#9539);
#9533 = B_SPLINE_CURVE_WITH_KNOTS('',4,(#9534,#9535,#9536,#9537,#9538),
  .UNSPECIFIED.,.F.,.F.,(5,5),(0.,1.),.PIECEWISE_BEZIER_KNOTS.);
#9534 = CARTESIAN_POINT('',(4.481395348837,0.484488549545));
#9535 = CARTESIAN_POINT('',(4.461627906977,0.484488549545));
#9536 = CARTESIAN_POINT('',(4.441860465116,0.484488549545));
#9537 = CARTESIAN_POINT('',(4.422093023256,0.484488549545));
#9538 = CARTESIAN_POINT('',(4.402325581395,0.484488549545));
#9539 = ( GEOMETRIC_REPRESENTATION_CONTEXT(2) 
PARAMETRIC_REPRESENTATION_CONTEXT() REPRESENTATION_CONTEXT('2D SPACE',''
  ) );
#9540 = PCURVE('',#9541,#9546);
#9541 = PLANE('',#9542);
#9542 = AXIS2_PLACEMENT_3D('',#9543,#9544,#9545);
#9543 = CARTESIAN_POINT('',(18.,102.,17.));
#9544 = DIRECTION('',(0.,0.,1.));
#9545 = DIRECTION('',(1.,0.,-0.));
#9546 = DEFINITIONAL_REPRESENTATION('',(#9547),#9553);
#9547 = B_SPLINE_CURVE_WITH_KNOTS('',4,(#9548,#9549,#9550,#9551,#9552),
  .UNSPECIFIED.,.F.,.F.,(5,5),(0.,1.),.PIECEWISE_BEZIER_KNOTS.);
#9548 = CARTESIAN_POINT('',(-1.6,1.7));
#9549 = CARTESIAN_POINT('',(-1.6,0.85));
#9550 = CARTESIAN_POINT('',(-1.6,2.22044604925E-16));
#9551 = CARTESIAN_POINT('',(-1.6,-0.85));
#9552 = CARTESIAN_POINT('',(-1.6,-1.7));
#9553 = ( GEOMETRIC_REPRESENTATION_CONTEXT(2) 
PARAMETRIC_REPRESENTATION_CONTEXT() REPRESENTATION_CONTEXT('2D SPACE',''
  ) );
#9554 = ORIENTED_EDGE('',*,*,#9555,.T.);
#9555 = EDGE_CURVE('',#9520,#9522,#9556,.T.);
#9556 = SURFACE_CURVE('',#9557,(#9588,#9622),.PCURVE_S1.);
#9557 = B_SPLINE_CURVE_WITH_KNOTS('',8,(#9558,#9559,#9560,#9561,#9562,
    #9563,#9564,#9565,#9566,#9567,#9568,#9569,#9570,#9571,#9572,#9573,
    #9574,#9575,#9576,#9577,#9578,#9579,#9580,#9581,#9582,#9583,#9584,
    #9585,#9586,#9587),.UNSPECIFIED.,.F.,.F.,(9,7,7,7,9),(0.,
    0.307220505688,0.597374265835,0.82605338048,1.),.UNSPECIFIED.);
#9558 = CARTESIAN_POINT('',(16.400000124786,102.57445661221,17.0000006)
  );
#9559 = CARTESIAN_POINT('',(16.390428493608,102.54779731651,
    16.953977812803));
#9560 = CARTESIAN_POINT('',(16.38076646573,102.51928961184,
    16.908863998631));
#9561 = CARTESIAN_POINT('',(16.371029978351,102.48863202913,
    16.864640237917));
#9562 = CARTESIAN_POINT('',(16.361273330024,102.45549298752,
    16.82147623375));
#9563 = CARTESIAN_POINT('',(16.351591729112,102.41954276122,
    16.779702370208));
#9564 = CARTESIAN_POINT('',(16.342147002932,102.38036056764,
    16.739880219384));
#9565 = CARTESIAN_POINT('',(16.333155622786,102.33754007726,
    16.702727729463));
#9566 = CARTESIAN_POINT('',(16.317222082949,102.24558734825,
    16.637933102926));
#9567 = CARTESIAN_POINT('',(16.31000156948,102.1958269057,
    16.609095733695));
#9568 = CARTESIAN_POINT('',(16.30390219334,102.14136764453,
    16.585185908459));
#9569 = CARTESIAN_POINT('',(16.29959951359,102.0829993667,
    16.568608511956));
#9570 = CARTESIAN_POINT('',(16.297704102147,102.02196596093,
    16.561348248877));
#9571 = CARTESIAN_POINT('',(16.298600901268,101.96013654088,
    16.564699567582));
#9572 = CARTESIAN_POINT('',(16.302048027608,101.90005546931,
    16.578069217911));
#9573 = CARTESIAN_POINT('',(16.311008189659,101.80203881338,
    16.613336509375));
#9574 = CARTESIAN_POINT('',(16.315989221742,101.76145144828,
    16.63306497123));
#9575 = CARTESIAN_POINT('',(16.321742139712,101.7234931319,
    16.656073747143));
#9576 = CARTESIAN_POINT('',(16.328039905796,101.68807545985,
    16.681585381724));
#9577 = CARTESIAN_POINT('',(16.334701631249,101.65503704981,
    16.708975930697));
#9578 = CARTESIAN_POINT('',(16.341598671557,101.62416582255,
    16.737794120314));
#9579 = CARTESIAN_POINT('',(16.348653523939,101.59521323085,
    16.767772549161));
#9580 = CARTESIAN_POINT('',(16.361291533409,101.54712473811,
    16.822455742886));
#9581 = CARTESIAN_POINT('',(16.366810539163,101.5273448875,
    16.846652095973));
#9582 = CARTESIAN_POINT('',(16.372362276393,101.5084728505,
    16.871333462758));
#9583 = CARTESIAN_POINT('',(16.377925559671,101.49043756049,
    16.896429842663));
#9584 = CARTESIAN_POINT('',(16.383483300336,101.47317861976,
    16.921884663826));
#9585 = CARTESIAN_POINT('',(16.389021770511,101.45664213345,
    16.947652762254));
#9586 = CARTESIAN_POINT('',(16.394530116956,101.44077867563,
    16.973699439662));
#9587 = CARTESIAN_POINT('',(16.400000124786,101.42554338778,17.0000006)
  );
#9588 = PCURVE('',#5141,#9589);
#9589 = DEFINITIONAL_REPRESENTATION('',(#9590),#9621);
#9590 = B_SPLINE_CURVE_WITH_KNOTS('',8,(#9591,#9592,#9593,#9594,#9595,
    #9596,#9597,#9598,#9599,#9600,#9601,#9602,#9603,#9604,#9605,#9606,
    #9607,#9608,#9609,#9610,#9611,#9612,#9613,#9614,#9615,#9616,#9617,
    #9618,#9619,#9620),.UNSPECIFIED.,.F.,.F.,(9,7,7,7,9),(0.,
    0.307220505688,0.597374265835,0.82605338048,1.),.UNSPECIFIED.);
#9591 = CARTESIAN_POINT('',(4.455219915932,0.48448860943));
#9592 = CARTESIAN_POINT('',(4.455005120575,0.479895180812));
#9593 = CARTESIAN_POINT('',(4.454743912331,0.47539546404));
#9594 = CARTESIAN_POINT('',(4.454429430185,0.470987358212));
#9595 = CARTESIAN_POINT('',(4.454052513017,0.466687597704));
#9596 = CARTESIAN_POINT('',(4.453602583754,0.462528873945));
#9597 = CARTESIAN_POINT('',(4.453064717523,0.458566754401));
#9598 = CARTESIAN_POINT('',(4.452422660451,0.454872177434));
#9599 = CARTESIAN_POINT('',(4.450912224136,0.448431467313));
#9600 = CARTESIAN_POINT('',(4.450040137179,0.44556635925));
#9601 = CARTESIAN_POINT('',(4.449017166348,0.443192027566));
#9602 = CARTESIAN_POINT('',(4.447837771443,0.441546621919));
#9603 = CARTESIAN_POINT('',(4.446509633433,0.440826115136));
#9604 = CARTESIAN_POINT('',(4.445060582882,0.441158465123));
#9605 = CARTESIAN_POINT('',(4.443553180849,0.442485728624));
#9606 = CARTESIAN_POINT('',(4.440960912212,0.44598828797));
#9607 = CARTESIAN_POINT('',(4.439836803102,0.447947948093));
#9608 = CARTESIAN_POINT('',(4.438740078981,0.450234049685));
#9609 = CARTESIAN_POINT('',(4.437676329103,0.45276969575));
#9610 = CARTESIAN_POINT('',(4.43664808009,0.455493158739));
#9611 = CARTESIAN_POINT('',(4.435655023914,0.458359770229));
#9612 = CARTESIAN_POINT('',(4.434694191645,0.461343075665));
#9613 = CARTESIAN_POINT('',(4.433049528068,0.466787344773));
#9614 = CARTESIAN_POINT('',(4.432356046791,0.469197120162));
#9615 = CARTESIAN_POINT('',(4.431678506209,0.471656032582));
#9616 = CARTESIAN_POINT('',(4.431016008396,0.474157166328));
#9617 = CARTESIAN_POINT('',(4.430367765295,0.476694932036));
#9618 = CARTESIAN_POINT('',(4.429733022484,0.479264868365));
#9619 = CARTESIAN_POINT('',(4.42911102185,0.481863551064));
#9620 = CARTESIAN_POINT('',(4.428501003185,0.48448860943));
#9621 = ( GEOMETRIC_REPRESENTATION_CONTEXT(2) 
PARAMETRIC_REPRESENTATION_CONTEXT() REPRESENTATION_CONTEXT('2D SPACE',''
  ) );
#9622 = PCURVE('',#9623,#9628);
#9623 = CYLINDRICAL_SURFACE('',#9624,1.7);
#9624 = AXIS2_PLACEMENT_3D('',#9625,#9626,#9627);
#9625 = CARTESIAN_POINT('',(18.,102.,11.));
#9626 = DIRECTION('',(0.,0.,1.));
#9627 = DIRECTION('',(1.,0.,-0.));
#9628 = DEFINITIONAL_REPRESENTATION('',(#9629),#9660);
#9629 = B_SPLINE_CURVE_WITH_KNOTS('',8,(#9630,#9631,#9632,#9633,#9634,
    #9635,#9636,#9637,#9638,#9639,#9640,#9641,#9642,#9643,#9644,#9645,
    #9646,#9647,#9648,#9649,#9650,#9651,#9652,#9653,#9654,#9655,#9656,
    #9657,#9658,#9659),.UNSPECIFIED.,.F.,.F.,(9,7,7,7,9),(0.,
    0.307220505688,0.597374265835,0.82605338048,1.),.UNSPECIFIED.);
#9630 = CARTESIAN_POINT('',(2.796891256567,6.0000006));
#9631 = CARTESIAN_POINT('',(2.813553317677,5.953977812803));
#9632 = CARTESIAN_POINT('',(2.831256709045,5.908863998631));
#9633 = CARTESIAN_POINT('',(2.850172052222,5.864640237917));
#9634 = CARTESIAN_POINT('',(2.870483473283,5.82147623375));
#9635 = CARTESIAN_POINT('',(2.892370161571,5.779702370208));
#9636 = CARTESIAN_POINT('',(2.916062830086,5.739880219384));
#9637 = CARTESIAN_POINT('',(2.941784552519,5.702727729463));
#9638 = CARTESIAN_POINT('',(2.99668043404,5.637933102926));
#9639 = CARTESIAN_POINT('',(3.026246731053,5.609095733695));
#9640 = CARTESIAN_POINT('',(3.058452311994,5.585185908459));
#9641 = CARTESIAN_POINT('',(3.092828812744,5.568608511956));
#9642 = CARTESIAN_POINT('',(3.128677055428,5.561348248877));
#9643 = CARTESIAN_POINT('',(3.164995599296,5.564699567582));
#9644 = CARTESIAN_POINT('',(3.20037531943,5.578069217911));
#9645 = CARTESIAN_POINT('',(3.2582725836,5.613336509375));
#9646 = CARTESIAN_POINT('',(3.282315059855,5.63306497123));
#9647 = CARTESIAN_POINT('',(3.304884281822,5.656073747143));
#9648 = CARTESIAN_POINT('',(3.32603247846,5.681585381724));
#9649 = CARTESIAN_POINT('',(3.345848758532,5.708975930697));
#9650 = CARTESIAN_POINT('',(3.364450212297,5.737794120314));
#9651 = CARTESIAN_POINT('',(3.381976582083,5.767772549161));
#9652 = CARTESIAN_POINT('',(3.411224492826,5.822455742886));
#9653 = CARTESIAN_POINT('',(3.423302754508,5.846652095973));
#9654 = CARTESIAN_POINT('',(3.434872501741,5.871333462758));
#9655 = CARTESIAN_POINT('',(3.445972962945,5.896429842663));
#9656 = CARTESIAN_POINT('',(3.456637181792,5.921884663826));
#9657 = CARTESIAN_POINT('',(3.466894539124,5.947652762254));
#9658 = CARTESIAN_POINT('',(3.476771994964,5.973699439662));
#9659 = CARTESIAN_POINT('',(3.486294050612,6.0000006));
#9660 = ( GEOMETRIC_REPRESENTATION_CONTEXT(2) 
PARAMETRIC_REPRESENTATION_CONTEXT() REPRESENTATION_CONTEXT('2D SPACE',''
  ) );
#9661 = ADVANCED_FACE('',(#9662),#5045,.T.);
#9662 = FACE_BOUND('',#9663,.T.);
#9663 = EDGE_LOOP('',(#9664,#9665,#9666));
#9664 = ORIENTED_EDGE('',*,*,#9317,.F.);
#9665 = ORIENTED_EDGE('',*,*,#9493,.T.);
#9666 = ORIENTED_EDGE('',*,*,#4947,.F.);
#9667 = ADVANCED_FACE('',(#9668),#4862,.T.);
#9668 = FACE_BOUND('',#9669,.T.);
#9669 = EDGE_LOOP('',(#9670,#9671,#9672,#9691,#9692,#9693,#9719,#9720,
    #9721,#9740,#9741,#9742,#9743));
#9670 = ORIENTED_EDGE('',*,*,#8751,.F.);
#9671 = ORIENTED_EDGE('',*,*,#8261,.T.);
#9672 = ORIENTED_EDGE('',*,*,#9673,.F.);
#9673 = EDGE_CURVE('',#8287,#8264,#9674,.T.);
#9674 = SURFACE_CURVE('',#9675,(#9679,#9685),.PCURVE_S1.);
#9675 = LINE('',#9676,#9677);
#9676 = CARTESIAN_POINT('',(-9.,76.,17.));
#9677 = VECTOR('',#9678,1.);
#9678 = DIRECTION('',(1.,0.,0.));
#9679 = PCURVE('',#4862,#9680);
#9680 = DEFINITIONAL_REPRESENTATION('',(#9681),#9684);
#9681 = B_SPLINE_CURVE_WITH_KNOTS('',1,(#9682,#9683),.UNSPECIFIED.,.F.,
  .F.,(2,2),(-10.7,-7.3),.PIECEWISE_BEZIER_KNOTS.);
#9682 = CARTESIAN_POINT('',(-19.7,5.));
#9683 = CARTESIAN_POINT('',(-16.3,5.));
#9684 = ( GEOMETRIC_REPRESENTATION_CONTEXT(2) 
PARAMETRIC_REPRESENTATION_CONTEXT() REPRESENTATION_CONTEXT('2D SPACE',''
  ) );
#9685 = PCURVE('',#8303,#9686);
#9686 = DEFINITIONAL_REPRESENTATION('',(#9687),#9690);
#9687 = B_SPLINE_CURVE_WITH_KNOTS('',1,(#9688,#9689),.UNSPECIFIED.,.F.,
  .F.,(2,2),(-10.7,-7.3),.PIECEWISE_BEZIER_KNOTS.);
#9688 = CARTESIAN_POINT('',(-1.7,0.));
#9689 = CARTESIAN_POINT('',(1.7,0.));
#9690 = ( GEOMETRIC_REPRESENTATION_CONTEXT(2) 
PARAMETRIC_REPRESENTATION_CONTEXT() REPRESENTATION_CONTEXT('2D SPACE',''
  ) );
#9691 = ORIENTED_EDGE('',*,*,#8315,.F.);
#9692 = ORIENTED_EDGE('',*,*,#8731,.F.);
#9693 = ORIENTED_EDGE('',*,*,#9694,.F.);
#9694 = EDGE_CURVE('',#9417,#8711,#9695,.T.);
#9695 = SURFACE_CURVE('',#9696,(#9701,#9712),.PCURVE_S1.);
#9696 = CIRCLE('',#9697,22.);
#9697 = AXIS2_PLACEMENT_3D('',#9698,#9699,#9700);
#9698 = CARTESIAN_POINT('',(0.,76.,22.));
#9699 = DIRECTION('',(0.,-1.,0.));
#9700 = DIRECTION('',(0.89072354283,0.,-0.454545454545));
#9701 = PCURVE('',#4862,#9702);
#9702 = DEFINITIONAL_REPRESENTATION('',(#9703),#9711);
#9703 = ( BOUNDED_CURVE() B_SPLINE_CURVE(2,(#9704,#9705,#9706,#9707,
#9708,#9709,#9710),.UNSPECIFIED.,.T.,.F.) B_SPLINE_CURVE_WITH_KNOTS((1,2
    ,2,2,2,1),(-2.094395102393,0.,2.094395102393,4.188790204786,
6.28318530718,8.377580409573),.UNSPECIFIED.) CURVE() 
GEOMETRIC_REPRESENTATION_ITEM() RATIONAL_B_SPLINE_CURVE((1.,0.5,1.,0.5,
1.,0.5,1.)) REPRESENTATION_ITEM('') );
#9704 = CARTESIAN_POINT('',(19.595917942265,10.));
#9705 = CARTESIAN_POINT('',(36.916426017954,-23.94112549695));
#9706 = CARTESIAN_POINT('',(-1.137704933288,-21.97056274847));
#9707 = CARTESIAN_POINT('',(-39.19183588453,-20.));
#9708 = CARTESIAN_POINT('',(-18.45821300897,11.970562748477));
#9709 = CARTESIAN_POINT('',(2.275409866577,43.941125496954));
#9710 = CARTESIAN_POINT('',(19.595917942265,10.));
#9711 = ( GEOMETRIC_REPRESENTATION_CONTEXT(2) 
PARAMETRIC_REPRESENTATION_CONTEXT() REPRESENTATION_CONTEXT('2D SPACE',''
  ) );
#9712 = PCURVE('',#6995,#9713);
#9713 = DEFINITIONAL_REPRESENTATION('',(#9714),#9718);
#9714 = LINE('',#9715,#9716);
#9715 = CARTESIAN_POINT('',(6.755047144459,6.));
#9716 = VECTOR('',#9717,1.);
#9717 = DIRECTION('',(-1.,-0.));
#9718 = ( GEOMETRIC_REPRESENTATION_CONTEXT(2) 
PARAMETRIC_REPRESENTATION_CONTEXT() REPRESENTATION_CONTEXT('2D SPACE',''
  ) );
#9719 = ORIENTED_EDGE('',*,*,#9416,.F.);
#9720 = ORIENTED_EDGE('',*,*,#8384,.T.);
#9721 = ORIENTED_EDGE('',*,*,#9722,.F.);
#9722 = EDGE_CURVE('',#8410,#8387,#9723,.T.);
#9723 = SURFACE_CURVE('',#9724,(#9728,#9734),.PCURVE_S1.);
#9724 = LINE('',#9725,#9726);
#9725 = CARTESIAN_POINT('',(9.,76.,17.));
#9726 = VECTOR('',#9727,1.);
#9727 = DIRECTION('',(1.,0.,0.));
#9728 = PCURVE('',#4862,#9729);
#9729 = DEFINITIONAL_REPRESENTATION('',(#9730),#9733);
#9730 = B_SPLINE_CURVE_WITH_KNOTS('',1,(#9731,#9732),.UNSPECIFIED.,.F.,
  .F.,(2,2),(7.3,10.7),.PIECEWISE_BEZIER_KNOTS.);
#9731 = CARTESIAN_POINT('',(16.3,5.));
#9732 = CARTESIAN_POINT('',(19.7,5.));
#9733 = ( GEOMETRIC_REPRESENTATION_CONTEXT(2) 
PARAMETRIC_REPRESENTATION_CONTEXT() REPRESENTATION_CONTEXT('2D SPACE',''
  ) );
#9734 = PCURVE('',#8426,#9735);
#9735 = DEFINITIONAL_REPRESENTATION('',(#9736),#9739);
#9736 = B_SPLINE_CURVE_WITH_KNOTS('',1,(#9737,#9738),.UNSPECIFIED.,.F.,
  .F.,(2,2),(7.3,10.7),.PIECEWISE_BEZIER_KNOTS.);
#9737 = CARTESIAN_POINT('',(-1.7,0.));
#9738 = CARTESIAN_POINT('',(1.7,0.));
#9739 = ( GEOMETRIC_REPRESENTATION_CONTEXT(2) 
PARAMETRIC_REPRESENTATION_CONTEXT() REPRESENTATION_CONTEXT('2D SPACE',''
  ) );
#9740 = ORIENTED_EDGE('',*,*,#8438,.F.);
#9741 = ORIENTED_EDGE('',*,*,#9396,.F.);
#9742 = ORIENTED_EDGE('',*,*,#4897,.F.);
#9743 = ORIENTED_EDGE('',*,*,#4845,.F.);
#9744 = ADVANCED_FACE('',(#9745),#6093,.F.);
#9745 = FACE_BOUND('',#9746,.F.);
#9746 = EDGE_LOOP('',(#9747,#9748,#9749,#9750));
#9747 = ORIENTED_EDGE('',*,*,#7954,.F.);
#9748 = ORIENTED_EDGE('',*,*,#6076,.T.);
#9749 = ORIENTED_EDGE('',*,*,#8053,.T.);
#9750 = ORIENTED_EDGE('',*,*,#9751,.T.);
#9751 = EDGE_CURVE('',#8031,#7927,#9752,.T.);
#9752 = SURFACE_CURVE('',#9753,(#9757,#9764),.PCURVE_S1.);
#9753 = LINE('',#9754,#9755);
#9754 = CARTESIAN_POINT('',(-1.1,72.,15.));
#9755 = VECTOR('',#9756,1.);
#9756 = DIRECTION('',(1.,0.,-0.));
#9757 = PCURVE('',#6093,#9758);
#9758 = DEFINITIONAL_REPRESENTATION('',(#9759),#9763);
#9759 = LINE('',#9760,#9761);
#9760 = CARTESIAN_POINT('',(3.,0.));
#9761 = VECTOR('',#9762,1.);
#9762 = DIRECTION('',(0.,1.));
#9763 = ( GEOMETRIC_REPRESENTATION_CONTEXT(2) 
PARAMETRIC_REPRESENTATION_CONTEXT() REPRESENTATION_CONTEXT('2D SPACE',''
  ) );
#9764 = PCURVE('',#7942,#9765);
#9765 = DEFINITIONAL_REPRESENTATION('',(#9766),#9770);
#9766 = LINE('',#9767,#9768);
#9767 = CARTESIAN_POINT('',(0.,0.));
#9768 = VECTOR('',#9769,1.);
#9769 = DIRECTION('',(1.,0.));
#9770 = ( GEOMETRIC_REPRESENTATION_CONTEXT(2) 
PARAMETRIC_REPRESENTATION_CONTEXT() REPRESENTATION_CONTEXT('2D SPACE',''
  ) );
#9771 = ADVANCED_FACE('',(#9772),#6216,.T.);
#9772 = FACE_BOUND('',#9773,.T.);
#9773 = EDGE_LOOP('',(#9774,#9775,#9776,#9777));
#9774 = ORIENTED_EDGE('',*,*,#8178,.F.);
#9775 = ORIENTED_EDGE('',*,*,#6200,.T.);
#9776 = ORIENTED_EDGE('',*,*,#8102,.T.);
#9777 = ORIENTED_EDGE('',*,*,#8150,.F.);
#9778 = ADVANCED_FACE('',(#9779),#6995,.T.);
#9779 = FACE_BOUND('',#9780,.T.);
#9780 = EDGE_LOOP('',(#9781,#9782,#9783,#9784));
#9781 = ORIENTED_EDGE('',*,*,#8710,.F.);
#9782 = ORIENTED_EDGE('',*,*,#6978,.T.);
#9783 = ORIENTED_EDGE('',*,*,#9437,.T.);
#9784 = ORIENTED_EDGE('',*,*,#9694,.T.);
#9785 = ADVANCED_FACE('',(#9786),#3123,.F.);
#9786 = FACE_BOUND('',#9787,.F.);
#9787 = EDGE_LOOP('',(#9788,#9789,#9790,#9813));
#9788 = ORIENTED_EDGE('',*,*,#7853,.F.);
#9789 = ORIENTED_EDGE('',*,*,#3107,.T.);
#9790 = ORIENTED_EDGE('',*,*,#9791,.T.);
#9791 = EDGE_CURVE('',#3080,#9792,#9794,.T.);
#9792 = VERTEX_POINT('',#9793);
#9793 = CARTESIAN_POINT('',(6.9,132.,15.));
#9794 = SURFACE_CURVE('',#9795,(#9799,#9806),.PCURVE_S1.);
#9795 = LINE('',#9796,#9797);
#9796 = CARTESIAN_POINT('',(6.9,132.,12.));
#9797 = VECTOR('',#9798,1.);
#9798 = DIRECTION('',(0.,0.,1.));
#9799 = PCURVE('',#3123,#9800);
#9800 = DEFINITIONAL_REPRESENTATION('',(#9801),#9805);
#9801 = LINE('',#9802,#9803);
#9802 = CARTESIAN_POINT('',(0.,-60.));
#9803 = VECTOR('',#9804,1.);
#9804 = DIRECTION('',(1.,0.));
#9805 = ( GEOMETRIC_REPRESENTATION_CONTEXT(2) 
PARAMETRIC_REPRESENTATION_CONTEXT() REPRESENTATION_CONTEXT('2D SPACE',''
  ) );
#9806 = PCURVE('',#3095,#9807);
#9807 = DEFINITIONAL_REPRESENTATION('',(#9808),#9812);
#9808 = LINE('',#9809,#9810);
#9809 = CARTESIAN_POINT('',(0.,0.));
#9810 = VECTOR('',#9811,1.);
#9811 = DIRECTION('',(1.,0.));
#9812 = ( GEOMETRIC_REPRESENTATION_CONTEXT(2) 
PARAMETRIC_REPRESENTATION_CONTEXT() REPRESENTATION_CONTEXT('2D SPACE',''
  ) );
#9813 = ORIENTED_EDGE('',*,*,#9814,.F.);
#9814 = EDGE_CURVE('',#7826,#9792,#9815,.T.);
#9815 = SURFACE_CURVE('',#9816,(#9820,#9827),.PCURVE_S1.);
#9816 = LINE('',#9817,#9818);
#9817 = CARTESIAN_POINT('',(6.9,72.,15.));
#9818 = VECTOR('',#9819,1.);
#9819 = DIRECTION('',(-0.,1.,0.));
#9820 = PCURVE('',#3123,#9821);
#9821 = DEFINITIONAL_REPRESENTATION('',(#9822),#9826);
#9822 = LINE('',#9823,#9824);
#9823 = CARTESIAN_POINT('',(3.,0.));
#9824 = VECTOR('',#9825,1.);
#9825 = DIRECTION('',(0.,-1.));
#9826 = ( GEOMETRIC_REPRESENTATION_CONTEXT(2) 
PARAMETRIC_REPRESENTATION_CONTEXT() REPRESENTATION_CONTEXT('2D SPACE',''
  ) );
#9827 = PCURVE('',#7841,#9828);
#9828 = DEFINITIONAL_REPRESENTATION('',(#9829),#9833);
#9829 = LINE('',#9830,#9831);
#9830 = CARTESIAN_POINT('',(0.,0.));
#9831 = VECTOR('',#9832,1.);
#9832 = DIRECTION('',(0.,1.));
#9833 = ( GEOMETRIC_REPRESENTATION_CONTEXT(2) 
PARAMETRIC_REPRESENTATION_CONTEXT() REPRESENTATION_CONTEXT('2D SPACE',''
  ) );
#9834 = ADVANCED_FACE('',(#9835),#7841,.T.);
#9835 = FACE_BOUND('',#9836,.T.);
#9836 = EDGE_LOOP('',(#9837,#9838,#9839,#9862));
#9837 = ORIENTED_EDGE('',*,*,#9814,.F.);
#9838 = ORIENTED_EDGE('',*,*,#7825,.T.);
#9839 = ORIENTED_EDGE('',*,*,#9840,.T.);
#9840 = EDGE_CURVE('',#7803,#9841,#9843,.T.);
#9841 = VERTEX_POINT('',#9842);
#9842 = CARTESIAN_POINT('',(9.1,132.,15.));
#9843 = SURFACE_CURVE('',#9844,(#9848,#9855),.PCURVE_S1.);
#9844 = LINE('',#9845,#9846);
#9845 = CARTESIAN_POINT('',(9.1,72.,15.));
#9846 = VECTOR('',#9847,1.);
#9847 = DIRECTION('',(-0.,1.,0.));
#9848 = PCURVE('',#7841,#9849);
#9849 = DEFINITIONAL_REPRESENTATION('',(#9850),#9854);
#9850 = LINE('',#9851,#9852);
#9851 = CARTESIAN_POINT('',(2.2,0.));
#9852 = VECTOR('',#9853,1.);
#9853 = DIRECTION('',(0.,1.));
#9854 = ( GEOMETRIC_REPRESENTATION_CONTEXT(2) 
PARAMETRIC_REPRESENTATION_CONTEXT() REPRESENTATION_CONTEXT('2D SPACE',''
  ) );
#9855 = PCURVE('',#3067,#9856);
#9856 = DEFINITIONAL_REPRESENTATION('',(#9857),#9861);
#9857 = LINE('',#9858,#9859);
#9858 = CARTESIAN_POINT('',(3.,0.));
#9859 = VECTOR('',#9860,1.);
#9860 = DIRECTION('',(0.,-1.));
#9861 = ( GEOMETRIC_REPRESENTATION_CONTEXT(2) 
PARAMETRIC_REPRESENTATION_CONTEXT() REPRESENTATION_CONTEXT('2D SPACE',''
  ) );
#9862 = ORIENTED_EDGE('',*,*,#9863,.F.);
#9863 = EDGE_CURVE('',#9792,#9841,#9864,.T.);
#9864 = SURFACE_CURVE('',#9865,(#9869,#9876),.PCURVE_S1.);
#9865 = LINE('',#9866,#9867);
#9866 = CARTESIAN_POINT('',(6.9,132.,15.));
#9867 = VECTOR('',#9868,1.);
#9868 = DIRECTION('',(1.,0.,-0.));
#9869 = PCURVE('',#7841,#9870);
#9870 = DEFINITIONAL_REPRESENTATION('',(#9871),#9875);
#9871 = LINE('',#9872,#9873);
#9872 = CARTESIAN_POINT('',(0.,60.));
#9873 = VECTOR('',#9874,1.);
#9874 = DIRECTION('',(1.,0.));
#9875 = ( GEOMETRIC_REPRESENTATION_CONTEXT(2) 
PARAMETRIC_REPRESENTATION_CONTEXT() REPRESENTATION_CONTEXT('2D SPACE',''
  ) );
#9876 = PCURVE('',#3095,#9877);
#9877 = DEFINITIONAL_REPRESENTATION('',(#9878),#9882);
#9878 = LINE('',#9879,#9880);
#9879 = CARTESIAN_POINT('',(3.,0.));
#9880 = VECTOR('',#9881,1.);
#9881 = DIRECTION('',(0.,1.));
#9882 = ( GEOMETRIC_REPRESENTATION_CONTEXT(2) 
PARAMETRIC_REPRESENTATION_CONTEXT() REPRESENTATION_CONTEXT('2D SPACE',''
  ) );
#9883 = ADVANCED_FACE('',(#9884),#3067,.T.);
#9884 = FACE_BOUND('',#9885,.T.);
#9885 = EDGE_LOOP('',(#9886,#9887,#9888,#9909));
#9886 = ORIENTED_EDGE('',*,*,#7802,.F.);
#9887 = ORIENTED_EDGE('',*,*,#3051,.T.);
#9888 = ORIENTED_EDGE('',*,*,#9889,.T.);
#9889 = EDGE_CURVE('',#3052,#9841,#9890,.T.);
#9890 = SURFACE_CURVE('',#9891,(#9895,#9902),.PCURVE_S1.);
#9891 = LINE('',#9892,#9893);
#9892 = CARTESIAN_POINT('',(9.1,132.,12.));
#9893 = VECTOR('',#9894,1.);
#9894 = DIRECTION('',(0.,0.,1.));
#9895 = PCURVE('',#3067,#9896);
#9896 = DEFINITIONAL_REPRESENTATION('',(#9897),#9901);
#9897 = LINE('',#9898,#9899);
#9898 = CARTESIAN_POINT('',(0.,-60.));
#9899 = VECTOR('',#9900,1.);
#9900 = DIRECTION('',(1.,0.));
#9901 = ( GEOMETRIC_REPRESENTATION_CONTEXT(2) 
PARAMETRIC_REPRESENTATION_CONTEXT() REPRESENTATION_CONTEXT('2D SPACE',''
  ) );
#9902 = PCURVE('',#3095,#9903);
#9903 = DEFINITIONAL_REPRESENTATION('',(#9904),#9908);
#9904 = LINE('',#9905,#9906);
#9905 = CARTESIAN_POINT('',(0.,2.2));
#9906 = VECTOR('',#9907,1.);
#9907 = DIRECTION('',(1.,0.));
#9908 = ( GEOMETRIC_REPRESENTATION_CONTEXT(2) 
PARAMETRIC_REPRESENTATION_CONTEXT() REPRESENTATION_CONTEXT('2D SPACE',''
  ) );
#9909 = ORIENTED_EDGE('',*,*,#9840,.F.);
#9910 = ADVANCED_FACE('',(#9911),#3095,.T.);
#9911 = FACE_BOUND('',#9912,.T.);
#9912 = EDGE_LOOP('',(#9913,#9914,#9915,#9916));
#9913 = ORIENTED_EDGE('',*,*,#3079,.F.);
#9914 = ORIENTED_EDGE('',*,*,#9791,.T.);
#9915 = ORIENTED_EDGE('',*,*,#9863,.T.);
#9916 = ORIENTED_EDGE('',*,*,#9889,.F.);
#9917 = ADVANCED_FACE('',(#9918),#7942,.T.);
#9918 = FACE_BOUND('',#9919,.T.);
#9919 = EDGE_LOOP('',(#9920,#9921,#9922,#9923));
#9920 = ORIENTED_EDGE('',*,*,#8030,.F.);
#9921 = ORIENTED_EDGE('',*,*,#9751,.T.);
#9922 = ORIENTED_EDGE('',*,*,#7926,.T.);
#9923 = ORIENTED_EDGE('',*,*,#8002,.F.);
#9924 = ADVANCED_FACE('',(#9925),#8303,.F.);
#9925 = FACE_BOUND('',#9926,.F.);
#9926 = EDGE_LOOP('',(#9927,#9928));
#9927 = ORIENTED_EDGE('',*,*,#8286,.T.);
#9928 = ORIENTED_EDGE('',*,*,#9673,.F.);
#9929 = ADVANCED_FACE('',(#9930),#8426,.F.);
#9930 = FACE_BOUND('',#9931,.F.);
#9931 = EDGE_LOOP('',(#9932,#9933));
#9932 = ORIENTED_EDGE('',*,*,#8409,.T.);
#9933 = ORIENTED_EDGE('',*,*,#9722,.F.);
#9934 = ADVANCED_FACE('',(#9935),#9042,.F.);
#9935 = FACE_BOUND('',#9936,.F.);
#9936 = EDGE_LOOP('',(#9937,#9938));
#9937 = ORIENTED_EDGE('',*,*,#9020,.F.);
#9938 = ORIENTED_EDGE('',*,*,#9939,.F.);
#9939 = EDGE_CURVE('',#9023,#9021,#9940,.T.);
#9940 = SURFACE_CURVE('',#9941,(#9946,#9957),.PCURVE_S1.);
#9941 = CIRCLE('',#9942,1.7);
#9942 = AXIS2_PLACEMENT_3D('',#9943,#9944,#9945);
#9943 = CARTESIAN_POINT('',(-18.,102.,17.));
#9944 = DIRECTION('',(0.,0.,-1.));
#9945 = DIRECTION('',(0.941176470588,0.337915449796,0.));
#9946 = PCURVE('',#9042,#9947);
#9947 = DEFINITIONAL_REPRESENTATION('',(#9948),#9956);
#9948 = ( BOUNDED_CURVE() B_SPLINE_CURVE(2,(#9949,#9950,#9951,#9952,
#9953,#9954,#9955),.UNSPECIFIED.,.T.,.F.) B_SPLINE_CURVE_WITH_KNOTS((1,2
    ,2,2,2,1),(-2.094395102393,0.,2.094395102393,4.188790204786,
6.28318530718,8.377580409573),.UNSPECIFIED.) CURVE() 
GEOMETRIC_REPRESENTATION_ITEM() RATIONAL_B_SPLINE_CURVE((1.,0.5,1.,0.5,
1.,0.5,1.)) REPRESENTATION_ITEM('') );
#9949 = CARTESIAN_POINT('',(1.6,0.574456264654));
#9950 = CARTESIAN_POINT('',(2.594987437107,-2.196825027456));
#9951 = CARTESIAN_POINT('',(-0.302506281447,-1.672868778382));
#9952 = CARTESIAN_POINT('',(-3.2,-1.148912529308));
#9953 = CARTESIAN_POINT('',(-1.297493718553,1.098412513728));
#9954 = CARTESIAN_POINT('',(0.605012562893,3.345737556764));
#9955 = CARTESIAN_POINT('',(1.6,0.574456264654));
#9956 = ( GEOMETRIC_REPRESENTATION_CONTEXT(2) 
PARAMETRIC_REPRESENTATION_CONTEXT() REPRESENTATION_CONTEXT('2D SPACE',''
  ) );
#9957 = PCURVE('',#9141,#9958);
#9958 = DEFINITIONAL_REPRESENTATION('',(#9959),#9963);
#9959 = LINE('',#9960,#9961);
#9960 = CARTESIAN_POINT('',(6.627886486978,6.));
#9961 = VECTOR('',#9962,1.);
#9962 = DIRECTION('',(-1.,-0.));
#9963 = ( GEOMETRIC_REPRESENTATION_CONTEXT(2) 
PARAMETRIC_REPRESENTATION_CONTEXT() REPRESENTATION_CONTEXT('2D SPACE',''
  ) );
#9964 = ADVANCED_FACE('',(#9965),#9141,.F.);
#9965 = FACE_BOUND('',#9966,.F.);
#9966 = EDGE_LOOP('',(#9967,#9968));
#9967 = ORIENTED_EDGE('',*,*,#9939,.T.);
#9968 = ORIENTED_EDGE('',*,*,#9056,.T.);
#9969 = ADVANCED_FACE('',(#9970),#9541,.F.);
#9970 = FACE_BOUND('',#9971,.F.);
#9971 = EDGE_LOOP('',(#9972,#9973));
#9972 = ORIENTED_EDGE('',*,*,#9519,.F.);
#9973 = ORIENTED_EDGE('',*,*,#9974,.T.);
#9974 = EDGE_CURVE('',#9520,#9522,#9975,.T.);
#9975 = SURFACE_CURVE('',#9976,(#9981,#9988),.PCURVE_S1.);
#9976 = CIRCLE('',#9977,1.7);
#9977 = AXIS2_PLACEMENT_3D('',#9978,#9979,#9980);
#9978 = CARTESIAN_POINT('',(18.,102.,17.));
#9979 = DIRECTION('',(0.,0.,1.));
#9980 = DIRECTION('',(1.,0.,-0.));
#9981 = PCURVE('',#9541,#9982);
#9982 = DEFINITIONAL_REPRESENTATION('',(#9983),#9987);
#9983 = CIRCLE('',#9984,1.7);
#9984 = AXIS2_PLACEMENT_2D('',#9985,#9986);
#9985 = CARTESIAN_POINT('',(0.,0.));
#9986 = DIRECTION('',(1.,0.));
#9987 = ( GEOMETRIC_REPRESENTATION_CONTEXT(2) 
PARAMETRIC_REPRESENTATION_CONTEXT() REPRESENTATION_CONTEXT('2D SPACE',''
  ) );
#9988 = PCURVE('',#9623,#9989);
#9989 = DEFINITIONAL_REPRESENTATION('',(#9990),#9994);
#9990 = LINE('',#9991,#9992);
#9991 = CARTESIAN_POINT('',(0.,6.));
#9992 = VECTOR('',#9993,1.);
#9993 = DIRECTION('',(1.,0.));
#9994 = ( GEOMETRIC_REPRESENTATION_CONTEXT(2) 
PARAMETRIC_REPRESENTATION_CONTEXT() REPRESENTATION_CONTEXT('2D SPACE',''
  ) );
#9995 = ADVANCED_FACE('',(#9996),#9623,.F.);
#9996 = FACE_BOUND('',#9997,.F.);
#9997 = EDGE_LOOP('',(#9998,#9999));
#9998 = ORIENTED_EDGE('',*,*,#9974,.F.);
#9999 = ORIENTED_EDGE('',*,*,#9555,.T.);
#10000 = ( GEOMETRIC_REPRESENTATION_CONTEXT(3) 
GLOBAL_UNCERTAINTY_ASSIGNED_CONTEXT((#10004)) 
GLOBAL_UNIT_ASSIGNED_CONTEXT((#10001,#10002,#10003)) 
REPRESENTATION_CONTEXT('Context #1',
  '3D Context with UNIT and UNCERTAINTY') );
#10001 = ( LENGTH_UNIT() NAMED_UNIT(*) SI_UNIT(.MILLI.,.METRE.) );
#10002 = ( NAMED_UNIT(*) PLANE_ANGLE_UNIT() SI_UNIT($,.RADIAN.) );
#10003 = ( NAMED_UNIT(*) SI_UNIT($,.STERADIAN.) SOLID_ANGLE_UNIT() );
#10004 = UNCERTAINTY_MEASURE_WITH_UNIT(LENGTH_MEASURE(1.E-06),#10001,
  'distance_accuracy_value','confusion accuracy');
#10005 = PRODUCT_RELATED_PRODUCT_CATEGORY('part',$,(#7));

#10006=DESCRIPTIVE_REPRESENTATION_ITEM('cadpy:generator','cadpy');
#10007=REPRESENTATION('cadpy:generator',(#10006),#10000);
#10008=PROPERTY_DEFINITION('cadpy metadata','cadpy:generator',#5);
#10009=PROPERTY_DEFINITION_REPRESENTATION(#10008,#10007);
#10010=DESCRIPTIVE_REPRESENTATION_ITEM('cadpy:entryKind','part');
#10011=REPRESENTATION('cadpy:entryKind',(#10010),#10000);
#10012=PROPERTY_DEFINITION('cadpy metadata','cadpy:entryKind',#5);
#10013=PROPERTY_DEFINITION_REPRESENTATION(#10012,#10011);
#10014=DESCRIPTIVE_REPRESENTATION_ITEM('cadpy:sourcePath','pump_housing.py');
#10015=REPRESENTATION('cadpy:sourcePath',(#10014),#10000);
#10016=PROPERTY_DEFINITION('cadpy metadata','cadpy:sourcePath',#5);
#10017=PROPERTY_DEFINITION_REPRESENTATION(#10016,#10015);
#10018=DESCRIPTIVE_REPRESENTATION_ITEM('cadpy:sourceHash','7928cc93c943c79f181fca45f59289c120f17eb49299bee33c0bb035fadf29cf');
#10019=REPRESENTATION('cadpy:sourceHash',(#10018),#10000);
#10020=PROPERTY_DEFINITION('cadpy metadata','cadpy:sourceHash',#5);
#10021=PROPERTY_DEFINITION_REPRESENTATION(#10020,#10019);
ENDSEC;
END-ISO-10303-21;
