ISO-10303-21;
HEADER;
FILE_DESCRIPTION(('Open CASCADE Model'),'2;1');
FILE_NAME('Open CASCADE Shape Model','2026-07-29T22:20:09',('Author'),(
    'Open CASCADE'),'Open CASCADE STEP processor 7.9','Open CASCADE 7.9'
  ,'Unknown');
FILE_SCHEMA(('AUTOMOTIVE_DESIGN { 1 0 10303 214 1 1 1 1 }'));
ENDSEC;
DATA;
#1 = APPLICATION_PROTOCOL_DEFINITION('international standard',
  'automotive_design',2000,#2);
#2 = APPLICATION_CONTEXT(
  'core data for automotive mechanical design processes');
#3 = SHAPE_DEFINITION_REPRESENTATION(#4,#10);
#4 = PRODUCT_DEFINITION_SHAPE('','',#5);
#5 = PRODUCT_DEFINITION('design','',#6,#9);
#6 = PRODUCT_DEFINITION_FORMATION('','',#7);
#7 = PRODUCT('shaft_seal_cartridge','shaft_seal_cartridge','',(#8));
#8 = PRODUCT_CONTEXT('',#2,'mechanical');
#9 = PRODUCT_DEFINITION_CONTEXT('part definition',#2,'design');
#10 = ADVANCED_BREP_SHAPE_REPRESENTATION('',(#11,#15),#1839);
#11 = AXIS2_PLACEMENT_3D('',#12,#13,#14);
#12 = CARTESIAN_POINT('',(0.,0.,0.));
#13 = DIRECTION('',(0.,0.,1.));
#14 = DIRECTION('',(1.,0.,-0.));
#15 = MANIFOLD_SOLID_BREP('',#16);
#16 = CLOSED_SHELL('',(#17,#134,#281,#306,#420,#447,#474,#529,#556,#611,
    #646,#702,#860,#1063,#1141,#1429,#1464,#1493,#1545,#1602,#1657,#1692
    ,#1727,#1782,#1832));
#17 = ADVANCED_FACE('',(#18),#33,.T.);
#18 = FACE_BOUND('',#19,.T.);
#19 = EDGE_LOOP('',(#20,#56,#82,#115));
#20 = ORIENTED_EDGE('',*,*,#21,.T.);
#21 = EDGE_CURVE('',#22,#24,#26,.T.);
#22 = VERTEX_POINT('',#23);
#23 = CARTESIAN_POINT('',(-11.18033988749,67.,12.));
#24 = VERTEX_POINT('',#25);
#25 = CARTESIAN_POINT('',(11.180339887499,67.,12.));
#26 = SURFACE_CURVE('',#27,(#32,#44),.PCURVE_S1.);
#27 = CIRCLE('',#28,15.);
#28 = AXIS2_PLACEMENT_3D('',#29,#30,#31);
#29 = CARTESIAN_POINT('',(0.,67.,22.));
#30 = DIRECTION('',(0.,1.,0.));
#31 = DIRECTION('',(-0.7453559925,0.,-0.666666666667));
#32 = PCURVE('',#33,#38);
#33 = CYLINDRICAL_SURFACE('',#34,15.);
#34 = AXIS2_PLACEMENT_3D('',#35,#36,#37);
#35 = CARTESIAN_POINT('',(0.,67.,22.));
#36 = DIRECTION('',(0.,1.,1.110223024625E-16));
#37 = DIRECTION('',(1.,0.,0.));
#38 = DEFINITIONAL_REPRESENTATION('',(#39),#43);
#39 = LINE('',#40,#41);
#40 = CARTESIAN_POINT('',(2.411864997363,0.));
#41 = VECTOR('',#42,1.);
#42 = DIRECTION('',(1.,0.));
#43 = ( GEOMETRIC_REPRESENTATION_CONTEXT(2) 
PARAMETRIC_REPRESENTATION_CONTEXT() REPRESENTATION_CONTEXT('2D SPACE',''
  ) );
#44 = PCURVE('',#45,#50);
#45 = PLANE('',#46);
#46 = AXIS2_PLACEMENT_3D('',#47,#48,#49);
#47 = CARTESIAN_POINT('',(0.,67.,22.));
#48 = DIRECTION('',(0.,1.,1.110223024625E-16));
#49 = DIRECTION('',(1.,0.,0.));
#50 = DEFINITIONAL_REPRESENTATION('',(#51),#55);
#51 = CIRCLE('',#52,15.);
#52 = AXIS2_PLACEMENT_2D('',#53,#54);
#53 = CARTESIAN_POINT('',(0.,0.));
#54 = DIRECTION('',(-0.7453559925,0.666666666667));
#55 = ( GEOMETRIC_REPRESENTATION_CONTEXT(2) 
PARAMETRIC_REPRESENTATION_CONTEXT() REPRESENTATION_CONTEXT('2D SPACE',''
  ) );
#56 = ORIENTED_EDGE('',*,*,#57,.T.);
#57 = EDGE_CURVE('',#24,#58,#60,.T.);
#58 = VERTEX_POINT('',#59);
#59 = CARTESIAN_POINT('',(11.180339887499,70.,12.));
#60 = SURFACE_CURVE('',#61,(#65,#71),.PCURVE_S1.);
#61 = LINE('',#62,#63);
#62 = CARTESIAN_POINT('',(11.180339887499,67.,12.));
#63 = VECTOR('',#64,1.);
#64 = DIRECTION('',(0.,1.,1.110223024625E-16));
#65 = PCURVE('',#33,#66);
#66 = DEFINITIONAL_REPRESENTATION('',(#67),#70);
#67 = B_SPLINE_CURVE_WITH_KNOTS('',1,(#68,#69),.UNSPECIFIED.,.F.,.F.,(2,
    2),(0.,3.),.PIECEWISE_BEZIER_KNOTS.);
#68 = CARTESIAN_POINT('',(7.012912963407,-1.110223024625E-15));
#69 = CARTESIAN_POINT('',(7.012912963407,3.));
#70 = ( GEOMETRIC_REPRESENTATION_CONTEXT(2) 
PARAMETRIC_REPRESENTATION_CONTEXT() REPRESENTATION_CONTEXT('2D SPACE',''
  ) );
#71 = PCURVE('',#72,#77);
#72 = PLANE('',#73);
#73 = AXIS2_PLACEMENT_3D('',#74,#75,#76);
#74 = CARTESIAN_POINT('',(-20.,66.,12.));
#75 = DIRECTION('',(0.,0.,1.));
#76 = DIRECTION('',(1.,0.,-0.));
#77 = DEFINITIONAL_REPRESENTATION('',(#78),#81);
#78 = B_SPLINE_CURVE_WITH_KNOTS('',1,(#79,#80),.UNSPECIFIED.,.F.,.F.,(2,
    2),(-5.999999928008E-07,3.0000006),.PIECEWISE_BEZIER_KNOTS.);
#79 = CARTESIAN_POINT('',(31.180339887499,0.9999994));
#80 = CARTESIAN_POINT('',(31.180339887499,4.0000006));
#81 = ( GEOMETRIC_REPRESENTATION_CONTEXT(2) 
PARAMETRIC_REPRESENTATION_CONTEXT() REPRESENTATION_CONTEXT('2D SPACE',''
  ) );
#82 = ORIENTED_EDGE('',*,*,#83,.T.);
#83 = EDGE_CURVE('',#58,#84,#86,.T.);
#84 = VERTEX_POINT('',#85);
#85 = CARTESIAN_POINT('',(-11.18033988749,70.,12.));
#86 = SURFACE_CURVE('',#87,(#92,#99),.PCURVE_S1.);
#87 = CIRCLE('',#88,15.);
#88 = AXIS2_PLACEMENT_3D('',#89,#90,#91);
#89 = CARTESIAN_POINT('',(0.,70.,22.));
#90 = DIRECTION('',(0.,-1.,0.));
#91 = DIRECTION('',(0.7453559925,0.,-0.666666666667));
#92 = PCURVE('',#33,#93);
#93 = DEFINITIONAL_REPRESENTATION('',(#94),#98);
#94 = LINE('',#95,#96);
#95 = CARTESIAN_POINT('',(7.012912963407,3.));
#96 = VECTOR('',#97,1.);
#97 = DIRECTION('',(-1.,-0.));
#98 = ( GEOMETRIC_REPRESENTATION_CONTEXT(2) 
PARAMETRIC_REPRESENTATION_CONTEXT() REPRESENTATION_CONTEXT('2D SPACE',''
  ) );
#99 = PCURVE('',#100,#105);
#100 = PLANE('',#101);
#101 = AXIS2_PLACEMENT_3D('',#102,#103,#104);
#102 = CARTESIAN_POINT('',(0.,70.,22.));
#103 = DIRECTION('',(0.,1.,1.110223024625E-16));
#104 = DIRECTION('',(1.,0.,0.));
#105 = DEFINITIONAL_REPRESENTATION('',(#106),#114);
#106 = ( BOUNDED_CURVE() B_SPLINE_CURVE(2,(#107,#108,#109,#110,#111,#112
,#113),.UNSPECIFIED.,.T.,.F.) B_SPLINE_CURVE_WITH_KNOTS((1,2,2,2,2,1),(
    -2.094395102393,0.,2.094395102393,4.188790204786,6.28318530718,
8.377580409573),.UNSPECIFIED.) CURVE() GEOMETRIC_REPRESENTATION_ITEM() 
RATIONAL_B_SPLINE_CURVE((1.,0.5,1.,0.5,1.,0.5,1.)) REPRESENTATION_ITEM(
  '') );
#107 = CARTESIAN_POINT('',(11.180339887499,10.));
#108 = CARTESIAN_POINT('',(28.500847963188,-9.364916731037));
#109 = CARTESIAN_POINT('',(3.070084094095,-14.68245836551));
#110 = CARTESIAN_POINT('',(-22.36067977499,-20.));
#111 = CARTESIAN_POINT('',(-14.25042398159,4.682458365519));
#112 = CARTESIAN_POINT('',(-6.14016818819,29.364916731037));
#113 = CARTESIAN_POINT('',(11.180339887499,10.));
#114 = ( GEOMETRIC_REPRESENTATION_CONTEXT(2) 
PARAMETRIC_REPRESENTATION_CONTEXT() REPRESENTATION_CONTEXT('2D SPACE',''
  ) );
#115 = ORIENTED_EDGE('',*,*,#116,.F.);
#116 = EDGE_CURVE('',#22,#84,#117,.T.);
#117 = SURFACE_CURVE('',#118,(#122,#128),.PCURVE_S1.);
#118 = LINE('',#119,#120);
#119 = CARTESIAN_POINT('',(-11.18033988749,67.,12.));
#120 = VECTOR('',#121,1.);
#121 = DIRECTION('',(0.,1.,1.110223024625E-16));
#122 = PCURVE('',#33,#123);
#123 = DEFINITIONAL_REPRESENTATION('',(#124),#127);
#124 = B_SPLINE_CURVE_WITH_KNOTS('',1,(#125,#126),.UNSPECIFIED.,.F.,.F.,
  (2,2),(-3.944304526105E-31,3.),.PIECEWISE_BEZIER_KNOTS.);
#125 = CARTESIAN_POINT('',(2.411864997363,-1.110223024625E-15));
#126 = CARTESIAN_POINT('',(2.411864997363,3.));
#127 = ( GEOMETRIC_REPRESENTATION_CONTEXT(2) 
PARAMETRIC_REPRESENTATION_CONTEXT() REPRESENTATION_CONTEXT('2D SPACE',''
  ) );
#128 = PCURVE('',#72,#129);
#129 = DEFINITIONAL_REPRESENTATION('',(#130),#133);
#130 = B_SPLINE_CURVE_WITH_KNOTS('',1,(#131,#132),.UNSPECIFIED.,.F.,.F.,
  (2,2),(-5.999999928008E-07,3.0000006),.PIECEWISE_BEZIER_KNOTS.);
#131 = CARTESIAN_POINT('',(8.819660112501,0.9999994));
#132 = CARTESIAN_POINT('',(8.819660112501,4.0000006));
#133 = ( GEOMETRIC_REPRESENTATION_CONTEXT(2) 
PARAMETRIC_REPRESENTATION_CONTEXT() REPRESENTATION_CONTEXT('2D SPACE',''
  ) );
#134 = ADVANCED_FACE('',(#135,#157,#188,#219,#250),#45,.F.);
#135 = FACE_BOUND('',#136,.F.);
#136 = EDGE_LOOP('',(#137,#138));
#137 = ORIENTED_EDGE('',*,*,#21,.T.);
#138 = ORIENTED_EDGE('',*,*,#139,.F.);
#139 = EDGE_CURVE('',#22,#24,#140,.T.);
#140 = SURFACE_CURVE('',#141,(#145,#151),.PCURVE_S1.);
#141 = LINE('',#142,#143);
#142 = CARTESIAN_POINT('',(-10.,67.,12.));
#143 = VECTOR('',#144,1.);
#144 = DIRECTION('',(1.,0.,0.));
#145 = PCURVE('',#45,#146);
#146 = DEFINITIONAL_REPRESENTATION('',(#147),#150);
#147 = B_SPLINE_CURVE_WITH_KNOTS('',1,(#148,#149),.UNSPECIFIED.,.F.,.F.,
  (2,2),(-5.,25.),.PIECEWISE_BEZIER_KNOTS.);
#148 = CARTESIAN_POINT('',(-15.,10.));
#149 = CARTESIAN_POINT('',(15.,10.));
#150 = ( GEOMETRIC_REPRESENTATION_CONTEXT(2) 
PARAMETRIC_REPRESENTATION_CONTEXT() REPRESENTATION_CONTEXT('2D SPACE',''
  ) );
#151 = PCURVE('',#72,#152);
#152 = DEFINITIONAL_REPRESENTATION('',(#153),#156);
#153 = B_SPLINE_CURVE_WITH_KNOTS('',1,(#154,#155),.UNSPECIFIED.,.F.,.F.,
  (2,2),(-5.,25.),.PIECEWISE_BEZIER_KNOTS.);
#154 = CARTESIAN_POINT('',(5.,1.));
#155 = CARTESIAN_POINT('',(35.,1.));
#156 = ( GEOMETRIC_REPRESENTATION_CONTEXT(2) 
PARAMETRIC_REPRESENTATION_CONTEXT() REPRESENTATION_CONTEXT('2D SPACE',''
  ) );
#157 = FACE_BOUND('',#158,.F.);
#158 = EDGE_LOOP('',(#159));
#159 = ORIENTED_EDGE('',*,*,#160,.F.);
#160 = EDGE_CURVE('',#161,#161,#163,.T.);
#161 = VERTEX_POINT('',#162);
#162 = CARTESIAN_POINT('',(1.7,67.,35.));
#163 = SURFACE_CURVE('',#164,(#169,#176),.PCURVE_S1.);
#164 = CIRCLE('',#165,1.7);
#165 = AXIS2_PLACEMENT_3D('',#166,#167,#168);
#166 = CARTESIAN_POINT('',(7.960204194458E-16,67.,35.));
#167 = DIRECTION('',(0.,1.,1.110223024625E-16));
#168 = DIRECTION('',(1.,0.,-0.));
#169 = PCURVE('',#45,#170);
#170 = DEFINITIONAL_REPRESENTATION('',(#171),#175);
#171 = CIRCLE('',#172,1.7);
#172 = AXIS2_PLACEMENT_2D('',#173,#174);
#173 = CARTESIAN_POINT('',(7.960204194458E-16,-13.));
#174 = DIRECTION('',(1.,0.));
#175 = ( GEOMETRIC_REPRESENTATION_CONTEXT(2) 
PARAMETRIC_REPRESENTATION_CONTEXT() REPRESENTATION_CONTEXT('2D SPACE',''
  ) );
#176 = PCURVE('',#177,#182);
#177 = CYLINDRICAL_SURFACE('',#178,1.7);
#178 = AXIS2_PLACEMENT_3D('',#179,#180,#181);
#179 = CARTESIAN_POINT('',(7.960204194458E-16,66.,35.));
#180 = DIRECTION('',(0.,1.,1.110223024625E-16));
#181 = DIRECTION('',(1.,0.,0.));
#182 = DEFINITIONAL_REPRESENTATION('',(#183),#187);
#183 = LINE('',#184,#185);
#184 = CARTESIAN_POINT('',(0.,1.));
#185 = VECTOR('',#186,1.);
#186 = DIRECTION('',(1.,0.));
#187 = ( GEOMETRIC_REPRESENTATION_CONTEXT(2) 
PARAMETRIC_REPRESENTATION_CONTEXT() REPRESENTATION_CONTEXT('2D SPACE',''
  ) );
#188 = FACE_BOUND('',#189,.F.);
#189 = EDGE_LOOP('',(#190));
#190 = ORIENTED_EDGE('',*,*,#191,.F.);
#191 = EDGE_CURVE('',#192,#192,#194,.T.);
#192 = VERTEX_POINT('',#193);
#193 = CARTESIAN_POINT('',(-11.3,67.,22.));
#194 = SURFACE_CURVE('',#195,(#200,#207),.PCURVE_S1.);
#195 = CIRCLE('',#196,1.7);
#196 = AXIS2_PLACEMENT_3D('',#197,#198,#199);
#197 = CARTESIAN_POINT('',(-13.,67.,22.));
#198 = DIRECTION('',(0.,1.,1.110223024625E-16));
#199 = DIRECTION('',(1.,0.,-0.));
#200 = PCURVE('',#45,#201);
#201 = DEFINITIONAL_REPRESENTATION('',(#202),#206);
#202 = CIRCLE('',#203,1.7);
#203 = AXIS2_PLACEMENT_2D('',#204,#205);
#204 = CARTESIAN_POINT('',(-13.,0.));
#205 = DIRECTION('',(1.,0.));
#206 = ( GEOMETRIC_REPRESENTATION_CONTEXT(2) 
PARAMETRIC_REPRESENTATION_CONTEXT() REPRESENTATION_CONTEXT('2D SPACE',''
  ) );
#207 = PCURVE('',#208,#213);
#208 = CYLINDRICAL_SURFACE('',#209,1.7);
#209 = AXIS2_PLACEMENT_3D('',#210,#211,#212);
#210 = CARTESIAN_POINT('',(-13.,66.,22.));
#211 = DIRECTION('',(0.,1.,1.110223024625E-16));
#212 = DIRECTION('',(1.,0.,0.));
#213 = DEFINITIONAL_REPRESENTATION('',(#214),#218);
#214 = LINE('',#215,#216);
#215 = CARTESIAN_POINT('',(0.,1.));
#216 = VECTOR('',#217,1.);
#217 = DIRECTION('',(1.,0.));
#218 = ( GEOMETRIC_REPRESENTATION_CONTEXT(2) 
PARAMETRIC_REPRESENTATION_CONTEXT() REPRESENTATION_CONTEXT('2D SPACE',''
  ) );
#219 = FACE_BOUND('',#220,.F.);
#220 = EDGE_LOOP('',(#221));
#221 = ORIENTED_EDGE('',*,*,#222,.F.);
#222 = EDGE_CURVE('',#223,#223,#225,.T.);
#223 = VERTEX_POINT('',#224);
#224 = CARTESIAN_POINT('',(2.125,67.,22.));
#225 = SURFACE_CURVE('',#226,(#231,#238),.PCURVE_S1.);
#226 = CIRCLE('',#227,2.125);
#227 = AXIS2_PLACEMENT_3D('',#228,#229,#230);
#228 = CARTESIAN_POINT('',(0.,67.,22.));
#229 = DIRECTION('',(0.,1.,1.110223024625E-16));
#230 = DIRECTION('',(1.,0.,-0.));
#231 = PCURVE('',#45,#232);
#232 = DEFINITIONAL_REPRESENTATION('',(#233),#237);
#233 = CIRCLE('',#234,2.125);
#234 = AXIS2_PLACEMENT_2D('',#235,#236);
#235 = CARTESIAN_POINT('',(0.,0.));
#236 = DIRECTION('',(1.,0.));
#237 = ( GEOMETRIC_REPRESENTATION_CONTEXT(2) 
PARAMETRIC_REPRESENTATION_CONTEXT() REPRESENTATION_CONTEXT('2D SPACE',''
  ) );
#238 = PCURVE('',#239,#244);
#239 = CYLINDRICAL_SURFACE('',#240,2.125);
#240 = AXIS2_PLACEMENT_3D('',#241,#242,#243);
#241 = CARTESIAN_POINT('',(0.,66.,22.));
#242 = DIRECTION('',(0.,1.,1.110223024625E-16));
#243 = DIRECTION('',(1.,0.,0.));
#244 = DEFINITIONAL_REPRESENTATION('',(#245),#249);
#245 = LINE('',#246,#247);
#246 = CARTESIAN_POINT('',(0.,1.));
#247 = VECTOR('',#248,1.);
#248 = DIRECTION('',(1.,0.));
#249 = ( GEOMETRIC_REPRESENTATION_CONTEXT(2) 
PARAMETRIC_REPRESENTATION_CONTEXT() REPRESENTATION_CONTEXT('2D SPACE',''
  ) );
#250 = FACE_BOUND('',#251,.F.);
#251 = EDGE_LOOP('',(#252));
#252 = ORIENTED_EDGE('',*,*,#253,.F.);
#253 = EDGE_CURVE('',#254,#254,#256,.T.);
#254 = VERTEX_POINT('',#255);
#255 = CARTESIAN_POINT('',(14.7,67.,22.));
#256 = SURFACE_CURVE('',#257,(#262,#269),.PCURVE_S1.);
#257 = CIRCLE('',#258,1.7);
#258 = AXIS2_PLACEMENT_3D('',#259,#260,#261);
#259 = CARTESIAN_POINT('',(13.,67.,22.));
#260 = DIRECTION('',(0.,1.,1.110223024625E-16));
#261 = DIRECTION('',(1.,0.,-0.));
#262 = PCURVE('',#45,#263);
#263 = DEFINITIONAL_REPRESENTATION('',(#264),#268);
#264 = CIRCLE('',#265,1.7);
#265 = AXIS2_PLACEMENT_2D('',#266,#267);
#266 = CARTESIAN_POINT('',(13.,0.));
#267 = DIRECTION('',(1.,0.));
#268 = ( GEOMETRIC_REPRESENTATION_CONTEXT(2) 
PARAMETRIC_REPRESENTATION_CONTEXT() REPRESENTATION_CONTEXT('2D SPACE',''
  ) );
#269 = PCURVE('',#270,#275);
#270 = CYLINDRICAL_SURFACE('',#271,1.7);
#271 = AXIS2_PLACEMENT_3D('',#272,#273,#274);
#272 = CARTESIAN_POINT('',(13.,66.,22.));
#273 = DIRECTION('',(0.,1.,1.110223024625E-16));
#274 = DIRECTION('',(1.,0.,0.));
#275 = DEFINITIONAL_REPRESENTATION('',(#276),#280);
#276 = LINE('',#277,#278);
#277 = CARTESIAN_POINT('',(0.,1.));
#278 = VECTOR('',#279,1.);
#279 = DIRECTION('',(1.,0.));
#280 = ( GEOMETRIC_REPRESENTATION_CONTEXT(2) 
PARAMETRIC_REPRESENTATION_CONTEXT() REPRESENTATION_CONTEXT('2D SPACE',''
  ) );
#281 = ADVANCED_FACE('',(#282),#72,.F.);
#282 = FACE_BOUND('',#283,.F.);
#283 = EDGE_LOOP('',(#284,#285,#286,#287));
#284 = ORIENTED_EDGE('',*,*,#116,.F.);
#285 = ORIENTED_EDGE('',*,*,#139,.T.);
#286 = ORIENTED_EDGE('',*,*,#57,.T.);
#287 = ORIENTED_EDGE('',*,*,#288,.F.);
#288 = EDGE_CURVE('',#84,#58,#289,.T.);
#289 = SURFACE_CURVE('',#290,(#294,#300),.PCURVE_S1.);
#290 = LINE('',#291,#292);
#291 = CARTESIAN_POINT('',(-10.,70.,12.));
#292 = VECTOR('',#293,1.);
#293 = DIRECTION('',(1.,0.,0.));
#294 = PCURVE('',#72,#295);
#295 = DEFINITIONAL_REPRESENTATION('',(#296),#299);
#296 = B_SPLINE_CURVE_WITH_KNOTS('',1,(#297,#298),.UNSPECIFIED.,.F.,.F.,
  (2,2),(-5.,25.),.PIECEWISE_BEZIER_KNOTS.);
#297 = CARTESIAN_POINT('',(5.,4.));
#298 = CARTESIAN_POINT('',(35.,4.));
#299 = ( GEOMETRIC_REPRESENTATION_CONTEXT(2) 
PARAMETRIC_REPRESENTATION_CONTEXT() REPRESENTATION_CONTEXT('2D SPACE',''
  ) );
#300 = PCURVE('',#100,#301);
#301 = DEFINITIONAL_REPRESENTATION('',(#302),#305);
#302 = B_SPLINE_CURVE_WITH_KNOTS('',1,(#303,#304),.UNSPECIFIED.,.F.,.F.,
  (2,2),(-5.,25.),.PIECEWISE_BEZIER_KNOTS.);
#303 = CARTESIAN_POINT('',(-15.,10.));
#304 = CARTESIAN_POINT('',(15.,10.));
#305 = ( GEOMETRIC_REPRESENTATION_CONTEXT(2) 
PARAMETRIC_REPRESENTATION_CONTEXT() REPRESENTATION_CONTEXT('2D SPACE',''
  ) );
#306 = ADVANCED_FACE('',(#307,#311,#337,#363,#394),#100,.T.);
#307 = FACE_BOUND('',#308,.T.);
#308 = EDGE_LOOP('',(#309,#310));
#309 = ORIENTED_EDGE('',*,*,#288,.F.);
#310 = ORIENTED_EDGE('',*,*,#83,.F.);
#311 = FACE_BOUND('',#312,.T.);
#312 = EDGE_LOOP('',(#313));
#313 = ORIENTED_EDGE('',*,*,#314,.F.);
#314 = EDGE_CURVE('',#315,#315,#317,.T.);
#315 = VERTEX_POINT('',#316);
#316 = CARTESIAN_POINT('',(1.7,70.,35.));
#317 = SURFACE_CURVE('',#318,(#323,#330),.PCURVE_S1.);
#318 = CIRCLE('',#319,1.7);
#319 = AXIS2_PLACEMENT_3D('',#320,#321,#322);
#320 = CARTESIAN_POINT('',(7.960204194458E-16,70.,35.));
#321 = DIRECTION('',(0.,1.,1.110223024625E-16));
#322 = DIRECTION('',(1.,0.,-0.));
#323 = PCURVE('',#100,#324);
#324 = DEFINITIONAL_REPRESENTATION('',(#325),#329);
#325 = CIRCLE('',#326,1.7);
#326 = AXIS2_PLACEMENT_2D('',#327,#328);
#327 = CARTESIAN_POINT('',(7.960204194458E-16,-13.));
#328 = DIRECTION('',(1.,0.));
#329 = ( GEOMETRIC_REPRESENTATION_CONTEXT(2) 
PARAMETRIC_REPRESENTATION_CONTEXT() REPRESENTATION_CONTEXT('2D SPACE',''
  ) );
#330 = PCURVE('',#177,#331);
#331 = DEFINITIONAL_REPRESENTATION('',(#332),#336);
#332 = LINE('',#333,#334);
#333 = CARTESIAN_POINT('',(0.,4.));
#334 = VECTOR('',#335,1.);
#335 = DIRECTION('',(1.,0.));
#336 = ( GEOMETRIC_REPRESENTATION_CONTEXT(2) 
PARAMETRIC_REPRESENTATION_CONTEXT() REPRESENTATION_CONTEXT('2D SPACE',''
  ) );
#337 = FACE_BOUND('',#338,.T.);
#338 = EDGE_LOOP('',(#339));
#339 = ORIENTED_EDGE('',*,*,#340,.F.);
#340 = EDGE_CURVE('',#341,#341,#343,.T.);
#341 = VERTEX_POINT('',#342);
#342 = CARTESIAN_POINT('',(-11.3,70.,22.));
#343 = SURFACE_CURVE('',#344,(#349,#356),.PCURVE_S1.);
#344 = CIRCLE('',#345,1.7);
#345 = AXIS2_PLACEMENT_3D('',#346,#347,#348);
#346 = CARTESIAN_POINT('',(-13.,70.,22.));
#347 = DIRECTION('',(0.,1.,1.110223024625E-16));
#348 = DIRECTION('',(1.,0.,-0.));
#349 = PCURVE('',#100,#350);
#350 = DEFINITIONAL_REPRESENTATION('',(#351),#355);
#351 = CIRCLE('',#352,1.7);
#352 = AXIS2_PLACEMENT_2D('',#353,#354);
#353 = CARTESIAN_POINT('',(-13.,0.));
#354 = DIRECTION('',(1.,0.));
#355 = ( GEOMETRIC_REPRESENTATION_CONTEXT(2) 
PARAMETRIC_REPRESENTATION_CONTEXT() REPRESENTATION_CONTEXT('2D SPACE',''
  ) );
#356 = PCURVE('',#208,#357);
#357 = DEFINITIONAL_REPRESENTATION('',(#358),#362);
#358 = LINE('',#359,#360);
#359 = CARTESIAN_POINT('',(0.,4.));
#360 = VECTOR('',#361,1.);
#361 = DIRECTION('',(1.,0.));
#362 = ( GEOMETRIC_REPRESENTATION_CONTEXT(2) 
PARAMETRIC_REPRESENTATION_CONTEXT() REPRESENTATION_CONTEXT('2D SPACE',''
  ) );
#363 = FACE_BOUND('',#364,.T.);
#364 = EDGE_LOOP('',(#365));
#365 = ORIENTED_EDGE('',*,*,#366,.F.);
#366 = EDGE_CURVE('',#367,#367,#369,.T.);
#367 = VERTEX_POINT('',#368);
#368 = CARTESIAN_POINT('',(9.,70.,22.));
#369 = SURFACE_CURVE('',#370,(#375,#382),.PCURVE_S1.);
#370 = CIRCLE('',#371,9.);
#371 = AXIS2_PLACEMENT_3D('',#372,#373,#374);
#372 = CARTESIAN_POINT('',(0.,70.,22.));
#373 = DIRECTION('',(-0.,1.,1.110223024625E-16));
#374 = DIRECTION('',(1.,0.,0.));
#375 = PCURVE('',#100,#376);
#376 = DEFINITIONAL_REPRESENTATION('',(#377),#381);
#377 = CIRCLE('',#378,9.);
#378 = AXIS2_PLACEMENT_2D('',#379,#380);
#379 = CARTESIAN_POINT('',(0.,0.));
#380 = DIRECTION('',(1.,0.));
#381 = ( GEOMETRIC_REPRESENTATION_CONTEXT(2) 
PARAMETRIC_REPRESENTATION_CONTEXT() REPRESENTATION_CONTEXT('2D SPACE',''
  ) );
#382 = PCURVE('',#383,#388);
#383 = CYLINDRICAL_SURFACE('',#384,9.);
#384 = AXIS2_PLACEMENT_3D('',#385,#386,#387);
#385 = CARTESIAN_POINT('',(0.,70.,22.));
#386 = DIRECTION('',(0.,1.,1.110223024625E-16));
#387 = DIRECTION('',(1.,0.,0.));
#388 = DEFINITIONAL_REPRESENTATION('',(#389),#393);
#389 = LINE('',#390,#391);
#390 = CARTESIAN_POINT('',(0.,0.));
#391 = VECTOR('',#392,1.);
#392 = DIRECTION('',(1.,0.));
#393 = ( GEOMETRIC_REPRESENTATION_CONTEXT(2) 
PARAMETRIC_REPRESENTATION_CONTEXT() REPRESENTATION_CONTEXT('2D SPACE',''
  ) );
#394 = FACE_BOUND('',#395,.T.);
#395 = EDGE_LOOP('',(#396));
#396 = ORIENTED_EDGE('',*,*,#397,.F.);
#397 = EDGE_CURVE('',#398,#398,#400,.T.);
#398 = VERTEX_POINT('',#399);
#399 = CARTESIAN_POINT('',(14.7,70.,22.));
#400 = SURFACE_CURVE('',#401,(#406,#413),.PCURVE_S1.);
#401 = CIRCLE('',#402,1.7);
#402 = AXIS2_PLACEMENT_3D('',#403,#404,#405);
#403 = CARTESIAN_POINT('',(13.,70.,22.));
#404 = DIRECTION('',(0.,1.,1.110223024625E-16));
#405 = DIRECTION('',(1.,0.,-0.));
#406 = PCURVE('',#100,#407);
#407 = DEFINITIONAL_REPRESENTATION('',(#408),#412);
#408 = CIRCLE('',#409,1.7);
#409 = AXIS2_PLACEMENT_2D('',#410,#411);
#410 = CARTESIAN_POINT('',(13.,0.));
#411 = DIRECTION('',(1.,0.));
#412 = ( GEOMETRIC_REPRESENTATION_CONTEXT(2) 
PARAMETRIC_REPRESENTATION_CONTEXT() REPRESENTATION_CONTEXT('2D SPACE',''
  ) );
#413 = PCURVE('',#270,#414);
#414 = DEFINITIONAL_REPRESENTATION('',(#415),#419);
#415 = LINE('',#416,#417);
#416 = CARTESIAN_POINT('',(0.,4.));
#417 = VECTOR('',#418,1.);
#418 = DIRECTION('',(1.,0.));
#419 = ( GEOMETRIC_REPRESENTATION_CONTEXT(2) 
PARAMETRIC_REPRESENTATION_CONTEXT() REPRESENTATION_CONTEXT('2D SPACE',''
  ) );
#420 = ADVANCED_FACE('',(#421),#177,.F.);
#421 = FACE_BOUND('',#422,.F.);
#422 = EDGE_LOOP('',(#423,#424,#445,#446));
#423 = ORIENTED_EDGE('',*,*,#314,.F.);
#424 = ORIENTED_EDGE('',*,*,#425,.F.);
#425 = EDGE_CURVE('',#161,#315,#426,.T.);
#426 = SEAM_CURVE('',#427,(#431,#438),.PCURVE_S1.);
#427 = LINE('',#428,#429);
#428 = CARTESIAN_POINT('',(1.7,66.,35.));
#429 = VECTOR('',#430,1.);
#430 = DIRECTION('',(0.,1.,1.110223024625E-16));
#431 = PCURVE('',#177,#432);
#432 = DEFINITIONAL_REPRESENTATION('',(#433),#437);
#433 = LINE('',#434,#435);
#434 = CARTESIAN_POINT('',(6.28318530718,-0.));
#435 = VECTOR('',#436,1.);
#436 = DIRECTION('',(0.,1.));
#437 = ( GEOMETRIC_REPRESENTATION_CONTEXT(2) 
PARAMETRIC_REPRESENTATION_CONTEXT() REPRESENTATION_CONTEXT('2D SPACE',''
  ) );
#438 = PCURVE('',#177,#439);
#439 = DEFINITIONAL_REPRESENTATION('',(#440),#444);
#440 = LINE('',#441,#442);
#441 = CARTESIAN_POINT('',(0.,-0.));
#442 = VECTOR('',#443,1.);
#443 = DIRECTION('',(0.,1.));
#444 = ( GEOMETRIC_REPRESENTATION_CONTEXT(2) 
PARAMETRIC_REPRESENTATION_CONTEXT() REPRESENTATION_CONTEXT('2D SPACE',''
  ) );
#445 = ORIENTED_EDGE('',*,*,#160,.T.);
#446 = ORIENTED_EDGE('',*,*,#425,.T.);
#447 = ADVANCED_FACE('',(#448),#208,.F.);
#448 = FACE_BOUND('',#449,.F.);
#449 = EDGE_LOOP('',(#450,#451,#472,#473));
#450 = ORIENTED_EDGE('',*,*,#340,.F.);
#451 = ORIENTED_EDGE('',*,*,#452,.F.);
#452 = EDGE_CURVE('',#192,#341,#453,.T.);
#453 = SEAM_CURVE('',#454,(#458,#465),.PCURVE_S1.);
#454 = LINE('',#455,#456);
#455 = CARTESIAN_POINT('',(-11.3,66.,22.));
#456 = VECTOR('',#457,1.);
#457 = DIRECTION('',(0.,1.,1.110223024625E-16));
#458 = PCURVE('',#208,#459);
#459 = DEFINITIONAL_REPRESENTATION('',(#460),#464);
#460 = LINE('',#461,#462);
#461 = CARTESIAN_POINT('',(6.28318530718,-0.));
#462 = VECTOR('',#463,1.);
#463 = DIRECTION('',(0.,1.));
#464 = ( GEOMETRIC_REPRESENTATION_CONTEXT(2) 
PARAMETRIC_REPRESENTATION_CONTEXT() REPRESENTATION_CONTEXT('2D SPACE',''
  ) );
#465 = PCURVE('',#208,#466);
#466 = DEFINITIONAL_REPRESENTATION('',(#467),#471);
#467 = LINE('',#468,#469);
#468 = CARTESIAN_POINT('',(0.,-0.));
#469 = VECTOR('',#470,1.);
#470 = DIRECTION('',(0.,1.));
#471 = ( GEOMETRIC_REPRESENTATION_CONTEXT(2) 
PARAMETRIC_REPRESENTATION_CONTEXT() REPRESENTATION_CONTEXT('2D SPACE',''
  ) );
#472 = ORIENTED_EDGE('',*,*,#191,.T.);
#473 = ORIENTED_EDGE('',*,*,#452,.T.);
#474 = ADVANCED_FACE('',(#475),#239,.F.);
#475 = FACE_BOUND('',#476,.F.);
#476 = EDGE_LOOP('',(#477,#506,#527,#528));
#477 = ORIENTED_EDGE('',*,*,#478,.F.);
#478 = EDGE_CURVE('',#479,#479,#481,.T.);
#479 = VERTEX_POINT('',#480);
#480 = CARTESIAN_POINT('',(2.125,71.,22.));
#481 = SURFACE_CURVE('',#482,(#487,#494),.PCURVE_S1.);
#482 = CIRCLE('',#483,2.125);
#483 = AXIS2_PLACEMENT_3D('',#484,#485,#486);
#484 = CARTESIAN_POINT('',(0.,71.,22.));
#485 = DIRECTION('',(0.,1.,1.110223024625E-16));
#486 = DIRECTION('',(1.,0.,-0.));
#487 = PCURVE('',#239,#488);
#488 = DEFINITIONAL_REPRESENTATION('',(#489),#493);
#489 = LINE('',#490,#491);
#490 = CARTESIAN_POINT('',(0.,5.));
#491 = VECTOR('',#492,1.);
#492 = DIRECTION('',(1.,0.));
#493 = ( GEOMETRIC_REPRESENTATION_CONTEXT(2) 
PARAMETRIC_REPRESENTATION_CONTEXT() REPRESENTATION_CONTEXT('2D SPACE',''
  ) );
#494 = PCURVE('',#495,#500);
#495 = PLANE('',#496);
#496 = AXIS2_PLACEMENT_3D('',#497,#498,#499);
#497 = CARTESIAN_POINT('',(0.,71.,22.));
#498 = DIRECTION('',(0.,1.,1.110223024625E-16));
#499 = DIRECTION('',(1.,0.,0.));
#500 = DEFINITIONAL_REPRESENTATION('',(#501),#505);
#501 = CIRCLE('',#502,2.125);
#502 = AXIS2_PLACEMENT_2D('',#503,#504);
#503 = CARTESIAN_POINT('',(0.,0.));
#504 = DIRECTION('',(1.,0.));
#505 = ( GEOMETRIC_REPRESENTATION_CONTEXT(2) 
PARAMETRIC_REPRESENTATION_CONTEXT() REPRESENTATION_CONTEXT('2D SPACE',''
  ) );
#506 = ORIENTED_EDGE('',*,*,#507,.F.);
#507 = EDGE_CURVE('',#223,#479,#508,.T.);
#508 = SEAM_CURVE('',#509,(#513,#520),.PCURVE_S1.);
#509 = LINE('',#510,#511);
#510 = CARTESIAN_POINT('',(2.125,66.,22.));
#511 = VECTOR('',#512,1.);
#512 = DIRECTION('',(0.,1.,1.110223024625E-16));
#513 = PCURVE('',#239,#514);
#514 = DEFINITIONAL_REPRESENTATION('',(#515),#519);
#515 = LINE('',#516,#517);
#516 = CARTESIAN_POINT('',(6.28318530718,-0.));
#517 = VECTOR('',#518,1.);
#518 = DIRECTION('',(0.,1.));
#519 = ( GEOMETRIC_REPRESENTATION_CONTEXT(2) 
PARAMETRIC_REPRESENTATION_CONTEXT() REPRESENTATION_CONTEXT('2D SPACE',''
  ) );
#520 = PCURVE('',#239,#521);
#521 = DEFINITIONAL_REPRESENTATION('',(#522),#526);
#522 = LINE('',#523,#524);
#523 = CARTESIAN_POINT('',(0.,-0.));
#524 = VECTOR('',#525,1.);
#525 = DIRECTION('',(0.,1.));
#526 = ( GEOMETRIC_REPRESENTATION_CONTEXT(2) 
PARAMETRIC_REPRESENTATION_CONTEXT() REPRESENTATION_CONTEXT('2D SPACE',''
  ) );
#527 = ORIENTED_EDGE('',*,*,#222,.T.);
#528 = ORIENTED_EDGE('',*,*,#507,.T.);
#529 = ADVANCED_FACE('',(#530),#270,.F.);
#530 = FACE_BOUND('',#531,.F.);
#531 = EDGE_LOOP('',(#532,#533,#554,#555));
#532 = ORIENTED_EDGE('',*,*,#397,.F.);
#533 = ORIENTED_EDGE('',*,*,#534,.F.);
#534 = EDGE_CURVE('',#254,#398,#535,.T.);
#535 = SEAM_CURVE('',#536,(#540,#547),.PCURVE_S1.);
#536 = LINE('',#537,#538);
#537 = CARTESIAN_POINT('',(14.7,66.,22.));
#538 = VECTOR('',#539,1.);
#539 = DIRECTION('',(0.,1.,1.110223024625E-16));
#540 = PCURVE('',#270,#541);
#541 = DEFINITIONAL_REPRESENTATION('',(#542),#546);
#542 = LINE('',#543,#544);
#543 = CARTESIAN_POINT('',(6.28318530718,-0.));
#544 = VECTOR('',#545,1.);
#545 = DIRECTION('',(0.,1.));
#546 = ( GEOMETRIC_REPRESENTATION_CONTEXT(2) 
PARAMETRIC_REPRESENTATION_CONTEXT() REPRESENTATION_CONTEXT('2D SPACE',''
  ) );
#547 = PCURVE('',#270,#548);
#548 = DEFINITIONAL_REPRESENTATION('',(#549),#553);
#549 = LINE('',#550,#551);
#550 = CARTESIAN_POINT('',(0.,-0.));
#551 = VECTOR('',#552,1.);
#552 = DIRECTION('',(0.,1.));
#553 = ( GEOMETRIC_REPRESENTATION_CONTEXT(2) 
PARAMETRIC_REPRESENTATION_CONTEXT() REPRESENTATION_CONTEXT('2D SPACE',''
  ) );
#554 = ORIENTED_EDGE('',*,*,#253,.T.);
#555 = ORIENTED_EDGE('',*,*,#534,.T.);
#556 = ADVANCED_FACE('',(#557),#383,.T.);
#557 = FACE_BOUND('',#558,.T.);
#558 = EDGE_LOOP('',(#559,#560,#583,#610));
#559 = ORIENTED_EDGE('',*,*,#366,.T.);
#560 = ORIENTED_EDGE('',*,*,#561,.T.);
#561 = EDGE_CURVE('',#367,#562,#564,.T.);
#562 = VERTEX_POINT('',#563);
#563 = CARTESIAN_POINT('',(9.,71.307179676972,22.));
#564 = SEAM_CURVE('',#565,(#569,#576),.PCURVE_S1.);
#565 = LINE('',#566,#567);
#566 = CARTESIAN_POINT('',(9.,70.,22.));
#567 = VECTOR('',#568,1.);
#568 = DIRECTION('',(0.,1.,1.110223024625E-16));
#569 = PCURVE('',#383,#570);
#570 = DEFINITIONAL_REPRESENTATION('',(#571),#575);
#571 = LINE('',#572,#573);
#572 = CARTESIAN_POINT('',(0.,-0.));
#573 = VECTOR('',#574,1.);
#574 = DIRECTION('',(0.,1.));
#575 = ( GEOMETRIC_REPRESENTATION_CONTEXT(2) 
PARAMETRIC_REPRESENTATION_CONTEXT() REPRESENTATION_CONTEXT('2D SPACE',''
  ) );
#576 = PCURVE('',#383,#577);
#577 = DEFINITIONAL_REPRESENTATION('',(#578),#582);
#578 = LINE('',#579,#580);
#579 = CARTESIAN_POINT('',(6.28318530718,-0.));
#580 = VECTOR('',#581,1.);
#581 = DIRECTION('',(0.,1.));
#582 = ( GEOMETRIC_REPRESENTATION_CONTEXT(2) 
PARAMETRIC_REPRESENTATION_CONTEXT() REPRESENTATION_CONTEXT('2D SPACE',''
  ) );
#583 = ORIENTED_EDGE('',*,*,#584,.F.);
#584 = EDGE_CURVE('',#562,#562,#585,.T.);
#585 = SURFACE_CURVE('',#586,(#591,#598),.PCURVE_S1.);
#586 = CIRCLE('',#587,9.);
#587 = AXIS2_PLACEMENT_3D('',#588,#589,#590);
#588 = CARTESIAN_POINT('',(0.,71.307179676972,22.));
#589 = DIRECTION('',(0.,1.,1.110223024625E-16));
#590 = DIRECTION('',(0.,-1.110223024625E-16,1.));
#591 = PCURVE('',#383,#592);
#592 = DEFINITIONAL_REPRESENTATION('',(#593),#597);
#593 = LINE('',#594,#595);
#594 = CARTESIAN_POINT('',(-1.570796326795,1.307179676972));
#595 = VECTOR('',#596,1.);
#596 = DIRECTION('',(1.,0.));
#597 = ( GEOMETRIC_REPRESENTATION_CONTEXT(2) 
PARAMETRIC_REPRESENTATION_CONTEXT() REPRESENTATION_CONTEXT('2D SPACE',''
  ) );
#598 = PCURVE('',#599,#604);
#599 = TOROIDAL_SURFACE('',#600,8.6,0.8);
#600 = AXIS2_PLACEMENT_3D('',#601,#602,#603);
#601 = CARTESIAN_POINT('',(0.,72.,22.));
#602 = DIRECTION('',(0.,1.,1.110223024625E-16));
#603 = DIRECTION('',(1.,0.,0.));
#604 = DEFINITIONAL_REPRESENTATION('',(#605),#609);
#605 = LINE('',#606,#607);
#606 = CARTESIAN_POINT('',(-1.570796326795,5.235987755983));
#607 = VECTOR('',#608,1.);
#608 = DIRECTION('',(1.,0.));
#609 = ( GEOMETRIC_REPRESENTATION_CONTEXT(2) 
PARAMETRIC_REPRESENTATION_CONTEXT() REPRESENTATION_CONTEXT('2D SPACE',''
  ) );
#610 = ORIENTED_EDGE('',*,*,#561,.F.);
#611 = ADVANCED_FACE('',(#612,#643),#495,.T.);
#612 = FACE_BOUND('',#613,.T.);
#613 = EDGE_LOOP('',(#614));
#614 = ORIENTED_EDGE('',*,*,#615,.T.);
#615 = EDGE_CURVE('',#616,#616,#618,.T.);
#616 = VERTEX_POINT('',#617);
#617 = CARTESIAN_POINT('',(4.08,71.,22.));
#618 = SURFACE_CURVE('',#619,(#624,#631),.PCURVE_S1.);
#619 = CIRCLE('',#620,4.08);
#620 = AXIS2_PLACEMENT_3D('',#621,#622,#623);
#621 = CARTESIAN_POINT('',(0.,71.,22.));
#622 = DIRECTION('',(-0.,1.,1.110223024625E-16));
#623 = DIRECTION('',(1.,0.,0.));
#624 = PCURVE('',#495,#625);
#625 = DEFINITIONAL_REPRESENTATION('',(#626),#630);
#626 = CIRCLE('',#627,4.08);
#627 = AXIS2_PLACEMENT_2D('',#628,#629);
#628 = CARTESIAN_POINT('',(0.,0.));
#629 = DIRECTION('',(1.,0.));
#630 = ( GEOMETRIC_REPRESENTATION_CONTEXT(2) 
PARAMETRIC_REPRESENTATION_CONTEXT() REPRESENTATION_CONTEXT('2D SPACE',''
  ) );
#631 = PCURVE('',#632,#637);
#632 = CYLINDRICAL_SURFACE('',#633,4.08);
#633 = AXIS2_PLACEMENT_3D('',#634,#635,#636);
#634 = CARTESIAN_POINT('',(0.,71.,22.));
#635 = DIRECTION('',(0.,1.,1.110223024625E-16));
#636 = DIRECTION('',(1.,0.,0.));
#637 = DEFINITIONAL_REPRESENTATION('',(#638),#642);
#638 = LINE('',#639,#640);
#639 = CARTESIAN_POINT('',(0.,0.));
#640 = VECTOR('',#641,1.);
#641 = DIRECTION('',(1.,0.));
#642 = ( GEOMETRIC_REPRESENTATION_CONTEXT(2) 
PARAMETRIC_REPRESENTATION_CONTEXT() REPRESENTATION_CONTEXT('2D SPACE',''
  ) );
#643 = FACE_BOUND('',#644,.T.);
#644 = EDGE_LOOP('',(#645));
#645 = ORIENTED_EDGE('',*,*,#478,.F.);
#646 = ADVANCED_FACE('',(#647),#599,.F.);
#647 = FACE_BOUND('',#648,.F.);
#648 = EDGE_LOOP('',(#649,#678,#700,#701));
#649 = ORIENTED_EDGE('',*,*,#650,.T.);
#650 = EDGE_CURVE('',#651,#651,#653,.T.);
#651 = VERTEX_POINT('',#652);
#652 = CARTESIAN_POINT('',(9.,72.692820323028,22.));
#653 = SURFACE_CURVE('',#654,(#659,#666),.PCURVE_S1.);
#654 = CIRCLE('',#655,9.);
#655 = AXIS2_PLACEMENT_3D('',#656,#657,#658);
#656 = CARTESIAN_POINT('',(0.,72.692820323028,22.));
#657 = DIRECTION('',(0.,1.,1.110223024625E-16));
#658 = DIRECTION('',(0.,-1.110223024625E-16,1.));
#659 = PCURVE('',#599,#660);
#660 = DEFINITIONAL_REPRESENTATION('',(#661),#665);
#661 = LINE('',#662,#663);
#662 = CARTESIAN_POINT('',(-1.570796326795,1.047197551197));
#663 = VECTOR('',#664,1.);
#664 = DIRECTION('',(1.,0.));
#665 = ( GEOMETRIC_REPRESENTATION_CONTEXT(2) 
PARAMETRIC_REPRESENTATION_CONTEXT() REPRESENTATION_CONTEXT('2D SPACE',''
  ) );
#666 = PCURVE('',#667,#672);
#667 = CYLINDRICAL_SURFACE('',#668,9.);
#668 = AXIS2_PLACEMENT_3D('',#669,#670,#671);
#669 = CARTESIAN_POINT('',(0.,70.,22.));
#670 = DIRECTION('',(0.,1.,1.110223024625E-16));
#671 = DIRECTION('',(1.,0.,0.));
#672 = DEFINITIONAL_REPRESENTATION('',(#673),#677);
#673 = LINE('',#674,#675);
#674 = CARTESIAN_POINT('',(-1.570796326795,2.692820323028));
#675 = VECTOR('',#676,1.);
#676 = DIRECTION('',(1.,0.));
#677 = ( GEOMETRIC_REPRESENTATION_CONTEXT(2) 
PARAMETRIC_REPRESENTATION_CONTEXT() REPRESENTATION_CONTEXT('2D SPACE',''
  ) );
#678 = ORIENTED_EDGE('',*,*,#679,.T.);
#679 = EDGE_CURVE('',#651,#562,#680,.T.);
#680 = SEAM_CURVE('',#681,(#686,#693),.PCURVE_S1.);
#681 = CIRCLE('',#682,0.8);
#682 = AXIS2_PLACEMENT_3D('',#683,#684,#685);
#683 = CARTESIAN_POINT('',(8.6,72.,22.));
#684 = DIRECTION('',(-2.449293598295E-16,-1.110223024625E-16,1.));
#685 = DIRECTION('',(1.,-2.719262146894E-32,2.449293598295E-16));
#686 = PCURVE('',#599,#687);
#687 = DEFINITIONAL_REPRESENTATION('',(#688),#692);
#688 = LINE('',#689,#690);
#689 = CARTESIAN_POINT('',(0.,-0.));
#690 = VECTOR('',#691,1.);
#691 = DIRECTION('',(0.,1.));
#692 = ( GEOMETRIC_REPRESENTATION_CONTEXT(2) 
PARAMETRIC_REPRESENTATION_CONTEXT() REPRESENTATION_CONTEXT('2D SPACE',''
  ) );
#693 = PCURVE('',#599,#694);
#694 = DEFINITIONAL_REPRESENTATION('',(#695),#699);
#695 = LINE('',#696,#697);
#696 = CARTESIAN_POINT('',(6.28318530718,-0.));
#697 = VECTOR('',#698,1.);
#698 = DIRECTION('',(0.,1.));
#699 = ( GEOMETRIC_REPRESENTATION_CONTEXT(2) 
PARAMETRIC_REPRESENTATION_CONTEXT() REPRESENTATION_CONTEXT('2D SPACE',''
  ) );
#700 = ORIENTED_EDGE('',*,*,#584,.F.);
#701 = ORIENTED_EDGE('',*,*,#679,.F.);
#702 = ADVANCED_FACE('',(#703),#632,.F.);
#703 = FACE_BOUND('',#704,.F.);
#704 = EDGE_LOOP('',(#705,#728,#757,#836,#858,#859));
#705 = ORIENTED_EDGE('',*,*,#706,.T.);
#706 = EDGE_CURVE('',#616,#707,#709,.T.);
#707 = VERTEX_POINT('',#708);
#708 = CARTESIAN_POINT('',(4.08,74.05,22.));
#709 = SEAM_CURVE('',#710,(#714,#721),.PCURVE_S1.);
#710 = LINE('',#711,#712);
#711 = CARTESIAN_POINT('',(4.08,71.,22.));
#712 = VECTOR('',#713,1.);
#713 = DIRECTION('',(0.,1.,1.110223024625E-16));
#714 = PCURVE('',#632,#715);
#715 = DEFINITIONAL_REPRESENTATION('',(#716),#720);
#716 = LINE('',#717,#718);
#717 = CARTESIAN_POINT('',(6.28318530718,-0.));
#718 = VECTOR('',#719,1.);
#719 = DIRECTION('',(0.,1.));
#720 = ( GEOMETRIC_REPRESENTATION_CONTEXT(2) 
PARAMETRIC_REPRESENTATION_CONTEXT() REPRESENTATION_CONTEXT('2D SPACE',''
  ) );
#721 = PCURVE('',#632,#722);
#722 = DEFINITIONAL_REPRESENTATION('',(#723),#727);
#723 = LINE('',#724,#725);
#724 = CARTESIAN_POINT('',(0.,-0.));
#725 = VECTOR('',#726,1.);
#726 = DIRECTION('',(0.,1.));
#727 = ( GEOMETRIC_REPRESENTATION_CONTEXT(2) 
PARAMETRIC_REPRESENTATION_CONTEXT() REPRESENTATION_CONTEXT('2D SPACE',''
  ) );
#728 = ORIENTED_EDGE('',*,*,#729,.F.);
#729 = EDGE_CURVE('',#730,#707,#732,.T.);
#730 = VERTEX_POINT('',#731);
#731 = CARTESIAN_POINT('',(1.058300524426,74.05,25.940355313928));
#732 = SURFACE_CURVE('',#733,(#738,#745),.PCURVE_S1.);
#733 = CIRCLE('',#734,4.08);
#734 = AXIS2_PLACEMENT_3D('',#735,#736,#737);
#735 = CARTESIAN_POINT('',(0.,74.05,22.));
#736 = DIRECTION('',(-0.,1.,1.110223024625E-16));
#737 = DIRECTION('',(1.,0.,0.));
#738 = PCURVE('',#632,#739);
#739 = DEFINITIONAL_REPRESENTATION('',(#740),#744);
#740 = LINE('',#741,#742);
#741 = CARTESIAN_POINT('',(0.,3.05));
#742 = VECTOR('',#743,1.);
#743 = DIRECTION('',(1.,0.));
#744 = ( GEOMETRIC_REPRESENTATION_CONTEXT(2) 
PARAMETRIC_REPRESENTATION_CONTEXT() REPRESENTATION_CONTEXT('2D SPACE',''
  ) );
#745 = PCURVE('',#746,#751);
#746 = PLANE('',#747);
#747 = AXIS2_PLACEMENT_3D('',#748,#749,#750);
#748 = CARTESIAN_POINT('',(0.,74.05,22.));
#749 = DIRECTION('',(0.,1.,1.110223024625E-16));
#750 = DIRECTION('',(1.,0.,0.));
#751 = DEFINITIONAL_REPRESENTATION('',(#752),#756);
#752 = CIRCLE('',#753,4.08);
#753 = AXIS2_PLACEMENT_2D('',#754,#755);
#754 = CARTESIAN_POINT('',(0.,0.));
#755 = DIRECTION('',(1.,0.));
#756 = ( GEOMETRIC_REPRESENTATION_CONTEXT(2) 
PARAMETRIC_REPRESENTATION_CONTEXT() REPRESENTATION_CONTEXT('2D SPACE',''
  ) );
#757 = ORIENTED_EDGE('',*,*,#758,.F.);
#758 = EDGE_CURVE('',#759,#730,#761,.T.);
#759 = VERTEX_POINT('',#760);
#760 = CARTESIAN_POINT('',(-1.058300524426,74.05,25.940355313928));
#761 = SURFACE_CURVE('',#762,(#783,#807),.PCURVE_S1.);
#762 = B_SPLINE_CURVE_WITH_KNOTS('',7,(#763,#764,#765,#766,#767,#768,
    #769,#770,#771,#772,#773,#774,#775,#776,#777,#778,#779,#780,#781,
    #782),.UNSPECIFIED.,.F.,.F.,(8,6,6,8),(0.,0.363412736481,
    0.662026506518,1.),.UNSPECIFIED.);
#763 = CARTESIAN_POINT('',(-1.058300779552,74.0500006,25.940355245406));
#764 = CARTESIAN_POINT('',(-1.009095369415,73.934280170361,
    25.953570836555));
#765 = CARTESIAN_POINT('',(-0.944182512234,73.822614272084,
    25.970236390721));
#766 = CARTESIAN_POINT('',(-0.863370410918,73.717386975116,
    25.989532219094));
#767 = CARTESIAN_POINT('',(-0.76676614429,73.621223297979,
    26.010141888538));
#768 = CARTESIAN_POINT('',(-0.654841226418,73.537023558474,
    26.030315448908));
#769 = CARTESIAN_POINT('',(-0.528526678896,73.468022299918,
    26.048030650549));
#770 = CARTESIAN_POINT('',(-0.275351274363,73.376873545667,
    26.072314167909));
#771 = CARTESIAN_POINT('',(-0.153119045556,73.348750946874,
    26.080257415446));
#772 = CARTESIAN_POINT('',(-2.60210242087E-02,73.336250134367,
    26.083972739387));
#773 = CARTESIAN_POINT('',(0.1022076348,73.340516324314,26.082716167639)
  );
#774 = CARTESIAN_POINT('',(0.227715656961,73.361319155528,26.0766372649)
  );
#775 = CARTESIAN_POINT('',(0.34687217948,73.397046751636,26.066730796827
    ));
#776 = CARTESIAN_POINT('',(0.581046814874,73.498383165405,
    26.040351208257));
#777 = CARTESIAN_POINT('',(0.693739839072,73.567435759321,
    26.023151995649));
#778 = CARTESIAN_POINT('',(0.793670805665,73.648762202353,
    26.004338749689));
#779 = CARTESIAN_POINT('',(0.880254531669,73.739817851914,
    25.985480714861));
#780 = CARTESIAN_POINT('',(0.95321960247,73.838350556995,25.967912726794
    ));
#781 = CARTESIAN_POINT('',(1.012525923532,73.942348087999,
    25.952649458185));
#782 = CARTESIAN_POINT('',(1.058300779552,74.0500006,25.940355245406));
#783 = PCURVE('',#632,#784);
#784 = DEFINITIONAL_REPRESENTATION('',(#785),#806);
#785 = B_SPLINE_CURVE_WITH_KNOTS('',7,(#786,#787,#788,#789,#790,#791,
    #792,#793,#794,#795,#796,#797,#798,#799,#800,#801,#802,#803,#804,
    #805),.UNSPECIFIED.,.F.,.F.,(8,6,6,8),(0.,0.363412736481,
    0.662026506518,1.),.UNSPECIFIED.);
#786 = CARTESIAN_POINT('',(4.450001094275,3.0500006));
#787 = CARTESIAN_POINT('',(4.462488651125,2.934280170361));
#788 = CARTESIAN_POINT('',(4.478913658458,2.822614272084));
#789 = CARTESIAN_POINT('',(4.499272427671,2.717386975116));
#790 = CARTESIAN_POINT('',(4.523468693893,2.621223297979));
#791 = CARTESIAN_POINT('',(4.551313583029,2.537023558474));
#792 = CARTESIAN_POINT('',(4.58254613807,2.468022299918));
#793 = CARTESIAN_POINT('',(4.644883717625,2.376873545667));
#794 = CARTESIAN_POINT('',(4.674891618824,2.348750946874));
#795 = CARTESIAN_POINT('',(4.706024031292,2.336250134367));
#796 = CARTESIAN_POINT('',(4.737410466085,2.340516324314));
#797 = CARTESIAN_POINT('',(4.768178236622,2.361319155528));
#798 = CARTESIAN_POINT('',(4.797471496658,2.397046751636));
#799 = CARTESIAN_POINT('',(4.855230264138,2.498383165405));
#800 = CARTESIAN_POINT('',(4.883149377987,2.567435759321));
#801 = CARTESIAN_POINT('',(4.908051652105,2.648762202353));
#802 = CARTESIAN_POINT('',(4.929760316615,2.739817851914));
#803 = CARTESIAN_POINT('',(4.948151200836,2.838350556995));
#804 = CARTESIAN_POINT('',(4.963159930161,2.942348087999));
#805 = CARTESIAN_POINT('',(4.974776866495,3.0500006));
#806 = ( GEOMETRIC_REPRESENTATION_CONTEXT(2) 
PARAMETRIC_REPRESENTATION_CONTEXT() REPRESENTATION_CONTEXT('2D SPACE',''
  ) );
#807 = PCURVE('',#808,#813);
#808 = CYLINDRICAL_SURFACE('',#809,1.15);
#809 = AXIS2_PLACEMENT_3D('',#810,#811,#812);
#810 = CARTESIAN_POINT('',(0.,74.5,22.));
#811 = DIRECTION('',(0.,0.,1.));
#812 = DIRECTION('',(1.,0.,-0.));
#813 = DEFINITIONAL_REPRESENTATION('',(#814),#835);
#814 = B_SPLINE_CURVE_WITH_KNOTS('',7,(#815,#816,#817,#818,#819,#820,
    #821,#822,#823,#824,#825,#826,#827,#828,#829,#830,#831,#832,#833,
    #834),.UNSPECIFIED.,.F.,.F.,(8,6,6,8),(0.,0.363412736481,
    0.662026506518,1.),.UNSPECIFIED.);
#815 = CARTESIAN_POINT('',(3.543640619741,3.940355245406));
#816 = CARTESIAN_POINT('',(3.652986121393,3.953570836555));
#817 = CARTESIAN_POINT('',(3.764431467591,3.970236390721));
#818 = CARTESIAN_POINT('',(3.87827157117,3.989532219094));
#819 = CARTESIAN_POINT('',(3.994866942323,4.010141888538));
#820 = CARTESIAN_POINT('',(4.11469964035,4.030315448908));
#821 = CARTESIAN_POINT('',(4.238369781371,4.048030650549));
#822 = CARTESIAN_POINT('',(4.472355354192,4.072314167909));
#823 = CARTESIAN_POINT('',(4.580644144415,4.080257415446));
#824 = CARTESIAN_POINT('',(4.690232720835,4.083972739387));
#825 = CARTESIAN_POINT('',(4.800098248927,4.082716167639));
#826 = CARTESIAN_POINT('',(4.909285045464,4.076637264901));
#827 = CARTESIAN_POINT('',(5.016716017684,4.066730796827));
#828 = CARTESIAN_POINT('',(5.238594624487,4.040351208257));
#829 = CARTESIAN_POINT('',(5.352376229676,4.023151995649));
#830 = CARTESIAN_POINT('',(5.462880467609,4.004338749689));
#831 = CARTESIAN_POINT('',(5.570618019004,3.985480714861));
#832 = CARTESIAN_POINT('',(5.6760139639,3.967912726794));
#833 = CARTESIAN_POINT('',(5.779415303134,3.952649458185));
#834 = CARTESIAN_POINT('',(5.881137341028,3.940355245406));
#835 = ( GEOMETRIC_REPRESENTATION_CONTEXT(2) 
PARAMETRIC_REPRESENTATION_CONTEXT() REPRESENTATION_CONTEXT('2D SPACE',''
  ) );
#836 = ORIENTED_EDGE('',*,*,#837,.F.);
#837 = EDGE_CURVE('',#707,#759,#838,.T.);
#838 = SURFACE_CURVE('',#839,(#844,#851),.PCURVE_S1.);
#839 = CIRCLE('',#840,4.08);
#840 = AXIS2_PLACEMENT_3D('',#841,#842,#843);
#841 = CARTESIAN_POINT('',(0.,74.05,22.));
#842 = DIRECTION('',(-0.,1.,1.110223024625E-16));
#843 = DIRECTION('',(1.,0.,0.));
#844 = PCURVE('',#632,#845);
#845 = DEFINITIONAL_REPRESENTATION('',(#846),#850);
#846 = LINE('',#847,#848);
#847 = CARTESIAN_POINT('',(0.,3.05));
#848 = VECTOR('',#849,1.);
#849 = DIRECTION('',(1.,0.));
#850 = ( GEOMETRIC_REPRESENTATION_CONTEXT(2) 
PARAMETRIC_REPRESENTATION_CONTEXT() REPRESENTATION_CONTEXT('2D SPACE',''
  ) );
#851 = PCURVE('',#746,#852);
#852 = DEFINITIONAL_REPRESENTATION('',(#853),#857);
#853 = CIRCLE('',#854,4.08);
#854 = AXIS2_PLACEMENT_2D('',#855,#856);
#855 = CARTESIAN_POINT('',(0.,0.));
#856 = DIRECTION('',(1.,0.));
#857 = ( GEOMETRIC_REPRESENTATION_CONTEXT(2) 
PARAMETRIC_REPRESENTATION_CONTEXT() REPRESENTATION_CONTEXT('2D SPACE',''
  ) );
#858 = ORIENTED_EDGE('',*,*,#706,.F.);
#859 = ORIENTED_EDGE('',*,*,#615,.T.);
#860 = ADVANCED_FACE('',(#861,#915),#667,.T.);
#861 = FACE_BOUND('',#862,.T.);
#862 = EDGE_LOOP('',(#863,#864,#887,#914));
#863 = ORIENTED_EDGE('',*,*,#650,.T.);
#864 = ORIENTED_EDGE('',*,*,#865,.T.);
#865 = EDGE_CURVE('',#651,#866,#868,.T.);
#866 = VERTEX_POINT('',#867);
#867 = CARTESIAN_POINT('',(9.,88.,22.));
#868 = SEAM_CURVE('',#869,(#873,#880),.PCURVE_S1.);
#869 = LINE('',#870,#871);
#870 = CARTESIAN_POINT('',(9.,70.,22.));
#871 = VECTOR('',#872,1.);
#872 = DIRECTION('',(0.,1.,1.110223024625E-16));
#873 = PCURVE('',#667,#874);
#874 = DEFINITIONAL_REPRESENTATION('',(#875),#879);
#875 = LINE('',#876,#877);
#876 = CARTESIAN_POINT('',(0.,-0.));
#877 = VECTOR('',#878,1.);
#878 = DIRECTION('',(0.,1.));
#879 = ( GEOMETRIC_REPRESENTATION_CONTEXT(2) 
PARAMETRIC_REPRESENTATION_CONTEXT() REPRESENTATION_CONTEXT('2D SPACE',''
  ) );
#880 = PCURVE('',#667,#881);
#881 = DEFINITIONAL_REPRESENTATION('',(#882),#886);
#882 = LINE('',#883,#884);
#883 = CARTESIAN_POINT('',(6.28318530718,-0.));
#884 = VECTOR('',#885,1.);
#885 = DIRECTION('',(0.,1.));
#886 = ( GEOMETRIC_REPRESENTATION_CONTEXT(2) 
PARAMETRIC_REPRESENTATION_CONTEXT() REPRESENTATION_CONTEXT('2D SPACE',''
  ) );
#887 = ORIENTED_EDGE('',*,*,#888,.F.);
#888 = EDGE_CURVE('',#866,#866,#889,.T.);
#889 = SURFACE_CURVE('',#890,(#895,#902),.PCURVE_S1.);
#890 = CIRCLE('',#891,9.);
#891 = AXIS2_PLACEMENT_3D('',#892,#893,#894);
#892 = CARTESIAN_POINT('',(0.,88.,22.));
#893 = DIRECTION('',(-0.,1.,1.110223024625E-16));
#894 = DIRECTION('',(1.,0.,0.));
#895 = PCURVE('',#667,#896);
#896 = DEFINITIONAL_REPRESENTATION('',(#897),#901);
#897 = LINE('',#898,#899);
#898 = CARTESIAN_POINT('',(0.,18.));
#899 = VECTOR('',#900,1.);
#900 = DIRECTION('',(1.,0.));
#901 = ( GEOMETRIC_REPRESENTATION_CONTEXT(2) 
PARAMETRIC_REPRESENTATION_CONTEXT() REPRESENTATION_CONTEXT('2D SPACE',''
  ) );
#902 = PCURVE('',#903,#908);
#903 = PLANE('',#904);
#904 = AXIS2_PLACEMENT_3D('',#905,#906,#907);
#905 = CARTESIAN_POINT('',(0.,88.,22.));
#906 = DIRECTION('',(0.,1.,1.110223024625E-16));
#907 = DIRECTION('',(1.,0.,0.));
#908 = DEFINITIONAL_REPRESENTATION('',(#909),#913);
#909 = CIRCLE('',#910,9.);
#910 = AXIS2_PLACEMENT_2D('',#911,#912);
#911 = CARTESIAN_POINT('',(0.,0.));
#912 = DIRECTION('',(1.,0.));
#913 = ( GEOMETRIC_REPRESENTATION_CONTEXT(2) 
PARAMETRIC_REPRESENTATION_CONTEXT() REPRESENTATION_CONTEXT('2D SPACE',''
  ) );
#914 = ORIENTED_EDGE('',*,*,#865,.F.);
#915 = FACE_BOUND('',#916,.T.);
#916 = EDGE_LOOP('',(#917));
#917 = ORIENTED_EDGE('',*,*,#918,.F.);
#918 = EDGE_CURVE('',#919,#919,#921,.T.);
#919 = VERTEX_POINT('',#920);
#920 = CARTESIAN_POINT('',(1.15,74.5,30.926225406072));
#921 = SURFACE_CURVE('',#922,(#967,#1015),.PCURVE_S1.);
#922 = B_SPLINE_CURVE_WITH_KNOTS('',7,(#923,#924,#925,#926,#927,#928,
    #929,#930,#931,#932,#933,#934,#935,#936,#937,#938,#939,#940,#941,
    #942,#943,#944,#945,#946,#947,#948,#949,#950,#951,#952,#953,#954,
    #955,#956,#957,#958,#959,#960,#961,#962,#963,#964,#965,#966),
  .UNSPECIFIED.,.T.,.F.,(8,6,6,6,6,6,6,8),(0.,0.15054183989,
    0.287272299531,0.424804080344,0.587269486499,0.713892779528,
    0.840459538072,1.),.UNSPECIFIED.);
#923 = CARTESIAN_POINT('',(1.15,74.5,30.926225406072));
#924 = CARTESIAN_POINT('',(1.15,74.638623701203,30.926225406072));
#925 = CARTESIAN_POINT('',(1.130505282839,74.777340862335,
    30.928736903574));
#926 = CARTESIAN_POINT('',(1.091466288562,74.914029421956,
    30.933766870224));
#927 = CARTESIAN_POINT('',(1.032551998878,75.046387155887,
    30.941083262637));
#928 = CARTESIAN_POINT('',(0.953343751452,75.171671704426,
    30.950195301742));
#929 = CARTESIAN_POINT('',(0.853470362282,75.286459573827,
    30.960256093129));
#930 = CARTESIAN_POINT('',(0.623653854316,75.476580323589,
    30.979036728644));
#931 = CARTESIAN_POINT('',(0.494657662791,75.556762016838,
    30.988011126282));
#932 = CARTESIAN_POINT('',(0.348743361458,75.618647435976,
    30.995800906232));
#933 = CARTESIAN_POINT('',(0.191096639358,75.65679905121,31.000929378471
    ));
#934 = CARTESIAN_POINT('',(2.823932764962E-02,75.66837611635,
    31.00240069759));
#935 = CARTESIAN_POINT('',(-0.132872733348,75.653185332723,
    31.000323020056));
#936 = CARTESIAN_POINT('',(-0.440011384413,75.574325530548,
    30.990558131064));
#937 = CARTESIAN_POINT('',(-0.581807066857,75.511434984166,
    30.98297026108));
#938 = CARTESIAN_POINT('',(-0.70851733938,75.429548965953,
    30.973655528372));
#939 = CARTESIAN_POINT('',(-0.818394621752,75.33266804612,
    30.963777569134));
#940 = CARTESIAN_POINT('',(-0.910433518998,75.224625398235,
    30.954372302857));
#941 = CARTESIAN_POINT('',(-0.984335324498,75.109110811245,
    30.946188406199));
#942 = CARTESIAN_POINT('',(-1.106958455784,74.84852339273,
    30.931915397048));
#943 = CARTESIAN_POINT('',(-1.150401128748,74.698243374918,
    30.926275490561));
#944 = CARTESIAN_POINT('',(-1.169885616581,74.542912314695,
    30.923564860552));
#945 = CARTESIAN_POINT('',(-1.16515536934,74.386436496556,
    30.924220161321));
#946 = CARTESIAN_POINT('',(-1.136365960943,74.232438688659,
    30.928144932151));
#947 = CARTESIAN_POINT('',(-1.083826024129,74.084360170321,
    30.934829700812));
#948 = CARTESIAN_POINT('',(-0.94846217022,73.838134234135,
    30.950082653874));
#949 = CARTESIAN_POINT('',(-0.873935521477,73.734467313534,
    30.958015965504));
#950 = CARTESIAN_POINT('',(-0.783936910782,73.637982769223,
    30.966800321189));
#951 = CARTESIAN_POINT('',(-0.678859263208,73.551751413755,
    30.97578894216));
#952 = CARTESIAN_POINT('',(-0.559671860022,73.478890238944,
    30.984138198494));
#953 = CARTESIAN_POINT('',(-0.427931135249,73.422572788645,30.9909421996
    ));
#954 = CARTESIAN_POINT('',(-0.144118977287,73.349702211938,
    30.999965467129));
#955 = CARTESIAN_POINT('',(5.028423580649E-03,73.333879612136,
    31.002093697794));
#956 = CARTESIAN_POINT('',(0.156310165627,73.341043521451,31.00120269622
    ));
#957 = CARTESIAN_POINT('',(0.303977420528,73.371298439483,
    30.997149163266));
#958 = CARTESIAN_POINT('',(0.442537268149,73.422601022282,
    30.990620951846));
#959 = CARTESIAN_POINT('',(0.567445147362,73.490794857744,
    30.982752738442));
#960 = CARTESIAN_POINT('',(0.812729864756,73.669004636401,
    30.964278230546));
#961 = CARTESIAN_POINT('',(0.926398867693,73.78743170863,30.95327088053)
  );
#962 = CARTESIAN_POINT('',(1.016541818007,73.9188953116,30.943066735178)
  );
#963 = CARTESIAN_POINT('',(1.083534945743,74.059057468818,
    30.934788995078));
#964 = CARTESIAN_POINT('',(1.127875513749,74.204479658136,
    30.929075634664));
#965 = CARTESIAN_POINT('',(1.15,74.352321711651,30.926225406072));
#966 = CARTESIAN_POINT('',(1.15,74.5,30.926225406072));
#967 = PCURVE('',#667,#968);
#968 = DEFINITIONAL_REPRESENTATION('',(#969),#1014);
#969 = B_SPLINE_CURVE_WITH_KNOTS('',7,(#970,#971,#972,#973,#974,#975,
    #976,#977,#978,#979,#980,#981,#982,#983,#984,#985,#986,#987,#988,
    #989,#990,#991,#992,#993,#994,#995,#996,#997,#998,#999,#1000,#1001,
    #1002,#1003,#1004,#1005,#1006,#1007,#1008,#1009,#1010,#1011,#1012,
    #1013),.UNSPECIFIED.,.T.,.F.,(8,6,6,6,6,6,6,8),(0.,0.15054183989,
    0.287272299531,0.424804080344,0.587269486499,0.713892779528,
    0.840459538072,1.),.UNSPECIFIED.);
#970 = CARTESIAN_POINT('',(4.840517046005,4.5));
#971 = CARTESIAN_POINT('',(4.840517046005,4.638623701203));
#972 = CARTESIAN_POINT('',(4.838333062849,4.777340862335));
#973 = CARTESIAN_POINT('',(4.833959550922,4.914029421956));
#974 = CARTESIAN_POINT('',(4.827363278189,5.046387155887));
#975 = CARTESIAN_POINT('',(4.818505171039,5.171671704426));
#976 = CARTESIAN_POINT('',(4.807353951317,5.286459573827));
#977 = CARTESIAN_POINT('',(4.781733661421,5.476580323589));
#978 = CARTESIAN_POINT('',(4.767367184793,5.556762016838));
#979 = CARTESIAN_POINT('',(4.751134724894,5.618647435976));
#980 = CARTESIAN_POINT('',(4.733617078662,5.65679905121));
#981 = CARTESIAN_POINT('',(4.715528255142,5.66837611635));
#982 = CARTESIAN_POINT('',(4.697628589354,5.653185332723));
#983 = CARTESIAN_POINT('',(4.663484829366,5.574325530548));
#984 = CARTESIAN_POINT('',(4.647710922069,5.511434984166));
#985 = CARTESIAN_POINT('',(4.633598009966,5.429548965953));
#986 = CARTESIAN_POINT('',(4.621341971638,5.33266804612));
#987 = CARTESIAN_POINT('',(4.611062800459,5.224625398235));
#988 = CARTESIAN_POINT('',(4.602801417795,5.109110811245));
#989 = CARTESIAN_POINT('',(4.589084639245,4.84852339273));
#990 = CARTESIAN_POINT('',(4.584217598068,4.698243374918));
#991 = CARTESIAN_POINT('',(4.58203165715,4.542912314695));
#992 = CARTESIAN_POINT('',(4.58256228238,4.386436496556));
#993 = CARTESIAN_POINT('',(4.585790838286,4.232438688659));
#994 = CARTESIAN_POINT('',(4.591675061973,4.084360170321));
#995 = CARTESIAN_POINT('',(4.606810673451,3.838134234135));
#996 = CARTESIAN_POINT('',(4.615138040225,3.734467313534));
#997 = CARTESIAN_POINT('',(4.625184756271,3.637982769223));
#998 = CARTESIAN_POINT('',(4.636901010772,3.551751413755));
#999 = CARTESIAN_POINT('',(4.650173269175,3.478890238944));
#1000 = CARTESIAN_POINT('',(4.664827757476,3.422572788645));
#1001 = CARTESIAN_POINT('',(4.696378375314,3.349702211938));
#1002 = CARTESIAN_POINT('',(4.712949470533,3.333879612136));
#1003 = CARTESIAN_POINT('',(4.729753241856,3.341043521451));
#1004 = CARTESIAN_POINT('',(4.74616046982,3.371298439483));
#1005 = CARTESIAN_POINT('',(4.761569984475,3.422601022282));
#1006 = CARTESIAN_POINT('',(4.775475082713,3.490794857744));
#1007 = CARTESIAN_POINT('',(4.802806135018,3.669004636401));
#1008 = CARTESIAN_POINT('',(4.815492203574,3.78743170863));
#1009 = CARTESIAN_POINT('',(4.825570768453,3.9188953116));
#1010 = CARTESIAN_POINT('',(4.833071013598,4.059057468818));
#1011 = CARTESIAN_POINT('',(4.83803844965,4.204479658136));
#1012 = CARTESIAN_POINT('',(4.840517046005,4.352321711651));
#1013 = CARTESIAN_POINT('',(4.840517046005,4.5));
#1014 = ( GEOMETRIC_REPRESENTATION_CONTEXT(2) 
PARAMETRIC_REPRESENTATION_CONTEXT() REPRESENTATION_CONTEXT('2D SPACE',''
  ) );
#1015 = PCURVE('',#808,#1016);
#1016 = DEFINITIONAL_REPRESENTATION('',(#1017),#1062);
#1017 = B_SPLINE_CURVE_WITH_KNOTS('',7,(#1018,#1019,#1020,#1021,#1022,
    #1023,#1024,#1025,#1026,#1027,#1028,#1029,#1030,#1031,#1032,#1033,
    #1034,#1035,#1036,#1037,#1038,#1039,#1040,#1041,#1042,#1043,#1044,
    #1045,#1046,#1047,#1048,#1049,#1050,#1051,#1052,#1053,#1054,#1055,
    #1056,#1057,#1058,#1059,#1060,#1061),.UNSPECIFIED.,.F.,.F.,(8,6,6,6,
    6,6,6,8),(0.,0.15054183989,0.287272299531,0.424804080344,
    0.587269486499,0.713892779528,0.840459538072,1.),.UNSPECIFIED.);
#1018 = CARTESIAN_POINT('',(0.,8.926225406072));
#1019 = CARTESIAN_POINT('',(0.120542348872,8.926225406072));
#1020 = CARTESIAN_POINT('',(0.241165584705,8.928736903574));
#1021 = CARTESIAN_POINT('',(0.362887795423,8.933766870224));
#1022 = CARTESIAN_POINT('',(0.486577996784,8.941083262637));
#1023 = CARTESIAN_POINT('',(0.613189599936,8.950195301742));
#1024 = CARTESIAN_POINT('',(0.743731145501,8.960256093129));
#1025 = CARTESIAN_POINT('',(1.003091310409,8.979036728644));
#1026 = CARTESIAN_POINT('',(1.133964117424,8.988011126282));
#1027 = CARTESIAN_POINT('',(1.269098895621,8.995800906232));
#1028 = CARTESIAN_POINT('',(1.406767396358,9.000929378471));
#1029 = CARTESIAN_POINT('',(1.54567621868,9.00240069759));
#1030 = CARTESIAN_POINT('',(1.684656575447,9.000323020056));
#1031 = CARTESIAN_POINT('',(1.96039654141,8.990558131064));
#1032 = CARTESIAN_POINT('',(2.093424124822,8.98297026108));
#1033 = CARTESIAN_POINT('',(2.222168478223,8.973655528372));
#1034 = CARTESIAN_POINT('',(2.347152662846,8.963777569134));
#1035 = CARTESIAN_POINT('',(2.468711912926,8.954372302857));
#1036 = CARTESIAN_POINT('',(2.586960688316,8.946188406199));
#1037 = CARTESIAN_POINT('',(2.83739280638,8.931915397048));
#1038 = CARTESIAN_POINT('',(2.971717844473,8.926275490561));
#1039 = CARTESIAN_POINT('',(3.105224539759,8.923564860552));
#1040 = CARTESIAN_POINT('',(3.238454998944,8.924220161321));
#1041 = CARTESIAN_POINT('',(3.372088062539,8.928144932151));
#1042 = CARTESIAN_POINT('',(3.506935121667,8.934829700812));
#1043 = CARTESIAN_POINT('',(3.75126683179,8.950082653874));
#1044 = CARTESIAN_POINT('',(3.861481825775,8.958015965504));
#1045 = CARTESIAN_POINT('',(3.974708616117,8.966800321189));
#1046 = CARTESIAN_POINT('',(4.090977306934,8.97578894216));
#1047 = CARTESIAN_POINT('',(4.210496905157,8.984138198494));
#1048 = CARTESIAN_POINT('',(4.333634054963,8.9909421996));
#1049 = CARTESIAN_POINT('',(4.58843218768,8.999965467129));
#1050 = CARTESIAN_POINT('',(4.717472277144,9.002093697794));
#1051 = CARTESIAN_POINT('',(4.846716612474,9.00120269622));
#1052 = CARTESIAN_POINT('',(4.975065101712,8.997149163266));
#1053 = CARTESIAN_POINT('',(5.101351440104,8.990620951846));
#1054 = CARTESIAN_POINT('',(5.224078701047,8.982752738442));
#1055 = CARTESIAN_POINT('',(5.487720948474,8.964278230546));
#1056 = CARTESIAN_POINT('',(5.628217197024,8.95327088053));
#1057 = CARTESIAN_POINT('',(5.764010482276,8.943066735178));
#1058 = CARTESIAN_POINT('',(5.896295789119,8.934788995078));
#1059 = CARTESIAN_POINT('',(6.026211762464,8.929075634665));
#1060 = CARTESIAN_POINT('',(6.154769404267,8.926225406072));
#1061 = CARTESIAN_POINT('',(6.28318530718,8.926225406072));
#1062 = ( GEOMETRIC_REPRESENTATION_CONTEXT(2) 
PARAMETRIC_REPRESENTATION_CONTEXT() REPRESENTATION_CONTEXT('2D SPACE',''
  ) );
#1063 = ADVANCED_FACE('',(#1064),#746,.F.);
#1064 = FACE_BOUND('',#1065,.F.);
#1065 = EDGE_LOOP('',(#1066,#1067,#1068,#1089,#1122));
#1066 = ORIENTED_EDGE('',*,*,#729,.T.);
#1067 = ORIENTED_EDGE('',*,*,#837,.T.);
#1068 = ORIENTED_EDGE('',*,*,#1069,.F.);
#1069 = EDGE_CURVE('',#1070,#759,#1072,.T.);
#1070 = VERTEX_POINT('',#1071);
#1071 = CARTESIAN_POINT('',(-1.058300524426,74.05,23.842722171137));
#1072 = SURFACE_CURVE('',#1073,(#1077,#1083),.PCURVE_S1.);
#1073 = LINE('',#1074,#1075);
#1074 = CARTESIAN_POINT('',(-1.058300524426,74.05,22.));
#1075 = VECTOR('',#1076,1.);
#1076 = DIRECTION('',(0.,0.,1.));
#1077 = PCURVE('',#746,#1078);
#1078 = DEFINITIONAL_REPRESENTATION('',(#1079),#1082);
#1079 = B_SPLINE_CURVE_WITH_KNOTS('',1,(#1080,#1081),.UNSPECIFIED.,.F.,
  .F.,(2,2),(-5.999999999062E-07,4.896),.PIECEWISE_BEZIER_KNOTS.);
#1080 = CARTESIAN_POINT('',(-1.058300524426,5.999999999062E-07));
#1081 = CARTESIAN_POINT('',(-1.058300524426,-4.896));
#1082 = ( GEOMETRIC_REPRESENTATION_CONTEXT(2) 
PARAMETRIC_REPRESENTATION_CONTEXT() REPRESENTATION_CONTEXT('2D SPACE',''
  ) );
#1083 = PCURVE('',#808,#1084);
#1084 = DEFINITIONAL_REPRESENTATION('',(#1085),#1088);
#1085 = B_SPLINE_CURVE_WITH_KNOTS('',1,(#1086,#1087),.UNSPECIFIED.,.F.,
  .F.,(2,2),(-5.999999999062E-07,4.896),.PIECEWISE_BEZIER_KNOTS.);
#1086 = CARTESIAN_POINT('',(3.543641186688,-5.999999999062E-07));
#1087 = CARTESIAN_POINT('',(3.543641186688,4.896));
#1088 = ( GEOMETRIC_REPRESENTATION_CONTEXT(2) 
PARAMETRIC_REPRESENTATION_CONTEXT() REPRESENTATION_CONTEXT('2D SPACE',''
  ) );
#1089 = ORIENTED_EDGE('',*,*,#1090,.T.);
#1090 = EDGE_CURVE('',#1070,#1091,#1093,.T.);
#1091 = VERTEX_POINT('',#1092);
#1092 = CARTESIAN_POINT('',(1.058300524426,74.05,23.842722171137));
#1093 = SURFACE_CURVE('',#1094,(#1099,#1110),.PCURVE_S1.);
#1094 = CIRCLE('',#1095,2.125);
#1095 = AXIS2_PLACEMENT_3D('',#1096,#1097,#1098);
#1096 = CARTESIAN_POINT('',(0.,74.05,22.));
#1097 = DIRECTION('',(-0.,-1.,0.));
#1098 = DIRECTION('',(-0.498023776201,0.,0.867163374653));
#1099 = PCURVE('',#746,#1100);
#1100 = DEFINITIONAL_REPRESENTATION('',(#1101),#1109);
#1101 = ( BOUNDED_CURVE() B_SPLINE_CURVE(2,(#1102,#1103,#1104,#1105,
#1106,#1107,#1108),.UNSPECIFIED.,.T.,.F.) B_SPLINE_CURVE_WITH_KNOTS((1,2
    ,2,2,2,1),(-2.094395102393,0.,2.094395102393,4.188790204786,
6.28318530718,8.377580409573),.UNSPECIFIED.) CURVE() 
GEOMETRIC_REPRESENTATION_ITEM() RATIONAL_B_SPLINE_CURVE((1.,0.5,1.,0.5,
1.,0.5,1.)) REPRESENTATION_ITEM('') );
#1102 = CARTESIAN_POINT('',(-1.058300524426,-1.842722171137));
#1103 = CARTESIAN_POINT('',(-4.249988949069,-9.69189315383E-03));
#1104 = CARTESIAN_POINT('',(-1.066693950108,1.83787622456));
#1105 = CARTESIAN_POINT('',(2.116601048852,3.685444342274));
#1106 = CARTESIAN_POINT('',(2.124994474534,4.845946576916E-03));
#1107 = CARTESIAN_POINT('',(2.133387900216,-3.67575244912));
#1108 = CARTESIAN_POINT('',(-1.058300524426,-1.842722171137));
#1109 = ( GEOMETRIC_REPRESENTATION_CONTEXT(2) 
PARAMETRIC_REPRESENTATION_CONTEXT() REPRESENTATION_CONTEXT('2D SPACE',''
  ) );
#1110 = PCURVE('',#1111,#1116);
#1111 = CYLINDRICAL_SURFACE('',#1112,2.125);
#1112 = AXIS2_PLACEMENT_3D('',#1113,#1114,#1115);
#1113 = CARTESIAN_POINT('',(0.,66.,22.));
#1114 = DIRECTION('',(0.,1.,1.110223024625E-16));
#1115 = DIRECTION('',(1.,0.,0.));
#1116 = DEFINITIONAL_REPRESENTATION('',(#1117),#1121);
#1117 = LINE('',#1118,#1119);
#1118 = CARTESIAN_POINT('',(10.47425595939,8.05));
#1119 = VECTOR('',#1120,1.);
#1120 = DIRECTION('',(-1.,-0.));
#1121 = ( GEOMETRIC_REPRESENTATION_CONTEXT(2) 
PARAMETRIC_REPRESENTATION_CONTEXT() REPRESENTATION_CONTEXT('2D SPACE',''
  ) );
#1122 = ORIENTED_EDGE('',*,*,#1123,.T.);
#1123 = EDGE_CURVE('',#1091,#730,#1124,.T.);
#1124 = SURFACE_CURVE('',#1125,(#1129,#1135),.PCURVE_S1.);
#1125 = LINE('',#1126,#1127);
#1126 = CARTESIAN_POINT('',(1.058300524426,74.05,22.));
#1127 = VECTOR('',#1128,1.);
#1128 = DIRECTION('',(0.,0.,1.));
#1129 = PCURVE('',#746,#1130);
#1130 = DEFINITIONAL_REPRESENTATION('',(#1131),#1134);
#1131 = B_SPLINE_CURVE_WITH_KNOTS('',1,(#1132,#1133),.UNSPECIFIED.,.F.,
  .F.,(2,2),(-5.999999999062E-07,4.896),.PIECEWISE_BEZIER_KNOTS.);
#1132 = CARTESIAN_POINT('',(1.058300524426,5.999999999062E-07));
#1133 = CARTESIAN_POINT('',(1.058300524426,-4.896));
#1134 = ( GEOMETRIC_REPRESENTATION_CONTEXT(2) 
PARAMETRIC_REPRESENTATION_CONTEXT() REPRESENTATION_CONTEXT('2D SPACE',''
  ) );
#1135 = PCURVE('',#808,#1136);
#1136 = DEFINITIONAL_REPRESENTATION('',(#1137),#1140);
#1137 = B_SPLINE_CURVE_WITH_KNOTS('',1,(#1138,#1139),.UNSPECIFIED.,.F.,
  .F.,(2,2),(-5.999999999062E-07,4.896),.PIECEWISE_BEZIER_KNOTS.);
#1138 = CARTESIAN_POINT('',(5.881136774082,-5.999999999062E-07));
#1139 = CARTESIAN_POINT('',(5.881136774082,4.896));
#1140 = ( GEOMETRIC_REPRESENTATION_CONTEXT(2) 
PARAMETRIC_REPRESENTATION_CONTEXT() REPRESENTATION_CONTEXT('2D SPACE',''
  ) );
#1141 = ADVANCED_FACE('',(#1142),#808,.F.);
#1142 = FACE_BOUND('',#1143,.F.);
#1143 = EDGE_LOOP('',(#1144,#1145,#1168,#1203,#1229,#1308,#1329,#1392,
    #1393,#1394,#1395,#1428));
#1144 = ORIENTED_EDGE('',*,*,#918,.F.);
#1145 = ORIENTED_EDGE('',*,*,#1146,.F.);
#1146 = EDGE_CURVE('',#1147,#919,#1149,.T.);
#1147 = VERTEX_POINT('',#1148);
#1148 = CARTESIAN_POINT('',(1.15,74.5,23.786931727851));
#1149 = SEAM_CURVE('',#1150,(#1154,#1161),.PCURVE_S1.);
#1150 = LINE('',#1151,#1152);
#1151 = CARTESIAN_POINT('',(1.15,74.5,22.));
#1152 = VECTOR('',#1153,1.);
#1153 = DIRECTION('',(0.,0.,1.));
#1154 = PCURVE('',#808,#1155);
#1155 = DEFINITIONAL_REPRESENTATION('',(#1156),#1160);
#1156 = LINE('',#1157,#1158);
#1157 = CARTESIAN_POINT('',(6.28318530718,-0.));
#1158 = VECTOR('',#1159,1.);
#1159 = DIRECTION('',(0.,1.));
#1160 = ( GEOMETRIC_REPRESENTATION_CONTEXT(2) 
PARAMETRIC_REPRESENTATION_CONTEXT() REPRESENTATION_CONTEXT('2D SPACE',''
  ) );
#1161 = PCURVE('',#808,#1162);
#1162 = DEFINITIONAL_REPRESENTATION('',(#1163),#1167);
#1163 = LINE('',#1164,#1165);
#1164 = CARTESIAN_POINT('',(0.,-0.));
#1165 = VECTOR('',#1166,1.);
#1166 = DIRECTION('',(0.,1.));
#1167 = ( GEOMETRIC_REPRESENTATION_CONTEXT(2) 
PARAMETRIC_REPRESENTATION_CONTEXT() REPRESENTATION_CONTEXT('2D SPACE',''
  ) );
#1168 = ORIENTED_EDGE('',*,*,#1169,.T.);
#1169 = EDGE_CURVE('',#1147,#1170,#1172,.T.);
#1170 = VERTEX_POINT('',#1171);
#1171 = CARTESIAN_POINT('',(1.058300524426,74.95,23.842722171137));
#1172 = SURFACE_CURVE('',#1173,(#1181,#1192),.PCURVE_S1.);
#1173 = B_SPLINE_CURVE_WITH_KNOTS('',6,(#1174,#1175,#1176,#1177,#1178,
    #1179,#1180),.UNSPECIFIED.,.F.,.F.,(7,7),(0.,1.),
  .PIECEWISE_BEZIER_KNOTS.);
#1174 = CARTESIAN_POINT('',(1.15,74.5,23.786931727851));
#1175 = CARTESIAN_POINT('',(1.15,74.577139995964,23.786931727851));
#1176 = CARTESIAN_POINT('',(1.143790782258,74.654151302646,
    23.790927716705));
#1177 = CARTESIAN_POINT('',(1.131410652594,74.730507589067,
    23.79889519525));
#1178 = CARTESIAN_POINT('',(1.112931031208,74.805668416089,
    23.81055887812));
#1179 = CARTESIAN_POINT('',(1.088470717465,74.87904648701,
    23.825395022542));
#1180 = CARTESIAN_POINT('',(1.0583002693,74.9500006,23.842722317659));
#1181 = PCURVE('',#808,#1182);
#1182 = DEFINITIONAL_REPRESENTATION('',(#1183),#1191);
#1183 = B_SPLINE_CURVE_WITH_KNOTS('',6,(#1184,#1185,#1186,#1187,#1188,
    #1189,#1190),.UNSPECIFIED.,.F.,.F.,(7,7),(0.,1.),
  .PIECEWISE_BEZIER_KNOTS.);
#1184 = CARTESIAN_POINT('',(0.,1.786931727851));
#1185 = CARTESIAN_POINT('',(6.707825735962E-02,1.786931727851));
#1186 = CARTESIAN_POINT('',(0.134044499393,1.790927716705));
#1187 = CARTESIAN_POINT('',(0.200985070429,1.79889519525));
#1188 = CARTESIAN_POINT('',(0.267961738268,1.81055887812));
#1189 = CARTESIAN_POINT('',(0.335003749072,1.825395022542));
#1190 = CARTESIAN_POINT('',(0.402049100045,1.842722317659));
#1191 = ( GEOMETRIC_REPRESENTATION_CONTEXT(2) 
PARAMETRIC_REPRESENTATION_CONTEXT() REPRESENTATION_CONTEXT('2D SPACE',''
  ) );
#1192 = PCURVE('',#1111,#1193);
#1193 = DEFINITIONAL_REPRESENTATION('',(#1194),#1202);
#1194 = B_SPLINE_CURVE_WITH_KNOTS('',6,(#1195,#1196,#1197,#1198,#1199,
    #1200,#1201),.UNSPECIFIED.,.F.,.F.,(7,7),(0.,0.999998590638),
  .PIECEWISE_BEZIER_KNOTS.);
#1195 = CARTESIAN_POINT('',(5.284224507151,8.5));
#1196 = CARTESIAN_POINT('',(5.284224507151,8.577139887245));
#1197 = CARTESIAN_POINT('',(5.280749766351,8.654151085573));
#1198 = CARTESIAN_POINT('',(5.273821437942,8.730507266226));
#1199 = CARTESIAN_POINT('',(5.263538691906,8.805667992373));
#1200 = CARTESIAN_POINT('',(5.250080023815,8.879045969929));
#1201 = CARTESIAN_POINT('',(5.233707308558,8.95));
#1202 = ( GEOMETRIC_REPRESENTATION_CONTEXT(2) 
PARAMETRIC_REPRESENTATION_CONTEXT() REPRESENTATION_CONTEXT('2D SPACE',''
  ) );
#1203 = ORIENTED_EDGE('',*,*,#1204,.T.);
#1204 = EDGE_CURVE('',#1170,#1205,#1207,.T.);
#1205 = VERTEX_POINT('',#1206);
#1206 = CARTESIAN_POINT('',(1.058300524426,74.95,25.940355313928));
#1207 = SURFACE_CURVE('',#1208,(#1212,#1218),.PCURVE_S1.);
#1208 = LINE('',#1209,#1210);
#1209 = CARTESIAN_POINT('',(1.058300524426,74.95,22.));
#1210 = VECTOR('',#1211,1.);
#1211 = DIRECTION('',(0.,0.,1.));
#1212 = PCURVE('',#808,#1213);
#1213 = DEFINITIONAL_REPRESENTATION('',(#1214),#1217);
#1214 = B_SPLINE_CURVE_WITH_KNOTS('',1,(#1215,#1216),.UNSPECIFIED.,.F.,
  .F.,(2,2),(-5.999999999062E-07,4.896),.PIECEWISE_BEZIER_KNOTS.);
#1215 = CARTESIAN_POINT('',(0.402048533098,-5.999999999062E-07));
#1216 = CARTESIAN_POINT('',(0.402048533098,4.896));
#1217 = ( GEOMETRIC_REPRESENTATION_CONTEXT(2) 
PARAMETRIC_REPRESENTATION_CONTEXT() REPRESENTATION_CONTEXT('2D SPACE',''
  ) );
#1218 = PCURVE('',#1219,#1224);
#1219 = PLANE('',#1220);
#1220 = AXIS2_PLACEMENT_3D('',#1221,#1222,#1223);
#1221 = CARTESIAN_POINT('',(0.,74.95,22.));
#1222 = DIRECTION('',(0.,1.,1.110223024625E-16));
#1223 = DIRECTION('',(1.,0.,0.));
#1224 = DEFINITIONAL_REPRESENTATION('',(#1225),#1228);
#1225 = B_SPLINE_CURVE_WITH_KNOTS('',1,(#1226,#1227),.UNSPECIFIED.,.F.,
  .F.,(2,2),(-5.999999999062E-07,4.896),.PIECEWISE_BEZIER_KNOTS.);
#1226 = CARTESIAN_POINT('',(1.058300524426,5.999999999062E-07));
#1227 = CARTESIAN_POINT('',(1.058300524426,-4.896));
#1228 = ( GEOMETRIC_REPRESENTATION_CONTEXT(2) 
PARAMETRIC_REPRESENTATION_CONTEXT() REPRESENTATION_CONTEXT('2D SPACE',''
  ) );
#1229 = ORIENTED_EDGE('',*,*,#1230,.T.);
#1230 = EDGE_CURVE('',#1205,#1231,#1233,.T.);
#1231 = VERTEX_POINT('',#1232);
#1232 = CARTESIAN_POINT('',(-1.058300524426,74.95,25.940355313928));
#1233 = SURFACE_CURVE('',#1234,(#1255,#1279),.PCURVE_S1.);
#1234 = B_SPLINE_CURVE_WITH_KNOTS('',7,(#1235,#1236,#1237,#1238,#1239,
    #1240,#1241,#1242,#1243,#1244,#1245,#1246,#1247,#1248,#1249,#1250,
    #1251,#1252,#1253,#1254),.UNSPECIFIED.,.F.,.F.,(8,6,6,8),(0.,
    0.363412736481,0.662026506518,1.),.UNSPECIFIED.);
#1235 = CARTESIAN_POINT('',(1.058300779552,74.9499994,25.940355245406));
#1236 = CARTESIAN_POINT('',(1.009095369415,75.065719829639,
    25.953570836555));
#1237 = CARTESIAN_POINT('',(0.944182512234,75.177385727916,
    25.970236390721));
#1238 = CARTESIAN_POINT('',(0.863370410918,75.282613024884,
    25.989532219094));
#1239 = CARTESIAN_POINT('',(0.76676614429,75.378776702021,
    26.010141888538));
#1240 = CARTESIAN_POINT('',(0.654841226418,75.462976441526,
    26.030315448908));
#1241 = CARTESIAN_POINT('',(0.528526678896,75.531977700082,
    26.048030650549));
#1242 = CARTESIAN_POINT('',(0.275351274363,75.623126454333,
    26.072314167909));
#1243 = CARTESIAN_POINT('',(0.153119045556,75.651249053126,
    26.080257415446));
#1244 = CARTESIAN_POINT('',(2.602102420873E-02,75.663749865633,
    26.083972739387));
#1245 = CARTESIAN_POINT('',(-0.1022076348,75.659483675686,
    26.082716167639));
#1246 = CARTESIAN_POINT('',(-0.227715656961,75.638680844472,
    26.0766372649));
#1247 = CARTESIAN_POINT('',(-0.34687217948,75.602953248364,
    26.066730796827));
#1248 = CARTESIAN_POINT('',(-0.581046814874,75.501616834595,
    26.040351208257));
#1249 = CARTESIAN_POINT('',(-0.693739839073,75.432564240679,
    26.023151995649));
#1250 = CARTESIAN_POINT('',(-0.793670805665,75.351237797647,
    26.004338749689));
#1251 = CARTESIAN_POINT('',(-0.880254531669,75.260182148086,
    25.985480714861));
#1252 = CARTESIAN_POINT('',(-0.95321960247,75.161649443006,
    25.967912726794));
#1253 = CARTESIAN_POINT('',(-1.012525923532,75.057651912001,
    25.952649458185));
#1254 = CARTESIAN_POINT('',(-1.058300779552,74.9499994,25.940355245406)
  );
#1255 = PCURVE('',#808,#1256);
#1256 = DEFINITIONAL_REPRESENTATION('',(#1257),#1278);
#1257 = B_SPLINE_CURVE_WITH_KNOTS('',7,(#1258,#1259,#1260,#1261,#1262,
    #1263,#1264,#1265,#1266,#1267,#1268,#1269,#1270,#1271,#1272,#1273,
    #1274,#1275,#1276,#1277),.UNSPECIFIED.,.F.,.F.,(8,6,6,8),(0.,
    0.363412736481,0.662026506518,1.),.UNSPECIFIED.);
#1258 = CARTESIAN_POINT('',(0.402047966151,3.940355245406));
#1259 = CARTESIAN_POINT('',(0.511393467804,3.953570836555));
#1260 = CARTESIAN_POINT('',(0.622838814001,3.970236390721));
#1261 = CARTESIAN_POINT('',(0.73667891758,3.989532219094));
#1262 = CARTESIAN_POINT('',(0.853274288733,4.010141888538));
#1263 = CARTESIAN_POINT('',(0.97310698676,4.030315448908));
#1264 = CARTESIAN_POINT('',(1.096777127781,4.048030650549));
#1265 = CARTESIAN_POINT('',(1.330762700603,4.072314167909));
#1266 = CARTESIAN_POINT('',(1.439051490825,4.080257415446));
#1267 = CARTESIAN_POINT('',(1.548640067245,4.083972739387));
#1268 = CARTESIAN_POINT('',(1.658505595337,4.082716167639));
#1269 = CARTESIAN_POINT('',(1.767692391875,4.0766372649));
#1270 = CARTESIAN_POINT('',(1.875123364094,4.066730796827));
#1271 = CARTESIAN_POINT('',(2.097001970897,4.040351208257));
#1272 = CARTESIAN_POINT('',(2.210783576087,4.023151995649));
#1273 = CARTESIAN_POINT('',(2.321287814019,4.004338749689));
#1274 = CARTESIAN_POINT('',(2.429025365415,3.985480714861));
#1275 = CARTESIAN_POINT('',(2.53442131031,3.967912726794));
#1276 = CARTESIAN_POINT('',(2.637822649544,3.952649458185));
#1277 = CARTESIAN_POINT('',(2.739544687438,3.940355245406));
#1278 = ( GEOMETRIC_REPRESENTATION_CONTEXT(2) 
PARAMETRIC_REPRESENTATION_CONTEXT() REPRESENTATION_CONTEXT('2D SPACE',''
  ) );
#1279 = PCURVE('',#1280,#1285);
#1280 = CYLINDRICAL_SURFACE('',#1281,4.08);
#1281 = AXIS2_PLACEMENT_3D('',#1282,#1283,#1284);
#1282 = CARTESIAN_POINT('',(0.,74.95,22.));
#1283 = DIRECTION('',(0.,1.,1.110223024625E-16));
#1284 = DIRECTION('',(1.,0.,0.));
#1285 = DEFINITIONAL_REPRESENTATION('',(#1286),#1307);
#1286 = B_SPLINE_CURVE_WITH_KNOTS('',7,(#1287,#1288,#1289,#1290,#1291,
    #1292,#1293,#1294,#1295,#1296,#1297,#1298,#1299,#1300,#1301,#1302,
    #1303,#1304,#1305,#1306),.UNSPECIFIED.,.F.,.F.,(8,6,6,8),(0.,
    0.363412736481,0.662026506518,1.),.UNSPECIFIED.);
#1287 = CARTESIAN_POINT('',(4.974776866495,-6.E-07));
#1288 = CARTESIAN_POINT('',(4.962289309645,0.115719829639));
#1289 = CARTESIAN_POINT('',(4.945864302312,0.227385727915));
#1290 = CARTESIAN_POINT('',(4.925505533099,0.332613024884));
#1291 = CARTESIAN_POINT('',(4.901309266877,0.428776702021));
#1292 = CARTESIAN_POINT('',(4.87346437774,0.512976441526));
#1293 = CARTESIAN_POINT('',(4.842231822699,0.581977700082));
#1294 = CARTESIAN_POINT('',(4.779894243145,0.673126454333));
#1295 = CARTESIAN_POINT('',(4.749886341945,0.701249053126));
#1296 = CARTESIAN_POINT('',(4.718753929477,0.713749865633));
#1297 = CARTESIAN_POINT('',(4.687367494684,0.709483675686));
#1298 = CARTESIAN_POINT('',(4.656599724147,0.688680844472));
#1299 = CARTESIAN_POINT('',(4.627306464111,0.652953248364));
#1300 = CARTESIAN_POINT('',(4.569547696632,0.551616834595));
#1301 = CARTESIAN_POINT('',(4.541628582783,0.482564240679));
#1302 = CARTESIAN_POINT('',(4.516726308664,0.401237797647));
#1303 = CARTESIAN_POINT('',(4.495017644154,0.310182148086));
#1304 = CARTESIAN_POINT('',(4.476626759933,0.211649443006));
#1305 = CARTESIAN_POINT('',(4.461618030609,0.107651912001));
#1306 = CARTESIAN_POINT('',(4.450001094275,-6.E-07));
#1307 = ( GEOMETRIC_REPRESENTATION_CONTEXT(2) 
PARAMETRIC_REPRESENTATION_CONTEXT() REPRESENTATION_CONTEXT('2D SPACE',''
  ) );
#1308 = ORIENTED_EDGE('',*,*,#1309,.F.);
#1309 = EDGE_CURVE('',#1310,#1231,#1312,.T.);
#1310 = VERTEX_POINT('',#1311);
#1311 = CARTESIAN_POINT('',(-1.058300524426,74.95,23.842722171137));
#1312 = SURFACE_CURVE('',#1313,(#1317,#1323),.PCURVE_S1.);
#1313 = LINE('',#1314,#1315);
#1314 = CARTESIAN_POINT('',(-1.058300524426,74.95,22.));
#1315 = VECTOR('',#1316,1.);
#1316 = DIRECTION('',(0.,0.,1.));
#1317 = PCURVE('',#808,#1318);
#1318 = DEFINITIONAL_REPRESENTATION('',(#1319),#1322);
#1319 = B_SPLINE_CURVE_WITH_KNOTS('',1,(#1320,#1321),.UNSPECIFIED.,.F.,
  .F.,(2,2),(-5.999999999062E-07,4.896),.PIECEWISE_BEZIER_KNOTS.);
#1320 = CARTESIAN_POINT('',(2.739544120492,-5.999999999062E-07));
#1321 = CARTESIAN_POINT('',(2.739544120492,4.896));
#1322 = ( GEOMETRIC_REPRESENTATION_CONTEXT(2) 
PARAMETRIC_REPRESENTATION_CONTEXT() REPRESENTATION_CONTEXT('2D SPACE',''
  ) );
#1323 = PCURVE('',#1219,#1324);
#1324 = DEFINITIONAL_REPRESENTATION('',(#1325),#1328);
#1325 = B_SPLINE_CURVE_WITH_KNOTS('',1,(#1326,#1327),.UNSPECIFIED.,.F.,
  .F.,(2,2),(-5.999999999062E-07,4.896),.PIECEWISE_BEZIER_KNOTS.);
#1326 = CARTESIAN_POINT('',(-1.058300524426,5.999999999062E-07));
#1327 = CARTESIAN_POINT('',(-1.058300524426,-4.896));
#1328 = ( GEOMETRIC_REPRESENTATION_CONTEXT(2) 
PARAMETRIC_REPRESENTATION_CONTEXT() REPRESENTATION_CONTEXT('2D SPACE',''
  ) );
#1329 = ORIENTED_EDGE('',*,*,#1330,.T.);
#1330 = EDGE_CURVE('',#1310,#1070,#1331,.T.);
#1331 = SURFACE_CURVE('',#1332,(#1350,#1371),.PCURVE_S1.);
#1332 = B_SPLINE_CURVE_WITH_KNOTS('',6,(#1333,#1334,#1335,#1336,#1337,
    #1338,#1339,#1340,#1341,#1342,#1343,#1344,#1345,#1346,#1347,#1348,
    #1349),.UNSPECIFIED.,.F.,.F.,(7,5,5,7),(0.,0.500164285987,
    0.812281860705,1.),.UNSPECIFIED.);
#1333 = CARTESIAN_POINT('',(-1.0583002693,74.9500006,23.842722317659));
#1334 = CARTESIAN_POINT('',(-1.088473453699,74.879040052001,
    23.825393451085));
#1335 = CARTESIAN_POINT('',(-1.112932077835,74.805663110639,
    23.810558131269));
#1336 = CARTESIAN_POINT('',(-1.131409986189,74.730507158554,
    23.798895629875));
#1337 = CARTESIAN_POINT('',(-1.143789838517,74.654155840923,
    23.790928321253));
#1338 = CARTESIAN_POINT('',(-1.15,74.57714591046,23.786931727851));
#1339 = CARTESIAN_POINT('',(-1.15,74.451858628961,23.786931727851));
#1340 = CARTESIAN_POINT('',(-1.147581614043,74.403732611202,
    23.788487936514));
#1341 = CARTESIAN_POINT('',(-1.142747869116,74.355765274173,
    23.791599228503));
#1342 = CARTESIAN_POINT('',(-1.135511284415,74.308104887749,
    23.796221214065));
#1343 = CARTESIAN_POINT('',(-1.125897870147,74.26090425533,
    23.802269622711));
#1344 = CARTESIAN_POINT('',(-1.106765947715,74.186303130676,
    23.81404667155));
#1345 = CARTESIAN_POINT('',(-1.098734825577,74.158501972235,
    23.818943308231));
#1346 = CARTESIAN_POINT('',(-1.089865306694,74.130945155403,
    23.82428826276));
#1347 = CARTESIAN_POINT('',(-1.080164833311,74.103659365135,
    23.830053709362));
#1348 = CARTESIAN_POINT('',(-1.069640743127,74.076669645562,
    23.836209330656));
#1349 = CARTESIAN_POINT('',(-1.0583002693,74.0499994,23.842722317659));
#1350 = PCURVE('',#808,#1351);
#1351 = DEFINITIONAL_REPRESENTATION('',(#1352),#1370);
#1352 = B_SPLINE_CURVE_WITH_KNOTS('',6,(#1353,#1354,#1355,#1356,#1357,
    #1358,#1359,#1360,#1361,#1362,#1363,#1364,#1365,#1366,#1367,#1368,
    #1369),.UNSPECIFIED.,.F.,.F.,(7,5,5,7),(0.,0.500164285987,
    0.812281860705,1.),.UNSPECIFIED.);
#1353 = CARTESIAN_POINT('',(2.739543553545,1.842722317659));
#1354 = CARTESIAN_POINT('',(2.806594985031,1.825393451085));
#1355 = CARTESIAN_POINT('',(2.873635528811,1.810558131269));
#1356 = CARTESIAN_POINT('',(2.940607819147,1.798895629875));
#1357 = CARTESIAN_POINT('',(3.007544217659,1.790928321253));
#1358 = CARTESIAN_POINT('',(3.07450925319,1.786931727851));
#1359 = CARTESIAN_POINT('',(3.183454715363,1.786931727851));
#1360 = CARTESIAN_POINT('',(3.225303468314,1.788487936514));
#1361 = CARTESIAN_POINT('',(3.267146131116,1.791599228503));
#1362 = CARTESIAN_POINT('',(3.308985771836,1.796221214065));
#1363 = CARTESIAN_POINT('',(3.350819801518,1.802269622711));
#1364 = CARTESIAN_POINT('',(3.417789637889,1.81404667155));
#1365 = CARTESIAN_POINT('',(3.442941615861,1.818943308231));
#1366 = CARTESIAN_POINT('',(3.46809748817,1.82428826276));
#1367 = CARTESIAN_POINT('',(3.493261835808,1.830053709362));
#1368 = CARTESIAN_POINT('',(3.518440734287,1.836209330656));
#1369 = CARTESIAN_POINT('',(3.543641753635,1.842722317659));
#1370 = ( GEOMETRIC_REPRESENTATION_CONTEXT(2) 
PARAMETRIC_REPRESENTATION_CONTEXT() REPRESENTATION_CONTEXT('2D SPACE',''
  ) );
#1371 = PCURVE('',#1111,#1372);
#1372 = DEFINITIONAL_REPRESENTATION('',(#1373),#1391);
#1373 = B_SPLINE_CURVE_WITH_KNOTS('',6,(#1374,#1375,#1376,#1377,#1378,
    #1379,#1380,#1381,#1382,#1383,#1384,#1385,#1386,#1387,#1388,#1389,
    #1390),.UNSPECIFIED.,.F.,.F.,(7,5,5,7),(7.048485242836E-07,
    0.500164285987,0.812281860705,0.999999296151),.UNSPECIFIED.);
#1374 = CARTESIAN_POINT('',(10.474255959391,8.95));
#1375 = CARTESIAN_POINT('',(10.457881759262,8.879039534975));
#1376 = CARTESIAN_POINT('',(10.44442396932,8.80566268699));
#1377 = CARTESIAN_POINT('',(10.434142211798,8.730506835764));
#1378 = CARTESIAN_POINT('',(10.427214025029,8.654155623873));
#1379 = CARTESIAN_POINT('',(10.423738760798,8.577145801743));
#1380 = CARTESIAN_POINT('',(10.423738760798,8.451858628961));
#1381 = CARTESIAN_POINT('',(10.4250920741,8.403732611202));
#1382 = CARTESIAN_POINT('',(10.427797298218,8.355765274173));
#1383 = CARTESIAN_POINT('',(10.431838004547,8.308104887749));
#1384 = CARTESIAN_POINT('',(10.437182638973,8.26090425533));
#1385 = CARTESIAN_POINT('',(10.447754945044,8.186303235726));
#1386 = CARTESIAN_POINT('',(10.45218133586,8.158502180716));
#1387 = CARTESIAN_POINT('',(10.457054380173,8.130945465376));
#1388 = CARTESIAN_POINT('',(10.462364508082,8.103659774367));
#1389 = CARTESIAN_POINT('',(10.468101794547,8.076670151552));
#1390 = CARTESIAN_POINT('',(10.474255959391,8.05));
#1391 = ( GEOMETRIC_REPRESENTATION_CONTEXT(2) 
PARAMETRIC_REPRESENTATION_CONTEXT() REPRESENTATION_CONTEXT('2D SPACE',''
  ) );
#1392 = ORIENTED_EDGE('',*,*,#1069,.T.);
#1393 = ORIENTED_EDGE('',*,*,#758,.T.);
#1394 = ORIENTED_EDGE('',*,*,#1123,.F.);
#1395 = ORIENTED_EDGE('',*,*,#1396,.T.);
#1396 = EDGE_CURVE('',#1091,#1147,#1397,.T.);
#1397 = SURFACE_CURVE('',#1398,(#1406,#1417),.PCURVE_S1.);
#1398 = B_SPLINE_CURVE_WITH_KNOTS('',6,(#1399,#1400,#1401,#1402,#1403,
    #1404,#1405),.UNSPECIFIED.,.F.,.F.,(7,7),(0.,1.),
  .PIECEWISE_BEZIER_KNOTS.);
#1399 = CARTESIAN_POINT('',(1.0583002693,74.0499994,23.842722317659));
#1400 = CARTESIAN_POINT('',(1.088473453699,74.120959947999,
    23.825393451085));
#1401 = CARTESIAN_POINT('',(1.112932077835,74.194336889361,
    23.810558131269));
#1402 = CARTESIAN_POINT('',(1.131409986189,74.269492841446,
    23.798895629875));
#1403 = CARTESIAN_POINT('',(1.143789838517,74.345844159076,
    23.790928321253));
#1404 = CARTESIAN_POINT('',(1.15,74.42285408954,23.786931727851));
#1405 = CARTESIAN_POINT('',(1.15,74.5,23.786931727851));
#1406 = PCURVE('',#808,#1407);
#1407 = DEFINITIONAL_REPRESENTATION('',(#1408),#1416);
#1408 = B_SPLINE_CURVE_WITH_KNOTS('',6,(#1409,#1410,#1411,#1412,#1413,
    #1414,#1415),.UNSPECIFIED.,.F.,.F.,(7,7),(0.,1.),
  .PIECEWISE_BEZIER_KNOTS.);
#1409 = CARTESIAN_POINT('',(5.881136207135,1.842722317659));
#1410 = CARTESIAN_POINT('',(5.948187638621,1.825393451085));
#1411 = CARTESIAN_POINT('',(6.0152281824,1.810558131269));
#1412 = CARTESIAN_POINT('',(6.082200472736,1.798895629875));
#1413 = CARTESIAN_POINT('',(6.149136871248,1.790928321253));
#1414 = CARTESIAN_POINT('',(6.21610190678,1.786931727851));
#1415 = CARTESIAN_POINT('',(6.28318530718,1.786931727851));
#1416 = ( GEOMETRIC_REPRESENTATION_CONTEXT(2) 
PARAMETRIC_REPRESENTATION_CONTEXT() REPRESENTATION_CONTEXT('2D SPACE',''
  ) );
#1417 = PCURVE('',#1111,#1418);
#1418 = DEFINITIONAL_REPRESENTATION('',(#1419),#1427);
#1419 = B_SPLINE_CURVE_WITH_KNOTS('',6,(#1420,#1421,#1422,#1423,#1424,
    #1425,#1426),.UNSPECIFIED.,.F.,.F.,(7,7),(1.409234013406E-06,1.),
  .PIECEWISE_BEZIER_KNOTS.);
#1420 = CARTESIAN_POINT('',(5.233707308558,8.05));
#1421 = CARTESIAN_POINT('',(5.250081508687,8.120960465025));
#1422 = CARTESIAN_POINT('',(5.263539298629,8.19433731301));
#1423 = CARTESIAN_POINT('',(5.273821056151,8.269493164236));
#1424 = CARTESIAN_POINT('',(5.28074924292,8.345844376127));
#1425 = CARTESIAN_POINT('',(5.284224507151,8.422854198257));
#1426 = CARTESIAN_POINT('',(5.284224507151,8.5));
#1427 = ( GEOMETRIC_REPRESENTATION_CONTEXT(2) 
PARAMETRIC_REPRESENTATION_CONTEXT() REPRESENTATION_CONTEXT('2D SPACE',''
  ) );
#1428 = ORIENTED_EDGE('',*,*,#1146,.T.);
#1429 = ADVANCED_FACE('',(#1430,#1433),#903,.T.);
#1430 = FACE_BOUND('',#1431,.T.);
#1431 = EDGE_LOOP('',(#1432));
#1432 = ORIENTED_EDGE('',*,*,#888,.T.);
#1433 = FACE_BOUND('',#1434,.T.);
#1434 = EDGE_LOOP('',(#1435));
#1435 = ORIENTED_EDGE('',*,*,#1436,.F.);
#1436 = EDGE_CURVE('',#1437,#1437,#1439,.T.);
#1437 = VERTEX_POINT('',#1438);
#1438 = CARTESIAN_POINT('',(2.125,88.,22.));
#1439 = SURFACE_CURVE('',#1440,(#1445,#1452),.PCURVE_S1.);
#1440 = CIRCLE('',#1441,2.125);
#1441 = AXIS2_PLACEMENT_3D('',#1442,#1443,#1444);
#1442 = CARTESIAN_POINT('',(0.,88.,22.));
#1443 = DIRECTION('',(0.,1.,1.110223024625E-16));
#1444 = DIRECTION('',(1.,0.,-0.));
#1445 = PCURVE('',#903,#1446);
#1446 = DEFINITIONAL_REPRESENTATION('',(#1447),#1451);
#1447 = CIRCLE('',#1448,2.125);
#1448 = AXIS2_PLACEMENT_2D('',#1449,#1450);
#1449 = CARTESIAN_POINT('',(0.,0.));
#1450 = DIRECTION('',(1.,0.));
#1451 = ( GEOMETRIC_REPRESENTATION_CONTEXT(2) 
PARAMETRIC_REPRESENTATION_CONTEXT() REPRESENTATION_CONTEXT('2D SPACE',''
  ) );
#1452 = PCURVE('',#1453,#1458);
#1453 = CYLINDRICAL_SURFACE('',#1454,2.125);
#1454 = AXIS2_PLACEMENT_3D('',#1455,#1456,#1457);
#1455 = CARTESIAN_POINT('',(0.,66.,22.));
#1456 = DIRECTION('',(0.,1.,1.110223024625E-16));
#1457 = DIRECTION('',(1.,0.,0.));
#1458 = DEFINITIONAL_REPRESENTATION('',(#1459),#1463);
#1459 = LINE('',#1460,#1461);
#1460 = CARTESIAN_POINT('',(0.,22.));
#1461 = VECTOR('',#1462,1.);
#1462 = DIRECTION('',(1.,0.));
#1463 = ( GEOMETRIC_REPRESENTATION_CONTEXT(2) 
PARAMETRIC_REPRESENTATION_CONTEXT() REPRESENTATION_CONTEXT('2D SPACE',''
  ) );
#1464 = ADVANCED_FACE('',(#1465),#1111,.F.);
#1465 = FACE_BOUND('',#1466,.F.);
#1466 = EDGE_LOOP('',(#1467,#1468,#1469,#1491,#1492));
#1467 = ORIENTED_EDGE('',*,*,#1090,.F.);
#1468 = ORIENTED_EDGE('',*,*,#1330,.F.);
#1469 = ORIENTED_EDGE('',*,*,#1470,.F.);
#1470 = EDGE_CURVE('',#1170,#1310,#1471,.T.);
#1471 = SURFACE_CURVE('',#1472,(#1477,#1484),.PCURVE_S1.);
#1472 = CIRCLE('',#1473,2.125);
#1473 = AXIS2_PLACEMENT_3D('',#1474,#1475,#1476);
#1474 = CARTESIAN_POINT('',(0.,74.95,22.));
#1475 = DIRECTION('',(0.,1.,0.));
#1476 = DIRECTION('',(0.498023776201,-0.,0.867163374653));
#1477 = PCURVE('',#1111,#1478);
#1478 = DEFINITIONAL_REPRESENTATION('',(#1479),#1483);
#1479 = LINE('',#1480,#1481);
#1480 = CARTESIAN_POINT('',(5.233707308558,8.95));
#1481 = VECTOR('',#1482,1.);
#1482 = DIRECTION('',(1.,0.));
#1483 = ( GEOMETRIC_REPRESENTATION_CONTEXT(2) 
PARAMETRIC_REPRESENTATION_CONTEXT() REPRESENTATION_CONTEXT('2D SPACE',''
  ) );
#1484 = PCURVE('',#1219,#1485);
#1485 = DEFINITIONAL_REPRESENTATION('',(#1486),#1490);
#1486 = CIRCLE('',#1487,2.125);
#1487 = AXIS2_PLACEMENT_2D('',#1488,#1489);
#1488 = CARTESIAN_POINT('',(0.,0.));
#1489 = DIRECTION('',(0.498023776201,-0.867163374653));
#1490 = ( GEOMETRIC_REPRESENTATION_CONTEXT(2) 
PARAMETRIC_REPRESENTATION_CONTEXT() REPRESENTATION_CONTEXT('2D SPACE',''
  ) );
#1491 = ORIENTED_EDGE('',*,*,#1169,.F.);
#1492 = ORIENTED_EDGE('',*,*,#1396,.F.);
#1493 = ADVANCED_FACE('',(#1494),#1219,.T.);
#1494 = FACE_BOUND('',#1495,.T.);
#1495 = EDGE_LOOP('',(#1496,#1520,#1542,#1543,#1544));
#1496 = ORIENTED_EDGE('',*,*,#1497,.T.);
#1497 = EDGE_CURVE('',#1205,#1498,#1500,.T.);
#1498 = VERTEX_POINT('',#1499);
#1499 = CARTESIAN_POINT('',(4.08,74.95,22.));
#1500 = SURFACE_CURVE('',#1501,(#1506,#1513),.PCURVE_S1.);
#1501 = CIRCLE('',#1502,4.08);
#1502 = AXIS2_PLACEMENT_3D('',#1503,#1504,#1505);
#1503 = CARTESIAN_POINT('',(0.,74.95,22.));
#1504 = DIRECTION('',(-0.,1.,1.110223024625E-16));
#1505 = DIRECTION('',(1.,0.,0.));
#1506 = PCURVE('',#1219,#1507);
#1507 = DEFINITIONAL_REPRESENTATION('',(#1508),#1512);
#1508 = CIRCLE('',#1509,4.08);
#1509 = AXIS2_PLACEMENT_2D('',#1510,#1511);
#1510 = CARTESIAN_POINT('',(0.,0.));
#1511 = DIRECTION('',(1.,0.));
#1512 = ( GEOMETRIC_REPRESENTATION_CONTEXT(2) 
PARAMETRIC_REPRESENTATION_CONTEXT() REPRESENTATION_CONTEXT('2D SPACE',''
  ) );
#1513 = PCURVE('',#1280,#1514);
#1514 = DEFINITIONAL_REPRESENTATION('',(#1515),#1519);
#1515 = LINE('',#1516,#1517);
#1516 = CARTESIAN_POINT('',(0.,0.));
#1517 = VECTOR('',#1518,1.);
#1518 = DIRECTION('',(1.,0.));
#1519 = ( GEOMETRIC_REPRESENTATION_CONTEXT(2) 
PARAMETRIC_REPRESENTATION_CONTEXT() REPRESENTATION_CONTEXT('2D SPACE',''
  ) );
#1520 = ORIENTED_EDGE('',*,*,#1521,.T.);
#1521 = EDGE_CURVE('',#1498,#1231,#1522,.T.);
#1522 = SURFACE_CURVE('',#1523,(#1528,#1535),.PCURVE_S1.);
#1523 = CIRCLE('',#1524,4.08);
#1524 = AXIS2_PLACEMENT_3D('',#1525,#1526,#1527);
#1525 = CARTESIAN_POINT('',(0.,74.95,22.));
#1526 = DIRECTION('',(-0.,1.,1.110223024625E-16));
#1527 = DIRECTION('',(1.,0.,0.));
#1528 = PCURVE('',#1219,#1529);
#1529 = DEFINITIONAL_REPRESENTATION('',(#1530),#1534);
#1530 = CIRCLE('',#1531,4.08);
#1531 = AXIS2_PLACEMENT_2D('',#1532,#1533);
#1532 = CARTESIAN_POINT('',(0.,0.));
#1533 = DIRECTION('',(1.,0.));
#1534 = ( GEOMETRIC_REPRESENTATION_CONTEXT(2) 
PARAMETRIC_REPRESENTATION_CONTEXT() REPRESENTATION_CONTEXT('2D SPACE',''
  ) );
#1535 = PCURVE('',#1280,#1536);
#1536 = DEFINITIONAL_REPRESENTATION('',(#1537),#1541);
#1537 = LINE('',#1538,#1539);
#1538 = CARTESIAN_POINT('',(0.,0.));
#1539 = VECTOR('',#1540,1.);
#1540 = DIRECTION('',(1.,0.));
#1541 = ( GEOMETRIC_REPRESENTATION_CONTEXT(2) 
PARAMETRIC_REPRESENTATION_CONTEXT() REPRESENTATION_CONTEXT('2D SPACE',''
  ) );
#1542 = ORIENTED_EDGE('',*,*,#1309,.F.);
#1543 = ORIENTED_EDGE('',*,*,#1470,.F.);
#1544 = ORIENTED_EDGE('',*,*,#1204,.T.);
#1545 = ADVANCED_FACE('',(#1546),#1280,.F.);
#1546 = FACE_BOUND('',#1547,.F.);
#1547 = EDGE_LOOP('',(#1548,#1571,#1598,#1599,#1600,#1601));
#1548 = ORIENTED_EDGE('',*,*,#1549,.T.);
#1549 = EDGE_CURVE('',#1498,#1550,#1552,.T.);
#1550 = VERTEX_POINT('',#1551);
#1551 = CARTESIAN_POINT('',(4.08,78.05,22.));
#1552 = SEAM_CURVE('',#1553,(#1557,#1564),.PCURVE_S1.);
#1553 = LINE('',#1554,#1555);
#1554 = CARTESIAN_POINT('',(4.08,74.95,22.));
#1555 = VECTOR('',#1556,1.);
#1556 = DIRECTION('',(0.,1.,1.110223024625E-16));
#1557 = PCURVE('',#1280,#1558);
#1558 = DEFINITIONAL_REPRESENTATION('',(#1559),#1563);
#1559 = LINE('',#1560,#1561);
#1560 = CARTESIAN_POINT('',(6.28318530718,-0.));
#1561 = VECTOR('',#1562,1.);
#1562 = DIRECTION('',(0.,1.));
#1563 = ( GEOMETRIC_REPRESENTATION_CONTEXT(2) 
PARAMETRIC_REPRESENTATION_CONTEXT() REPRESENTATION_CONTEXT('2D SPACE',''
  ) );
#1564 = PCURVE('',#1280,#1565);
#1565 = DEFINITIONAL_REPRESENTATION('',(#1566),#1570);
#1566 = LINE('',#1567,#1568);
#1567 = CARTESIAN_POINT('',(0.,-0.));
#1568 = VECTOR('',#1569,1.);
#1569 = DIRECTION('',(0.,1.));
#1570 = ( GEOMETRIC_REPRESENTATION_CONTEXT(2) 
PARAMETRIC_REPRESENTATION_CONTEXT() REPRESENTATION_CONTEXT('2D SPACE',''
  ) );
#1571 = ORIENTED_EDGE('',*,*,#1572,.F.);
#1572 = EDGE_CURVE('',#1550,#1550,#1573,.T.);
#1573 = SURFACE_CURVE('',#1574,(#1579,#1586),.PCURVE_S1.);
#1574 = CIRCLE('',#1575,4.08);
#1575 = AXIS2_PLACEMENT_3D('',#1576,#1577,#1578);
#1576 = CARTESIAN_POINT('',(0.,78.05,22.));
#1577 = DIRECTION('',(-0.,1.,1.110223024625E-16));
#1578 = DIRECTION('',(1.,0.,0.));
#1579 = PCURVE('',#1280,#1580);
#1580 = DEFINITIONAL_REPRESENTATION('',(#1581),#1585);
#1581 = LINE('',#1582,#1583);
#1582 = CARTESIAN_POINT('',(0.,3.1));
#1583 = VECTOR('',#1584,1.);
#1584 = DIRECTION('',(1.,0.));
#1585 = ( GEOMETRIC_REPRESENTATION_CONTEXT(2) 
PARAMETRIC_REPRESENTATION_CONTEXT() REPRESENTATION_CONTEXT('2D SPACE',''
  ) );
#1586 = PCURVE('',#1587,#1592);
#1587 = PLANE('',#1588);
#1588 = AXIS2_PLACEMENT_3D('',#1589,#1590,#1591);
#1589 = CARTESIAN_POINT('',(0.,78.05,22.));
#1590 = DIRECTION('',(0.,1.,1.110223024625E-16));
#1591 = DIRECTION('',(1.,0.,0.));
#1592 = DEFINITIONAL_REPRESENTATION('',(#1593),#1597);
#1593 = CIRCLE('',#1594,4.08);
#1594 = AXIS2_PLACEMENT_2D('',#1595,#1596);
#1595 = CARTESIAN_POINT('',(0.,0.));
#1596 = DIRECTION('',(1.,0.));
#1597 = ( GEOMETRIC_REPRESENTATION_CONTEXT(2) 
PARAMETRIC_REPRESENTATION_CONTEXT() REPRESENTATION_CONTEXT('2D SPACE',''
  ) );
#1598 = ORIENTED_EDGE('',*,*,#1549,.F.);
#1599 = ORIENTED_EDGE('',*,*,#1521,.T.);
#1600 = ORIENTED_EDGE('',*,*,#1230,.F.);
#1601 = ORIENTED_EDGE('',*,*,#1497,.T.);
#1602 = ADVANCED_FACE('',(#1603),#1453,.F.);
#1603 = FACE_BOUND('',#1604,.F.);
#1604 = EDGE_LOOP('',(#1605,#1634,#1655,#1656));
#1605 = ORIENTED_EDGE('',*,*,#1606,.T.);
#1606 = EDGE_CURVE('',#1607,#1607,#1609,.T.);
#1607 = VERTEX_POINT('',#1608);
#1608 = CARTESIAN_POINT('',(2.125,84.08,22.));
#1609 = SURFACE_CURVE('',#1610,(#1615,#1622),.PCURVE_S1.);
#1610 = CIRCLE('',#1611,2.125);
#1611 = AXIS2_PLACEMENT_3D('',#1612,#1613,#1614);
#1612 = CARTESIAN_POINT('',(0.,84.08,22.));
#1613 = DIRECTION('',(0.,1.,1.110223024625E-16));
#1614 = DIRECTION('',(1.,0.,-0.));
#1615 = PCURVE('',#1453,#1616);
#1616 = DEFINITIONAL_REPRESENTATION('',(#1617),#1621);
#1617 = LINE('',#1618,#1619);
#1618 = CARTESIAN_POINT('',(0.,18.08));
#1619 = VECTOR('',#1620,1.);
#1620 = DIRECTION('',(1.,0.));
#1621 = ( GEOMETRIC_REPRESENTATION_CONTEXT(2) 
PARAMETRIC_REPRESENTATION_CONTEXT() REPRESENTATION_CONTEXT('2D SPACE',''
  ) );
#1622 = PCURVE('',#1623,#1628);
#1623 = PLANE('',#1624);
#1624 = AXIS2_PLACEMENT_3D('',#1625,#1626,#1627);
#1625 = CARTESIAN_POINT('',(0.,84.08,22.));
#1626 = DIRECTION('',(0.,1.,1.110223024625E-16));
#1627 = DIRECTION('',(1.,0.,0.));
#1628 = DEFINITIONAL_REPRESENTATION('',(#1629),#1633);
#1629 = CIRCLE('',#1630,2.125);
#1630 = AXIS2_PLACEMENT_2D('',#1631,#1632);
#1631 = CARTESIAN_POINT('',(0.,-3.552713678801E-15));
#1632 = DIRECTION('',(1.,0.));
#1633 = ( GEOMETRIC_REPRESENTATION_CONTEXT(2) 
PARAMETRIC_REPRESENTATION_CONTEXT() REPRESENTATION_CONTEXT('2D SPACE',''
  ) );
#1634 = ORIENTED_EDGE('',*,*,#1635,.T.);
#1635 = EDGE_CURVE('',#1607,#1437,#1636,.T.);
#1636 = SEAM_CURVE('',#1637,(#1641,#1648),.PCURVE_S1.);
#1637 = LINE('',#1638,#1639);
#1638 = CARTESIAN_POINT('',(2.125,66.,22.));
#1639 = VECTOR('',#1640,1.);
#1640 = DIRECTION('',(0.,1.,1.110223024625E-16));
#1641 = PCURVE('',#1453,#1642);
#1642 = DEFINITIONAL_REPRESENTATION('',(#1643),#1647);
#1643 = LINE('',#1644,#1645);
#1644 = CARTESIAN_POINT('',(0.,-0.));
#1645 = VECTOR('',#1646,1.);
#1646 = DIRECTION('',(0.,1.));
#1647 = ( GEOMETRIC_REPRESENTATION_CONTEXT(2) 
PARAMETRIC_REPRESENTATION_CONTEXT() REPRESENTATION_CONTEXT('2D SPACE',''
  ) );
#1648 = PCURVE('',#1453,#1649);
#1649 = DEFINITIONAL_REPRESENTATION('',(#1650),#1654);
#1650 = LINE('',#1651,#1652);
#1651 = CARTESIAN_POINT('',(6.28318530718,-0.));
#1652 = VECTOR('',#1653,1.);
#1653 = DIRECTION('',(0.,1.));
#1654 = ( GEOMETRIC_REPRESENTATION_CONTEXT(2) 
PARAMETRIC_REPRESENTATION_CONTEXT() REPRESENTATION_CONTEXT('2D SPACE',''
  ) );
#1655 = ORIENTED_EDGE('',*,*,#1436,.F.);
#1656 = ORIENTED_EDGE('',*,*,#1635,.F.);
#1657 = ADVANCED_FACE('',(#1658,#1661),#1587,.F.);
#1658 = FACE_BOUND('',#1659,.F.);
#1659 = EDGE_LOOP('',(#1660));
#1660 = ORIENTED_EDGE('',*,*,#1572,.T.);
#1661 = FACE_BOUND('',#1662,.F.);
#1662 = EDGE_LOOP('',(#1663));
#1663 = ORIENTED_EDGE('',*,*,#1664,.F.);
#1664 = EDGE_CURVE('',#1665,#1665,#1667,.T.);
#1665 = VERTEX_POINT('',#1666);
#1666 = CARTESIAN_POINT('',(2.125,78.05,22.));
#1667 = SURFACE_CURVE('',#1668,(#1673,#1680),.PCURVE_S1.);
#1668 = CIRCLE('',#1669,2.125);
#1669 = AXIS2_PLACEMENT_3D('',#1670,#1671,#1672);
#1670 = CARTESIAN_POINT('',(0.,78.05,22.));
#1671 = DIRECTION('',(0.,1.,1.110223024625E-16));
#1672 = DIRECTION('',(1.,0.,-0.));
#1673 = PCURVE('',#1587,#1674);
#1674 = DEFINITIONAL_REPRESENTATION('',(#1675),#1679);
#1675 = CIRCLE('',#1676,2.125);
#1676 = AXIS2_PLACEMENT_2D('',#1677,#1678);
#1677 = CARTESIAN_POINT('',(0.,0.));
#1678 = DIRECTION('',(1.,0.));
#1679 = ( GEOMETRIC_REPRESENTATION_CONTEXT(2) 
PARAMETRIC_REPRESENTATION_CONTEXT() REPRESENTATION_CONTEXT('2D SPACE',''
  ) );
#1680 = PCURVE('',#1681,#1686);
#1681 = CYLINDRICAL_SURFACE('',#1682,2.125);
#1682 = AXIS2_PLACEMENT_3D('',#1683,#1684,#1685);
#1683 = CARTESIAN_POINT('',(0.,66.,22.));
#1684 = DIRECTION('',(0.,1.,1.110223024625E-16));
#1685 = DIRECTION('',(1.,0.,0.));
#1686 = DEFINITIONAL_REPRESENTATION('',(#1687),#1691);
#1687 = LINE('',#1688,#1689);
#1688 = CARTESIAN_POINT('',(0.,12.05));
#1689 = VECTOR('',#1690,1.);
#1690 = DIRECTION('',(1.,0.));
#1691 = ( GEOMETRIC_REPRESENTATION_CONTEXT(2) 
PARAMETRIC_REPRESENTATION_CONTEXT() REPRESENTATION_CONTEXT('2D SPACE',''
  ) );
#1692 = ADVANCED_FACE('',(#1693,#1724),#1623,.F.);
#1693 = FACE_BOUND('',#1694,.F.);
#1694 = EDGE_LOOP('',(#1695));
#1695 = ORIENTED_EDGE('',*,*,#1696,.T.);
#1696 = EDGE_CURVE('',#1697,#1697,#1699,.T.);
#1697 = VERTEX_POINT('',#1698);
#1698 = CARTESIAN_POINT('',(5.56,84.08,22.));
#1699 = SURFACE_CURVE('',#1700,(#1705,#1712),.PCURVE_S1.);
#1700 = CIRCLE('',#1701,5.56);
#1701 = AXIS2_PLACEMENT_3D('',#1702,#1703,#1704);
#1702 = CARTESIAN_POINT('',(0.,84.08,22.));
#1703 = DIRECTION('',(-0.,1.,1.110223024625E-16));
#1704 = DIRECTION('',(1.,0.,0.));
#1705 = PCURVE('',#1623,#1706);
#1706 = DEFINITIONAL_REPRESENTATION('',(#1707),#1711);
#1707 = CIRCLE('',#1708,5.56);
#1708 = AXIS2_PLACEMENT_2D('',#1709,#1710);
#1709 = CARTESIAN_POINT('',(0.,0.));
#1710 = DIRECTION('',(1.,0.));
#1711 = ( GEOMETRIC_REPRESENTATION_CONTEXT(2) 
PARAMETRIC_REPRESENTATION_CONTEXT() REPRESENTATION_CONTEXT('2D SPACE',''
  ) );
#1712 = PCURVE('',#1713,#1718);
#1713 = CYLINDRICAL_SURFACE('',#1714,5.56);
#1714 = AXIS2_PLACEMENT_3D('',#1715,#1716,#1717);
#1715 = CARTESIAN_POINT('',(0.,80.,22.));
#1716 = DIRECTION('',(0.,1.,1.110223024625E-16));
#1717 = DIRECTION('',(1.,0.,0.));
#1718 = DEFINITIONAL_REPRESENTATION('',(#1719),#1723);
#1719 = LINE('',#1720,#1721);
#1720 = CARTESIAN_POINT('',(0.,4.08));
#1721 = VECTOR('',#1722,1.);
#1722 = DIRECTION('',(1.,0.));
#1723 = ( GEOMETRIC_REPRESENTATION_CONTEXT(2) 
PARAMETRIC_REPRESENTATION_CONTEXT() REPRESENTATION_CONTEXT('2D SPACE',''
  ) );
#1724 = FACE_BOUND('',#1725,.F.);
#1725 = EDGE_LOOP('',(#1726));
#1726 = ORIENTED_EDGE('',*,*,#1606,.F.);
#1727 = ADVANCED_FACE('',(#1728),#1681,.F.);
#1728 = FACE_BOUND('',#1729,.F.);
#1729 = EDGE_LOOP('',(#1730,#1753,#1754,#1755));
#1730 = ORIENTED_EDGE('',*,*,#1731,.F.);
#1731 = EDGE_CURVE('',#1665,#1732,#1734,.T.);
#1732 = VERTEX_POINT('',#1733);
#1733 = CARTESIAN_POINT('',(2.125,80.,22.));
#1734 = SEAM_CURVE('',#1735,(#1739,#1746),.PCURVE_S1.);
#1735 = LINE('',#1736,#1737);
#1736 = CARTESIAN_POINT('',(2.125,66.,22.));
#1737 = VECTOR('',#1738,1.);
#1738 = DIRECTION('',(0.,1.,1.110223024625E-16));
#1739 = PCURVE('',#1681,#1740);
#1740 = DEFINITIONAL_REPRESENTATION('',(#1741),#1745);
#1741 = LINE('',#1742,#1743);
#1742 = CARTESIAN_POINT('',(0.,-0.));
#1743 = VECTOR('',#1744,1.);
#1744 = DIRECTION('',(0.,1.));
#1745 = ( GEOMETRIC_REPRESENTATION_CONTEXT(2) 
PARAMETRIC_REPRESENTATION_CONTEXT() REPRESENTATION_CONTEXT('2D SPACE',''
  ) );
#1746 = PCURVE('',#1681,#1747);
#1747 = DEFINITIONAL_REPRESENTATION('',(#1748),#1752);
#1748 = LINE('',#1749,#1750);
#1749 = CARTESIAN_POINT('',(6.28318530718,-0.));
#1750 = VECTOR('',#1751,1.);
#1751 = DIRECTION('',(0.,1.));
#1752 = ( GEOMETRIC_REPRESENTATION_CONTEXT(2) 
PARAMETRIC_REPRESENTATION_CONTEXT() REPRESENTATION_CONTEXT('2D SPACE',''
  ) );
#1753 = ORIENTED_EDGE('',*,*,#1664,.T.);
#1754 = ORIENTED_EDGE('',*,*,#1731,.T.);
#1755 = ORIENTED_EDGE('',*,*,#1756,.F.);
#1756 = EDGE_CURVE('',#1732,#1732,#1757,.T.);
#1757 = SURFACE_CURVE('',#1758,(#1763,#1770),.PCURVE_S1.);
#1758 = CIRCLE('',#1759,2.125);
#1759 = AXIS2_PLACEMENT_3D('',#1760,#1761,#1762);
#1760 = CARTESIAN_POINT('',(0.,80.,22.));
#1761 = DIRECTION('',(0.,1.,1.110223024625E-16));
#1762 = DIRECTION('',(1.,0.,-0.));
#1763 = PCURVE('',#1681,#1764);
#1764 = DEFINITIONAL_REPRESENTATION('',(#1765),#1769);
#1765 = LINE('',#1766,#1767);
#1766 = CARTESIAN_POINT('',(0.,14.));
#1767 = VECTOR('',#1768,1.);
#1768 = DIRECTION('',(1.,0.));
#1769 = ( GEOMETRIC_REPRESENTATION_CONTEXT(2) 
PARAMETRIC_REPRESENTATION_CONTEXT() REPRESENTATION_CONTEXT('2D SPACE',''
  ) );
#1770 = PCURVE('',#1771,#1776);
#1771 = PLANE('',#1772);
#1772 = AXIS2_PLACEMENT_3D('',#1773,#1774,#1775);
#1773 = CARTESIAN_POINT('',(0.,80.,22.));
#1774 = DIRECTION('',(0.,1.,1.110223024625E-16));
#1775 = DIRECTION('',(1.,0.,0.));
#1776 = DEFINITIONAL_REPRESENTATION('',(#1777),#1781);
#1777 = CIRCLE('',#1778,2.125);
#1778 = AXIS2_PLACEMENT_2D('',#1779,#1780);
#1779 = CARTESIAN_POINT('',(0.,0.));
#1780 = DIRECTION('',(1.,0.));
#1781 = ( GEOMETRIC_REPRESENTATION_CONTEXT(2) 
PARAMETRIC_REPRESENTATION_CONTEXT() REPRESENTATION_CONTEXT('2D SPACE',''
  ) );
#1782 = ADVANCED_FACE('',(#1783),#1713,.F.);
#1783 = FACE_BOUND('',#1784,.F.);
#1784 = EDGE_LOOP('',(#1785,#1786,#1809,#1831));
#1785 = ORIENTED_EDGE('',*,*,#1696,.F.);
#1786 = ORIENTED_EDGE('',*,*,#1787,.F.);
#1787 = EDGE_CURVE('',#1788,#1697,#1790,.T.);
#1788 = VERTEX_POINT('',#1789);
#1789 = CARTESIAN_POINT('',(5.56,80.,22.));
#1790 = SEAM_CURVE('',#1791,(#1795,#1802),.PCURVE_S1.);
#1791 = LINE('',#1792,#1793);
#1792 = CARTESIAN_POINT('',(5.56,80.,22.));
#1793 = VECTOR('',#1794,1.);
#1794 = DIRECTION('',(0.,1.,1.110223024625E-16));
#1795 = PCURVE('',#1713,#1796);
#1796 = DEFINITIONAL_REPRESENTATION('',(#1797),#1801);
#1797 = LINE('',#1798,#1799);
#1798 = CARTESIAN_POINT('',(6.28318530718,-0.));
#1799 = VECTOR('',#1800,1.);
#1800 = DIRECTION('',(0.,1.));
#1801 = ( GEOMETRIC_REPRESENTATION_CONTEXT(2) 
PARAMETRIC_REPRESENTATION_CONTEXT() REPRESENTATION_CONTEXT('2D SPACE',''
  ) );
#1802 = PCURVE('',#1713,#1803);
#1803 = DEFINITIONAL_REPRESENTATION('',(#1804),#1808);
#1804 = LINE('',#1805,#1806);
#1805 = CARTESIAN_POINT('',(0.,-0.));
#1806 = VECTOR('',#1807,1.);
#1807 = DIRECTION('',(0.,1.));
#1808 = ( GEOMETRIC_REPRESENTATION_CONTEXT(2) 
PARAMETRIC_REPRESENTATION_CONTEXT() REPRESENTATION_CONTEXT('2D SPACE',''
  ) );
#1809 = ORIENTED_EDGE('',*,*,#1810,.T.);
#1810 = EDGE_CURVE('',#1788,#1788,#1811,.T.);
#1811 = SURFACE_CURVE('',#1812,(#1817,#1824),.PCURVE_S1.);
#1812 = CIRCLE('',#1813,5.56);
#1813 = AXIS2_PLACEMENT_3D('',#1814,#1815,#1816);
#1814 = CARTESIAN_POINT('',(0.,80.,22.));
#1815 = DIRECTION('',(-0.,1.,1.110223024625E-16));
#1816 = DIRECTION('',(1.,0.,0.));
#1817 = PCURVE('',#1713,#1818);
#1818 = DEFINITIONAL_REPRESENTATION('',(#1819),#1823);
#1819 = LINE('',#1820,#1821);
#1820 = CARTESIAN_POINT('',(0.,0.));
#1821 = VECTOR('',#1822,1.);
#1822 = DIRECTION('',(1.,0.));
#1823 = ( GEOMETRIC_REPRESENTATION_CONTEXT(2) 
PARAMETRIC_REPRESENTATION_CONTEXT() REPRESENTATION_CONTEXT('2D SPACE',''
  ) );
#1824 = PCURVE('',#1771,#1825);
#1825 = DEFINITIONAL_REPRESENTATION('',(#1826),#1830);
#1826 = CIRCLE('',#1827,5.56);
#1827 = AXIS2_PLACEMENT_2D('',#1828,#1829);
#1828 = CARTESIAN_POINT('',(0.,0.));
#1829 = DIRECTION('',(1.,0.));
#1830 = ( GEOMETRIC_REPRESENTATION_CONTEXT(2) 
PARAMETRIC_REPRESENTATION_CONTEXT() REPRESENTATION_CONTEXT('2D SPACE',''
  ) );
#1831 = ORIENTED_EDGE('',*,*,#1787,.T.);
#1832 = ADVANCED_FACE('',(#1833,#1836),#1771,.T.);
#1833 = FACE_BOUND('',#1834,.T.);
#1834 = EDGE_LOOP('',(#1835));
#1835 = ORIENTED_EDGE('',*,*,#1810,.T.);
#1836 = FACE_BOUND('',#1837,.T.);
#1837 = EDGE_LOOP('',(#1838));
#1838 = ORIENTED_EDGE('',*,*,#1756,.F.);
#1839 = ( GEOMETRIC_REPRESENTATION_CONTEXT(3) 
GLOBAL_UNCERTAINTY_ASSIGNED_CONTEXT((#1843)) 
GLOBAL_UNIT_ASSIGNED_CONTEXT((#1840,#1841,#1842)) REPRESENTATION_CONTEXT
('Context #1','3D Context with UNIT and UNCERTAINTY') );
#1840 = ( LENGTH_UNIT() NAMED_UNIT(*) SI_UNIT(.MILLI.,.METRE.) );
#1841 = ( NAMED_UNIT(*) PLANE_ANGLE_UNIT() SI_UNIT($,.RADIAN.) );
#1842 = ( NAMED_UNIT(*) SI_UNIT($,.STERADIAN.) SOLID_ANGLE_UNIT() );
#1843 = UNCERTAINTY_MEASURE_WITH_UNIT(LENGTH_MEASURE(1.E-07),#1840,
  'distance_accuracy_value','confusion accuracy');
#1844 = PRODUCT_RELATED_PRODUCT_CATEGORY('part',$,(#7));

#1845=DESCRIPTIVE_REPRESENTATION_ITEM('cadpy:generator','cadpy');
#1846=REPRESENTATION('cadpy:generator',(#1845),#1839);
#1847=PROPERTY_DEFINITION('cadpy metadata','cadpy:generator',#5);
#1848=PROPERTY_DEFINITION_REPRESENTATION(#1847,#1846);
#1849=DESCRIPTIVE_REPRESENTATION_ITEM('cadpy:entryKind','part');
#1850=REPRESENTATION('cadpy:entryKind',(#1849),#1839);
#1851=PROPERTY_DEFINITION('cadpy metadata','cadpy:entryKind',#5);
#1852=PROPERTY_DEFINITION_REPRESENTATION(#1851,#1850);
#1853=DESCRIPTIVE_REPRESENTATION_ITEM('cadpy:sourcePath','shaft_cartridge.py');
#1854=REPRESENTATION('cadpy:sourcePath',(#1853),#1839);
#1855=PROPERTY_DEFINITION('cadpy metadata','cadpy:sourcePath',#5);
#1856=PROPERTY_DEFINITION_REPRESENTATION(#1855,#1854);
#1857=DESCRIPTIVE_REPRESENTATION_ITEM('cadpy:sourceHash','2c065f9241138201681ed2a75fc02ecaedf02d635e1067c27696216f20037802');
#1858=REPRESENTATION('cadpy:sourceHash',(#1857),#1839);
#1859=PROPERTY_DEFINITION('cadpy metadata','cadpy:sourceHash',#5);
#1860=PROPERTY_DEFINITION_REPRESENTATION(#1859,#1858);
ENDSEC;
END-ISO-10303-21;
