ISO-10303-21;
HEADER;
FILE_DESCRIPTION(('Open CASCADE Model'),'2;1');
FILE_NAME('Open CASCADE Shape Model','2026-07-30T00:03:18',('Author'),(
    'Open CASCADE'),'Open CASCADE STEP processor 7.9','Open CASCADE 7.9'
  ,'Unknown');
FILE_SCHEMA(('AUTOMOTIVE_DESIGN { 1 0 10303 214 1 1 1 1 }'));
ENDSEC;
DATA;
#1 = APPLICATION_PROTOCOL_DEFINITION('international standard',
  'automotive_design',2000,#2);
#2 = APPLICATION_CONTEXT(
  'core data for automotive mechanical design processes');
#3 = SHAPE_DEFINITION_REPRESENTATION(#4,#10);
#4 = PRODUCT_DEFINITION_SHAPE('','',#5);
#5 = PRODUCT_DEFINITION('design','',#6,#9);
#6 = PRODUCT_DEFINITION_FORMATION('','',#7);
#7 = PRODUCT('SOLID','SOLID','',(#8));
#8 = PRODUCT_CONTEXT('',#2,'mechanical');
#9 = PRODUCT_DEFINITION_CONTEXT('part definition',#2,'design');
#10 = ADVANCED_BREP_SHAPE_REPRESENTATION('',(#11,#15),#2933);
#11 = AXIS2_PLACEMENT_3D('',#12,#13,#14);
#12 = CARTESIAN_POINT('',(0.,0.,0.));
#13 = DIRECTION('',(0.,0.,1.));
#14 = DIRECTION('',(1.,0.,-0.));
#15 = MANIFOLD_SOLID_BREP('',#16);
#16 = CLOSED_SHELL('',(#17,#473,#527,#582,#637,#692,#747,#802,#860,#918,
    #1055,#1689,#1766,#1824,#1897,#1961,#2016,#2071,#2126,#2181,#2236,
    #2291,#2346,#2401,#2454,#2500,#2558,#2639,#2738,#2803,#2849,#2856,
    #2889,#2911,#2918));
#17 = ADVANCED_FACE('',(#18),#38,.F.);
#18 = FACE_BOUND('',#19,.F.);
#19 = EDGE_LOOP('',(#20,#89,#123,#157,#191,#225,#259,#293,#330,#367,#401
    ,#449));
#20 = ORIENTED_EDGE('',*,*,#21,.F.);
#21 = EDGE_CURVE('',#22,#24,#26,.T.);
#22 = VERTEX_POINT('',#23);
#23 = CARTESIAN_POINT('',(0.,41.980000000004,0.));
#24 = VERTEX_POINT('',#25);
#25 = CARTESIAN_POINT('',(0.,160.,0.));
#26 = SURFACE_CURVE('',#27,(#37,#63),.PCURVE_S1.);
#27 = ( BOUNDED_CURVE() B_SPLINE_CURVE(8,(#28,#29,#30,#31,#32,#33,#34,
#35,#36),.UNSPECIFIED.,.F.,.F.) B_SPLINE_CURVE_WITH_KNOTS((9,9),(0.,1.),
.PIECEWISE_BEZIER_KNOTS.) CURVE() GEOMETRIC_REPRESENTATION_ITEM() 
RATIONAL_B_SPLINE_CURVE((1.,1.000000000001,0.999999999991,1.000000000036
    ,0.99999999991,1.000000000152,0.999999999834,1.000000000099,1.)) 
REPRESENTATION_ITEM('') );
#28 = CARTESIAN_POINT('',(0.,0.,0.));
#29 = CARTESIAN_POINT('',(0.,21.107094936691,0.));
#30 = CARTESIAN_POINT('',(0.,42.068504972852,0.));
#31 = CARTESIAN_POINT('',(0.,64.208683031478,0.));
#32 = CARTESIAN_POINT('',(0.,75.071549638102,0.));
#33 = CARTESIAN_POINT('',(0.,100.97231411291,0.));
#34 = CARTESIAN_POINT('',(0.,109.91884514644,0.));
#35 = CARTESIAN_POINT('',(0.,143.11426439543,0.));
#36 = CARTESIAN_POINT('',(0.,160.,0.));
#37 = PCURVE('',#38,#57);
#38 = ( BOUNDED_SURFACE() B_SPLINE_SURFACE(1,8,(
    (#39,#40,#41,#42,#43,#44,#45,#46,#47)
    ,(#48,#49,#50,#51,#52,#53,#54,#55,#56
)),.UNSPECIFIED.,.F.,.F.,.F.) B_SPLINE_SURFACE_WITH_KNOTS((2,2),(9,9),(
    0.,1.),(0.,1.),.PIECEWISE_BEZIER_KNOTS.) 
GEOMETRIC_REPRESENTATION_ITEM() RATIONAL_B_SPLINE_SURFACE((
    (1.,1.000000000001,0.999999999991,1.000000000036,0.99999999991
      ,1.000000000152,0.999999999834,1.000000000099,1.)
    ,(1.,1.000000000001,0.999999999991,1.000000000036,0.99999999991
      ,1.000000000152,0.999999999834,1.000000000099,1.
))) REPRESENTATION_ITEM('') SURFACE() );
#39 = CARTESIAN_POINT('',(0.,0.,0.));
#40 = CARTESIAN_POINT('',(0.,21.107094936691,0.));
#41 = CARTESIAN_POINT('',(0.,42.068504972852,0.));
#42 = CARTESIAN_POINT('',(0.,64.208683031478,0.));
#43 = CARTESIAN_POINT('',(0.,75.071549638102,0.));
#44 = CARTESIAN_POINT('',(0.,100.97231411291,0.));
#45 = CARTESIAN_POINT('',(0.,109.91884514644,0.));
#46 = CARTESIAN_POINT('',(0.,143.11426439543,0.));
#47 = CARTESIAN_POINT('',(0.,160.,0.));
#48 = CARTESIAN_POINT('',(1.2,0.,21.838214055972));
#49 = CARTESIAN_POINT('',(1.208878908836,21.107094936691,21.838214055971
    ));
#50 = CARTESIAN_POINT('',(1.120341206347,42.068504972852,21.838214055977
    ));
#51 = CARTESIAN_POINT('',(13.778420941971,64.208683031478,
    21.838214055969));
#52 = CARTESIAN_POINT('',(36.170663671814,75.071549638102,
    21.838214055945));
#53 = CARTESIAN_POINT('',(32.687338176831,100.97231411291,
    21.838214056057));
#54 = CARTESIAN_POINT('',(70.898897710587,109.91884514644,
    21.838214055853));
#55 = CARTESIAN_POINT('',(54.850760066376,143.11426439543,
    21.838214056051));
#56 = CARTESIAN_POINT('',(60.,160.,21.838214055972));
#57 = DEFINITIONAL_REPRESENTATION('',(#58),#62);
#58 = LINE('',#59,#60);
#59 = CARTESIAN_POINT('',(0.,0.));
#60 = VECTOR('',#61,1.);
#61 = DIRECTION('',(0.,1.));
#62 = ( GEOMETRIC_REPRESENTATION_CONTEXT(2) 
PARAMETRIC_REPRESENTATION_CONTEXT() REPRESENTATION_CONTEXT('2D SPACE',''
  ) );
#63 = PCURVE('',#64,#83);
#64 = ( BOUNDED_SURFACE() B_SPLINE_SURFACE(1,8,(
    (#65,#66,#67,#68,#69,#70,#71,#72,#73)
    ,(#74,#75,#76,#77,#78,#79,#80,#81,#82
)),.UNSPECIFIED.,.F.,.F.,.F.) B_SPLINE_SURFACE_WITH_KNOTS((2,2),(9,9),(
    4.,5.),(0.,1.),.PIECEWISE_BEZIER_KNOTS.) 
GEOMETRIC_REPRESENTATION_ITEM() RATIONAL_B_SPLINE_SURFACE((
    (1.,1.000000000001,0.999999999991,1.000000000036,0.99999999991
      ,1.000000000152,0.999999999834,1.000000000099,1.)
    ,(1.,1.000000000001,0.999999999991,1.000000000036,0.99999999991
      ,1.000000000152,0.999999999834,1.000000000099,1.
))) REPRESENTATION_ITEM('') SURFACE() );
#65 = CARTESIAN_POINT('',(-1.2,0.,21.838214055972));
#66 = CARTESIAN_POINT('',(-1.208878908836,21.107094936691,
    21.838214055971));
#67 = CARTESIAN_POINT('',(-1.120341206347,42.068504972852,
    21.838214055977));
#68 = CARTESIAN_POINT('',(-13.77842094197,64.208683031478,
    21.838214055969));
#69 = CARTESIAN_POINT('',(-36.17066367181,75.071549638102,
    21.838214055945));
#70 = CARTESIAN_POINT('',(-32.68733817683,100.97231411291,
    21.838214056057));
#71 = CARTESIAN_POINT('',(-70.89889771058,109.91884514644,
    21.838214055853));
#72 = CARTESIAN_POINT('',(-54.85076006637,143.11426439543,
    21.838214056051));
#73 = CARTESIAN_POINT('',(-60.,160.,21.838214055972));
#74 = CARTESIAN_POINT('',(5.030480614254E-17,0.,-5.971891380094E-16));
#75 = CARTESIAN_POINT('',(-4.866537845579E-16,21.107094936691,
    9.593165528897E-15));
#76 = CARTESIAN_POINT('',(1.958371516874E-15,42.068504972852,
    -3.367979609761E-14));
#77 = CARTESIAN_POINT('',(-6.655104191837E-15,64.208683031478,
    1.211941802938E-13));
#78 = CARTESIAN_POINT('',(1.059468550941E-14,75.071549638102,
    -3.5241326756E-13));
#79 = CARTESIAN_POINT('',(1.424645022849E-14,100.97231411291,
    6.59514576944E-13));
#80 = CARTESIAN_POINT('',(-4.446594981878E-14,109.91884514644,
    -7.61344682029E-13));
#81 = CARTESIAN_POINT('',(3.117868307271E-14,143.11426439543,
    4.629621421699E-13));
#82 = CARTESIAN_POINT('',(-8.481456376164E-16,160.,-2.668756043819E-16)
  );
#83 = DEFINITIONAL_REPRESENTATION('',(#84),#88);
#84 = LINE('',#85,#86);
#85 = CARTESIAN_POINT('',(5.,0.));
#86 = VECTOR('',#87,1.);
#87 = DIRECTION('',(0.,1.));
#88 = ( GEOMETRIC_REPRESENTATION_CONTEXT(2) 
PARAMETRIC_REPRESENTATION_CONTEXT() REPRESENTATION_CONTEXT('2D SPACE',''
  ) );
#89 = ORIENTED_EDGE('',*,*,#90,.F.);
#90 = EDGE_CURVE('',#91,#22,#93,.T.);
#91 = VERTEX_POINT('',#92);
#92 = CARTESIAN_POINT('',(0.985051881677,41.951485279225,2.666666666667)
  );
#93 = SURFACE_CURVE('',#94,(#100,#109),.PCURVE_S1.);
#94 = B_SPLINE_CURVE_WITH_KNOTS('',4,(#95,#96,#97,#98,#99),
  .UNSPECIFIED.,.F.,.F.,(5,5),(0.,1.),.PIECEWISE_BEZIER_KNOTS.);
#95 = CARTESIAN_POINT('',(0.985051881677,41.951485279225,2.666666666667)
  );
#96 = CARTESIAN_POINT('',(0.739105207257,41.958615205407,1.999883476491)
  );
#97 = CARTESIAN_POINT('',(0.492947663301,41.965744301716,1.333177895102)
  );
#98 = CARTESIAN_POINT('',(0.246579257923,41.972872566974,0.666550032876)
  );
#99 = CARTESIAN_POINT('',(0.,41.98,-1.110159558238E-16));
#100 = PCURVE('',#38,#101);
#101 = DEFINITIONAL_REPRESENTATION('',(#102),#108);
#102 = B_SPLINE_CURVE_WITH_KNOTS('',4,(#103,#104,#105,#106,#107),
  .UNSPECIFIED.,.F.,.F.,(5,5),(0.,1.),.PIECEWISE_BEZIER_KNOTS.);
#103 = CARTESIAN_POINT('',(0.122110107531,0.253667910775));
#104 = CARTESIAN_POINT('',(9.157724488664E-02,0.253713092343));
#105 = CARTESIAN_POINT('',(6.104793604848E-02,0.253758270026));
#106 = CARTESIAN_POINT('',(3.052218607107E-02,0.253803443816));
#107 = CARTESIAN_POINT('',(0.,0.253848613706));
#108 = ( GEOMETRIC_REPRESENTATION_CONTEXT(2) 
PARAMETRIC_REPRESENTATION_CONTEXT() REPRESENTATION_CONTEXT('2D SPACE',''
  ) );
#109 = PCURVE('',#110,#115);
#110 = PLANE('',#111);
#111 = AXIS2_PLACEMENT_3D('',#112,#113,#114);
#112 = CARTESIAN_POINT('',(0.,41.98,0.));
#113 = DIRECTION('',(-0.,0.999942834561,1.06924090196E-02));
#114 = DIRECTION('',(0.,-1.06924090196E-02,0.999942834561));
#115 = DEFINITIONAL_REPRESENTATION('',(#116),#122);
#116 = B_SPLINE_CURVE_WITH_KNOTS('',4,(#117,#118,#119,#120,#121),
  .UNSPECIFIED.,.F.,.F.,(5,5),(0.,1.),.PIECEWISE_BEZIER_KNOTS.);
#117 = CARTESIAN_POINT('',(2.666819116553,0.985051881677));
#118 = CARTESIAN_POINT('',(1.999997807244,0.739105207257));
#119 = CARTESIAN_POINT('',(1.333254111159,0.492947663301));
#120 = CARTESIAN_POINT('',(0.66658813868,0.246579257923));
#121 = CARTESIAN_POINT('',(-1.110223024625E-16,0.));
#122 = ( GEOMETRIC_REPRESENTATION_CONTEXT(2) 
PARAMETRIC_REPRESENTATION_CONTEXT() REPRESENTATION_CONTEXT('2D SPACE',''
  ) );
#123 = ORIENTED_EDGE('',*,*,#124,.F.);
#124 = EDGE_CURVE('',#125,#91,#127,.T.);
#125 = VERTEX_POINT('',#126);
#126 = CARTESIAN_POINT('',(1.951492257217,41.766313657407,5.333333333333
    ));
#127 = SURFACE_CURVE('',#128,(#134,#143),.PCURVE_S1.);
#128 = B_SPLINE_CURVE_WITH_KNOTS('',4,(#129,#130,#131,#132,#133),
  .UNSPECIFIED.,.F.,.F.,(5,5),(0.,1.),.PIECEWISE_BEZIER_KNOTS.);
#129 = CARTESIAN_POINT('',(1.951492257217,41.766313657407,5.333333333333
    ));
#130 = CARTESIAN_POINT('',(1.711931364956,41.812657614955,4.665931462677
    ));
#131 = CARTESIAN_POINT('',(1.471004278431,41.858967754179,3.999016611547
    ));
#132 = CARTESIAN_POINT('',(1.228711035518,41.905243749663,3.33259346629)
  );
#133 = CARTESIAN_POINT('',(0.985051881677,41.951485279225,2.666666666667
    ));
#134 = PCURVE('',#38,#135);
#135 = DEFINITIONAL_REPRESENTATION('',(#136),#142);
#136 = B_SPLINE_CURVE_WITH_KNOTS('',4,(#137,#138,#139,#140,#141),
  .UNSPECIFIED.,.F.,.F.,(5,5),(0.,1.),.PIECEWISE_BEZIER_KNOTS.);
#137 = CARTESIAN_POINT('',(0.244220215063,0.252494845829));
#138 = CARTESIAN_POINT('',(0.21365902224,0.252788348547));
#139 = CARTESIAN_POINT('',(0.183120130671,0.253081695074));
#140 = CARTESIAN_POINT('',(0.152603754948,0.25337488323));
#141 = CARTESIAN_POINT('',(0.122110107531,0.253667910777));
#142 = ( GEOMETRIC_REPRESENTATION_CONTEXT(2) 
PARAMETRIC_REPRESENTATION_CONTEXT() REPRESENTATION_CONTEXT('2D SPACE',''
  ) );
#143 = PCURVE('',#144,#149);
#144 = PLANE('',#145);
#145 = AXIS2_PLACEMENT_3D('',#146,#147,#148);
#146 = CARTESIAN_POINT('',(0.,41.951485279225,2.666666666667));
#147 = DIRECTION('',(-0.,0.997597771628,6.927254898507E-02));
#148 = DIRECTION('',(0.,-6.927254898507E-02,0.997597771628));
#149 = DEFINITIONAL_REPRESENTATION('',(#150),#156);
#150 = B_SPLINE_CURVE_WITH_KNOTS('',4,(#151,#152,#153,#154,#155),
  .UNSPECIFIED.,.F.,.F.,(5,5),(0.,1.),.PIECEWISE_BEZIER_KNOTS.);
#151 = CARTESIAN_POINT('',(2.673088034584,1.951492257217));
#152 = CARTESIAN_POINT('',(2.004079051567,1.711931364956));
#153 = CARTESIAN_POINT('',(1.335558260827,1.471004278431));
#154 = CARTESIAN_POINT('',(0.667530359993,1.228711035518));
#155 = CARTESIAN_POINT('',(0.,0.985051881677));
#156 = ( GEOMETRIC_REPRESENTATION_CONTEXT(2) 
PARAMETRIC_REPRESENTATION_CONTEXT() REPRESENTATION_CONTEXT('2D SPACE',''
  ) );
#157 = ORIENTED_EDGE('',*,*,#158,.F.);
#158 = EDGE_CURVE('',#159,#125,#161,.T.);
#159 = VERTEX_POINT('',#160);
#160 = CARTESIAN_POINT('',(2.85850537601,41.305805664062,8.));
#161 = SURFACE_CURVE('',#162,(#168,#177),.PCURVE_S1.);
#162 = B_SPLINE_CURVE_WITH_KNOTS('',4,(#163,#164,#165,#166,#167),
  .UNSPECIFIED.,.F.,.F.,(5,5),(0.,1.),.PIECEWISE_BEZIER_KNOTS.);
#163 = CARTESIAN_POINT('',(2.85850537601,41.305805664062,8.));
#164 = CARTESIAN_POINT('',(2.636807434177,41.421218042433,7.331680781293
    ));
#165 = CARTESIAN_POINT('',(2.411742210947,41.536443491262,6.66444401671)
  );
#166 = CARTESIAN_POINT('',(2.18330450379,41.651477005579,5.998318688567)
  );
#167 = CARTESIAN_POINT('',(1.951492257217,41.766313657407,5.333333333333
    ));
#168 = PCURVE('',#38,#169);
#169 = DEFINITIONAL_REPRESENTATION('',(#170),#176);
#170 = B_SPLINE_CURVE_WITH_KNOTS('',4,(#171,#172,#173,#174,#175),
  .UNSPECIFIED.,.F.,.F.,(5,5),(0.,1.),.PIECEWISE_BEZIER_KNOTS.);
#171 = CARTESIAN_POINT('',(0.366330322594,0.249580530039));
#172 = CARTESIAN_POINT('',(0.335727123221,0.250310377962));
#173 = CARTESIAN_POINT('',(0.305173490819,0.25103940219));
#174 = CARTESIAN_POINT('',(0.274670752526,0.25176756939));
#175 = CARTESIAN_POINT('',(0.244220215063,0.25249484585));
#176 = ( GEOMETRIC_REPRESENTATION_CONTEXT(2) 
PARAMETRIC_REPRESENTATION_CONTEXT() REPRESENTATION_CONTEXT('2D SPACE',''
  ) );
#177 = PCURVE('',#178,#183);
#178 = PLANE('',#179);
#179 = AXIS2_PLACEMENT_3D('',#180,#181,#182);
#180 = CARTESIAN_POINT('',(0.,41.766313657407,5.333333333333));
#181 = DIRECTION('',(-0.,0.985414425511,0.170171707389));
#182 = DIRECTION('',(0.,-0.170171707389,0.985414425511));
#183 = DEFINITIONAL_REPRESENTATION('',(#184),#190);
#184 = B_SPLINE_CURVE_WITH_KNOTS('',4,(#185,#186,#187,#188,#189),
  .UNSPECIFIED.,.F.,.F.,(5,5),(0.,1.),.PIECEWISE_BEZIER_KNOTS.);
#185 = CARTESIAN_POINT('',(2.706137232855,2.85850537601));
#186 = CARTESIAN_POINT('',(2.027925912414,2.636807434177));
#187 = CARTESIAN_POINT('',(1.350813068001,2.411742210947));
#188 = CARTESIAN_POINT('',(0.674828110913,2.18330450379));
#189 = CARTESIAN_POINT('',(0.,1.951492257217));
#190 = ( GEOMETRIC_REPRESENTATION_CONTEXT(2) 
PARAMETRIC_REPRESENTATION_CONTEXT() REPRESENTATION_CONTEXT('2D SPACE',''
  ) );
#191 = ORIENTED_EDGE('',*,*,#192,.F.);
#192 = EDGE_CURVE('',#193,#159,#195,.T.);
#193 = VERTEX_POINT('',#194);
#194 = CARTESIAN_POINT('',(3.652109012648,40.489259259259,
    10.666666666667));
#195 = SURFACE_CURVE('',#196,(#202,#211),.PCURVE_S1.);
#196 = B_SPLINE_CURVE_WITH_KNOTS('',4,(#197,#198,#199,#200,#201),
  .UNSPECIFIED.,.F.,.F.,(5,5),(0.,1.),.PIECEWISE_BEZIER_KNOTS.);
#197 = CARTESIAN_POINT('',(3.652109012647,40.489259259259,
    10.666666666667));
#198 = CARTESIAN_POINT('',(3.462471859909,40.694113084579,9.997657698768
    ));
#199 = CARTESIAN_POINT('',(3.267020500555,40.898506410611,9.330152623474
    ));
#200 = CARTESIAN_POINT('',(3.065708413124,41.102412776984,8.664237854725
    ));
#201 = CARTESIAN_POINT('',(2.85850537601,41.305805664062,8.));
#202 = PCURVE('',#38,#203);
#203 = DEFINITIONAL_REPRESENTATION('',(#204),#210);
#204 = B_SPLINE_CURVE_WITH_KNOTS('',4,(#205,#206,#207,#208,#209),
  .UNSPECIFIED.,.F.,.F.,(5,5),(0.,1.),.PIECEWISE_BEZIER_KNOTS.);
#205 = CARTESIAN_POINT('',(0.488440430125,0.244423546747));
#206 = CARTESIAN_POINT('',(0.457805646247,0.245715641609));
#207 = CARTESIAN_POINT('',(0.427239727551,0.247005953163));
#208 = CARTESIAN_POINT('',(0.396746631044,0.248294308662));
#209 = CARTESIAN_POINT('',(0.366330322594,0.249580530107));
#210 = ( GEOMETRIC_REPRESENTATION_CONTEXT(2) 
PARAMETRIC_REPRESENTATION_CONTEXT() REPRESENTATION_CONTEXT('2D SPACE',''
  ) );
#211 = PCURVE('',#212,#217);
#212 = PLANE('',#213);
#213 = AXIS2_PLACEMENT_3D('',#214,#215,#216);
#214 = CARTESIAN_POINT('',(0.,41.305805664062,8.));
#215 = DIRECTION('',(-0.,0.956177886119,0.292786355723));
#216 = DIRECTION('',(0.,-0.292786355723,0.956177886119));
#217 = DEFINITIONAL_REPRESENTATION('',(#218),#224);
#218 = B_SPLINE_CURVE_WITH_KNOTS('',4,(#219,#220,#221,#222,#223),
  .UNSPECIFIED.,.F.,.F.,(5,5),(0.,1.),.PIECEWISE_BEZIER_KNOTS.);
#219 = CARTESIAN_POINT('',(2.788881342458,3.652109012647));
#220 = CARTESIAN_POINT('',(2.089211356767,3.462471859909));
#221 = CARTESIAN_POINT('',(1.391114187836,3.267020500555));
#222 = CARTESIAN_POINT('',(0.694680209998,3.065708413124));
#223 = CARTESIAN_POINT('',(0.,2.85850537601));
#224 = ( GEOMETRIC_REPRESENTATION_CONTEXT(2) 
PARAMETRIC_REPRESENTATION_CONTEXT() REPRESENTATION_CONTEXT('2D SPACE',''
  ) );
#225 = ORIENTED_EDGE('',*,*,#226,.F.);
#226 = EDGE_CURVE('',#227,#193,#229,.T.);
#227 = VERTEX_POINT('',#228);
#228 = CARTESIAN_POINT('',(4.27776084732,39.270152090567,13.333333333333
    ));
#229 = SURFACE_CURVE('',#230,(#236,#245),.PCURVE_S1.);
#230 = B_SPLINE_CURVE_WITH_KNOTS('',4,(#231,#232,#233,#234,#235),
  .UNSPECIFIED.,.F.,.F.,(5,5),(0.,1.),.PIECEWISE_BEZIER_KNOTS.);
#231 = CARTESIAN_POINT('',(4.27776084732,39.270152090567,13.333333333333
    ));
#232 = CARTESIAN_POINT('',(4.133739846266,39.575996370077,
    12.664331652182));
#233 = CARTESIAN_POINT('',(3.981574787137,39.881178888013,
    11.996777503762));
#234 = CARTESIAN_POINT('',(3.82107887402,40.185625987136,11.330832005413
    ));
#235 = CARTESIAN_POINT('',(3.652109012647,40.489259259259,
    10.666666666667));
#236 = PCURVE('',#38,#237);
#237 = DEFINITIONAL_REPRESENTATION('',(#238),#244);
#238 = B_SPLINE_CURVE_WITH_KNOTS('',4,(#239,#240,#241,#242,#243),
  .UNSPECIFIED.,.F.,.F.,(5,5),(0.,1.),.PIECEWISE_BEZIER_KNOTS.);
#239 = CARTESIAN_POINT('',(0.610550537657,0.236748985398));
#240 = CARTESIAN_POINT('',(0.579916087448,0.238670640883));
#241 = CARTESIAN_POINT('',(0.54934792163,0.240590604444));
#242 = CARTESIAN_POINT('',(0.518853417975,0.242508410612));
#243 = CARTESIAN_POINT('',(0.488440430125,0.244423546882));
#244 = ( GEOMETRIC_REPRESENTATION_CONTEXT(2) 
PARAMETRIC_REPRESENTATION_CONTEXT() REPRESENTATION_CONTEXT('2D SPACE',''
  ) );
#245 = PCURVE('',#246,#251);
#246 = PLANE('',#247);
#247 = AXIS2_PLACEMENT_3D('',#248,#249,#250);
#248 = CARTESIAN_POINT('',(0.,40.489259259259,10.666666666667));
#249 = DIRECTION('',(-0.,0.909466795978,0.415776558999));
#250 = DIRECTION('',(0.,-0.415776558999,0.909466795978));
#251 = DEFINITIONAL_REPRESENTATION('',(#252),#258);
#252 = B_SPLINE_CURVE_WITH_KNOTS('',4,(#253,#254,#255,#256,#257),
  .UNSPECIFIED.,.F.,.F.,(5,5),(0.,1.),.PIECEWISE_BEZIER_KNOTS.);
#253 = CARTESIAN_POINT('',(2.932120972925,4.27776084732));
#254 = CARTESIAN_POINT('',(2.19652327534,4.133739846266));
#255 = CARTESIAN_POINT('',(1.46251720566,3.981574787137));
#256 = CARTESIAN_POINT('',(0.730279919711,3.82107887402));
#257 = CARTESIAN_POINT('',(0.,3.652109012647));
#258 = ( GEOMETRIC_REPRESENTATION_CONTEXT(2) 
PARAMETRIC_REPRESENTATION_CONTEXT() REPRESENTATION_CONTEXT('2D SPACE',''
  ) );
#259 = ORIENTED_EDGE('',*,*,#260,.F.);
#260 = EDGE_CURVE('',#261,#227,#263,.T.);
#261 = VERTEX_POINT('',#262);
#262 = CARTESIAN_POINT('',(4.692385656296,37.63234375,16.));
#263 = SURFACE_CURVE('',#264,(#270,#279),.PCURVE_S1.);
#264 = B_SPLINE_CURVE_WITH_KNOTS('',4,(#265,#266,#267,#268,#269),
  .UNSPECIFIED.,.F.,.F.,(5,5),(0.,1.),.PIECEWISE_BEZIER_KNOTS.);
#265 = CARTESIAN_POINT('',(4.692385656296,37.63234375,16.));
#266 = CARTESIAN_POINT('',(4.603664282634,38.042780164285,
    15.331730656359));
#267 = CARTESIAN_POINT('',(4.505285984648,38.452645761738,
    14.664390712198));
#268 = CARTESIAN_POINT('',(4.396784778154,38.861818351648,
    13.998179117471));
#269 = CARTESIAN_POINT('',(4.27776084732,39.270152090567,13.333333333333
    ));
#270 = PCURVE('',#38,#271);
#271 = DEFINITIONAL_REPRESENTATION('',(#272),#278);
#272 = B_SPLINE_CURVE_WITH_KNOTS('',4,(#273,#274,#275,#276,#277),
  .UNSPECIFIED.,.F.,.F.,(5,5),(0.,1.),.PIECEWISE_BEZIER_KNOTS.);
#273 = CARTESIAN_POINT('',(0.732660645188,0.22648477891));
#274 = CARTESIAN_POINT('',(0.702059729658,0.229050451207));
#275 = CARTESIAN_POINT('',(0.67150137253,0.231616893225));
#276 = CARTESIAN_POINT('',(0.640994683979,0.234183376813));
#277 = CARTESIAN_POINT('',(0.610550537657,0.236748985594));
#278 = ( GEOMETRIC_REPRESENTATION_CONTEXT(2) 
PARAMETRIC_REPRESENTATION_CONTEXT() REPRESENTATION_CONTEXT('2D SPACE',''
  ) );
#279 = PCURVE('',#280,#285);
#280 = PLANE('',#281);
#281 = AXIS2_PLACEMENT_3D('',#282,#283,#284);
#282 = CARTESIAN_POINT('',(0.,39.270152090567,13.333333333333));
#283 = DIRECTION('',(-0.,0.85211687062,0.52335154419));
#284 = DIRECTION('',(0.,-0.52335154419,0.85211687062));
#285 = DEFINITIONAL_REPRESENTATION('',(#286),#292);
#286 = B_SPLINE_CURVE_WITH_KNOTS('',4,(#287,#288,#289,#290,#291),
  .UNSPECIFIED.,.F.,.F.,(5,5),(0.,1.),.PIECEWISE_BEZIER_KNOTS.);
#287 = CARTESIAN_POINT('',(3.129461179108,4.692385656296));
#288 = CARTESIAN_POINT('',(2.345215066066,4.603664282634));
#289 = CARTESIAN_POINT('',(1.562059647871,4.505285984648));
#290 = CARTESIAN_POINT('',(0.780228401832,4.396784778154));
#291 = CARTESIAN_POINT('',(0.,4.27776084732));
#292 = ( GEOMETRIC_REPRESENTATION_CONTEXT(2) 
PARAMETRIC_REPRESENTATION_CONTEXT() REPRESENTATION_CONTEXT('2D SPACE',''
  ) );
#293 = ORIENTED_EDGE('',*,*,#294,.F.);
#294 = EDGE_CURVE('',#295,#261,#297,.T.);
#295 = VERTEX_POINT('',#296);
#296 = CARTESIAN_POINT('',(4.874222558591,35.586278030961,
    18.666666666667));
#297 = SURFACE_CURVE('',#298,(#305,#315),.PCURVE_S1.);
#298 = B_SPLINE_CURVE_WITH_KNOTS('',5,(#299,#300,#301,#302,#303,#304),
  .UNSPECIFIED.,.F.,.F.,(6,6),(0.,1.),.PIECEWISE_BEZIER_KNOTS.);
#299 = CARTESIAN_POINT('',(4.874222558591,35.586278030961,
    18.666666666667));
#300 = CARTESIAN_POINT('',(4.850248651256,35.995853661134,
    18.132860899678));
#301 = CARTESIAN_POINT('',(4.820406967729,36.405302108352,
    17.599220892049));
#302 = CARTESIAN_POINT('',(4.784364764293,36.81457486601,17.065809863134
    ));
#303 = CARTESIAN_POINT('',(4.741795260123,37.223612267071,
    16.532705577833));
#304 = CARTESIAN_POINT('',(4.692385656296,37.63234375,16.));
#305 = PCURVE('',#38,#306);
#306 = DEFINITIONAL_REPRESENTATION('',(#307),#314);
#307 = B_SPLINE_CURVE_WITH_KNOTS('',5,(#308,#309,#310,#311,#312,#313),
  .UNSPECIFIED.,.F.,.F.,(6,6),(0.,1.),.PIECEWISE_BEZIER_KNOTS.);
#308 = CARTESIAN_POINT('',(0.854770752719,0.21373461258));
#309 = CARTESIAN_POINT('',(0.830327097866,0.216279007093));
#310 = CARTESIAN_POINT('',(0.805891033348,0.218826509288));
#311 = CARTESIAN_POINT('',(0.781465454061,0.22137687057));
#312 = CARTESIAN_POINT('',(0.75705392096,0.223929764499));
#313 = CARTESIAN_POINT('',(0.732660645188,0.226484779129));
#314 = ( GEOMETRIC_REPRESENTATION_CONTEXT(2) 
PARAMETRIC_REPRESENTATION_CONTEXT() REPRESENTATION_CONTEXT('2D SPACE',''
  ) );
#315 = PCURVE('',#316,#321);
#316 = PLANE('',#317);
#317 = AXIS2_PLACEMENT_3D('',#318,#319,#320);
#318 = CARTESIAN_POINT('',(0.,37.63234375,16.));
#319 = DIRECTION('',(-0.,0.793373396254,0.608735290678));
#320 = DIRECTION('',(0.,-0.608735290678,0.793373396254));
#321 = DEFINITIONAL_REPRESENTATION('',(#322),#329);
#322 = B_SPLINE_CURVE_WITH_KNOTS('',5,(#323,#324,#325,#326,#327,#328),
  .UNSPECIFIED.,.F.,.F.,(6,6),(0.,1.),.PIECEWISE_BEZIER_KNOTS.);
#323 = CARTESIAN_POINT('',(3.361174800236,4.874222558591));
#324 = CARTESIAN_POINT('',(2.688344365652,4.850248651256));
#325 = CARTESIAN_POINT('',(2.015722860887,4.820406967729));
#326 = CARTESIAN_POINT('',(1.343389970179,4.784364764293));
#327 = CARTESIAN_POINT('',(0.671443711559,4.741795260123));
#328 = CARTESIAN_POINT('',(0.,4.692385656296));
#329 = ( GEOMETRIC_REPRESENTATION_CONTEXT(2) 
PARAMETRIC_REPRESENTATION_CONTEXT() REPRESENTATION_CONTEXT('2D SPACE',''
  ) );
#330 = ORIENTED_EDGE('',*,*,#331,.F.);
#331 = EDGE_CURVE('',#332,#295,#334,.T.);
#332 = VERTEX_POINT('',#333);
#333 = CARTESIAN_POINT('',(4.828832829556,33.165185185185,
    21.333333333333));
#334 = SURFACE_CURVE('',#335,(#342,#352),.PCURVE_S1.);
#335 = B_SPLINE_CURVE_WITH_KNOTS('',5,(#336,#337,#338,#339,#340,#341),
  .UNSPECIFIED.,.F.,.F.,(6,6),(0.,1.),.PIECEWISE_BEZIER_KNOTS.);
#336 = CARTESIAN_POINT('',(4.828832829556,33.165185185185,
    21.333333333333));
#337 = CARTESIAN_POINT('',(4.848849195072,33.649275789653,
    20.800140944271));
#338 = CARTESIAN_POINT('',(4.863873376663,34.133459247247,
    20.266846283899));
#339 = CARTESIAN_POINT('',(4.873430733466,34.617714283355,
    19.733472784733));
#340 = CARTESIAN_POINT('',(4.877040038809,35.102004445495,
    19.200060596669));
#341 = CARTESIAN_POINT('',(4.874222558591,35.586278030961,
    18.666666666667));
#342 = PCURVE('',#38,#343);
#343 = DEFINITIONAL_REPRESENTATION('',(#344),#351);
#344 = B_SPLINE_CURVE_WITH_KNOTS('',5,(#345,#346,#347,#348,#349,#350),
  .UNSPECIFIED.,.F.,.F.,(6,6),(0.,1.),.PIECEWISE_BEZIER_KNOTS.);
#345 = CARTESIAN_POINT('',(0.976880860251,0.198747630069));
#346 = CARTESIAN_POINT('',(0.952465292764,0.201733745289));
#347 = CARTESIAN_POINT('',(0.928045042143,0.204725566979));
#348 = CARTESIAN_POINT('',(0.903621181391,0.207723081448));
#349 = CARTESIAN_POINT('',(0.879195549025,0.210726174363));
#350 = CARTESIAN_POINT('',(0.854770752719,0.213734612764));
#351 = ( GEOMETRIC_REPRESENTATION_CONTEXT(2) 
PARAMETRIC_REPRESENTATION_CONTEXT() REPRESENTATION_CONTEXT('2D SPACE',''
  ) );
#352 = PCURVE('',#353,#358);
#353 = PLANE('',#354);
#354 = AXIS2_PLACEMENT_3D('',#355,#356,#357);
#355 = CARTESIAN_POINT('',(0.,35.586278030961,18.666666666667));
#356 = DIRECTION('',(-0.,0.740375165672,0.672193881299));
#357 = DIRECTION('',(0.,-0.672193881299,0.740375165672));
#358 = DEFINITIONAL_REPRESENTATION('',(#359),#366);
#359 = B_SPLINE_CURVE_WITH_KNOTS('',5,(#360,#361,#362,#363,#364,#365),
  .UNSPECIFIED.,.F.,.F.,(6,6),(0.,1.),.PIECEWISE_BEZIER_KNOTS.);
#360 = CARTESIAN_POINT('',(3.601777572113,4.828832829556));
#361 = CARTESIAN_POINT('',(2.881612426408,4.848849195072));
#362 = CARTESIAN_POINT('',(2.161309146262,4.863873376663));
#363 = CARTESIAN_POINT('',(1.440899381192,4.873430733466));
#364 = CARTESIAN_POINT('',(0.720437360318,4.877040038809));
#365 = CARTESIAN_POINT('',(0.,4.874222558591));
#366 = ( GEOMETRIC_REPRESENTATION_CONTEXT(2) 
PARAMETRIC_REPRESENTATION_CONTEXT() REPRESENTATION_CONTEXT('2D SPACE',''
  ) );
#367 = ORIENTED_EDGE('',*,*,#368,.F.);
#368 = EDGE_CURVE('',#369,#332,#371,.T.);
#369 = VERTEX_POINT('',#370);
#370 = CARTESIAN_POINT('',(4.790330866366,32.645681664246,
    21.838214055972));
#371 = SURFACE_CURVE('',#372,(#378,#387),.PCURVE_S1.);
#372 = B_SPLINE_CURVE_WITH_KNOTS('',4,(#373,#374,#375,#376,#377),
  .UNSPECIFIED.,.F.,.F.,(5,5),(0.,1.),.PIECEWISE_BEZIER_KNOTS.);
#373 = CARTESIAN_POINT('',(4.790330866366,32.645681664246,
    21.838214055972));
#374 = CARTESIAN_POINT('',(4.800390884074,32.77554075516,21.712010192053
    ));
#375 = CARTESIAN_POINT('',(4.810168086419,32.905411100352,
    21.585795390638));
#376 = CARTESIAN_POINT('',(4.819652191966,33.035292633719,
    21.459569715968));
#377 = CARTESIAN_POINT('',(4.828832829556,33.165185185185,
    21.333333333333));
#378 = PCURVE('',#38,#379);
#379 = DEFINITIONAL_REPRESENTATION('',(#380),#386);
#380 = B_SPLINE_CURVE_WITH_KNOTS('',4,(#381,#382,#383,#384,#385),
  .UNSPECIFIED.,.F.,.F.,(5,5),(0.,1.),.PIECEWISE_BEZIER_KNOTS.);
#381 = CARTESIAN_POINT('',(1.,0.195545423433));
#382 = CARTESIAN_POINT('',(0.994220962227,0.196345286035));
#383 = CARTESIAN_POINT('',(0.988441423612,0.197145605716));
#384 = CARTESIAN_POINT('',(0.982661387097,0.197946387343));
#385 = CARTESIAN_POINT('',(0.976880860251,0.198747630172));
#386 = ( GEOMETRIC_REPRESENTATION_CONTEXT(2) 
PARAMETRIC_REPRESENTATION_CONTEXT() REPRESENTATION_CONTEXT('2D SPACE',''
  ) );
#387 = PCURVE('',#388,#393);
#388 = PLANE('',#389);
#389 = AXIS2_PLACEMENT_3D('',#390,#391,#392);
#390 = CARTESIAN_POINT('',(0.,33.165185185185,21.333333333333));
#391 = DIRECTION('',(-0.,0.696942026343,0.717127472571));
#392 = DIRECTION('',(0.,-0.717127472571,0.696942026343));
#393 = DEFINITIONAL_REPRESENTATION('',(#394),#400);
#394 = B_SPLINE_CURVE_WITH_KNOTS('',4,(#395,#396,#397,#398,#399),
  .UNSPECIFIED.,.F.,.F.,(5,5),(0.,1.),.PIECEWISE_BEZIER_KNOTS.);
#395 = CARTESIAN_POINT('',(0.724422840861,4.790330866366));
#396 = CARTESIAN_POINT('',(0.543340542551,4.800390884074));
#397 = CARTESIAN_POINT('',(0.362242550688,4.810168086419));
#398 = CARTESIAN_POINT('',(0.181128957451,4.819652191966));
#399 = CARTESIAN_POINT('',(0.,4.828832829556));
#400 = ( GEOMETRIC_REPRESENTATION_CONTEXT(2) 
PARAMETRIC_REPRESENTATION_CONTEXT() REPRESENTATION_CONTEXT('2D SPACE',''
  ) );
#401 = ORIENTED_EDGE('',*,*,#402,.T.);
#402 = EDGE_CURVE('',#369,#403,#405,.T.);
#403 = VERTEX_POINT('',#404);
#404 = CARTESIAN_POINT('',(60.,160.,21.838214055972));
#405 = SURFACE_CURVE('',#406,(#416,#423),.PCURVE_S1.);
#406 = ( BOUNDED_CURVE() B_SPLINE_CURVE(8,(#407,#408,#409,#410,#411,#412
,#413,#414,#415),.UNSPECIFIED.,.F.,.F.) B_SPLINE_CURVE_WITH_KNOTS((9,9),
(0.,1.),.PIECEWISE_BEZIER_KNOTS.) CURVE() GEOMETRIC_REPRESENTATION_ITEM(
) RATIONAL_B_SPLINE_CURVE((1.,1.000000000001,0.999999999991,
    1.000000000036,0.99999999991,1.000000000152,0.999999999834,
1.000000000099,1.)) REPRESENTATION_ITEM('') );
#407 = CARTESIAN_POINT('',(1.2,0.,21.838214055972));
#408 = CARTESIAN_POINT('',(1.208878908836,21.107094936691,
    21.838214055971));
#409 = CARTESIAN_POINT('',(1.120341206347,42.068504972852,
    21.838214055977));
#410 = CARTESIAN_POINT('',(13.778420941971,64.208683031478,
    21.838214055969));
#411 = CARTESIAN_POINT('',(36.170663671814,75.071549638102,
    21.838214055945));
#412 = CARTESIAN_POINT('',(32.687338176831,100.97231411291,
    21.838214056057));
#413 = CARTESIAN_POINT('',(70.898897710587,109.91884514644,
    21.838214055853));
#414 = CARTESIAN_POINT('',(54.850760066376,143.11426439543,
    21.838214056051));
#415 = CARTESIAN_POINT('',(60.,160.,21.838214055972));
#416 = PCURVE('',#38,#417);
#417 = DEFINITIONAL_REPRESENTATION('',(#418),#422);
#418 = LINE('',#419,#420);
#419 = CARTESIAN_POINT('',(1.,0.));
#420 = VECTOR('',#421,1.);
#421 = DIRECTION('',(0.,1.));
#422 = ( GEOMETRIC_REPRESENTATION_CONTEXT(2) 
PARAMETRIC_REPRESENTATION_CONTEXT() REPRESENTATION_CONTEXT('2D SPACE',''
  ) );
#423 = PCURVE('',#424,#443);
#424 = ( BOUNDED_SURFACE() B_SPLINE_SURFACE(1,8,(
    (#425,#426,#427,#428,#429,#430,#431,#432,#433)
    ,(#434,#435,#436,#437,#438,#439,#440,#441,#442
)),.UNSPECIFIED.,.F.,.F.,.F.) B_SPLINE_SURFACE_WITH_KNOTS((2,2),(9,9),(
    1.,2.),(0.,1.),.PIECEWISE_BEZIER_KNOTS.) 
GEOMETRIC_REPRESENTATION_ITEM() RATIONAL_B_SPLINE_SURFACE((
    (1.,1.000000000001,0.999999999991,1.000000000036,0.99999999991
      ,1.000000000152,0.999999999834,1.000000000099,1.)
    ,(1.,1.000000000001,0.999999999991,1.000000000036,0.99999999991
      ,1.000000000152,0.999999999834,1.000000000099,1.
))) REPRESENTATION_ITEM('') SURFACE() );
#425 = CARTESIAN_POINT('',(1.2,0.,21.838214055972));
#426 = CARTESIAN_POINT('',(1.208878908836,21.107094936691,
    21.838214055971));
#427 = CARTESIAN_POINT('',(1.120341206347,42.068504972852,
    21.838214055977));
#428 = CARTESIAN_POINT('',(13.778420941971,64.208683031478,
    21.838214055969));
#429 = CARTESIAN_POINT('',(36.170663671814,75.071549638102,
    21.838214055945));
#430 = CARTESIAN_POINT('',(32.687338176831,100.97231411291,
    21.838214056057));
#431 = CARTESIAN_POINT('',(70.898897710587,109.91884514644,
    21.838214055853));
#432 = CARTESIAN_POINT('',(54.850760066376,143.11426439543,
    21.838214056051));
#433 = CARTESIAN_POINT('',(60.,160.,21.838214055972));
#434 = CARTESIAN_POINT('',(1.28,0.,64.));
#435 = CARTESIAN_POINT('',(6.684894119176,21.107094936691,
    64.017300047756));
#436 = CARTESIAN_POINT('',(10.42282983924,42.068504972852,
    63.817923413832));
#437 = CARTESIAN_POINT('',(25.734450023821,64.208683031478,
    72.792600892712));
#438 = CARTESIAN_POINT('',(50.048033861308,75.071549638102,
    75.466714715709));
#439 = CARTESIAN_POINT('',(43.105948595169,100.97231411291,
    72.359176438714));
#440 = CARTESIAN_POINT('',(92.926839745363,109.91884514644,
    67.573416122149));
#441 = CARTESIAN_POINT('',(53.239714792522,143.11426439543,
    75.683575482681));
#442 = CARTESIAN_POINT('',(64.,160.,72.));
#443 = DEFINITIONAL_REPRESENTATION('',(#444),#448);
#444 = LINE('',#445,#446);
#445 = CARTESIAN_POINT('',(1.,0.));
#446 = VECTOR('',#447,1.);
#447 = DIRECTION('',(0.,1.));
#448 = ( GEOMETRIC_REPRESENTATION_CONTEXT(2) 
PARAMETRIC_REPRESENTATION_CONTEXT() REPRESENTATION_CONTEXT('2D SPACE',''
  ) );
#449 = ORIENTED_EDGE('',*,*,#450,.F.);
#450 = EDGE_CURVE('',#24,#403,#451,.T.);
#451 = SURFACE_CURVE('',#452,(#455,#462),.PCURVE_S1.);
#452 = B_SPLINE_CURVE_WITH_KNOTS('',1,(#453,#454),.UNSPECIFIED.,.F.,.F.,
  (2,2),(0.,1.),.PIECEWISE_BEZIER_KNOTS.);
#453 = CARTESIAN_POINT('',(0.,160.,0.));
#454 = CARTESIAN_POINT('',(60.,160.,21.838214055972));
#455 = PCURVE('',#38,#456);
#456 = DEFINITIONAL_REPRESENTATION('',(#457),#461);
#457 = LINE('',#458,#459);
#458 = CARTESIAN_POINT('',(0.,1.));
#459 = VECTOR('',#460,1.);
#460 = DIRECTION('',(1.,0.));
#461 = ( GEOMETRIC_REPRESENTATION_CONTEXT(2) 
PARAMETRIC_REPRESENTATION_CONTEXT() REPRESENTATION_CONTEXT('2D SPACE',''
  ) );
#462 = PCURVE('',#463,#468);
#463 = PLANE('',#464);
#464 = AXIS2_PLACEMENT_3D('',#465,#466,#467);
#465 = CARTESIAN_POINT('',(0.,160.,0.));
#466 = DIRECTION('',(0.342020143326,0.,-0.939692620786));
#467 = DIRECTION('',(0.939692620786,0.,0.342020143326));
#468 = DEFINITIONAL_REPRESENTATION('',(#469),#472);
#469 = B_SPLINE_CURVE_WITH_KNOTS('',1,(#470,#471),.UNSPECIFIED.,.F.,.F.,
  (2,2),(0.,1.),.PIECEWISE_BEZIER_KNOTS.);
#470 = CARTESIAN_POINT('',(0.,0.));
#471 = CARTESIAN_POINT('',(63.850666348555,0.));
#472 = ( GEOMETRIC_REPRESENTATION_CONTEXT(2) 
PARAMETRIC_REPRESENTATION_CONTEXT() REPRESENTATION_CONTEXT('2D SPACE',''
  ) );
#473 = ADVANCED_FACE('',(#474),#110,.F.);
#474 = FACE_BOUND('',#475,.F.);
#475 = EDGE_LOOP('',(#476,#477,#506));
#476 = ORIENTED_EDGE('',*,*,#90,.T.);
#477 = ORIENTED_EDGE('',*,*,#478,.T.);
#478 = EDGE_CURVE('',#22,#479,#481,.T.);
#479 = VERTEX_POINT('',#480);
#480 = CARTESIAN_POINT('',(-0.985051881677,41.951485279225,
    2.666666666667));
#481 = SURFACE_CURVE('',#482,(#488,#497),.PCURVE_S1.);
#482 = B_SPLINE_CURVE_WITH_KNOTS('',4,(#483,#484,#485,#486,#487),
  .UNSPECIFIED.,.F.,.F.,(5,5),(0.,1.),.PIECEWISE_BEZIER_KNOTS.);
#483 = CARTESIAN_POINT('',(-1.7763568394E-15,41.98,-1.887271249005E-15)
  );
#484 = CARTESIAN_POINT('',(-0.246579257924,41.972872566974,
    0.666550032877));
#485 = CARTESIAN_POINT('',(-0.4929476633,41.965744301716,1.333177895101)
  );
#486 = CARTESIAN_POINT('',(-0.739105207257,41.958615205407,
    1.999883476491));
#487 = CARTESIAN_POINT('',(-0.985051881677,41.951485279225,
    2.666666666667));
#488 = PCURVE('',#110,#489);
#489 = DEFINITIONAL_REPRESENTATION('',(#490),#496);
#490 = B_SPLINE_CURVE_WITH_KNOTS('',4,(#491,#492,#493,#494,#495),
  .UNSPECIFIED.,.F.,.F.,(5,5),(0.,1.),.PIECEWISE_BEZIER_KNOTS.);
#491 = CARTESIAN_POINT('',(-1.887379141863E-15,-1.7763568394E-15));
#492 = CARTESIAN_POINT('',(0.666588138681,-0.246579257924));
#493 = CARTESIAN_POINT('',(1.333254111158,-0.4929476633));
#494 = CARTESIAN_POINT('',(1.999997807244,-0.739105207257));
#495 = CARTESIAN_POINT('',(2.666819116553,-0.985051881677));
#496 = ( GEOMETRIC_REPRESENTATION_CONTEXT(2) 
PARAMETRIC_REPRESENTATION_CONTEXT() REPRESENTATION_CONTEXT('2D SPACE',''
  ) );
#497 = PCURVE('',#64,#498);
#498 = DEFINITIONAL_REPRESENTATION('',(#499),#505);
#499 = B_SPLINE_CURVE_WITH_KNOTS('',4,(#500,#501,#502,#503,#504),
  .UNSPECIFIED.,.F.,.F.,(5,5),(0.,1.),.PIECEWISE_BEZIER_KNOTS.);
#500 = CARTESIAN_POINT('',(5.,0.253848613706));
#501 = CARTESIAN_POINT('',(4.969477813929,0.253803443816));
#502 = CARTESIAN_POINT('',(4.938952063952,0.253758270026));
#503 = CARTESIAN_POINT('',(4.908422755113,0.253713092343));
#504 = CARTESIAN_POINT('',(4.877889892469,0.253667910775));
#505 = ( GEOMETRIC_REPRESENTATION_CONTEXT(2) 
PARAMETRIC_REPRESENTATION_CONTEXT() REPRESENTATION_CONTEXT('2D SPACE',''
  ) );
#506 = ORIENTED_EDGE('',*,*,#507,.T.);
#507 = EDGE_CURVE('',#479,#91,#508,.T.);
#508 = SURFACE_CURVE('',#509,(#513,#520),.PCURVE_S1.);
#509 = LINE('',#510,#511);
#510 = CARTESIAN_POINT('',(-104.,41.951485279225,2.666666666667));
#511 = VECTOR('',#512,1.);
#512 = DIRECTION('',(1.,0.,0.));
#513 = PCURVE('',#110,#514);
#514 = DEFINITIONAL_REPRESENTATION('',(#515),#519);
#515 = LINE('',#516,#517);
#516 = CARTESIAN_POINT('',(2.666819116553,-104.));
#517 = VECTOR('',#518,1.);
#518 = DIRECTION('',(0.,1.));
#519 = ( GEOMETRIC_REPRESENTATION_CONTEXT(2) 
PARAMETRIC_REPRESENTATION_CONTEXT() REPRESENTATION_CONTEXT('2D SPACE',''
  ) );
#520 = PCURVE('',#144,#521);
#521 = DEFINITIONAL_REPRESENTATION('',(#522),#526);
#522 = LINE('',#523,#524);
#523 = CARTESIAN_POINT('',(0.,-104.));
#524 = VECTOR('',#525,1.);
#525 = DIRECTION('',(0.,1.));
#526 = ( GEOMETRIC_REPRESENTATION_CONTEXT(2) 
PARAMETRIC_REPRESENTATION_CONTEXT() REPRESENTATION_CONTEXT('2D SPACE',''
  ) );
#527 = ADVANCED_FACE('',(#528),#144,.F.);
#528 = FACE_BOUND('',#529,.F.);
#529 = EDGE_LOOP('',(#530,#531,#560,#581));
#530 = ORIENTED_EDGE('',*,*,#507,.F.);
#531 = ORIENTED_EDGE('',*,*,#532,.T.);
#532 = EDGE_CURVE('',#479,#533,#535,.T.);
#533 = VERTEX_POINT('',#534);
#534 = CARTESIAN_POINT('',(-1.951492257217,41.766313657407,
    5.333333333333));
#535 = SURFACE_CURVE('',#536,(#542,#551),.PCURVE_S1.);
#536 = B_SPLINE_CURVE_WITH_KNOTS('',4,(#537,#538,#539,#540,#541),
  .UNSPECIFIED.,.F.,.F.,(5,5),(0.,1.),.PIECEWISE_BEZIER_KNOTS.);
#537 = CARTESIAN_POINT('',(-0.985051881677,41.951485279225,
    2.666666666667));
#538 = CARTESIAN_POINT('',(-1.228711035507,41.905243749665,3.33259346626
    ));
#539 = CARTESIAN_POINT('',(-1.471004278436,41.858967754178,3.99901661156
    ));
#540 = CARTESIAN_POINT('',(-1.711931364952,41.812657614956,
    4.665931462666));
#541 = CARTESIAN_POINT('',(-1.951492257217,41.766313657407,
    5.333333333333));
#542 = PCURVE('',#144,#543);
#543 = DEFINITIONAL_REPRESENTATION('',(#544),#550);
#544 = B_SPLINE_CURVE_WITH_KNOTS('',4,(#545,#546,#547,#548,#549),
  .UNSPECIFIED.,.F.,.F.,(5,5),(0.,1.),.PIECEWISE_BEZIER_KNOTS.);
#545 = CARTESIAN_POINT('',(0.,-0.985051881677));
#546 = CARTESIAN_POINT('',(0.667530359963,-1.228711035507));
#547 = CARTESIAN_POINT('',(1.33555826084,-1.471004278436));
#548 = CARTESIAN_POINT('',(2.004079051557,-1.711931364952));
#549 = CARTESIAN_POINT('',(2.673088034584,-1.951492257217));
#550 = ( GEOMETRIC_REPRESENTATION_CONTEXT(2) 
PARAMETRIC_REPRESENTATION_CONTEXT() REPRESENTATION_CONTEXT('2D SPACE',''
  ) );
#551 = PCURVE('',#64,#552);
#552 = DEFINITIONAL_REPRESENTATION('',(#553),#559);
#553 = B_SPLINE_CURVE_WITH_KNOTS('',4,(#554,#555,#556,#557,#558),
  .UNSPECIFIED.,.F.,.F.,(5,5),(0.,1.),.PIECEWISE_BEZIER_KNOTS.);
#554 = CARTESIAN_POINT('',(4.877889892469,0.253667910777));
#555 = CARTESIAN_POINT('',(4.847396245054,0.25337488323));
#556 = CARTESIAN_POINT('',(4.816879869329,0.253081695074));
#557 = CARTESIAN_POINT('',(4.78634097776,0.252788348547));
#558 = CARTESIAN_POINT('',(4.755779784937,0.252494845829));
#559 = ( GEOMETRIC_REPRESENTATION_CONTEXT(2) 
PARAMETRIC_REPRESENTATION_CONTEXT() REPRESENTATION_CONTEXT('2D SPACE',''
  ) );
#560 = ORIENTED_EDGE('',*,*,#561,.T.);
#561 = EDGE_CURVE('',#533,#125,#562,.T.);
#562 = SURFACE_CURVE('',#563,(#567,#574),.PCURVE_S1.);
#563 = LINE('',#564,#565);
#564 = CARTESIAN_POINT('',(-104.,41.766313657407,5.333333333333));
#565 = VECTOR('',#566,1.);
#566 = DIRECTION('',(1.,0.,0.));
#567 = PCURVE('',#144,#568);
#568 = DEFINITIONAL_REPRESENTATION('',(#569),#573);
#569 = LINE('',#570,#571);
#570 = CARTESIAN_POINT('',(2.673088034584,-104.));
#571 = VECTOR('',#572,1.);
#572 = DIRECTION('',(0.,1.));
#573 = ( GEOMETRIC_REPRESENTATION_CONTEXT(2) 
PARAMETRIC_REPRESENTATION_CONTEXT() REPRESENTATION_CONTEXT('2D SPACE',''
  ) );
#574 = PCURVE('',#178,#575);
#575 = DEFINITIONAL_REPRESENTATION('',(#576),#580);
#576 = LINE('',#577,#578);
#577 = CARTESIAN_POINT('',(0.,-104.));
#578 = VECTOR('',#579,1.);
#579 = DIRECTION('',(0.,1.));
#580 = ( GEOMETRIC_REPRESENTATION_CONTEXT(2) 
PARAMETRIC_REPRESENTATION_CONTEXT() REPRESENTATION_CONTEXT('2D SPACE',''
  ) );
#581 = ORIENTED_EDGE('',*,*,#124,.T.);
#582 = ADVANCED_FACE('',(#583),#178,.F.);
#583 = FACE_BOUND('',#584,.F.);
#584 = EDGE_LOOP('',(#585,#586,#615,#636));
#585 = ORIENTED_EDGE('',*,*,#561,.F.);
#586 = ORIENTED_EDGE('',*,*,#587,.T.);
#587 = EDGE_CURVE('',#533,#588,#590,.T.);
#588 = VERTEX_POINT('',#589);
#589 = CARTESIAN_POINT('',(-2.85850537601,41.305805664062,8.));
#590 = SURFACE_CURVE('',#591,(#597,#606),.PCURVE_S1.);
#591 = B_SPLINE_CURVE_WITH_KNOTS('',4,(#592,#593,#594,#595,#596),
  .UNSPECIFIED.,.F.,.F.,(5,5),(0.,1.),.PIECEWISE_BEZIER_KNOTS.);
#592 = CARTESIAN_POINT('',(-1.951492257217,41.766313657407,
    5.333333333333));
#593 = CARTESIAN_POINT('',(-2.183304503785,41.651477005582,
    5.998318688552));
#594 = CARTESIAN_POINT('',(-2.411742210954,41.536443491258,6.66444401673
    ));
#595 = CARTESIAN_POINT('',(-2.636807434161,41.421218042441,
    7.331680781246));
#596 = CARTESIAN_POINT('',(-2.85850537601,41.305805664062,8.));
#597 = PCURVE('',#178,#598);
#598 = DEFINITIONAL_REPRESENTATION('',(#599),#605);
#599 = B_SPLINE_CURVE_WITH_KNOTS('',4,(#600,#601,#602,#603,#604),
  .UNSPECIFIED.,.F.,.F.,(5,5),(0.,1.),.PIECEWISE_BEZIER_KNOTS.);
#600 = CARTESIAN_POINT('',(0.,-1.951492257217));
#601 = CARTESIAN_POINT('',(0.674828110898,-2.183304503785));
#602 = CARTESIAN_POINT('',(1.350813068022,-2.411742210954));
#603 = CARTESIAN_POINT('',(2.027925912367,-2.636807434161));
#604 = CARTESIAN_POINT('',(2.706137232855,-2.85850537601));
#605 = ( GEOMETRIC_REPRESENTATION_CONTEXT(2) 
PARAMETRIC_REPRESENTATION_CONTEXT() REPRESENTATION_CONTEXT('2D SPACE',''
  ) );
#606 = PCURVE('',#64,#607);
#607 = DEFINITIONAL_REPRESENTATION('',(#608),#614);
#608 = B_SPLINE_CURVE_WITH_KNOTS('',4,(#609,#610,#611,#612,#613),
  .UNSPECIFIED.,.F.,.F.,(5,5),(0.,1.),.PIECEWISE_BEZIER_KNOTS.);
#609 = CARTESIAN_POINT('',(4.755779784937,0.25249484585));
#610 = CARTESIAN_POINT('',(4.725329247475,0.25176756939));
#611 = CARTESIAN_POINT('',(4.69482650918,0.25103940219));
#612 = CARTESIAN_POINT('',(4.664272876781,0.250310377962));
#613 = CARTESIAN_POINT('',(4.633669677406,0.249580530039));
#614 = ( GEOMETRIC_REPRESENTATION_CONTEXT(2) 
PARAMETRIC_REPRESENTATION_CONTEXT() REPRESENTATION_CONTEXT('2D SPACE',''
  ) );
#615 = ORIENTED_EDGE('',*,*,#616,.T.);
#616 = EDGE_CURVE('',#588,#159,#617,.T.);
#617 = SURFACE_CURVE('',#618,(#622,#629),.PCURVE_S1.);
#618 = LINE('',#619,#620);
#619 = CARTESIAN_POINT('',(-104.,41.305805664062,8.));
#620 = VECTOR('',#621,1.);
#621 = DIRECTION('',(1.,0.,0.));
#622 = PCURVE('',#178,#623);
#623 = DEFINITIONAL_REPRESENTATION('',(#624),#628);
#624 = LINE('',#625,#626);
#625 = CARTESIAN_POINT('',(2.706137232855,-104.));
#626 = VECTOR('',#627,1.);
#627 = DIRECTION('',(0.,1.));
#628 = ( GEOMETRIC_REPRESENTATION_CONTEXT(2) 
PARAMETRIC_REPRESENTATION_CONTEXT() REPRESENTATION_CONTEXT('2D SPACE',''
  ) );
#629 = PCURVE('',#212,#630);
#630 = DEFINITIONAL_REPRESENTATION('',(#631),#635);
#631 = LINE('',#632,#633);
#632 = CARTESIAN_POINT('',(0.,-104.));
#633 = VECTOR('',#634,1.);
#634 = DIRECTION('',(0.,1.));
#635 = ( GEOMETRIC_REPRESENTATION_CONTEXT(2) 
PARAMETRIC_REPRESENTATION_CONTEXT() REPRESENTATION_CONTEXT('2D SPACE',''
  ) );
#636 = ORIENTED_EDGE('',*,*,#158,.T.);
#637 = ADVANCED_FACE('',(#638),#212,.F.);
#638 = FACE_BOUND('',#639,.F.);
#639 = EDGE_LOOP('',(#640,#641,#670,#691));
#640 = ORIENTED_EDGE('',*,*,#616,.F.);
#641 = ORIENTED_EDGE('',*,*,#642,.T.);
#642 = EDGE_CURVE('',#588,#643,#645,.T.);
#643 = VERTEX_POINT('',#644);
#644 = CARTESIAN_POINT('',(-3.652109012648,40.489259259259,
    10.666666666667));
#645 = SURFACE_CURVE('',#646,(#652,#661),.PCURVE_S1.);
#646 = B_SPLINE_CURVE_WITH_KNOTS('',4,(#647,#648,#649,#650,#651),
  .UNSPECIFIED.,.F.,.F.,(5,5),(0.,1.),.PIECEWISE_BEZIER_KNOTS.);
#647 = CARTESIAN_POINT('',(-2.85850537601,41.305805664062,8.));
#648 = CARTESIAN_POINT('',(-3.065708413124,41.102412776984,
    8.664237854725));
#649 = CARTESIAN_POINT('',(-3.267020500555,40.898506410611,
    9.330152623474));
#650 = CARTESIAN_POINT('',(-3.462471859909,40.694113084579,
    9.997657698768));
#651 = CARTESIAN_POINT('',(-3.652109012647,40.489259259259,
    10.666666666667));
#652 = PCURVE('',#212,#653);
#653 = DEFINITIONAL_REPRESENTATION('',(#654),#660);
#654 = B_SPLINE_CURVE_WITH_KNOTS('',4,(#655,#656,#657,#658,#659),
  .UNSPECIFIED.,.F.,.F.,(5,5),(0.,1.),.PIECEWISE_BEZIER_KNOTS.);
#655 = CARTESIAN_POINT('',(0.,-2.85850537601));
#656 = CARTESIAN_POINT('',(0.694680209998,-3.065708413124));
#657 = CARTESIAN_POINT('',(1.391114187836,-3.267020500555));
#658 = CARTESIAN_POINT('',(2.089211356767,-3.462471859909));
#659 = CARTESIAN_POINT('',(2.788881342458,-3.652109012647));
#660 = ( GEOMETRIC_REPRESENTATION_CONTEXT(2) 
PARAMETRIC_REPRESENTATION_CONTEXT() REPRESENTATION_CONTEXT('2D SPACE',''
  ) );
#661 = PCURVE('',#64,#662);
#662 = DEFINITIONAL_REPRESENTATION('',(#663),#669);
#663 = B_SPLINE_CURVE_WITH_KNOTS('',4,(#664,#665,#666,#667,#668),
  .UNSPECIFIED.,.F.,.F.,(5,5),(0.,1.),.PIECEWISE_BEZIER_KNOTS.);
#664 = CARTESIAN_POINT('',(4.633669677406,0.249580530107));
#665 = CARTESIAN_POINT('',(4.603253368956,0.248294308662));
#666 = CARTESIAN_POINT('',(4.572760272449,0.247005953163));
#667 = CARTESIAN_POINT('',(4.542194353753,0.245715641609));
#668 = CARTESIAN_POINT('',(4.511559569875,0.244423546747));
#669 = ( GEOMETRIC_REPRESENTATION_CONTEXT(2) 
PARAMETRIC_REPRESENTATION_CONTEXT() REPRESENTATION_CONTEXT('2D SPACE',''
  ) );
#670 = ORIENTED_EDGE('',*,*,#671,.T.);
#671 = EDGE_CURVE('',#643,#193,#672,.T.);
#672 = SURFACE_CURVE('',#673,(#677,#684),.PCURVE_S1.);
#673 = LINE('',#674,#675);
#674 = CARTESIAN_POINT('',(-104.,40.489259259259,10.666666666667));
#675 = VECTOR('',#676,1.);
#676 = DIRECTION('',(1.,0.,0.));
#677 = PCURVE('',#212,#678);
#678 = DEFINITIONAL_REPRESENTATION('',(#679),#683);
#679 = LINE('',#680,#681);
#680 = CARTESIAN_POINT('',(2.788881342458,-104.));
#681 = VECTOR('',#682,1.);
#682 = DIRECTION('',(0.,1.));
#683 = ( GEOMETRIC_REPRESENTATION_CONTEXT(2) 
PARAMETRIC_REPRESENTATION_CONTEXT() REPRESENTATION_CONTEXT('2D SPACE',''
  ) );
#684 = PCURVE('',#246,#685);
#685 = DEFINITIONAL_REPRESENTATION('',(#686),#690);
#686 = LINE('',#687,#688);
#687 = CARTESIAN_POINT('',(0.,-104.));
#688 = VECTOR('',#689,1.);
#689 = DIRECTION('',(0.,1.));
#690 = ( GEOMETRIC_REPRESENTATION_CONTEXT(2) 
PARAMETRIC_REPRESENTATION_CONTEXT() REPRESENTATION_CONTEXT('2D SPACE',''
  ) );
#691 = ORIENTED_EDGE('',*,*,#192,.T.);
#692 = ADVANCED_FACE('',(#693),#246,.F.);
#693 = FACE_BOUND('',#694,.F.);
#694 = EDGE_LOOP('',(#695,#696,#725,#746));
#695 = ORIENTED_EDGE('',*,*,#671,.F.);
#696 = ORIENTED_EDGE('',*,*,#697,.T.);
#697 = EDGE_CURVE('',#643,#698,#700,.T.);
#698 = VERTEX_POINT('',#699);
#699 = CARTESIAN_POINT('',(-4.27776084732,39.270152090567,
    13.333333333333));
#700 = SURFACE_CURVE('',#701,(#707,#716),.PCURVE_S1.);
#701 = B_SPLINE_CURVE_WITH_KNOTS('',4,(#702,#703,#704,#705,#706),
  .UNSPECIFIED.,.F.,.F.,(5,5),(0.,1.),.PIECEWISE_BEZIER_KNOTS.);
#702 = CARTESIAN_POINT('',(-3.652109012647,40.489259259259,
    10.666666666667));
#703 = CARTESIAN_POINT('',(-3.82107887402,40.185625987136,
    11.330832005413));
#704 = CARTESIAN_POINT('',(-3.981574787137,39.881178888013,
    11.996777503762));
#705 = CARTESIAN_POINT('',(-4.133739846266,39.575996370077,
    12.664331652182));
#706 = CARTESIAN_POINT('',(-4.27776084732,39.270152090567,
    13.333333333333));
#707 = PCURVE('',#246,#708);
#708 = DEFINITIONAL_REPRESENTATION('',(#709),#715);
#709 = B_SPLINE_CURVE_WITH_KNOTS('',4,(#710,#711,#712,#713,#714),
  .UNSPECIFIED.,.F.,.F.,(5,5),(0.,1.),.PIECEWISE_BEZIER_KNOTS.);
#710 = CARTESIAN_POINT('',(0.,-3.652109012647));
#711 = CARTESIAN_POINT('',(0.730279919711,-3.82107887402));
#712 = CARTESIAN_POINT('',(1.46251720566,-3.981574787137));
#713 = CARTESIAN_POINT('',(2.19652327534,-4.133739846266));
#714 = CARTESIAN_POINT('',(2.932120972925,-4.27776084732));
#715 = ( GEOMETRIC_REPRESENTATION_CONTEXT(2) 
PARAMETRIC_REPRESENTATION_CONTEXT() REPRESENTATION_CONTEXT('2D SPACE',''
  ) );
#716 = PCURVE('',#64,#717);
#717 = DEFINITIONAL_REPRESENTATION('',(#718),#724);
#718 = B_SPLINE_CURVE_WITH_KNOTS('',4,(#719,#720,#721,#722,#723),
  .UNSPECIFIED.,.F.,.F.,(5,5),(0.,1.),.PIECEWISE_BEZIER_KNOTS.);
#719 = CARTESIAN_POINT('',(4.511559569875,0.244423546882));
#720 = CARTESIAN_POINT('',(4.481146582025,0.242508410612));
#721 = CARTESIAN_POINT('',(4.45065207837,0.240590604444));
#722 = CARTESIAN_POINT('',(4.420083912552,0.238670640883));
#723 = CARTESIAN_POINT('',(4.389449462343,0.236748985398));
#724 = ( GEOMETRIC_REPRESENTATION_CONTEXT(2) 
PARAMETRIC_REPRESENTATION_CONTEXT() REPRESENTATION_CONTEXT('2D SPACE',''
  ) );
#725 = ORIENTED_EDGE('',*,*,#726,.T.);
#726 = EDGE_CURVE('',#698,#227,#727,.T.);
#727 = SURFACE_CURVE('',#728,(#732,#739),.PCURVE_S1.);
#728 = LINE('',#729,#730);
#729 = CARTESIAN_POINT('',(-104.,39.270152090567,13.333333333333));
#730 = VECTOR('',#731,1.);
#731 = DIRECTION('',(1.,0.,0.));
#732 = PCURVE('',#246,#733);
#733 = DEFINITIONAL_REPRESENTATION('',(#734),#738);
#734 = LINE('',#735,#736);
#735 = CARTESIAN_POINT('',(2.932120972925,-104.));
#736 = VECTOR('',#737,1.);
#737 = DIRECTION('',(0.,1.));
#738 = ( GEOMETRIC_REPRESENTATION_CONTEXT(2) 
PARAMETRIC_REPRESENTATION_CONTEXT() REPRESENTATION_CONTEXT('2D SPACE',''
  ) );
#739 = PCURVE('',#280,#740);
#740 = DEFINITIONAL_REPRESENTATION('',(#741),#745);
#741 = LINE('',#742,#743);
#742 = CARTESIAN_POINT('',(0.,-104.));
#743 = VECTOR('',#744,1.);
#744 = DIRECTION('',(0.,1.));
#745 = ( GEOMETRIC_REPRESENTATION_CONTEXT(2) 
PARAMETRIC_REPRESENTATION_CONTEXT() REPRESENTATION_CONTEXT('2D SPACE',''
  ) );
#746 = ORIENTED_EDGE('',*,*,#226,.T.);
#747 = ADVANCED_FACE('',(#748),#280,.F.);
#748 = FACE_BOUND('',#749,.F.);
#749 = EDGE_LOOP('',(#750,#751,#780,#801));
#750 = ORIENTED_EDGE('',*,*,#726,.F.);
#751 = ORIENTED_EDGE('',*,*,#752,.T.);
#752 = EDGE_CURVE('',#698,#753,#755,.T.);
#753 = VERTEX_POINT('',#754);
#754 = CARTESIAN_POINT('',(-4.692385656296,37.63234375,16.));
#755 = SURFACE_CURVE('',#756,(#762,#771),.PCURVE_S1.);
#756 = B_SPLINE_CURVE_WITH_KNOTS('',4,(#757,#758,#759,#760,#761),
  .UNSPECIFIED.,.F.,.F.,(5,5),(0.,1.),.PIECEWISE_BEZIER_KNOTS.);
#757 = CARTESIAN_POINT('',(-4.27776084732,39.270152090567,
    13.333333333333));
#758 = CARTESIAN_POINT('',(-4.396784778154,38.861818351648,
    13.998179117471));
#759 = CARTESIAN_POINT('',(-4.505285984648,38.452645761738,
    14.664390712198));
#760 = CARTESIAN_POINT('',(-4.603664282634,38.042780164285,
    15.331730656359));
#761 = CARTESIAN_POINT('',(-4.692385656296,37.63234375,16.));
#762 = PCURVE('',#280,#763);
#763 = DEFINITIONAL_REPRESENTATION('',(#764),#770);
#764 = B_SPLINE_CURVE_WITH_KNOTS('',4,(#765,#766,#767,#768,#769),
  .UNSPECIFIED.,.F.,.F.,(5,5),(0.,1.),.PIECEWISE_BEZIER_KNOTS.);
#765 = CARTESIAN_POINT('',(0.,-4.27776084732));
#766 = CARTESIAN_POINT('',(0.780228401832,-4.396784778154));
#767 = CARTESIAN_POINT('',(1.562059647871,-4.505285984648));
#768 = CARTESIAN_POINT('',(2.345215066066,-4.603664282634));
#769 = CARTESIAN_POINT('',(3.129461179108,-4.692385656296));
#770 = ( GEOMETRIC_REPRESENTATION_CONTEXT(2) 
PARAMETRIC_REPRESENTATION_CONTEXT() REPRESENTATION_CONTEXT('2D SPACE',''
  ) );
#771 = PCURVE('',#64,#772);
#772 = DEFINITIONAL_REPRESENTATION('',(#773),#779);
#773 = B_SPLINE_CURVE_WITH_KNOTS('',4,(#774,#775,#776,#777,#778),
  .UNSPECIFIED.,.F.,.F.,(5,5),(0.,1.),.PIECEWISE_BEZIER_KNOTS.);
#774 = CARTESIAN_POINT('',(4.389449462343,0.236748985594));
#775 = CARTESIAN_POINT('',(4.359005316021,0.234183376813));
#776 = CARTESIAN_POINT('',(4.32849862747,0.231616893225));
#777 = CARTESIAN_POINT('',(4.297940270342,0.229050451207));
#778 = CARTESIAN_POINT('',(4.267339354812,0.22648477891));
#779 = ( GEOMETRIC_REPRESENTATION_CONTEXT(2) 
PARAMETRIC_REPRESENTATION_CONTEXT() REPRESENTATION_CONTEXT('2D SPACE',''
  ) );
#780 = ORIENTED_EDGE('',*,*,#781,.T.);
#781 = EDGE_CURVE('',#753,#261,#782,.T.);
#782 = SURFACE_CURVE('',#783,(#787,#794),.PCURVE_S1.);
#783 = LINE('',#784,#785);
#784 = CARTESIAN_POINT('',(-104.,37.63234375,16.));
#785 = VECTOR('',#786,1.);
#786 = DIRECTION('',(1.,0.,0.));
#787 = PCURVE('',#280,#788);
#788 = DEFINITIONAL_REPRESENTATION('',(#789),#793);
#789 = LINE('',#790,#791);
#790 = CARTESIAN_POINT('',(3.129461179108,-104.));
#791 = VECTOR('',#792,1.);
#792 = DIRECTION('',(0.,1.));
#793 = ( GEOMETRIC_REPRESENTATION_CONTEXT(2) 
PARAMETRIC_REPRESENTATION_CONTEXT() REPRESENTATION_CONTEXT('2D SPACE',''
  ) );
#794 = PCURVE('',#316,#795);
#795 = DEFINITIONAL_REPRESENTATION('',(#796),#800);
#796 = LINE('',#797,#798);
#797 = CARTESIAN_POINT('',(0.,-104.));
#798 = VECTOR('',#799,1.);
#799 = DIRECTION('',(0.,1.));
#800 = ( GEOMETRIC_REPRESENTATION_CONTEXT(2) 
PARAMETRIC_REPRESENTATION_CONTEXT() REPRESENTATION_CONTEXT('2D SPACE',''
  ) );
#801 = ORIENTED_EDGE('',*,*,#260,.T.);
#802 = ADVANCED_FACE('',(#803),#316,.F.);
#803 = FACE_BOUND('',#804,.F.);
#804 = EDGE_LOOP('',(#805,#806,#838,#859));
#805 = ORIENTED_EDGE('',*,*,#781,.F.);
#806 = ORIENTED_EDGE('',*,*,#807,.T.);
#807 = EDGE_CURVE('',#753,#808,#810,.T.);
#808 = VERTEX_POINT('',#809);
#809 = CARTESIAN_POINT('',(-4.874222558591,35.586278030961,
    18.666666666667));
#810 = SURFACE_CURVE('',#811,(#818,#828),.PCURVE_S1.);
#811 = B_SPLINE_CURVE_WITH_KNOTS('',5,(#812,#813,#814,#815,#816,#817),
  .UNSPECIFIED.,.F.,.F.,(6,6),(0.,1.),.PIECEWISE_BEZIER_KNOTS.);
#812 = CARTESIAN_POINT('',(-4.692385656296,37.63234375,16.));
#813 = CARTESIAN_POINT('',(-4.741795260123,37.223612267071,
    16.532705577833));
#814 = CARTESIAN_POINT('',(-4.784364764293,36.81457486601,
    17.065809863135));
#815 = CARTESIAN_POINT('',(-4.820406967729,36.405302108352,
    17.599220892049));
#816 = CARTESIAN_POINT('',(-4.850248651256,35.995853661134,
    18.132860899678));
#817 = CARTESIAN_POINT('',(-4.874222558591,35.586278030961,
    18.666666666667));
#818 = PCURVE('',#316,#819);
#819 = DEFINITIONAL_REPRESENTATION('',(#820),#827);
#820 = B_SPLINE_CURVE_WITH_KNOTS('',5,(#821,#822,#823,#824,#825,#826),
  .UNSPECIFIED.,.F.,.F.,(6,6),(0.,1.),.PIECEWISE_BEZIER_KNOTS.);
#821 = CARTESIAN_POINT('',(0.,-4.692385656296));
#822 = CARTESIAN_POINT('',(0.671443711559,-4.741795260123));
#823 = CARTESIAN_POINT('',(1.343389970179,-4.784364764293));
#824 = CARTESIAN_POINT('',(2.015722860887,-4.820406967729));
#825 = CARTESIAN_POINT('',(2.688344365652,-4.850248651256));
#826 = CARTESIAN_POINT('',(3.361174800236,-4.874222558591));
#827 = ( GEOMETRIC_REPRESENTATION_CONTEXT(2) 
PARAMETRIC_REPRESENTATION_CONTEXT() REPRESENTATION_CONTEXT('2D SPACE',''
  ) );
#828 = PCURVE('',#64,#829);
#829 = DEFINITIONAL_REPRESENTATION('',(#830),#837);
#830 = B_SPLINE_CURVE_WITH_KNOTS('',5,(#831,#832,#833,#834,#835,#836),
  .UNSPECIFIED.,.F.,.F.,(6,6),(0.,1.),.PIECEWISE_BEZIER_KNOTS.);
#831 = CARTESIAN_POINT('',(4.267339354812,0.226484779129));
#832 = CARTESIAN_POINT('',(4.24294607904,0.2239297645));
#833 = CARTESIAN_POINT('',(4.218534545939,0.22137687057));
#834 = CARTESIAN_POINT('',(4.194108966652,0.218826509288));
#835 = CARTESIAN_POINT('',(4.169672902134,0.216279007094));
#836 = CARTESIAN_POINT('',(4.145229247281,0.21373461258));
#837 = ( GEOMETRIC_REPRESENTATION_CONTEXT(2) 
PARAMETRIC_REPRESENTATION_CONTEXT() REPRESENTATION_CONTEXT('2D SPACE',''
  ) );
#838 = ORIENTED_EDGE('',*,*,#839,.T.);
#839 = EDGE_CURVE('',#808,#295,#840,.T.);
#840 = SURFACE_CURVE('',#841,(#845,#852),.PCURVE_S1.);
#841 = LINE('',#842,#843);
#842 = CARTESIAN_POINT('',(-104.,35.586278030961,18.666666666667));
#843 = VECTOR('',#844,1.);
#844 = DIRECTION('',(1.,0.,0.));
#845 = PCURVE('',#316,#846);
#846 = DEFINITIONAL_REPRESENTATION('',(#847),#851);
#847 = LINE('',#848,#849);
#848 = CARTESIAN_POINT('',(3.361174800236,-104.));
#849 = VECTOR('',#850,1.);
#850 = DIRECTION('',(0.,1.));
#851 = ( GEOMETRIC_REPRESENTATION_CONTEXT(2) 
PARAMETRIC_REPRESENTATION_CONTEXT() REPRESENTATION_CONTEXT('2D SPACE',''
  ) );
#852 = PCURVE('',#353,#853);
#853 = DEFINITIONAL_REPRESENTATION('',(#854),#858);
#854 = LINE('',#855,#856);
#855 = CARTESIAN_POINT('',(0.,-104.));
#856 = VECTOR('',#857,1.);
#857 = DIRECTION('',(0.,1.));
#858 = ( GEOMETRIC_REPRESENTATION_CONTEXT(2) 
PARAMETRIC_REPRESENTATION_CONTEXT() REPRESENTATION_CONTEXT('2D SPACE',''
  ) );
#859 = ORIENTED_EDGE('',*,*,#294,.T.);
#860 = ADVANCED_FACE('',(#861),#353,.F.);
#861 = FACE_BOUND('',#862,.F.);
#862 = EDGE_LOOP('',(#863,#864,#896,#917));
#863 = ORIENTED_EDGE('',*,*,#839,.F.);
#864 = ORIENTED_EDGE('',*,*,#865,.T.);
#865 = EDGE_CURVE('',#808,#866,#868,.T.);
#866 = VERTEX_POINT('',#867);
#867 = CARTESIAN_POINT('',(-4.828832829556,33.165185185185,
    21.333333333333));
#868 = SURFACE_CURVE('',#869,(#876,#886),.PCURVE_S1.);
#869 = B_SPLINE_CURVE_WITH_KNOTS('',5,(#870,#871,#872,#873,#874,#875),
  .UNSPECIFIED.,.F.,.F.,(6,6),(0.,1.),.PIECEWISE_BEZIER_KNOTS.);
#870 = CARTESIAN_POINT('',(-4.874222558591,35.586278030961,
    18.666666666667));
#871 = CARTESIAN_POINT('',(-4.877040038809,35.102004445495,
    19.200060596669));
#872 = CARTESIAN_POINT('',(-4.873430733465,34.617714283355,
    19.733472784733));
#873 = CARTESIAN_POINT('',(-4.863873376664,34.133459247247,
    20.266846283899));
#874 = CARTESIAN_POINT('',(-4.848849195072,33.649275789653,
    20.800140944271));
#875 = CARTESIAN_POINT('',(-4.828832829556,33.165185185185,
    21.333333333333));
#876 = PCURVE('',#353,#877);
#877 = DEFINITIONAL_REPRESENTATION('',(#878),#885);
#878 = B_SPLINE_CURVE_WITH_KNOTS('',5,(#879,#880,#881,#882,#883,#884),
  .UNSPECIFIED.,.F.,.F.,(6,6),(0.,1.),.PIECEWISE_BEZIER_KNOTS.);
#879 = CARTESIAN_POINT('',(0.,-4.874222558591));
#880 = CARTESIAN_POINT('',(0.720437360318,-4.877040038809));
#881 = CARTESIAN_POINT('',(1.440899381192,-4.873430733465));
#882 = CARTESIAN_POINT('',(2.161309146262,-4.863873376664));
#883 = CARTESIAN_POINT('',(2.881612426408,-4.848849195072));
#884 = CARTESIAN_POINT('',(3.601777572113,-4.828832829556));
#885 = ( GEOMETRIC_REPRESENTATION_CONTEXT(2) 
PARAMETRIC_REPRESENTATION_CONTEXT() REPRESENTATION_CONTEXT('2D SPACE',''
  ) );
#886 = PCURVE('',#64,#887);
#887 = DEFINITIONAL_REPRESENTATION('',(#888),#895);
#888 = B_SPLINE_CURVE_WITH_KNOTS('',5,(#889,#890,#891,#892,#893,#894),
  .UNSPECIFIED.,.F.,.F.,(6,6),(0.,1.),.PIECEWISE_BEZIER_KNOTS.);
#889 = CARTESIAN_POINT('',(4.145229247281,0.213734612765));
#890 = CARTESIAN_POINT('',(4.120804450975,0.210726174363));
#891 = CARTESIAN_POINT('',(4.096378818609,0.207723081448));
#892 = CARTESIAN_POINT('',(4.071954957857,0.204725566977));
#893 = CARTESIAN_POINT('',(4.047534707236,0.201733745291));
#894 = CARTESIAN_POINT('',(4.023119139749,0.19874763007));
#895 = ( GEOMETRIC_REPRESENTATION_CONTEXT(2) 
PARAMETRIC_REPRESENTATION_CONTEXT() REPRESENTATION_CONTEXT('2D SPACE',''
  ) );
#896 = ORIENTED_EDGE('',*,*,#897,.T.);
#897 = EDGE_CURVE('',#866,#332,#898,.T.);
#898 = SURFACE_CURVE('',#899,(#903,#910),.PCURVE_S1.);
#899 = LINE('',#900,#901);
#900 = CARTESIAN_POINT('',(-104.,33.165185185185,21.333333333333));
#901 = VECTOR('',#902,1.);
#902 = DIRECTION('',(1.,0.,0.));
#903 = PCURVE('',#353,#904);
#904 = DEFINITIONAL_REPRESENTATION('',(#905),#909);
#905 = LINE('',#906,#907);
#906 = CARTESIAN_POINT('',(3.601777572113,-104.));
#907 = VECTOR('',#908,1.);
#908 = DIRECTION('',(0.,1.));
#909 = ( GEOMETRIC_REPRESENTATION_CONTEXT(2) 
PARAMETRIC_REPRESENTATION_CONTEXT() REPRESENTATION_CONTEXT('2D SPACE',''
  ) );
#910 = PCURVE('',#388,#911);
#911 = DEFINITIONAL_REPRESENTATION('',(#912),#916);
#912 = LINE('',#913,#914);
#913 = CARTESIAN_POINT('',(0.,-104.));
#914 = VECTOR('',#915,1.);
#915 = DIRECTION('',(0.,1.));
#916 = ( GEOMETRIC_REPRESENTATION_CONTEXT(2) 
PARAMETRIC_REPRESENTATION_CONTEXT() REPRESENTATION_CONTEXT('2D SPACE',''
  ) );
#917 = ORIENTED_EDGE('',*,*,#331,.T.);
#918 = ADVANCED_FACE('',(#919),#388,.F.);
#919 = FACE_BOUND('',#920,.F.);
#920 = EDGE_LOOP('',(#921,#922,#951,#999,#1027,#1054));
#921 = ORIENTED_EDGE('',*,*,#897,.F.);
#922 = ORIENTED_EDGE('',*,*,#923,.T.);
#923 = EDGE_CURVE('',#866,#924,#926,.T.);
#924 = VERTEX_POINT('',#925);
#925 = CARTESIAN_POINT('',(-4.790330866366,32.645681664246,
    21.838214055972));
#926 = SURFACE_CURVE('',#927,(#933,#942),.PCURVE_S1.);
#927 = B_SPLINE_CURVE_WITH_KNOTS('',4,(#928,#929,#930,#931,#932),
  .UNSPECIFIED.,.F.,.F.,(5,5),(0.,1.),.PIECEWISE_BEZIER_KNOTS.);
#928 = CARTESIAN_POINT('',(-4.828832829556,33.165185185185,
    21.333333333333));
#929 = CARTESIAN_POINT('',(-4.819652191969,33.035292633765,
    21.459569715924));
#930 = CARTESIAN_POINT('',(-4.810168086418,32.905411100333,
    21.585795390657));
#931 = CARTESIAN_POINT('',(-4.800390884076,32.775540755175,
    21.712010192039));
#932 = CARTESIAN_POINT('',(-4.790330866366,32.645681664246,
    21.838214055972));
#933 = PCURVE('',#388,#934);
#934 = DEFINITIONAL_REPRESENTATION('',(#935),#941);
#935 = B_SPLINE_CURVE_WITH_KNOTS('',4,(#936,#937,#938,#939,#940),
  .UNSPECIFIED.,.F.,.F.,(5,5),(0.,1.),.PIECEWISE_BEZIER_KNOTS.);
#936 = CARTESIAN_POINT('',(0.,-4.828832829556));
#937 = CARTESIAN_POINT('',(0.181128957387,-4.819652191969));
#938 = CARTESIAN_POINT('',(0.362242550716,-4.810168086418));
#939 = CARTESIAN_POINT('',(0.54334054253,-4.800390884076));
#940 = CARTESIAN_POINT('',(0.724422840861,-4.790330866366));
#941 = ( GEOMETRIC_REPRESENTATION_CONTEXT(2) 
PARAMETRIC_REPRESENTATION_CONTEXT() REPRESENTATION_CONTEXT('2D SPACE',''
  ) );
#942 = PCURVE('',#64,#943);
#943 = DEFINITIONAL_REPRESENTATION('',(#944),#950);
#944 = B_SPLINE_CURVE_WITH_KNOTS('',4,(#945,#946,#947,#948,#949),
  .UNSPECIFIED.,.F.,.F.,(5,5),(0.,1.),.PIECEWISE_BEZIER_KNOTS.);
#945 = CARTESIAN_POINT('',(4.023119139749,0.198747630174));
#946 = CARTESIAN_POINT('',(4.017338612905,0.197946387346));
#947 = CARTESIAN_POINT('',(4.011558576387,0.197145605713));
#948 = CARTESIAN_POINT('',(4.005779037773,0.196345286035));
#949 = CARTESIAN_POINT('',(4.,0.195545423433));
#950 = ( GEOMETRIC_REPRESENTATION_CONTEXT(2) 
PARAMETRIC_REPRESENTATION_CONTEXT() REPRESENTATION_CONTEXT('2D SPACE',''
  ) );
#951 = ORIENTED_EDGE('',*,*,#952,.F.);
#952 = EDGE_CURVE('',#953,#924,#955,.T.);
#953 = VERTEX_POINT('',#954);
#954 = CARTESIAN_POINT('',(-4.502672385379,30.421284179688,24.));
#955 = SURFACE_CURVE('',#956,(#962,#971),.PCURVE_S1.);
#956 = B_SPLINE_CURVE_WITH_KNOTS('',4,(#957,#958,#959,#960,#961),
  .UNSPECIFIED.,.F.,.F.,(5,5),(0.,1.),.PIECEWISE_BEZIER_KNOTS.);
#957 = CARTESIAN_POINT('',(-4.502672385379,30.421284179688,24.));
#958 = CARTESIAN_POINT('',(-4.570826493623,30.977628447127,
    23.459315510946));
#959 = CARTESIAN_POINT('',(-4.6413953018,31.533821166062,22.918778304664
    ));
#960 = CARTESIAN_POINT('',(-4.714522959127,32.089845103478,
    22.378405129099));
#961 = CARTESIAN_POINT('',(-4.790330866366,32.645681664246,
    21.838214055972));
#962 = PCURVE('',#388,#963);
#963 = DEFINITIONAL_REPRESENTATION('',(#964),#970);
#964 = B_SPLINE_CURVE_WITH_KNOTS('',4,(#965,#966,#967,#968,#969),
  .UNSPECIFIED.,.F.,.F.,(5,5),(0.,1.),.PIECEWISE_BEZIER_KNOTS.);
#965 = CARTESIAN_POINT('',(3.826238863307,-4.502672385379));
#966 = CARTESIAN_POINT('',(3.050443361505,-4.570826493623));
#967 = CARTESIAN_POINT('',(2.274859186852,-4.6413953018));
#968 = CARTESIAN_POINT('',(1.499510369964,-4.714522959127));
#969 = CARTESIAN_POINT('',(0.724422840861,-4.790330866366));
#970 = ( GEOMETRIC_REPRESENTATION_CONTEXT(2) 
PARAMETRIC_REPRESENTATION_CONTEXT() REPRESENTATION_CONTEXT('2D SPACE',''
  ) );
#971 = PCURVE('',#972,#991);
#972 = ( BOUNDED_SURFACE() B_SPLINE_SURFACE(1,8,(
    (#973,#974,#975,#976,#977,#978,#979,#980,#981)
    ,(#982,#983,#984,#985,#986,#987,#988,#989,#990
)),.UNSPECIFIED.,.F.,.F.,.F.) B_SPLINE_SURFACE_WITH_KNOTS((2,2),(9,9),(
    3.,4.),(0.,1.),.PIECEWISE_BEZIER_KNOTS.) 
GEOMETRIC_REPRESENTATION_ITEM() RATIONAL_B_SPLINE_SURFACE((
    (1.,1.000000000001,0.999999999991,1.000000000036,0.99999999991
      ,1.000000000152,0.999999999834,1.000000000099,1.)
    ,(1.,1.000000000001,0.999999999991,1.000000000036,0.99999999991
      ,1.000000000152,0.999999999834,1.000000000099,1.
))) REPRESENTATION_ITEM('') SURFACE() );
#973 = CARTESIAN_POINT('',(-1.28,0.,64.));
#974 = CARTESIAN_POINT('',(-6.684894119176,21.107094936691,
    64.017300047756));
#975 = CARTESIAN_POINT('',(-10.42282983924,42.068504972852,
    63.817923413832));
#976 = CARTESIAN_POINT('',(-25.73445002382,64.208683031478,
    72.792600892712));
#977 = CARTESIAN_POINT('',(-50.0480338613,75.071549638102,
    75.466714715709));
#978 = CARTESIAN_POINT('',(-43.10594859516,100.97231411291,
    72.359176438714));
#979 = CARTESIAN_POINT('',(-92.92683974536,109.91884514644,
    67.573416122149));
#980 = CARTESIAN_POINT('',(-53.23971479252,143.11426439543,
    75.683575482681));
#981 = CARTESIAN_POINT('',(-64.,160.,72.));
#982 = CARTESIAN_POINT('',(-1.2,0.,21.838214055972));
#983 = CARTESIAN_POINT('',(-1.208878908836,21.107094936691,
    21.838214055971));
#984 = CARTESIAN_POINT('',(-1.120341206347,42.068504972852,
    21.838214055977));
#985 = CARTESIAN_POINT('',(-13.77842094197,64.208683031478,
    21.838214055969));
#986 = CARTESIAN_POINT('',(-36.17066367181,75.071549638102,
    21.838214055945));
#987 = CARTESIAN_POINT('',(-32.68733817683,100.97231411291,
    21.838214056057));
#988 = CARTESIAN_POINT('',(-70.89889771058,109.91884514644,
    21.838214055853));
#989 = CARTESIAN_POINT('',(-54.85076006637,143.11426439543,
    21.838214056051));
#990 = CARTESIAN_POINT('',(-60.,160.,21.838214055972));
#991 = DEFINITIONAL_REPRESENTATION('',(#992),#998);
#992 = B_SPLINE_CURVE_WITH_KNOTS('',4,(#993,#994,#995,#996,#997),
  .UNSPECIFIED.,.F.,.F.,(5,5),(0.,1.),.PIECEWISE_BEZIER_KNOTS.);
#993 = CARTESIAN_POINT('',(3.950475400924,0.181886103584));
#994 = CARTESIAN_POINT('',(3.962935848363,0.185292233318));
#995 = CARTESIAN_POINT('',(3.975345291206,0.188704071367));
#996 = CARTESIAN_POINT('',(3.987700815223,0.192121767264));
#997 = CARTESIAN_POINT('',(4.,0.195545423433));
#998 = ( GEOMETRIC_REPRESENTATION_CONTEXT(2) 
PARAMETRIC_REPRESENTATION_CONTEXT() REPRESENTATION_CONTEXT('2D SPACE',''
  ) );
#999 = ORIENTED_EDGE('',*,*,#1000,.T.);
#1000 = EDGE_CURVE('',#953,#1001,#1003,.T.);
#1001 = VERTEX_POINT('',#1002);
#1002 = CARTESIAN_POINT('',(4.502672385379,30.421284179688,24.));
#1003 = SURFACE_CURVE('',#1004,(#1008,#1015),.PCURVE_S1.);
#1004 = LINE('',#1005,#1006);
#1005 = CARTESIAN_POINT('',(-104.,30.421284179688,24.));
#1006 = VECTOR('',#1007,1.);
#1007 = DIRECTION('',(1.,0.,0.));
#1008 = PCURVE('',#388,#1009);
#1009 = DEFINITIONAL_REPRESENTATION('',(#1010),#1014);
#1010 = LINE('',#1011,#1012);
#1011 = CARTESIAN_POINT('',(3.826238863307,-104.));
#1012 = VECTOR('',#1013,1.);
#1013 = DIRECTION('',(0.,1.));
#1014 = ( GEOMETRIC_REPRESENTATION_CONTEXT(2) 
PARAMETRIC_REPRESENTATION_CONTEXT() REPRESENTATION_CONTEXT('2D SPACE',''
  ) );
#1015 = PCURVE('',#1016,#1021);
#1016 = PLANE('',#1017);
#1017 = AXIS2_PLACEMENT_3D('',#1018,#1019,#1020);
#1018 = CARTESIAN_POINT('',(0.,30.421284179688,24.));
#1019 = DIRECTION('',(-0.,0.664450537816,0.747332243916));
#1020 = DIRECTION('',(0.,-0.747332243916,0.664450537816));
#1021 = DEFINITIONAL_REPRESENTATION('',(#1022),#1026);
#1022 = LINE('',#1023,#1024);
#1023 = CARTESIAN_POINT('',(0.,-104.));
#1024 = VECTOR('',#1025,1.);
#1025 = DIRECTION('',(0.,1.));
#1026 = ( GEOMETRIC_REPRESENTATION_CONTEXT(2) 
PARAMETRIC_REPRESENTATION_CONTEXT() REPRESENTATION_CONTEXT('2D SPACE',''
  ) );
#1027 = ORIENTED_EDGE('',*,*,#1028,.T.);
#1028 = EDGE_CURVE('',#1001,#369,#1029,.T.);
#1029 = SURFACE_CURVE('',#1030,(#1036,#1045),.PCURVE_S1.);
#1030 = B_SPLINE_CURVE_WITH_KNOTS('',4,(#1031,#1032,#1033,#1034,#1035),
  .UNSPECIFIED.,.F.,.F.,(5,5),(0.,1.),.PIECEWISE_BEZIER_KNOTS.);
#1031 = CARTESIAN_POINT('',(4.502672385379,30.421284179688,24.));
#1032 = CARTESIAN_POINT('',(4.570826493623,30.977628447127,
    23.459315510946));
#1033 = CARTESIAN_POINT('',(4.6413953018,31.533821166062,22.918778304664
    ));
#1034 = CARTESIAN_POINT('',(4.714522959127,32.089845103478,
    22.378405129099));
#1035 = CARTESIAN_POINT('',(4.790330866366,32.645681664246,
    21.838214055972));
#1036 = PCURVE('',#388,#1037);
#1037 = DEFINITIONAL_REPRESENTATION('',(#1038),#1044);
#1038 = B_SPLINE_CURVE_WITH_KNOTS('',4,(#1039,#1040,#1041,#1042,#1043),
  .UNSPECIFIED.,.F.,.F.,(5,5),(0.,1.),.PIECEWISE_BEZIER_KNOTS.);
#1039 = CARTESIAN_POINT('',(3.826238863307,4.502672385379));
#1040 = CARTESIAN_POINT('',(3.050443361505,4.570826493623));
#1041 = CARTESIAN_POINT('',(2.274859186852,4.6413953018));
#1042 = CARTESIAN_POINT('',(1.499510369964,4.714522959127));
#1043 = CARTESIAN_POINT('',(0.724422840861,4.790330866366));
#1044 = ( GEOMETRIC_REPRESENTATION_CONTEXT(2) 
PARAMETRIC_REPRESENTATION_CONTEXT() REPRESENTATION_CONTEXT('2D SPACE',''
  ) );
#1045 = PCURVE('',#424,#1046);
#1046 = DEFINITIONAL_REPRESENTATION('',(#1047),#1053);
#1047 = B_SPLINE_CURVE_WITH_KNOTS('',4,(#1048,#1049,#1050,#1051,#1052),
  .UNSPECIFIED.,.F.,.F.,(5,5),(0.,1.),.PIECEWISE_BEZIER_KNOTS.);
#1048 = CARTESIAN_POINT('',(1.049524599076,0.181886103584));
#1049 = CARTESIAN_POINT('',(1.037064151637,0.185292233318));
#1050 = CARTESIAN_POINT('',(1.024654708794,0.188704071367));
#1051 = CARTESIAN_POINT('',(1.012299184777,0.192121767264));
#1052 = CARTESIAN_POINT('',(1.,0.195545423433));
#1053 = ( GEOMETRIC_REPRESENTATION_CONTEXT(2) 
PARAMETRIC_REPRESENTATION_CONTEXT() REPRESENTATION_CONTEXT('2D SPACE',''
  ) );
#1054 = ORIENTED_EDGE('',*,*,#368,.T.);
#1055 = ADVANCED_FACE('',(#1056),#972,.F.);
#1056 = FACE_BOUND('',#1057,.F.);
#1057 = EDGE_LOOP('',(#1058,#1087,#1135,#1162,#1196,#1230,#1264,#1298,
    #1332,#1366,#1400,#1434,#1468,#1511,#1563,#1600,#1634,#1661,#1662));
#1058 = ORIENTED_EDGE('',*,*,#1059,.F.);
#1059 = EDGE_CURVE('',#1060,#1062,#1064,.T.);
#1060 = VERTEX_POINT('',#1061);
#1061 = CARTESIAN_POINT('',(-64.,160.,72.));
#1062 = VERTEX_POINT('',#1063);
#1063 = CARTESIAN_POINT('',(-60.,160.,21.838214055972));
#1064 = SURFACE_CURVE('',#1065,(#1069,#1075),.PCURVE_S1.);
#1065 = LINE('',#1066,#1067);
#1066 = CARTESIAN_POINT('',(-64.,160.,72.));
#1067 = VECTOR('',#1068,1.);
#1068 = DIRECTION('',(7.948964915456E-02,0.,-0.996835691414));
#1069 = PCURVE('',#972,#1070);
#1070 = DEFINITIONAL_REPRESENTATION('',(#1071),#1074);
#1071 = B_SPLINE_CURVE_WITH_KNOTS('',1,(#1072,#1073),.UNSPECIFIED.,.F.,
  .F.,(2,2),(0.,50.321017170706),.PIECEWISE_BEZIER_KNOTS.);
#1072 = CARTESIAN_POINT('',(3.,1.));
#1073 = CARTESIAN_POINT('',(4.,1.));
#1074 = ( GEOMETRIC_REPRESENTATION_CONTEXT(2) 
PARAMETRIC_REPRESENTATION_CONTEXT() REPRESENTATION_CONTEXT('2D SPACE',''
  ) );
#1075 = PCURVE('',#1076,#1081);
#1076 = PLANE('',#1077);
#1077 = AXIS2_PLACEMENT_3D('',#1078,#1079,#1080);
#1078 = CARTESIAN_POINT('',(-64.,160.,72.));
#1079 = DIRECTION('',(-0.996835691414,0.,-7.948964915456E-02));
#1080 = DIRECTION('',(7.948964915456E-02,0.,-0.996835691414));
#1081 = DEFINITIONAL_REPRESENTATION('',(#1082),#1086);
#1082 = LINE('',#1083,#1084);
#1083 = CARTESIAN_POINT('',(0.,0.));
#1084 = VECTOR('',#1085,1.);
#1085 = DIRECTION('',(1.,0.));
#1086 = ( GEOMETRIC_REPRESENTATION_CONTEXT(2) 
PARAMETRIC_REPRESENTATION_CONTEXT() REPRESENTATION_CONTEXT('2D SPACE',''
  ) );
#1087 = ORIENTED_EDGE('',*,*,#1088,.F.);
#1088 = EDGE_CURVE('',#1089,#1060,#1091,.T.);
#1089 = VERTEX_POINT('',#1090);
#1090 = CARTESIAN_POINT('',(-1.28,0.,64.));
#1091 = SURFACE_CURVE('',#1092,(#1102,#1109),.PCURVE_S1.);
#1092 = ( BOUNDED_CURVE() B_SPLINE_CURVE(8,(#1093,#1094,#1095,#1096,
    #1097,#1098,#1099,#1100,#1101),.UNSPECIFIED.,.F.,.F.) 
B_SPLINE_CURVE_WITH_KNOTS((9,9),(0.,1.),.PIECEWISE_BEZIER_KNOTS.) CURVE(
) GEOMETRIC_REPRESENTATION_ITEM() RATIONAL_B_SPLINE_CURVE((1.,
    1.000000000001,0.999999999991,1.000000000036,0.99999999991,
    1.000000000152,0.999999999834,1.000000000099,1.)) 
REPRESENTATION_ITEM('') );
#1093 = CARTESIAN_POINT('',(-1.28,0.,64.));
#1094 = CARTESIAN_POINT('',(-6.684894119176,21.107094936691,
    64.017300047756));
#1095 = CARTESIAN_POINT('',(-10.42282983924,42.068504972852,
    63.817923413832));
#1096 = CARTESIAN_POINT('',(-25.73445002382,64.208683031477,
    72.792600892712));
#1097 = CARTESIAN_POINT('',(-50.0480338613,75.071549638104,
    75.466714715707));
#1098 = CARTESIAN_POINT('',(-43.10594859516,100.9723141129,
    72.35917643872));
#1099 = CARTESIAN_POINT('',(-92.92683974539,109.91884514651,
    67.573416122097));
#1100 = CARTESIAN_POINT('',(-53.2397147925,143.11426439523,
    75.683575482974));
#1101 = CARTESIAN_POINT('',(-64.,160.,72.));
#1102 = PCURVE('',#972,#1103);
#1103 = DEFINITIONAL_REPRESENTATION('',(#1104),#1108);
#1104 = LINE('',#1105,#1106);
#1105 = CARTESIAN_POINT('',(3.,9.375712153797E-17));
#1106 = VECTOR('',#1107,1.);
#1107 = DIRECTION('',(-8.881784197001E-16,1.));
#1108 = ( GEOMETRIC_REPRESENTATION_CONTEXT(2) 
PARAMETRIC_REPRESENTATION_CONTEXT() REPRESENTATION_CONTEXT('2D SPACE',''
  ) );
#1109 = PCURVE('',#1110,#1129);
#1110 = ( BOUNDED_SURFACE() B_SPLINE_SURFACE(1,8,(
    (#1111,#1112,#1113,#1114,#1115,#1116,#1117,#1118,#1119)
    ,(#1120,#1121,#1122,#1123,#1124,#1125,#1126,#1127,#1128
)),.UNSPECIFIED.,.F.,.F.,.F.) B_SPLINE_SURFACE_WITH_KNOTS((2,2),(9,9),(
    2.,3.),(0.,1.),.PIECEWISE_BEZIER_KNOTS.) 
GEOMETRIC_REPRESENTATION_ITEM() RATIONAL_B_SPLINE_SURFACE((
    (1.,1.000000000001,0.999999999991,1.000000000036,0.99999999991
      ,1.000000000152,0.999999999834,1.000000000099,1.)
    ,(1.,1.000000000001,0.999999999991,1.000000000036,0.99999999991
      ,1.000000000152,0.999999999834,1.000000000099,1.
))) REPRESENTATION_ITEM('') SURFACE() );
#1111 = CARTESIAN_POINT('',(1.28,0.,64.));
#1112 = CARTESIAN_POINT('',(6.684894119176,21.107094936691,
    64.017300047756));
#1113 = CARTESIAN_POINT('',(10.42282983924,42.068504972852,
    63.817923413832));
#1114 = CARTESIAN_POINT('',(25.734450023821,64.208683031478,
    72.792600892712));
#1115 = CARTESIAN_POINT('',(50.048033861308,75.071549638102,
    75.466714715709));
#1116 = CARTESIAN_POINT('',(43.105948595169,100.97231411291,
    72.359176438714));
#1117 = CARTESIAN_POINT('',(92.926839745363,109.91884514644,
    67.573416122149));
#1118 = CARTESIAN_POINT('',(53.239714792522,143.11426439543,
    75.683575482681));
#1119 = CARTESIAN_POINT('',(64.,160.,72.));
#1120 = CARTESIAN_POINT('',(-1.28,0.,64.));
#1121 = CARTESIAN_POINT('',(-6.684894119176,21.107094936691,
    64.017300047756));
#1122 = CARTESIAN_POINT('',(-10.42282983924,42.068504972852,
    63.817923413832));
#1123 = CARTESIAN_POINT('',(-25.73445002382,64.208683031478,
    72.792600892712));
#1124 = CARTESIAN_POINT('',(-50.0480338613,75.071549638102,
    75.466714715709));
#1125 = CARTESIAN_POINT('',(-43.10594859516,100.97231411291,
    72.359176438714));
#1126 = CARTESIAN_POINT('',(-92.92683974536,109.91884514644,
    67.573416122149));
#1127 = CARTESIAN_POINT('',(-53.23971479252,143.11426439543,
    75.683575482681));
#1128 = CARTESIAN_POINT('',(-64.,160.,72.));
#1129 = DEFINITIONAL_REPRESENTATION('',(#1130),#1134);
#1130 = LINE('',#1131,#1132);
#1131 = CARTESIAN_POINT('',(3.,6.206136841963E-17));
#1132 = VECTOR('',#1133,1.);
#1133 = DIRECTION('',(-7.105427357601E-15,1.));
#1134 = ( GEOMETRIC_REPRESENTATION_CONTEXT(2) 
PARAMETRIC_REPRESENTATION_CONTEXT() REPRESENTATION_CONTEXT('2D SPACE',''
  ) );
#1135 = ORIENTED_EDGE('',*,*,#1136,.F.);
#1136 = EDGE_CURVE('',#1137,#1089,#1139,.T.);
#1137 = VERTEX_POINT('',#1138);
#1138 = CARTESIAN_POINT('',(-1.276451044182,0.,62.12962105597));
#1139 = SURFACE_CURVE('',#1140,(#1144,#1150),.PCURVE_S1.);
#1140 = LINE('',#1141,#1142);
#1141 = CARTESIAN_POINT('',(-1.276451044182,0.,62.12962105597));
#1142 = VECTOR('',#1143,1.);
#1143 = DIRECTION('',(-1.897449412923E-03,0.,0.999998199841));
#1144 = PCURVE('',#972,#1145);
#1145 = DEFINITIONAL_REPRESENTATION('',(#1146),#1149);
#1146 = B_SPLINE_CURVE_WITH_KNOTS('',1,(#1147,#1148),.UNSPECIFIED.,.F.,
  .F.,(2,2),(0.,1.870382311015),.PIECEWISE_BEZIER_KNOTS.);
#1147 = CARTESIAN_POINT('',(3.044361947725,7.415678112891E-17));
#1148 = CARTESIAN_POINT('',(3.,9.375712153797E-17));
#1149 = ( GEOMETRIC_REPRESENTATION_CONTEXT(2) 
PARAMETRIC_REPRESENTATION_CONTEXT() REPRESENTATION_CONTEXT('2D SPACE',''
  ) );
#1150 = PCURVE('',#1151,#1156);
#1151 = PLANE('',#1152);
#1152 = AXIS2_PLACEMENT_3D('',#1153,#1154,#1155);
#1153 = CARTESIAN_POINT('',(0.,0.,0.));
#1154 = DIRECTION('',(0.,-1.,0.));
#1155 = DIRECTION('',(1.99960011996E-02,0.,0.99980005998));
#1156 = DEFINITIONAL_REPRESENTATION('',(#1157),#1161);
#1157 = LINE('',#1158,#1159);
#1158 = CARTESIAN_POINT('',(62.091674941684,2.518539807701));
#1159 = VECTOR('',#1160,1.);
#1160 = DIRECTION('',(0.99976031878,2.189303524047E-02));
#1161 = ( GEOMETRIC_REPRESENTATION_CONTEXT(2) 
PARAMETRIC_REPRESENTATION_CONTEXT() REPRESENTATION_CONTEXT('2D SPACE',''
  ) );
#1162 = ORIENTED_EDGE('',*,*,#1163,.T.);
#1163 = EDGE_CURVE('',#1137,#1164,#1166,.T.);
#1164 = VERTEX_POINT('',#1165);
#1165 = CARTESIAN_POINT('',(-1.276982690626,8.514720775475E-03,
    61.333333333333));
#1166 = SURFACE_CURVE('',#1167,(#1173,#1182),.PCURVE_S1.);
#1167 = B_SPLINE_CURVE_WITH_KNOTS('',4,(#1168,#1169,#1170,#1171,#1172),
  .UNSPECIFIED.,.F.,.F.,(5,5),(0.,1.),.PIECEWISE_BEZIER_KNOTS.);
#1168 = CARTESIAN_POINT('',(-1.276451044182,-1.411371020055E-14,
    62.129621055972));
#1169 = CARTESIAN_POINT('',(-1.276594261003,2.128680118221E-03,
    61.930549132386));
#1170 = CARTESIAN_POINT('',(-1.276730607324,4.257360289404E-03,
    61.731477203848));
#1171 = CARTESIAN_POINT('',(-1.276860083685,6.386040509778E-03,
    61.53240527071));
#1172 = CARTESIAN_POINT('',(-1.276982690626,8.514720775475E-03,
    61.333333333333));
#1173 = PCURVE('',#972,#1174);
#1174 = DEFINITIONAL_REPRESENTATION('',(#1175),#1181);
#1175 = B_SPLINE_CURVE_WITH_KNOTS('',4,(#1176,#1177,#1178,#1179,#1180),
  .UNSPECIFIED.,.F.,.F.,(5,5),(0.,1.),.PIECEWISE_BEZIER_KNOTS.);
#1176 = CARTESIAN_POINT('',(3.044361947725,0.));
#1177 = CARTESIAN_POINT('',(3.049083607077,1.260642526019E-05));
#1178 = CARTESIAN_POINT('',(3.053805265969,2.521286105021E-05));
#1179 = CARTESIAN_POINT('',(3.058526924389,3.781930741569E-05));
#1180 = CARTESIAN_POINT('',(3.063248582337,5.042576422049E-05));
#1181 = ( GEOMETRIC_REPRESENTATION_CONTEXT(2) 
PARAMETRIC_REPRESENTATION_CONTEXT() REPRESENTATION_CONTEXT('2D SPACE',''
  ) );
#1182 = PCURVE('',#1183,#1188);
#1183 = PLANE('',#1184);
#1184 = AXIS2_PLACEMENT_3D('',#1185,#1186,#1187);
#1185 = CARTESIAN_POINT('',(0.,8.514720775475E-03,61.333333333333));
#1186 = DIRECTION('',(-0.,0.999942834561,1.06924090196E-02));
#1187 = DIRECTION('',(0.,-1.06924090196E-02,0.999942834561));
#1188 = DEFINITIONAL_REPRESENTATION('',(#1189),#1195);
#1189 = B_SPLINE_CURVE_WITH_KNOTS('',4,(#1190,#1191,#1192,#1193,#1194),
  .UNSPECIFIED.,.F.,.F.,(5,5),(0.,1.),.PIECEWISE_BEZIER_KNOTS.);
#1190 = CARTESIAN_POINT('',(0.796333245378,-1.276451044182));
#1191 = CARTESIAN_POINT('',(0.597249941108,-1.276594261003));
#1192 = CARTESIAN_POINT('',(0.398166631885,-1.276730607324));
#1193 = CARTESIAN_POINT('',(0.199083318062,-1.276860083685));
#1194 = CARTESIAN_POINT('',(0.,-1.276982690626));
#1195 = ( GEOMETRIC_REPRESENTATION_CONTEXT(2) 
PARAMETRIC_REPRESENTATION_CONTEXT() REPRESENTATION_CONTEXT('2D SPACE',''
  ) );
#1196 = ORIENTED_EDGE('',*,*,#1197,.T.);
#1197 = EDGE_CURVE('',#1164,#1198,#1200,.T.);
#1198 = VERTEX_POINT('',#1199);
#1199 = CARTESIAN_POINT('',(-1.313161707986,0.193686342593,
    58.666666666667));
#1200 = SURFACE_CURVE('',#1201,(#1207,#1216),.PCURVE_S1.);
#1201 = B_SPLINE_CURVE_WITH_KNOTS('',4,(#1202,#1203,#1204,#1205,#1206),
  .UNSPECIFIED.,.F.,.F.,(5,5),(0.,1.),.PIECEWISE_BEZIER_KNOTS.);
#1202 = CARTESIAN_POINT('',(-1.276982690626,8.514720775475E-03,
    61.333333333333));
#1203 = CARTESIAN_POINT('',(-1.286787589045,5.480689381935E-02,
    60.666677214149));
#1204 = CARTESIAN_POINT('',(-1.296085042116,0.101099582439,
    60.000013670126));
#1205 = CARTESIAN_POINT('',(-1.304876072958,0.14739274556,
    59.333343292793));
#1206 = CARTESIAN_POINT('',(-1.313161707986,0.193686342593,
    58.666666666667));
#1207 = PCURVE('',#972,#1208);
#1208 = DEFINITIONAL_REPRESENTATION('',(#1209),#1215);
#1209 = B_SPLINE_CURVE_WITH_KNOTS('',4,(#1210,#1211,#1212,#1213,#1214),
  .UNSPECIFIED.,.F.,.F.,(5,5),(0.,1.),.PIECEWISE_BEZIER_KNOTS.);
#1210 = CARTESIAN_POINT('',(3.06324858233,5.042576480532E-05));
#1211 = CARTESIAN_POINT('',(3.079061275765,3.245769791903E-04));
#1212 = CARTESIAN_POINT('',(3.094874080916,5.98736072885E-04));
#1213 = CARTESIAN_POINT('',(3.110686990197,8.729026666546E-04));
#1214 = CARTESIAN_POINT('',(3.126499995301,1.147076376244E-03));
#1215 = ( GEOMETRIC_REPRESENTATION_CONTEXT(2) 
PARAMETRIC_REPRESENTATION_CONTEXT() REPRESENTATION_CONTEXT('2D SPACE',''
  ) );
#1216 = PCURVE('',#1217,#1222);
#1217 = PLANE('',#1218);
#1218 = AXIS2_PLACEMENT_3D('',#1219,#1220,#1221);
#1219 = CARTESIAN_POINT('',(0.,0.193686342593,58.666666666667));
#1220 = DIRECTION('',(-0.,0.997597771628,6.927254898505E-02));
#1221 = DIRECTION('',(0.,-6.927254898505E-02,0.997597771628));
#1222 = DEFINITIONAL_REPRESENTATION('',(#1223),#1229);
#1223 = B_SPLINE_CURVE_WITH_KNOTS('',4,(#1224,#1225,#1226,#1227,#1228),
  .UNSPECIFIED.,.F.,.F.,(5,5),(0.,1.),.PIECEWISE_BEZIER_KNOTS.);
#1224 = CARTESIAN_POINT('',(2.673088034584,-1.276982690626));
#1225 = CARTESIAN_POINT('',(2.004826598819,-1.286787589045));
#1226 = CARTESIAN_POINT('',(1.336557720336,-1.296085042116));
#1227 = CARTESIAN_POINT('',(0.668281992088,-1.304876072958));
#1228 = CARTESIAN_POINT('',(0.,-1.313161707986));
#1229 = ( GEOMETRIC_REPRESENTATION_CONTEXT(2) 
PARAMETRIC_REPRESENTATION_CONTEXT() REPRESENTATION_CONTEXT('2D SPACE',''
  ) );
#1230 = ORIENTED_EDGE('',*,*,#1231,.T.);
#1231 = EDGE_CURVE('',#1198,#1232,#1234,.T.);
#1232 = VERTEX_POINT('',#1233);
#1233 = CARTESIAN_POINT('',(-1.400082823939,0.654194335937,56.));
#1234 = SURFACE_CURVE('',#1235,(#1241,#1250),.PCURVE_S1.);
#1235 = B_SPLINE_CURVE_WITH_KNOTS('',4,(#1236,#1237,#1238,#1239,#1240),
  .UNSPECIFIED.,.F.,.F.,(5,5),(0.,1.),.PIECEWISE_BEZIER_KNOTS.);
#1236 = CARTESIAN_POINT('',(-1.313161707986,0.193686342593,
    58.666666666667));
#1237 = CARTESIAN_POINT('',(-1.336808703339,0.308802560274,
    58.000062427611));
#1238 = CARTESIAN_POINT('',(-1.359172429355,0.423926408193,
    57.333414004086));
#1239 = CARTESIAN_POINT('',(-1.380261067338,0.539057215666,
    56.666725279826));
#1240 = CARTESIAN_POINT('',(-1.400082823939,0.654194335937,56.));
#1241 = PCURVE('',#972,#1242);
#1242 = DEFINITIONAL_REPRESENTATION('',(#1243),#1249);
#1243 = B_SPLINE_CURVE_WITH_KNOTS('',4,(#1244,#1245,#1246,#1247,#1248),
  .UNSPECIFIED.,.F.,.F.,(5,5),(0.,1.),.PIECEWISE_BEZIER_KNOTS.);
#1244 = CARTESIAN_POINT('',(3.126499995241,1.147076385411E-03));
#1245 = CARTESIAN_POINT('',(3.142312352103,1.828851889119E-03));
#1246 = CARTESIAN_POINT('',(3.15812556135,2.510700681755E-03));
#1247 = CARTESIAN_POINT('',(3.173939596548,3.192616789223E-03));
#1248 = CARTESIAN_POINT('',(3.189754418177,3.874594525193E-03));
#1249 = ( GEOMETRIC_REPRESENTATION_CONTEXT(2) 
PARAMETRIC_REPRESENTATION_CONTEXT() REPRESENTATION_CONTEXT('2D SPACE',''
  ) );
#1250 = PCURVE('',#1251,#1256);
#1251 = PLANE('',#1252);
#1252 = AXIS2_PLACEMENT_3D('',#1253,#1254,#1255);
#1253 = CARTESIAN_POINT('',(0.,0.654194335937,56.));
#1254 = DIRECTION('',(-0.,0.98541442551,0.170171707389));
#1255 = DIRECTION('',(0.,-0.170171707389,0.98541442551));
#1256 = DEFINITIONAL_REPRESENTATION('',(#1257),#1263);
#1257 = B_SPLINE_CURVE_WITH_KNOTS('',4,(#1258,#1259,#1260,#1261,#1262),
  .UNSPECIFIED.,.F.,.F.,(5,5),(0.,1.),.PIECEWISE_BEZIER_KNOTS.);
#1258 = CARTESIAN_POINT('',(2.706137232855,-1.313161707986));
#1259 = CARTESIAN_POINT('',(2.029666276273,-1.336808703339));
#1260 = CARTESIAN_POINT('',(1.353150481225,-1.359172429355));
#1261 = CARTESIAN_POINT('',(0.676593788934,-1.380261067338));
#1262 = CARTESIAN_POINT('',(0.,-1.400082823939));
#1263 = ( GEOMETRIC_REPRESENTATION_CONTEXT(2) 
PARAMETRIC_REPRESENTATION_CONTEXT() REPRESENTATION_CONTEXT('2D SPACE',''
  ) );
#1264 = ORIENTED_EDGE('',*,*,#1265,.T.);
#1265 = EDGE_CURVE('',#1232,#1266,#1268,.T.);
#1266 = VERTEX_POINT('',#1267);
#1267 = CARTESIAN_POINT('',(-1.539072856814,1.470740740741,
    53.333333333333));
#1268 = SURFACE_CURVE('',#1269,(#1275,#1284),.PCURVE_S1.);
#1269 = B_SPLINE_CURVE_WITH_KNOTS('',4,(#1270,#1271,#1272,#1273,#1274),
  .UNSPECIFIED.,.F.,.F.,(5,5),(0.,1.),.PIECEWISE_BEZIER_KNOTS.);
#1270 = CARTESIAN_POINT('',(-1.400082823939,0.654194335937,56.));
#1271 = CARTESIAN_POINT('',(-1.438231621732,0.858279701814,
    55.333500656991));
#1272 = CARTESIAN_POINT('',(-1.474090758943,1.062401738881,
    54.666881553684));
#1273 = CARTESIAN_POINT('',(-1.507693452747,1.266556603226,
    54.00015524348));
#1274 = CARTESIAN_POINT('',(-1.539072856814,1.470740740741,
    53.333333333333));
#1275 = PCURVE('',#972,#1276);
#1276 = DEFINITIONAL_REPRESENTATION('',(#1277),#1283);
#1277 = B_SPLINE_CURVE_WITH_KNOTS('',4,(#1278,#1279,#1280,#1281,#1282),
  .UNSPECIFIED.,.F.,.F.,(5,5),(0.,1.),.PIECEWISE_BEZIER_KNOTS.);
#1278 = CARTESIAN_POINT('',(3.189754418144,3.874594545605E-03));
#1279 = CARTESIAN_POINT('',(3.205565042019,5.08342863349E-03));
#1280 = CARTESIAN_POINT('',(3.22137836036,6.292556085721E-03));
#1281 = CARTESIAN_POINT('',(3.237194346539,7.501944415072E-03));
#1282 = CARTESIAN_POINT('',(3.253012898573,8.711565320473E-03));
#1283 = ( GEOMETRIC_REPRESENTATION_CONTEXT(2) 
PARAMETRIC_REPRESENTATION_CONTEXT() REPRESENTATION_CONTEXT('2D SPACE',''
  ) );
#1284 = PCURVE('',#1285,#1290);
#1285 = PLANE('',#1286);
#1286 = AXIS2_PLACEMENT_3D('',#1287,#1288,#1289);
#1287 = CARTESIAN_POINT('',(0.,1.470740740741,53.333333333333));
#1288 = DIRECTION('',(-0.,0.956177886119,0.292786355723));
#1289 = DIRECTION('',(0.,-0.292786355723,0.956177886119));
#1290 = DEFINITIONAL_REPRESENTATION('',(#1291),#1297);
#1291 = B_SPLINE_CURVE_WITH_KNOTS('',4,(#1292,#1293,#1294,#1295,#1296),
  .UNSPECIFIED.,.F.,.F.,(5,5),(0.,1.),.PIECEWISE_BEZIER_KNOTS.);
#1292 = CARTESIAN_POINT('',(2.788881342458,-1.400082823939));
#1293 = CARTESIAN_POINT('',(2.091835999028,-1.438231621732));
#1294 = CARTESIAN_POINT('',(1.394665406627,-1.474090758943));
#1295 = CARTESIAN_POINT('',(0.697382693981,-1.507693452747));
#1296 = CARTESIAN_POINT('',(0.,-1.539072856814));
#1297 = ( GEOMETRIC_REPRESENTATION_CONTEXT(2) 
PARAMETRIC_REPRESENTATION_CONTEXT() REPRESENTATION_CONTEXT('2D SPACE',''
  ) );
#1298 = ORIENTED_EDGE('',*,*,#1299,.T.);
#1299 = EDGE_CURVE('',#1266,#1300,#1302,.T.);
#1300 = VERTEX_POINT('',#1301);
#1301 = CARTESIAN_POINT('',(-1.720706689961,2.689847909433,
    50.666666666667));
#1302 = SURFACE_CURVE('',#1303,(#1309,#1318),.PCURVE_S1.);
#1303 = B_SPLINE_CURVE_WITH_KNOTS('',4,(#1304,#1305,#1306,#1307,#1308),
  .UNSPECIFIED.,.F.,.F.,(5,5),(0.,1.),.PIECEWISE_BEZIER_KNOTS.);
#1304 = CARTESIAN_POINT('',(-1.539072856814,1.470740740741,
    53.333333333333));
#1305 = CARTESIAN_POINT('',(-1.589418979167,1.775385766108,
    52.666954892474));
#1306 = CARTESIAN_POINT('',(-1.636411863228,2.080126533799,
    52.000367025513));
#1307 = CARTESIAN_POINT('',(-1.680144001227,2.384950799462,
    51.333596515659));
#1308 = CARTESIAN_POINT('',(-1.720706689961,2.689847909433,
    50.666666666667));
#1309 = PCURVE('',#972,#1310);
#1310 = DEFINITIONAL_REPRESENTATION('',(#1311),#1317);
#1311 = B_SPLINE_CURVE_WITH_KNOTS('',4,(#1312,#1313,#1314,#1315,#1316),
  .UNSPECIFIED.,.F.,.F.,(5,5),(0.,1.),.PIECEWISE_BEZIER_KNOTS.);
#1312 = CARTESIAN_POINT('',(3.25301289881,8.71156535868E-03));
#1313 = CARTESIAN_POINT('',(3.268822492167,1.051633332888E-02));
#1314 = CARTESIAN_POINT('',(3.284637848385,1.232180010534E-02));
#1315 = CARTESIAN_POINT('',(3.300458977992,1.412787011767E-02));
#1316 = CARTESIAN_POINT('',(3.316285641917,1.593446901298E-02));
#1317 = ( GEOMETRIC_REPRESENTATION_CONTEXT(2) 
PARAMETRIC_REPRESENTATION_CONTEXT() REPRESENTATION_CONTEXT('2D SPACE',''
  ) );
#1318 = PCURVE('',#1319,#1324);
#1319 = PLANE('',#1320);
#1320 = AXIS2_PLACEMENT_3D('',#1321,#1322,#1323);
#1321 = CARTESIAN_POINT('',(0.,2.689847909433,50.666666666667));
#1322 = DIRECTION('',(-0.,0.909466795978,0.415776558999));
#1323 = DIRECTION('',(0.,-0.415776558999,0.909466795978));
#1324 = DEFINITIONAL_REPRESENTATION('',(#1325),#1331);
#1325 = B_SPLINE_CURVE_WITH_KNOTS('',4,(#1326,#1327,#1328,#1329,#1330),
  .UNSPECIFIED.,.F.,.F.,(5,5),(0.,1.),.PIECEWISE_BEZIER_KNOTS.);
#1326 = CARTESIAN_POINT('',(2.932120972925,-1.539072856814));
#1327 = CARTESIAN_POINT('',(2.199407647044,-1.589418979167));
#1328 = CARTESIAN_POINT('',(1.466464047664,-1.636411863228));
#1329 = CARTESIAN_POINT('',(0.733319624138,-1.680144001227));
#1330 = CARTESIAN_POINT('',(0.,-1.720706689961));
#1331 = ( GEOMETRIC_REPRESENTATION_CONTEXT(2) 
PARAMETRIC_REPRESENTATION_CONTEXT() REPRESENTATION_CONTEXT('2D SPACE',''
  ) );
#1332 = ORIENTED_EDGE('',*,*,#1333,.T.);
#1333 = EDGE_CURVE('',#1300,#1334,#1336,.T.);
#1334 = VERTEX_POINT('',#1335);
#1335 = CARTESIAN_POINT('',(-1.930273259176,4.32765625,48.));
#1336 = SURFACE_CURVE('',#1337,(#1343,#1352),.PCURVE_S1.);
#1337 = B_SPLINE_CURVE_WITH_KNOTS('',4,(#1338,#1339,#1340,#1341,#1342),
  .UNSPECIFIED.,.F.,.F.,(5,5),(0.,1.),.PIECEWISE_BEZIER_KNOTS.);
#1338 = CARTESIAN_POINT('',(-1.720706689961,2.689847909433,
    50.666666666667));
#1339 = CARTESIAN_POINT('',(-1.779256614116,3.099075695275,
    50.000365202357));
#1340 = CARTESIAN_POINT('',(-1.833569338917,3.508469402413,
    49.333793586297));
#1341 = CARTESIAN_POINT('',(-1.883843875713,3.918003184841,
    48.666993900751));
#1342 = CARTESIAN_POINT('',(-1.930273259176,4.32765625,48.));
#1343 = PCURVE('',#972,#1344);
#1344 = DEFINITIONAL_REPRESENTATION('',(#1345),#1351);
#1345 = B_SPLINE_CURVE_WITH_KNOTS('',4,(#1346,#1347,#1348,#1349,#1350),
  .UNSPECIFIED.,.F.,.F.,(5,5),(0.,1.),.PIECEWISE_BEZIER_KNOTS.);
#1346 = CARTESIAN_POINT('',(3.316285641664,1.593446899739E-02));
#1347 = CARTESIAN_POINT('',(3.332100591981,1.835925572595E-02));
#1348 = CARTESIAN_POINT('',(3.347925380854,2.078520080034E-02));
#1349 = CARTESIAN_POINT('',(3.363759987397,2.321212554612E-02));
#1350 = CARTESIAN_POINT('',(3.379603825308,2.563991642557E-02));
#1351 = ( GEOMETRIC_REPRESENTATION_CONTEXT(2) 
PARAMETRIC_REPRESENTATION_CONTEXT() REPRESENTATION_CONTEXT('2D SPACE',''
  ) );
#1352 = PCURVE('',#1353,#1358);
#1353 = PLANE('',#1354);
#1354 = AXIS2_PLACEMENT_3D('',#1355,#1356,#1357);
#1355 = CARTESIAN_POINT('',(0.,4.32765625,48.));
#1356 = DIRECTION('',(-0.,0.85211687062,0.52335154419));
#1357 = DIRECTION('',(0.,-0.52335154419,0.85211687062));
#1358 = DEFINITIONAL_REPRESENTATION('',(#1359),#1365);
#1359 = B_SPLINE_CURVE_WITH_KNOTS('',4,(#1360,#1361,#1362,#1363,#1364),
  .UNSPECIFIED.,.F.,.F.,(5,5),(0.,1.),.PIECEWISE_BEZIER_KNOTS.);
#1360 = CARTESIAN_POINT('',(3.129461179108,-1.720706689961));
#1361 = CARTESIAN_POINT('',(2.347524466805,-1.779256614116));
#1362 = CARTESIAN_POINT('',(1.565270718472,-1.833569338917));
#1363 = CARTESIAN_POINT('',(0.782749319664,-1.883843875713));
#1364 = CARTESIAN_POINT('',(0.,-1.930273259176));
#1365 = ( GEOMETRIC_REPRESENTATION_CONTEXT(2) 
PARAMETRIC_REPRESENTATION_CONTEXT() REPRESENTATION_CONTEXT('2D SPACE',''
  ) );
#1366 = ORIENTED_EDGE('',*,*,#1367,.T.);
#1367 = EDGE_CURVE('',#1334,#1368,#1370,.T.);
#1368 = VERTEX_POINT('',#1369);
#1369 = CARTESIAN_POINT('',(-2.153591172464,6.373721969039,
    45.333333333333));
#1370 = SURFACE_CURVE('',#1371,(#1377,#1386),.PCURVE_S1.);
#1371 = B_SPLINE_CURVE_WITH_KNOTS('',4,(#1372,#1373,#1374,#1375,#1376),
  .UNSPECIFIED.,.F.,.F.,(5,5),(0.,1.),.PIECEWISE_BEZIER_KNOTS.);
#1372 = CARTESIAN_POINT('',(-1.930273259176,4.32765625,48.));
#1373 = CARTESIAN_POINT('',(-1.992777963175,4.838891870891,
    47.333699315542));
#1374 = CARTESIAN_POINT('',(-2.050601603072,5.350339342255,
    46.667122523336));
#1375 = CARTESIAN_POINT('',(-2.104095030689,5.861959071254,
    46.000321225296));
#1376 = CARTESIAN_POINT('',(-2.153591172464,6.373721969039,
    45.333333333333));
#1377 = PCURVE('',#972,#1378);
#1378 = DEFINITIONAL_REPRESENTATION('',(#1379),#1385);
#1379 = B_SPLINE_CURVE_WITH_KNOTS('',4,(#1380,#1381,#1382,#1383,#1384),
  .UNSPECIFIED.,.F.,.F.,(5,5),(0.,1.),.PIECEWISE_BEZIER_KNOTS.);
#1380 = CARTESIAN_POINT('',(3.379603825187,2.563991641857E-02));
#1381 = CARTESIAN_POINT('',(3.395437884106,2.866973184828E-02));
#1382 = CARTESIAN_POINT('',(3.41128627036,3.170105030452E-02));
#1383 = CARTESIAN_POINT('',(3.42714859764,3.473365797528E-02));
#1384 = CARTESIAN_POINT('',(3.443023458574,3.776747357447E-02));
#1385 = ( GEOMETRIC_REPRESENTATION_CONTEXT(2) 
PARAMETRIC_REPRESENTATION_CONTEXT() REPRESENTATION_CONTEXT('2D SPACE',''
  ) );
#1386 = PCURVE('',#1387,#1392);
#1387 = PLANE('',#1388);
#1388 = AXIS2_PLACEMENT_3D('',#1389,#1390,#1391);
#1389 = CARTESIAN_POINT('',(0.,6.373721969039,45.333333333333));
#1390 = DIRECTION('',(-0.,0.793373396254,0.608735290678));
#1391 = DIRECTION('',(0.,-0.608735290678,0.793373396254));
#1392 = DEFINITIONAL_REPRESENTATION('',(#1393),#1399);
#1393 = B_SPLINE_CURVE_WITH_KNOTS('',4,(#1394,#1395,#1396,#1397,#1398),
  .UNSPECIFIED.,.F.,.F.,(5,5),(0.,1.),.PIECEWISE_BEZIER_KNOTS.);
#1394 = CARTESIAN_POINT('',(3.361174800236,-1.930273259176));
#1395 = CARTESIAN_POINT('',(2.521342398993,-1.992777963175));
#1396 = CARTESIAN_POINT('',(1.681161980349,-2.050601603072));
#1397 = CARTESIAN_POINT('',(0.840698585448,-2.104095030689));
#1398 = CARTESIAN_POINT('',(0.,-2.153591172464));
#1399 = ( GEOMETRIC_REPRESENTATION_CONTEXT(2) 
PARAMETRIC_REPRESENTATION_CONTEXT() REPRESENTATION_CONTEXT('2D SPACE',''
  ) );
#1400 = ORIENTED_EDGE('',*,*,#1401,.T.);
#1401 = EDGE_CURVE('',#1368,#1402,#1404,.T.);
#1402 = VERTEX_POINT('',#1403);
#1403 = CARTESIAN_POINT('',(-2.381926884539,8.794814814815,
    42.666666666667));
#1404 = SURFACE_CURVE('',#1405,(#1411,#1420),.PCURVE_S1.);
#1405 = B_SPLINE_CURVE_WITH_KNOTS('',4,(#1406,#1407,#1408,#1409,#1410),
  .UNSPECIFIED.,.F.,.F.,(5,5),(0.,1.),.PIECEWISE_BEZIER_KNOTS.);
#1406 = CARTESIAN_POINT('',(-2.153591172464,6.373721969039,
    45.333333333333));
#1407 = CARTESIAN_POINT('',(-2.216878981658,6.978721131507,
    44.666968512699));
#1408 = CARTESIAN_POINT('',(-2.275687441292,7.583931676581,
    44.000370868714));
#1409 = CARTESIAN_POINT('',(-2.330541200856,8.189306776253,
    43.333591979196));
#1410 = CARTESIAN_POINT('',(-2.381926884539,8.794814814815,
    42.666666666667));
#1411 = PCURVE('',#972,#1412);
#1412 = DEFINITIONAL_REPRESENTATION('',(#1413),#1419);
#1413 = B_SPLINE_CURVE_WITH_KNOTS('',4,(#1414,#1415,#1416,#1417,#1418),
  .UNSPECIFIED.,.F.,.F.,(5,5),(0.,1.),.PIECEWISE_BEZIER_KNOTS.);
#1414 = CARTESIAN_POINT('',(3.443023459036,3.77674735833E-02));
#1415 = CARTESIAN_POINT('',(3.458895065519,4.13540092711E-02));
#1416 = CARTESIAN_POINT('',(3.474784575937,4.494229889175E-02));
#1417 = CARTESIAN_POINT('',(3.490690552894,4.853221980379E-02));
#1418 = CARTESIAN_POINT('',(3.506610060516,5.212384272626E-02));
#1419 = ( GEOMETRIC_REPRESENTATION_CONTEXT(2) 
PARAMETRIC_REPRESENTATION_CONTEXT() REPRESENTATION_CONTEXT('2D SPACE',''
  ) );
#1420 = PCURVE('',#1421,#1426);
#1421 = PLANE('',#1422);
#1422 = AXIS2_PLACEMENT_3D('',#1423,#1424,#1425);
#1423 = CARTESIAN_POINT('',(0.,8.794814814815,42.666666666667));
#1424 = DIRECTION('',(-0.,0.740375165672,0.672193881299));
#1425 = DIRECTION('',(0.,-0.672193881299,0.740375165672));
#1426 = DEFINITIONAL_REPRESENTATION('',(#1427),#1433);
#1427 = B_SPLINE_CURVE_WITH_KNOTS('',4,(#1428,#1429,#1430,#1431,#1432),
  .UNSPECIFIED.,.F.,.F.,(5,5),(0.,1.),.PIECEWISE_BEZIER_KNOTS.);
#1428 = CARTESIAN_POINT('',(3.601777572113,-2.153591172464));
#1429 = CARTESIAN_POINT('',(2.701740872436,-2.216878981658));
#1430 = CARTESIAN_POINT('',(1.801389706037,-2.275687441292));
#1431 = CARTESIAN_POINT('',(0.900793737354,-2.330541200856));
#1432 = CARTESIAN_POINT('',(0.,-2.381926884539));
#1433 = ( GEOMETRIC_REPRESENTATION_CONTEXT(2) 
PARAMETRIC_REPRESENTATION_CONTEXT() REPRESENTATION_CONTEXT('2D SPACE',''
  ) );
#1434 = ORIENTED_EDGE('',*,*,#1435,.T.);
#1435 = EDGE_CURVE('',#1402,#1436,#1438,.T.);
#1436 = VERTEX_POINT('',#1437);
#1437 = CARTESIAN_POINT('',(-2.614624919146,11.538715820313,40.));
#1438 = SURFACE_CURVE('',#1439,(#1445,#1454),.PCURVE_S1.);
#1439 = B_SPLINE_CURVE_WITH_KNOTS('',4,(#1440,#1441,#1442,#1443,#1444),
  .UNSPECIFIED.,.F.,.F.,(5,5),(0.,1.),.PIECEWISE_BEZIER_KNOTS.);
#1440 = CARTESIAN_POINT('',(-2.381926884539,8.794814814815,
    42.666666666667));
#1441 = CARTESIAN_POINT('',(-2.444783387616,9.48058033054,
    42.000203832086));
#1442 = CARTESIAN_POINT('',(-2.504074081513,10.166513515921,
    41.333578047353));
#1443 = CARTESIAN_POINT('',(-2.560481238285,10.8525687125,
    40.666833685752));
#1444 = CARTESIAN_POINT('',(-2.614624919146,11.538715820313,40.));
#1445 = PCURVE('',#972,#1446);
#1446 = DEFINITIONAL_REPRESENTATION('',(#1447),#1453);
#1447 = B_SPLINE_CURVE_WITH_KNOTS('',4,(#1448,#1449,#1450,#1451,#1452),
  .UNSPECIFIED.,.F.,.F.,(5,5),(0.,1.),.PIECEWISE_BEZIER_KNOTS.);
#1448 = CARTESIAN_POINT('',(3.506610061869,5.212384280182E-02));
#1449 = CARTESIAN_POINT('',(3.522534679106,5.619151984138E-02));
#1450 = CARTESIAN_POINT('',(3.538477648377,6.026136130695E-02));
#1451 = CARTESIAN_POINT('',(3.554435603221,6.433347956839E-02));
#1452 = CARTESIAN_POINT('',(3.570403406723,6.840819549942E-02));
#1453 = ( GEOMETRIC_REPRESENTATION_CONTEXT(2) 
PARAMETRIC_REPRESENTATION_CONTEXT() REPRESENTATION_CONTEXT('2D SPACE',''
  ) );
#1454 = PCURVE('',#1455,#1460);
#1455 = PLANE('',#1456);
#1456 = AXIS2_PLACEMENT_3D('',#1457,#1458,#1459);
#1457 = CARTESIAN_POINT('',(0.,11.538715820313,40.));
#1458 = DIRECTION('',(-0.,0.696942026343,0.717127472571));
#1459 = DIRECTION('',(0.,-0.717127472571,0.696942026343));
#1460 = DEFINITIONAL_REPRESENTATION('',(#1461),#1467);
#1461 = B_SPLINE_CURVE_WITH_KNOTS('',4,(#1462,#1463,#1464,#1465,#1466),
  .UNSPECIFIED.,.F.,.F.,(5,5),(0.,1.),.PIECEWISE_BEZIER_KNOTS.);
#1462 = CARTESIAN_POINT('',(3.826238863307,-2.381926884539));
#1463 = CARTESIAN_POINT('',(2.869971613823,-2.444783387616));
#1464 = CARTESIAN_POINT('',(1.913470557014,-2.504074081513));
#1465 = CARTESIAN_POINT('',(0.95679936142,-2.560481238285));
#1466 = CARTESIAN_POINT('',(0.,-2.614624919146));
#1467 = ( GEOMETRIC_REPRESENTATION_CONTEXT(2) 
PARAMETRIC_REPRESENTATION_CONTEXT() REPRESENTATION_CONTEXT('2D SPACE',''
  ) );
#1468 = ORIENTED_EDGE('',*,*,#1469,.T.);
#1469 = EDGE_CURVE('',#1436,#1470,#1472,.T.);
#1470 = VERTEX_POINT('',#1471);
#1471 = CARTESIAN_POINT('',(-2.858634758586,14.538015046296,
    37.333333333333));
#1472 = SURFACE_CURVE('',#1473,(#1482,#1494),.PCURVE_S1.);
#1473 = B_SPLINE_CURVE_WITH_KNOTS('',4,(#1474,#1475,#1476,#1477,#1478,
    #1479,#1480,#1481),.UNSPECIFIED.,.F.,.F.,(5,3,5),(0.,0.539562727083,
    1.),.UNSPECIFIED.);
#1474 = CARTESIAN_POINT('',(-2.614624919146,11.538715820313,40.));
#1475 = CARTESIAN_POINT('',(-2.648789757011,11.943235805176,
    39.640342667284));
#1476 = CARTESIAN_POINT('',(-2.682356122855,12.347783960789,
    39.28066028805));
#1477 = CARTESIAN_POINT('',(-2.715447768466,12.752353761765,
    38.920958663999));
#1478 = CARTESIAN_POINT('',(-2.776114371428,13.502194237868,
    38.254278065538));
#1479 = CARTESIAN_POINT('',(-2.803786692258,13.847460505933,
    37.947303009432));
#1480 = CARTESIAN_POINT('',(-2.831270576164,14.192735126013,
    37.640320527579));
#1481 = CARTESIAN_POINT('',(-2.858634758586,14.538015046296,
    37.333333333333));
#1482 = PCURVE('',#972,#1483);
#1483 = DEFINITIONAL_REPRESENTATION('',(#1484),#1493);
#1484 = B_SPLINE_CURVE_WITH_KNOTS('',4,(#1485,#1486,#1487,#1488,#1489,
    #1490,#1491,#1492),.UNSPECIFIED.,.F.,.F.,(5,3,5),(0.,0.539562727083,
    1.),.UNSPECIFIED.);
#1485 = CARTESIAN_POINT('',(3.57040340945,6.840819603235E-02));
#1486 = CARTESIAN_POINT('',(3.579025427745,7.081045643403E-02));
#1487 = CARTESIAN_POINT('',(3.587651288925,7.321359538522E-02));
#1488 = CARTESIAN_POINT('',(3.596280087984,7.561768176118E-02));
#1489 = CARTESIAN_POINT('',(3.612275699404,8.007519852038E-02));
#1490 = CARTESIAN_POINT('',(3.619642017274,8.212834964851E-02));
#1491 = CARTESIAN_POINT('',(3.627009004223,8.418230156153E-02));
#1492 = CARTESIAN_POINT('',(3.634375925533,8.623710220849E-02));
#1493 = ( GEOMETRIC_REPRESENTATION_CONTEXT(2) 
PARAMETRIC_REPRESENTATION_CONTEXT() REPRESENTATION_CONTEXT('2D SPACE',''
  ) );
#1494 = PCURVE('',#1495,#1500);
#1495 = PLANE('',#1496);
#1496 = AXIS2_PLACEMENT_3D('',#1497,#1498,#1499);
#1497 = CARTESIAN_POINT('',(0.,14.538015046296,37.333333333333));
#1498 = DIRECTION('',(-0.,0.664450537816,0.747332243916));
#1499 = DIRECTION('',(0.,-0.747332243916,0.664450537816));
#1500 = DEFINITIONAL_REPRESENTATION('',(#1501),#1510);
#1501 = B_SPLINE_CURVE_WITH_KNOTS('',4,(#1502,#1503,#1504,#1505,#1506,
    #1507,#1508,#1509),.UNSPECIFIED.,.F.,.F.,(5,3,5),(0.,0.539562727083,
    1.),.UNSPECIFIED.);
#1502 = CARTESIAN_POINT('',(4.013341121572,-2.614624919146));
#1503 = CARTESIAN_POINT('',(3.472055785422,-2.648789757011));
#1504 = CARTESIAN_POINT('',(2.930732754191,-2.682356122855));
#1505 = CARTESIAN_POINT('',(2.389380759453,-2.715447768466));
#1506 = CARTESIAN_POINT('',(1.38602451167,-2.776114371428));
#1507 = CARTESIAN_POINT('',(0.924026155682,-2.803786692258));
#1508 = CARTESIAN_POINT('',(0.462016623923,-2.831270576164));
#1509 = CARTESIAN_POINT('',(0.,-2.858634758586));
#1510 = ( GEOMETRIC_REPRESENTATION_CONTEXT(2) 
PARAMETRIC_REPRESENTATION_CONTEXT() REPRESENTATION_CONTEXT('2D SPACE',''
  ) );
#1511 = ORIENTED_EDGE('',*,*,#1512,.T.);
#1512 = EDGE_CURVE('',#1470,#1513,#1515,.T.);
#1513 = VERTEX_POINT('',#1514);
#1514 = CARTESIAN_POINT('',(-3.125122761146,17.713909324363,
    34.666666666667));
#1515 = SURFACE_CURVE('',#1516,(#1528,#1543),.PCURVE_S1.);
#1516 = B_SPLINE_CURVE_WITH_KNOTS('',4,(#1517,#1518,#1519,#1520,#1521,
    #1522,#1523,#1524,#1525,#1526,#1527),.UNSPECIFIED.,.F.,.F.,(5,3,3,5)
  ,(0.,0.274468534036,0.571135019941,1.),.UNSPECIFIED.);
#1517 = CARTESIAN_POINT('',(-2.858634758586,14.538015046296,
    37.333333333333));
#1518 = CARTESIAN_POINT('',(-2.876792995894,14.755942068178,
    37.150349054218));
#1519 = CARTESIAN_POINT('',(-2.89493462974,14.973869898918,
    36.967364095938));
#1520 = CARTESIAN_POINT('',(-2.913076611927,15.191797712433,
    36.784379152121));
#1521 = CARTESIAN_POINT('',(-2.950862634019,15.645276800693,
    36.403611575239));
#1522 = CARTESIAN_POINT('',(-2.970509489539,15.880827937368,
    36.205829058105));
#1523 = CARTESIAN_POINT('',(-2.990196568534,16.116377113304,
    36.008048187324));
#1524 = CARTESIAN_POINT('',(-3.038490635129,16.692432068554,
    35.524358740247));
#1525 = CARTESIAN_POINT('',(-3.067163168849,17.032934630511,
    35.238452865433));
#1526 = CARTESIAN_POINT('',(-3.09602156513,17.373428045281,
    34.952554671133));
#1527 = CARTESIAN_POINT('',(-3.125122761146,17.713909324363,
    34.666666666667));
#1528 = PCURVE('',#972,#1529);
#1529 = DEFINITIONAL_REPRESENTATION('',(#1530),#1542);
#1530 = B_SPLINE_CURVE_WITH_KNOTS('',4,(#1531,#1532,#1533,#1534,#1535,
    #1536,#1537,#1538,#1539,#1540,#1541),.UNSPECIFIED.,.F.,.F.,(5,3,3,5)
  ,(0.,0.274468534036,0.571135019941,1.),.UNSPECIFIED.);
#1531 = CARTESIAN_POINT('',(3.634375926182,8.623710234189E-02));
#1532 = CARTESIAN_POINT('',(3.638771413823,8.753401119542E-02));
#1533 = CARTESIAN_POINT('',(3.643166989891,8.883124818094E-02));
#1534 = CARTESIAN_POINT('',(3.647562481686,9.01288358945E-02));
#1535 = CARTESIAN_POINT('',(3.656708395873,9.282969966559E-02));
#1536 = CARTESIAN_POINT('',(3.661458773544,9.423303817841E-02));
#1537 = CARTESIAN_POINT('',(3.666208606243,9.563681507404E-02));
#1538 = CARTESIAN_POINT('',(3.677822937722,9.907102840367E-02));
#1539 = CARTESIAN_POINT('',(3.684686580304,0.101101963019));
#1540 = CARTESIAN_POINT('',(3.691547852462,0.10313390982));
#1541 = CARTESIAN_POINT('',(3.698405993849,0.105166927043));
#1542 = ( GEOMETRIC_REPRESENTATION_CONTEXT(2) 
PARAMETRIC_REPRESENTATION_CONTEXT() REPRESENTATION_CONTEXT('2D SPACE',''
  ) );
#1543 = PCURVE('',#1544,#1549);
#1544 = PLANE('',#1545);
#1545 = AXIS2_PLACEMENT_3D('',#1546,#1547,#1548);
#1546 = CARTESIAN_POINT('',(0.,17.713909324363,34.666666666667));
#1547 = DIRECTION('',(-0.,0.643038741968,0.765833647947));
#1548 = DIRECTION('',(0.,-0.765833647947,0.643038741968));
#1549 = DEFINITIONAL_REPRESENTATION('',(#1550),#1562);
#1550 = B_SPLINE_CURVE_WITH_KNOTS('',4,(#1551,#1552,#1553,#1554,#1555,
    #1556,#1557,#1558,#1559,#1560,#1561),.UNSPECIFIED.,.F.,.F.,(5,3,3,5)
  ,(0.,0.274468534036,0.571135019941,1.),.UNSPECIFIED.);
#1551 = CARTESIAN_POINT('',(4.146976679048,-2.858634758586));
#1552 = CARTESIAN_POINT('',(3.862414852252,-2.876792995894));
#1553 = CARTESIAN_POINT('',(3.577851969276,-2.89493462974));
#1554 = CARTESIAN_POINT('',(3.293289108791,-2.913076611927));
#1555 = CARTESIAN_POINT('',(2.701151260741,-2.950862634019));
#1556 = CARTESIAN_POINT('',(2.393576453462,-2.970509489539));
#1557 = CARTESIAN_POINT('',(2.086004206451,-2.990196568534));
#1558 = CARTESIAN_POINT('',(1.333810885103,-3.038490635129));
#1559 = CARTESIAN_POINT('',(0.889194011882,-3.067163168849));
#1560 = CARTESIAN_POINT('',(0.444589082753,-3.09602156513));
#1561 = CARTESIAN_POINT('',(0.,-3.125122761146));
#1562 = ( GEOMETRIC_REPRESENTATION_CONTEXT(2) 
PARAMETRIC_REPRESENTATION_CONTEXT() REPRESENTATION_CONTEXT('2D SPACE',''
  ) );
#1563 = ORIENTED_EDGE('',*,*,#1564,.T.);
#1564 = EDGE_CURVE('',#1513,#1565,#1567,.T.);
#1565 = VERTEX_POINT('',#1566);
#1566 = CARTESIAN_POINT('',(-3.759960027762,24.246090675637,
    29.333333333333));
#1567 = SURFACE_CURVE('',#1568,(#1575,#1585),.PCURVE_S1.);
#1568 = B_SPLINE_CURVE_WITH_KNOTS('',5,(#1569,#1570,#1571,#1572,#1573,
    #1574),.UNSPECIFIED.,.F.,.F.,(6,6),(0.,1.),
  .PIECEWISE_BEZIER_KNOTS.);
#1569 = CARTESIAN_POINT('',(-3.125122761146,17.713909324363,
    34.666666666667));
#1570 = CARTESIAN_POINT('',(-3.239806936064,19.021042243088,
    33.59943120708));
#1571 = CARTESIAN_POINT('',(-3.358310427008,20.32797262671,
    32.532361111428));
#1572 = CARTESIAN_POINT('',(-3.483121413253,21.63456674296,
    31.465565568163));
#1573 = CARTESIAN_POINT('',(-3.616392207562,22.940666977484,
    30.399173264756));
#1574 = CARTESIAN_POINT('',(-3.759960027762,24.246090675637,
    29.333333333333));
#1575 = PCURVE('',#972,#1576);
#1576 = DEFINITIONAL_REPRESENTATION('',(#1577),#1584);
#1577 = B_SPLINE_CURVE_WITH_KNOTS('',5,(#1578,#1579,#1580,#1581,#1582,
    #1583),.UNSPECIFIED.,.F.,.F.,(6,6),(0.,1.),
  .PIECEWISE_BEZIER_KNOTS.);
#1578 = CARTESIAN_POINT('',(3.698405993849,0.105166927043));
#1579 = CARTESIAN_POINT('',(3.724022330945,0.112971831159));
#1580 = CARTESIAN_POINT('',(3.749597930344,0.120791317798));
#1581 = CARTESIAN_POINT('',(3.775100110459,0.128627944804));
#1582 = CARTESIAN_POINT('',(3.80049324547,0.136484229777));
#1583 = CARTESIAN_POINT('',(3.825744336324,0.144362250187));
#1584 = ( GEOMETRIC_REPRESENTATION_CONTEXT(2) 
PARAMETRIC_REPRESENTATION_CONTEXT() REPRESENTATION_CONTEXT('2D SPACE',''
  ) );
#1585 = PCURVE('',#1586,#1591);
#1586 = PLANE('',#1587);
#1587 = AXIS2_PLACEMENT_3D('',#1588,#1589,#1590);
#1588 = CARTESIAN_POINT('',(0.,24.246090675637,29.333333333333));
#1589 = DIRECTION('',(-0.,0.632443407591,0.77460656865));
#1590 = DIRECTION('',(0.,-0.77460656865,0.632443407591));
#1591 = DEFINITIONAL_REPRESENTATION('',(#1592),#1599);
#1592 = B_SPLINE_CURVE_WITH_KNOTS('',5,(#1593,#1594,#1595,#1596,#1597,
    #1598),.UNSPECIFIED.,.F.,.F.,(6,6),(0.,1.),
  .PIECEWISE_BEZIER_KNOTS.);
#1593 = CARTESIAN_POINT('',(8.432902089457,-3.125122761146));
#1594 = CARTESIAN_POINT('',(6.745422313752,-3.239806936064));
#1595 = CARTESIAN_POINT('',(5.058204006398,-3.358310427008));
#1596 = CARTESIAN_POINT('',(3.371419812807,-3.483121413253));
#1597 = CARTESIAN_POINT('',(1.685273209634,-3.616392207562));
#1598 = CARTESIAN_POINT('',(0.,-3.759960027762));
#1599 = ( GEOMETRIC_REPRESENTATION_CONTEXT(2) 
PARAMETRIC_REPRESENTATION_CONTEXT() REPRESENTATION_CONTEXT('2D SPACE',''
  ) );
#1600 = ORIENTED_EDGE('',*,*,#1601,.T.);
#1601 = EDGE_CURVE('',#1565,#1602,#1604,.T.);
#1602 = VERTEX_POINT('',#1603);
#1603 = CARTESIAN_POINT('',(-4.125592920863,27.421984953704,
    26.666666666667));
#1604 = SURFACE_CURVE('',#1605,(#1611,#1620),.PCURVE_S1.);
#1605 = B_SPLINE_CURVE_WITH_KNOTS('',4,(#1606,#1607,#1608,#1609,#1610),
  .UNSPECIFIED.,.F.,.F.,(5,5),(0.,1.),.PIECEWISE_BEZIER_KNOTS.);
#1606 = CARTESIAN_POINT('',(-3.759960027762,24.246090675637,
    29.333333333333));
#1607 = CARTESIAN_POINT('',(-3.844990283537,25.040484153715,
    28.666314086869));
#1608 = CARTESIAN_POINT('',(-3.933928315034,25.834632953462,
    27.999500286647));
#1609 = CARTESIAN_POINT('',(-4.027313012183,26.6284863335,
    27.332934538099));
#1610 = CARTESIAN_POINT('',(-4.125592920863,27.421984953704,
    26.666666666667));
#1611 = PCURVE('',#972,#1612);
#1612 = DEFINITIONAL_REPRESENTATION('',(#1613),#1619);
#1613 = B_SPLINE_CURVE_WITH_KNOTS('',4,(#1614,#1615,#1616,#1617,#1618),
  .UNSPECIFIED.,.F.,.F.,(5,5),(0.,1.),.PIECEWISE_BEZIER_KNOTS.);
#1614 = CARTESIAN_POINT('',(3.825744339847,0.144362249483));
#1615 = CARTESIAN_POINT('',(3.841538723587,0.149156285351));
#1616 = CARTESIAN_POINT('',(3.857275425985,0.153959043368));
#1617 = CARTESIAN_POINT('',(3.872944628531,0.1587711429));
#1618 = CARTESIAN_POINT('',(3.88853743088,0.163593059917));
#1619 = ( GEOMETRIC_REPRESENTATION_CONTEXT(2) 
PARAMETRIC_REPRESENTATION_CONTEXT() REPRESENTATION_CONTEXT('2D SPACE',''
  ) );
#1620 = PCURVE('',#1621,#1626);
#1621 = PLANE('',#1622);
#1622 = AXIS2_PLACEMENT_3D('',#1623,#1624,#1625);
#1623 = CARTESIAN_POINT('',(0.,27.421984953704,26.666666666667));
#1624 = DIRECTION('',(-0.,0.643038741968,0.765833647947));
#1625 = DIRECTION('',(0.,-0.765833647947,0.643038741968));
#1626 = DEFINITIONAL_REPRESENTATION('',(#1627),#1633);
#1627 = B_SPLINE_CURVE_WITH_KNOTS('',4,(#1628,#1629,#1630,#1631,#1632),
  .UNSPECIFIED.,.F.,.F.,(5,5),(0.,1.),.PIECEWISE_BEZIER_KNOTS.);
#1628 = CARTESIAN_POINT('',(4.146976679048,-3.759960027762));
#1629 = CARTESIAN_POINT('',(3.109684206711,-3.844990283537));
#1630 = CARTESIAN_POINT('',(2.072711227166,-3.933928315034));
#1631 = CARTESIAN_POINT('',(1.036123996812,-4.027313012183));
#1632 = CARTESIAN_POINT('',(0.,-4.125592920863));
#1633 = ( GEOMETRIC_REPRESENTATION_CONTEXT(2) 
PARAMETRIC_REPRESENTATION_CONTEXT() REPRESENTATION_CONTEXT('2D SPACE',''
  ) );
#1634 = ORIENTED_EDGE('',*,*,#1635,.T.);
#1635 = EDGE_CURVE('',#1602,#953,#1636,.T.);
#1636 = SURFACE_CURVE('',#1637,(#1643,#1652),.PCURVE_S1.);
#1637 = B_SPLINE_CURVE_WITH_KNOTS('',4,(#1638,#1639,#1640,#1641,#1642),
  .UNSPECIFIED.,.F.,.F.,(5,5),(0.,1.),.PIECEWISE_BEZIER_KNOTS.);
#1638 = CARTESIAN_POINT('',(-4.125592920863,27.421984953704,
    26.666666666667));
#1639 = CARTESIAN_POINT('',(-4.213341220905,28.172256055607,
    25.999603200282));
#1640 = CARTESIAN_POINT('',(-4.305185087105,28.922260463054,
    25.332776851025));
#1641 = CARTESIAN_POINT('',(-4.401521088985,29.671953376375,
    24.666227450128));
#1642 = CARTESIAN_POINT('',(-4.502672385379,30.421284179688,24.));
#1643 = PCURVE('',#972,#1644);
#1644 = DEFINITIONAL_REPRESENTATION('',(#1645),#1651);
#1645 = B_SPLINE_CURVE_WITH_KNOTS('',4,(#1646,#1647,#1648,#1649,#1650),
  .UNSPECIFIED.,.F.,.F.,(5,5),(0.,1.),.PIECEWISE_BEZIER_KNOTS.);
#1646 = CARTESIAN_POINT('',(3.88853743088,0.163593059917));
#1647 = CARTESIAN_POINT('',(3.904137032567,0.16815229279));
#1648 = CARTESIAN_POINT('',(3.919664919382,0.172720608312));
#1649 = CARTESIAN_POINT('',(3.935113262254,0.177298443986));
#1650 = CARTESIAN_POINT('',(3.950475403355,0.181886103245));
#1651 = ( GEOMETRIC_REPRESENTATION_CONTEXT(2) 
PARAMETRIC_REPRESENTATION_CONTEXT() REPRESENTATION_CONTEXT('2D SPACE',''
  ) );
#1652 = PCURVE('',#1016,#1653);
#1653 = DEFINITIONAL_REPRESENTATION('',(#1654),#1660);
#1654 = B_SPLINE_CURVE_WITH_KNOTS('',4,(#1655,#1656,#1657,#1658,#1659),
  .UNSPECIFIED.,.F.,.F.,(5,5),(0.,1.),.PIECEWISE_BEZIER_KNOTS.);
#1655 = CARTESIAN_POINT('',(4.013341121572,-4.125592920863));
#1656 = CARTESIAN_POINT('',(3.009408656444,-4.213341220905));
#1657 = CARTESIAN_POINT('',(2.005833053287,-4.305185087105));
#1658 = CARTESIAN_POINT('',(1.00267425822,-4.401521088985));
#1659 = CARTESIAN_POINT('',(0.,-4.502672385379));
#1660 = ( GEOMETRIC_REPRESENTATION_CONTEXT(2) 
PARAMETRIC_REPRESENTATION_CONTEXT() REPRESENTATION_CONTEXT('2D SPACE',''
  ) );
#1661 = ORIENTED_EDGE('',*,*,#952,.T.);
#1662 = ORIENTED_EDGE('',*,*,#1663,.T.);
#1663 = EDGE_CURVE('',#924,#1062,#1664,.T.);
#1664 = SURFACE_CURVE('',#1665,(#1675,#1682),.PCURVE_S1.);
#1665 = ( BOUNDED_CURVE() B_SPLINE_CURVE(8,(#1666,#1667,#1668,#1669,
    #1670,#1671,#1672,#1673,#1674),.UNSPECIFIED.,.F.,.F.) 
B_SPLINE_CURVE_WITH_KNOTS((9,9),(0.,1.),.PIECEWISE_BEZIER_KNOTS.) CURVE(
) GEOMETRIC_REPRESENTATION_ITEM() RATIONAL_B_SPLINE_CURVE((1.,
    1.000000000001,0.999999999991,1.000000000036,0.99999999991,
    1.000000000152,0.999999999834,1.000000000099,1.)) 
REPRESENTATION_ITEM('') );
#1666 = CARTESIAN_POINT('',(-1.2,0.,21.838214055972));
#1667 = CARTESIAN_POINT('',(-1.208878908836,21.107094936691,
    21.838214055971));
#1668 = CARTESIAN_POINT('',(-1.120341206347,42.068504972852,
    21.838214055977));
#1669 = CARTESIAN_POINT('',(-13.77842094197,64.208683031478,
    21.838214055969));
#1670 = CARTESIAN_POINT('',(-36.17066367181,75.071549638102,
    21.838214055945));
#1671 = CARTESIAN_POINT('',(-32.68733817683,100.97231411291,
    21.838214056057));
#1672 = CARTESIAN_POINT('',(-70.89889771058,109.91884514644,
    21.838214055853));
#1673 = CARTESIAN_POINT('',(-54.85076006637,143.11426439543,
    21.838214056051));
#1674 = CARTESIAN_POINT('',(-60.,160.,21.838214055972));
#1675 = PCURVE('',#972,#1676);
#1676 = DEFINITIONAL_REPRESENTATION('',(#1677),#1681);
#1677 = LINE('',#1678,#1679);
#1678 = CARTESIAN_POINT('',(4.,0.));
#1679 = VECTOR('',#1680,1.);
#1680 = DIRECTION('',(0.,1.));
#1681 = ( GEOMETRIC_REPRESENTATION_CONTEXT(2) 
PARAMETRIC_REPRESENTATION_CONTEXT() REPRESENTATION_CONTEXT('2D SPACE',''
  ) );
#1682 = PCURVE('',#64,#1683);
#1683 = DEFINITIONAL_REPRESENTATION('',(#1684),#1688);
#1684 = LINE('',#1685,#1686);
#1685 = CARTESIAN_POINT('',(4.,0.));
#1686 = VECTOR('',#1687,1.);
#1687 = DIRECTION('',(0.,1.));
#1688 = ( GEOMETRIC_REPRESENTATION_CONTEXT(2) 
PARAMETRIC_REPRESENTATION_CONTEXT() REPRESENTATION_CONTEXT('2D SPACE',''
  ) );
#1689 = ADVANCED_FACE('',(#1690),#1621,.F.);
#1690 = FACE_BOUND('',#1691,.F.);
#1691 = EDGE_LOOP('',(#1692,#1715,#1716,#1739));
#1692 = ORIENTED_EDGE('',*,*,#1693,.F.);
#1693 = EDGE_CURVE('',#1602,#1694,#1696,.T.);
#1694 = VERTEX_POINT('',#1695);
#1695 = CARTESIAN_POINT('',(4.125592920863,27.421984953704,
    26.666666666667));
#1696 = SURFACE_CURVE('',#1697,(#1701,#1708),.PCURVE_S1.);
#1697 = LINE('',#1698,#1699);
#1698 = CARTESIAN_POINT('',(-104.,27.421984953704,26.666666666667));
#1699 = VECTOR('',#1700,1.);
#1700 = DIRECTION('',(1.,0.,0.));
#1701 = PCURVE('',#1621,#1702);
#1702 = DEFINITIONAL_REPRESENTATION('',(#1703),#1707);
#1703 = LINE('',#1704,#1705);
#1704 = CARTESIAN_POINT('',(0.,-104.));
#1705 = VECTOR('',#1706,1.);
#1706 = DIRECTION('',(0.,1.));
#1707 = ( GEOMETRIC_REPRESENTATION_CONTEXT(2) 
PARAMETRIC_REPRESENTATION_CONTEXT() REPRESENTATION_CONTEXT('2D SPACE',''
  ) );
#1708 = PCURVE('',#1016,#1709);
#1709 = DEFINITIONAL_REPRESENTATION('',(#1710),#1714);
#1710 = LINE('',#1711,#1712);
#1711 = CARTESIAN_POINT('',(4.013341121572,-104.));
#1712 = VECTOR('',#1713,1.);
#1713 = DIRECTION('',(0.,1.));
#1714 = ( GEOMETRIC_REPRESENTATION_CONTEXT(2) 
PARAMETRIC_REPRESENTATION_CONTEXT() REPRESENTATION_CONTEXT('2D SPACE',''
  ) );
#1715 = ORIENTED_EDGE('',*,*,#1601,.F.);
#1716 = ORIENTED_EDGE('',*,*,#1717,.T.);
#1717 = EDGE_CURVE('',#1565,#1718,#1720,.T.);
#1718 = VERTEX_POINT('',#1719);
#1719 = CARTESIAN_POINT('',(3.759960027762,24.246090675637,
    29.333333333333));
#1720 = SURFACE_CURVE('',#1721,(#1725,#1732),.PCURVE_S1.);
#1721 = LINE('',#1722,#1723);
#1722 = CARTESIAN_POINT('',(-104.,24.246090675637,29.333333333333));
#1723 = VECTOR('',#1724,1.);
#1724 = DIRECTION('',(1.,0.,0.));
#1725 = PCURVE('',#1621,#1726);
#1726 = DEFINITIONAL_REPRESENTATION('',(#1727),#1731);
#1727 = LINE('',#1728,#1729);
#1728 = CARTESIAN_POINT('',(4.146976679048,-104.));
#1729 = VECTOR('',#1730,1.);
#1730 = DIRECTION('',(0.,1.));
#1731 = ( GEOMETRIC_REPRESENTATION_CONTEXT(2) 
PARAMETRIC_REPRESENTATION_CONTEXT() REPRESENTATION_CONTEXT('2D SPACE',''
  ) );
#1732 = PCURVE('',#1586,#1733);
#1733 = DEFINITIONAL_REPRESENTATION('',(#1734),#1738);
#1734 = LINE('',#1735,#1736);
#1735 = CARTESIAN_POINT('',(0.,-104.));
#1736 = VECTOR('',#1737,1.);
#1737 = DIRECTION('',(0.,1.));
#1738 = ( GEOMETRIC_REPRESENTATION_CONTEXT(2) 
PARAMETRIC_REPRESENTATION_CONTEXT() REPRESENTATION_CONTEXT('2D SPACE',''
  ) );
#1739 = ORIENTED_EDGE('',*,*,#1740,.T.);
#1740 = EDGE_CURVE('',#1718,#1694,#1741,.T.);
#1741 = SURFACE_CURVE('',#1742,(#1748,#1757),.PCURVE_S1.);
#1742 = B_SPLINE_CURVE_WITH_KNOTS('',4,(#1743,#1744,#1745,#1746,#1747),
  .UNSPECIFIED.,.F.,.F.,(5,5),(0.,1.),.PIECEWISE_BEZIER_KNOTS.);
#1743 = CARTESIAN_POINT('',(3.759960027762,24.246090675637,
    29.333333333333));
#1744 = CARTESIAN_POINT('',(3.844990283537,25.040484153715,
    28.666314086869));
#1745 = CARTESIAN_POINT('',(3.933928315034,25.834632953462,
    27.999500286647));
#1746 = CARTESIAN_POINT('',(4.027313012183,26.6284863335,27.332934538099
    ));
#1747 = CARTESIAN_POINT('',(4.125592920863,27.421984953704,
    26.666666666667));
#1748 = PCURVE('',#1621,#1749);
#1749 = DEFINITIONAL_REPRESENTATION('',(#1750),#1756);
#1750 = B_SPLINE_CURVE_WITH_KNOTS('',4,(#1751,#1752,#1753,#1754,#1755),
  .UNSPECIFIED.,.F.,.F.,(5,5),(0.,1.),.PIECEWISE_BEZIER_KNOTS.);
#1751 = CARTESIAN_POINT('',(4.146976679048,3.759960027762));
#1752 = CARTESIAN_POINT('',(3.109684206711,3.844990283537));
#1753 = CARTESIAN_POINT('',(2.072711227166,3.933928315034));
#1754 = CARTESIAN_POINT('',(1.036123996812,4.027313012183));
#1755 = CARTESIAN_POINT('',(0.,4.125592920863));
#1756 = ( GEOMETRIC_REPRESENTATION_CONTEXT(2) 
PARAMETRIC_REPRESENTATION_CONTEXT() REPRESENTATION_CONTEXT('2D SPACE',''
  ) );
#1757 = PCURVE('',#424,#1758);
#1758 = DEFINITIONAL_REPRESENTATION('',(#1759),#1765);
#1759 = B_SPLINE_CURVE_WITH_KNOTS('',4,(#1760,#1761,#1762,#1763,#1764),
  .UNSPECIFIED.,.F.,.F.,(5,5),(0.,1.),.PIECEWISE_BEZIER_KNOTS.);
#1760 = CARTESIAN_POINT('',(1.174255660153,0.144362249483));
#1761 = CARTESIAN_POINT('',(1.158461276413,0.149156285351));
#1762 = CARTESIAN_POINT('',(1.142724574015,0.153959043368));
#1763 = CARTESIAN_POINT('',(1.127055371469,0.1587711429));
#1764 = CARTESIAN_POINT('',(1.11146256912,0.163593059917));
#1765 = ( GEOMETRIC_REPRESENTATION_CONTEXT(2) 
PARAMETRIC_REPRESENTATION_CONTEXT() REPRESENTATION_CONTEXT('2D SPACE',''
  ) );
#1766 = ADVANCED_FACE('',(#1767),#1586,.F.);
#1767 = FACE_BOUND('',#1768,.F.);
#1768 = EDGE_LOOP('',(#1769,#1770,#1771,#1794));
#1769 = ORIENTED_EDGE('',*,*,#1717,.F.);
#1770 = ORIENTED_EDGE('',*,*,#1564,.F.);
#1771 = ORIENTED_EDGE('',*,*,#1772,.T.);
#1772 = EDGE_CURVE('',#1513,#1773,#1775,.T.);
#1773 = VERTEX_POINT('',#1774);
#1774 = CARTESIAN_POINT('',(3.125122761146,17.713909324363,
    34.666666666667));
#1775 = SURFACE_CURVE('',#1776,(#1780,#1787),.PCURVE_S1.);
#1776 = LINE('',#1777,#1778);
#1777 = CARTESIAN_POINT('',(-104.,17.713909324363,34.666666666667));
#1778 = VECTOR('',#1779,1.);
#1779 = DIRECTION('',(1.,0.,0.));
#1780 = PCURVE('',#1586,#1781);
#1781 = DEFINITIONAL_REPRESENTATION('',(#1782),#1786);
#1782 = LINE('',#1783,#1784);
#1783 = CARTESIAN_POINT('',(8.432902089457,-104.));
#1784 = VECTOR('',#1785,1.);
#1785 = DIRECTION('',(0.,1.));
#1786 = ( GEOMETRIC_REPRESENTATION_CONTEXT(2) 
PARAMETRIC_REPRESENTATION_CONTEXT() REPRESENTATION_CONTEXT('2D SPACE',''
  ) );
#1787 = PCURVE('',#1544,#1788);
#1788 = DEFINITIONAL_REPRESENTATION('',(#1789),#1793);
#1789 = LINE('',#1790,#1791);
#1790 = CARTESIAN_POINT('',(0.,-104.));
#1791 = VECTOR('',#1792,1.);
#1792 = DIRECTION('',(0.,1.));
#1793 = ( GEOMETRIC_REPRESENTATION_CONTEXT(2) 
PARAMETRIC_REPRESENTATION_CONTEXT() REPRESENTATION_CONTEXT('2D SPACE',''
  ) );
#1794 = ORIENTED_EDGE('',*,*,#1795,.T.);
#1795 = EDGE_CURVE('',#1773,#1718,#1796,.T.);
#1796 = SURFACE_CURVE('',#1797,(#1804,#1814),.PCURVE_S1.);
#1797 = B_SPLINE_CURVE_WITH_KNOTS('',5,(#1798,#1799,#1800,#1801,#1802,
    #1803),.UNSPECIFIED.,.F.,.F.,(6,6),(0.,1.),
  .PIECEWISE_BEZIER_KNOTS.);
#1798 = CARTESIAN_POINT('',(3.125122761146,17.713909324363,
    34.666666666667));
#1799 = CARTESIAN_POINT('',(3.239806936064,19.021042243088,
    33.59943120708));
#1800 = CARTESIAN_POINT('',(3.358310427008,20.32797262671,
    32.532361111428));
#1801 = CARTESIAN_POINT('',(3.483121413253,21.63456674296,
    31.465565568163));
#1802 = CARTESIAN_POINT('',(3.616392207562,22.940666977484,
    30.399173264756));
#1803 = CARTESIAN_POINT('',(3.759960027762,24.246090675637,
    29.333333333333));
#1804 = PCURVE('',#1586,#1805);
#1805 = DEFINITIONAL_REPRESENTATION('',(#1806),#1813);
#1806 = B_SPLINE_CURVE_WITH_KNOTS('',5,(#1807,#1808,#1809,#1810,#1811,
    #1812),.UNSPECIFIED.,.F.,.F.,(6,6),(0.,1.),
  .PIECEWISE_BEZIER_KNOTS.);
#1807 = CARTESIAN_POINT('',(8.432902089457,3.125122761146));
#1808 = CARTESIAN_POINT('',(6.745422313752,3.239806936064));
#1809 = CARTESIAN_POINT('',(5.058204006398,3.358310427008));
#1810 = CARTESIAN_POINT('',(3.371419812807,3.483121413253));
#1811 = CARTESIAN_POINT('',(1.685273209634,3.616392207562));
#1812 = CARTESIAN_POINT('',(0.,3.759960027762));
#1813 = ( GEOMETRIC_REPRESENTATION_CONTEXT(2) 
PARAMETRIC_REPRESENTATION_CONTEXT() REPRESENTATION_CONTEXT('2D SPACE',''
  ) );
#1814 = PCURVE('',#424,#1815);
#1815 = DEFINITIONAL_REPRESENTATION('',(#1816),#1823);
#1816 = B_SPLINE_CURVE_WITH_KNOTS('',5,(#1817,#1818,#1819,#1820,#1821,
    #1822),.UNSPECIFIED.,.F.,.F.,(6,6),(0.,1.),
  .PIECEWISE_BEZIER_KNOTS.);
#1817 = CARTESIAN_POINT('',(1.301594006151,0.105166927043));
#1818 = CARTESIAN_POINT('',(1.275977669055,0.112971831159));
#1819 = CARTESIAN_POINT('',(1.250402069656,0.120791317798));
#1820 = CARTESIAN_POINT('',(1.224899889541,0.128627944804));
#1821 = CARTESIAN_POINT('',(1.19950675453,0.136484229777));
#1822 = CARTESIAN_POINT('',(1.174255663676,0.144362250187));
#1823 = ( GEOMETRIC_REPRESENTATION_CONTEXT(2) 
PARAMETRIC_REPRESENTATION_CONTEXT() REPRESENTATION_CONTEXT('2D SPACE',''
  ) );
#1824 = ADVANCED_FACE('',(#1825),#1544,.F.);
#1825 = FACE_BOUND('',#1826,.F.);
#1826 = EDGE_LOOP('',(#1827,#1828,#1829,#1852));
#1827 = ORIENTED_EDGE('',*,*,#1772,.F.);
#1828 = ORIENTED_EDGE('',*,*,#1512,.F.);
#1829 = ORIENTED_EDGE('',*,*,#1830,.T.);
#1830 = EDGE_CURVE('',#1470,#1831,#1833,.T.);
#1831 = VERTEX_POINT('',#1832);
#1832 = CARTESIAN_POINT('',(2.858634758586,14.538015046296,
    37.333333333333));
#1833 = SURFACE_CURVE('',#1834,(#1838,#1845),.PCURVE_S1.);
#1834 = LINE('',#1835,#1836);
#1835 = CARTESIAN_POINT('',(-104.,14.538015046296,37.333333333333));
#1836 = VECTOR('',#1837,1.);
#1837 = DIRECTION('',(1.,0.,0.));
#1838 = PCURVE('',#1544,#1839);
#1839 = DEFINITIONAL_REPRESENTATION('',(#1840),#1844);
#1840 = LINE('',#1841,#1842);
#1841 = CARTESIAN_POINT('',(4.146976679048,-104.));
#1842 = VECTOR('',#1843,1.);
#1843 = DIRECTION('',(0.,1.));
#1844 = ( GEOMETRIC_REPRESENTATION_CONTEXT(2) 
PARAMETRIC_REPRESENTATION_CONTEXT() REPRESENTATION_CONTEXT('2D SPACE',''
  ) );
#1845 = PCURVE('',#1495,#1846);
#1846 = DEFINITIONAL_REPRESENTATION('',(#1847),#1851);
#1847 = LINE('',#1848,#1849);
#1848 = CARTESIAN_POINT('',(0.,-104.));
#1849 = VECTOR('',#1850,1.);
#1850 = DIRECTION('',(0.,1.));
#1851 = ( GEOMETRIC_REPRESENTATION_CONTEXT(2) 
PARAMETRIC_REPRESENTATION_CONTEXT() REPRESENTATION_CONTEXT('2D SPACE',''
  ) );
#1852 = ORIENTED_EDGE('',*,*,#1853,.T.);
#1853 = EDGE_CURVE('',#1831,#1773,#1854,.T.);
#1854 = SURFACE_CURVE('',#1855,(#1867,#1882),.PCURVE_S1.);
#1855 = B_SPLINE_CURVE_WITH_KNOTS('',4,(#1856,#1857,#1858,#1859,#1860,
    #1861,#1862,#1863,#1864,#1865,#1866),.UNSPECIFIED.,.F.,.F.,(5,3,3,5)
  ,(0.,0.274468534036,0.571135019941,1.),.UNSPECIFIED.);
#1856 = CARTESIAN_POINT('',(2.858634758586,14.538015046296,
    37.333333333333));
#1857 = CARTESIAN_POINT('',(2.876792995894,14.755942068178,
    37.150349054218));
#1858 = CARTESIAN_POINT('',(2.89493462974,14.973869898918,
    36.967364095938));
#1859 = CARTESIAN_POINT('',(2.913076611927,15.191797712433,
    36.784379152122));
#1860 = CARTESIAN_POINT('',(2.950862634019,15.645276800693,
    36.403611575239));
#1861 = CARTESIAN_POINT('',(2.970509489539,15.880827937368,
    36.205829058106));
#1862 = CARTESIAN_POINT('',(2.990196568534,16.116377113304,
    36.008048187324));
#1863 = CARTESIAN_POINT('',(3.038490635129,16.692432068554,
    35.524358740247));
#1864 = CARTESIAN_POINT('',(3.067163168849,17.032934630511,
    35.238452865433));
#1865 = CARTESIAN_POINT('',(3.09602156513,17.373428045281,
    34.952554671133));
#1866 = CARTESIAN_POINT('',(3.125122761146,17.713909324363,
    34.666666666667));
#1867 = PCURVE('',#1544,#1868);
#1868 = DEFINITIONAL_REPRESENTATION('',(#1869),#1881);
#1869 = B_SPLINE_CURVE_WITH_KNOTS('',4,(#1870,#1871,#1872,#1873,#1874,
    #1875,#1876,#1877,#1878,#1879,#1880),.UNSPECIFIED.,.F.,.F.,(5,3,3,5)
  ,(0.,0.274468534036,0.571135019941,1.),.UNSPECIFIED.);
#1870 = CARTESIAN_POINT('',(4.146976679048,2.858634758586));
#1871 = CARTESIAN_POINT('',(3.862414852252,2.876792995894));
#1872 = CARTESIAN_POINT('',(3.577851969276,2.89493462974));
#1873 = CARTESIAN_POINT('',(3.293289108792,2.913076611927));
#1874 = CARTESIAN_POINT('',(2.701151260741,2.950862634019));
#1875 = CARTESIAN_POINT('',(2.393576453462,2.970509489539));
#1876 = CARTESIAN_POINT('',(2.086004206452,2.990196568534));
#1877 = CARTESIAN_POINT('',(1.333810885103,3.038490635129));
#1878 = CARTESIAN_POINT('',(0.889194011882,3.067163168849));
#1879 = CARTESIAN_POINT('',(0.444589082753,3.09602156513));
#1880 = CARTESIAN_POINT('',(0.,3.125122761146));
#1881 = ( GEOMETRIC_REPRESENTATION_CONTEXT(2) 
PARAMETRIC_REPRESENTATION_CONTEXT() REPRESENTATION_CONTEXT('2D SPACE',''
  ) );
#1882 = PCURVE('',#424,#1883);
#1883 = DEFINITIONAL_REPRESENTATION('',(#1884),#1896);
#1884 = B_SPLINE_CURVE_WITH_KNOTS('',4,(#1885,#1886,#1887,#1888,#1889,
    #1890,#1891,#1892,#1893,#1894,#1895),.UNSPECIFIED.,.F.,.F.,(5,3,3,5)
  ,(0.,0.274468534036,0.571135019941,1.),.UNSPECIFIED.);
#1885 = CARTESIAN_POINT('',(1.365624073818,8.623710234189E-02));
#1886 = CARTESIAN_POINT('',(1.361228586177,8.753401119541E-02));
#1887 = CARTESIAN_POINT('',(1.356833010109,8.883124818093E-02));
#1888 = CARTESIAN_POINT('',(1.352437518314,9.01288358945E-02));
#1889 = CARTESIAN_POINT('',(1.343291604127,9.282969966559E-02));
#1890 = CARTESIAN_POINT('',(1.338541226456,9.423303817841E-02));
#1891 = CARTESIAN_POINT('',(1.333791393757,9.563681507404E-02));
#1892 = CARTESIAN_POINT('',(1.322177062278,9.907102840367E-02));
#1893 = CARTESIAN_POINT('',(1.315313419696,0.101101963019));
#1894 = CARTESIAN_POINT('',(1.308452147538,0.10313390982));
#1895 = CARTESIAN_POINT('',(1.301594006151,0.105166927043));
#1896 = ( GEOMETRIC_REPRESENTATION_CONTEXT(2) 
PARAMETRIC_REPRESENTATION_CONTEXT() REPRESENTATION_CONTEXT('2D SPACE',''
  ) );
#1897 = ADVANCED_FACE('',(#1898),#1495,.F.);
#1898 = FACE_BOUND('',#1899,.F.);
#1899 = EDGE_LOOP('',(#1900,#1901,#1902,#1925));
#1900 = ORIENTED_EDGE('',*,*,#1830,.F.);
#1901 = ORIENTED_EDGE('',*,*,#1469,.F.);
#1902 = ORIENTED_EDGE('',*,*,#1903,.T.);
#1903 = EDGE_CURVE('',#1436,#1904,#1906,.T.);
#1904 = VERTEX_POINT('',#1905);
#1905 = CARTESIAN_POINT('',(2.614624919146,11.538715820313,40.));
#1906 = SURFACE_CURVE('',#1907,(#1911,#1918),.PCURVE_S1.);
#1907 = LINE('',#1908,#1909);
#1908 = CARTESIAN_POINT('',(-104.,11.538715820313,40.));
#1909 = VECTOR('',#1910,1.);
#1910 = DIRECTION('',(1.,0.,0.));
#1911 = PCURVE('',#1495,#1912);
#1912 = DEFINITIONAL_REPRESENTATION('',(#1913),#1917);
#1913 = LINE('',#1914,#1915);
#1914 = CARTESIAN_POINT('',(4.013341121572,-104.));
#1915 = VECTOR('',#1916,1.);
#1916 = DIRECTION('',(0.,1.));
#1917 = ( GEOMETRIC_REPRESENTATION_CONTEXT(2) 
PARAMETRIC_REPRESENTATION_CONTEXT() REPRESENTATION_CONTEXT('2D SPACE',''
  ) );
#1918 = PCURVE('',#1455,#1919);
#1919 = DEFINITIONAL_REPRESENTATION('',(#1920),#1924);
#1920 = LINE('',#1921,#1922);
#1921 = CARTESIAN_POINT('',(0.,-104.));
#1922 = VECTOR('',#1923,1.);
#1923 = DIRECTION('',(0.,1.));
#1924 = ( GEOMETRIC_REPRESENTATION_CONTEXT(2) 
PARAMETRIC_REPRESENTATION_CONTEXT() REPRESENTATION_CONTEXT('2D SPACE',''
  ) );
#1925 = ORIENTED_EDGE('',*,*,#1926,.T.);
#1926 = EDGE_CURVE('',#1904,#1831,#1927,.T.);
#1927 = SURFACE_CURVE('',#1928,(#1937,#1949),.PCURVE_S1.);
#1928 = B_SPLINE_CURVE_WITH_KNOTS('',4,(#1929,#1930,#1931,#1932,#1933,
    #1934,#1935,#1936),.UNSPECIFIED.,.F.,.F.,(5,3,5),(0.,0.539562727083,
    1.),.UNSPECIFIED.);
#1929 = CARTESIAN_POINT('',(2.614624919146,11.538715820313,40.));
#1930 = CARTESIAN_POINT('',(2.648789757011,11.943235805176,
    39.640342667284));
#1931 = CARTESIAN_POINT('',(2.682356122855,12.347783960789,
    39.28066028805));
#1932 = CARTESIAN_POINT('',(2.715447768466,12.752353761765,
    38.920958663999));
#1933 = CARTESIAN_POINT('',(2.776114371428,13.502194237868,
    38.254278065538));
#1934 = CARTESIAN_POINT('',(2.803786692258,13.847460505933,
    37.947303009432));
#1935 = CARTESIAN_POINT('',(2.831270576164,14.192735126013,
    37.640320527579));
#1936 = CARTESIAN_POINT('',(2.858634758586,14.538015046296,
    37.333333333333));
#1937 = PCURVE('',#1495,#1938);
#1938 = DEFINITIONAL_REPRESENTATION('',(#1939),#1948);
#1939 = B_SPLINE_CURVE_WITH_KNOTS('',4,(#1940,#1941,#1942,#1943,#1944,
    #1945,#1946,#1947),.UNSPECIFIED.,.F.,.F.,(5,3,5),(0.,0.539562727083,
    1.),.UNSPECIFIED.);
#1940 = CARTESIAN_POINT('',(4.013341121572,2.614624919146));
#1941 = CARTESIAN_POINT('',(3.472055785422,2.648789757011));
#1942 = CARTESIAN_POINT('',(2.930732754191,2.682356122855));
#1943 = CARTESIAN_POINT('',(2.389380759453,2.715447768466));
#1944 = CARTESIAN_POINT('',(1.38602451167,2.776114371428));
#1945 = CARTESIAN_POINT('',(0.924026155682,2.803786692258));
#1946 = CARTESIAN_POINT('',(0.462016623923,2.831270576164));
#1947 = CARTESIAN_POINT('',(0.,2.858634758586));
#1948 = ( GEOMETRIC_REPRESENTATION_CONTEXT(2) 
PARAMETRIC_REPRESENTATION_CONTEXT() REPRESENTATION_CONTEXT('2D SPACE',''
  ) );
#1949 = PCURVE('',#424,#1950);
#1950 = DEFINITIONAL_REPRESENTATION('',(#1951),#1960);
#1951 = B_SPLINE_CURVE_WITH_KNOTS('',4,(#1952,#1953,#1954,#1955,#1956,
    #1957,#1958,#1959),.UNSPECIFIED.,.F.,.F.,(5,3,5),(0.,0.539562727083,
    1.),.UNSPECIFIED.);
#1952 = CARTESIAN_POINT('',(1.42959659055,6.840819603235E-02));
#1953 = CARTESIAN_POINT('',(1.420974572255,7.081045643403E-02));
#1954 = CARTESIAN_POINT('',(1.412348711075,7.321359538522E-02));
#1955 = CARTESIAN_POINT('',(1.403719912016,7.561768176118E-02));
#1956 = CARTESIAN_POINT('',(1.387724300596,8.007519852038E-02));
#1957 = CARTESIAN_POINT('',(1.380357982726,8.212834964851E-02));
#1958 = CARTESIAN_POINT('',(1.372990995777,8.418230156153E-02));
#1959 = CARTESIAN_POINT('',(1.365624074467,8.623710220849E-02));
#1960 = ( GEOMETRIC_REPRESENTATION_CONTEXT(2) 
PARAMETRIC_REPRESENTATION_CONTEXT() REPRESENTATION_CONTEXT('2D SPACE',''
  ) );
#1961 = ADVANCED_FACE('',(#1962),#1455,.F.);
#1962 = FACE_BOUND('',#1963,.F.);
#1963 = EDGE_LOOP('',(#1964,#1965,#1966,#1989));
#1964 = ORIENTED_EDGE('',*,*,#1903,.F.);
#1965 = ORIENTED_EDGE('',*,*,#1435,.F.);
#1966 = ORIENTED_EDGE('',*,*,#1967,.T.);
#1967 = EDGE_CURVE('',#1402,#1968,#1970,.T.);
#1968 = VERTEX_POINT('',#1969);
#1969 = CARTESIAN_POINT('',(2.381926884539,8.794814814815,
    42.666666666667));
#1970 = SURFACE_CURVE('',#1971,(#1975,#1982),.PCURVE_S1.);
#1971 = LINE('',#1972,#1973);
#1972 = CARTESIAN_POINT('',(-104.,8.794814814815,42.666666666667));
#1973 = VECTOR('',#1974,1.);
#1974 = DIRECTION('',(1.,0.,0.));
#1975 = PCURVE('',#1455,#1976);
#1976 = DEFINITIONAL_REPRESENTATION('',(#1977),#1981);
#1977 = LINE('',#1978,#1979);
#1978 = CARTESIAN_POINT('',(3.826238863307,-104.));
#1979 = VECTOR('',#1980,1.);
#1980 = DIRECTION('',(0.,1.));
#1981 = ( GEOMETRIC_REPRESENTATION_CONTEXT(2) 
PARAMETRIC_REPRESENTATION_CONTEXT() REPRESENTATION_CONTEXT('2D SPACE',''
  ) );
#1982 = PCURVE('',#1421,#1983);
#1983 = DEFINITIONAL_REPRESENTATION('',(#1984),#1988);
#1984 = LINE('',#1985,#1986);
#1985 = CARTESIAN_POINT('',(0.,-104.));
#1986 = VECTOR('',#1987,1.);
#1987 = DIRECTION('',(0.,1.));
#1988 = ( GEOMETRIC_REPRESENTATION_CONTEXT(2) 
PARAMETRIC_REPRESENTATION_CONTEXT() REPRESENTATION_CONTEXT('2D SPACE',''
  ) );
#1989 = ORIENTED_EDGE('',*,*,#1990,.T.);
#1990 = EDGE_CURVE('',#1968,#1904,#1991,.T.);
#1991 = SURFACE_CURVE('',#1992,(#1998,#2007),.PCURVE_S1.);
#1992 = B_SPLINE_CURVE_WITH_KNOTS('',4,(#1993,#1994,#1995,#1996,#1997),
  .UNSPECIFIED.,.F.,.F.,(5,5),(0.,1.),.PIECEWISE_BEZIER_KNOTS.);
#1993 = CARTESIAN_POINT('',(2.381926884539,8.794814814815,
    42.666666666667));
#1994 = CARTESIAN_POINT('',(2.444783387616,9.48058033054,42.000203832086
    ));
#1995 = CARTESIAN_POINT('',(2.504074081513,10.166513515921,
    41.333578047353));
#1996 = CARTESIAN_POINT('',(2.560481238285,10.8525687125,40.666833685752
    ));
#1997 = CARTESIAN_POINT('',(2.614624919146,11.538715820313,40.));
#1998 = PCURVE('',#1455,#1999);
#1999 = DEFINITIONAL_REPRESENTATION('',(#2000),#2006);
#2000 = B_SPLINE_CURVE_WITH_KNOTS('',4,(#2001,#2002,#2003,#2004,#2005),
  .UNSPECIFIED.,.F.,.F.,(5,5),(0.,1.),.PIECEWISE_BEZIER_KNOTS.);
#2001 = CARTESIAN_POINT('',(3.826238863307,2.381926884539));
#2002 = CARTESIAN_POINT('',(2.869971613823,2.444783387616));
#2003 = CARTESIAN_POINT('',(1.913470557014,2.504074081513));
#2004 = CARTESIAN_POINT('',(0.95679936142,2.560481238285));
#2005 = CARTESIAN_POINT('',(0.,2.614624919146));
#2006 = ( GEOMETRIC_REPRESENTATION_CONTEXT(2) 
PARAMETRIC_REPRESENTATION_CONTEXT() REPRESENTATION_CONTEXT('2D SPACE',''
  ) );
#2007 = PCURVE('',#424,#2008);
#2008 = DEFINITIONAL_REPRESENTATION('',(#2009),#2015);
#2009 = B_SPLINE_CURVE_WITH_KNOTS('',4,(#2010,#2011,#2012,#2013,#2014),
  .UNSPECIFIED.,.F.,.F.,(5,5),(0.,1.),.PIECEWISE_BEZIER_KNOTS.);
#2010 = CARTESIAN_POINT('',(1.493389938131,5.212384280182E-02));
#2011 = CARTESIAN_POINT('',(1.477465320894,5.619151984138E-02));
#2012 = CARTESIAN_POINT('',(1.461522351623,6.026136130695E-02));
#2013 = CARTESIAN_POINT('',(1.445564396779,6.433347956839E-02));
#2014 = CARTESIAN_POINT('',(1.429596593277,6.840819549942E-02));
#2015 = ( GEOMETRIC_REPRESENTATION_CONTEXT(2) 
PARAMETRIC_REPRESENTATION_CONTEXT() REPRESENTATION_CONTEXT('2D SPACE',''
  ) );
#2016 = ADVANCED_FACE('',(#2017),#1421,.F.);
#2017 = FACE_BOUND('',#2018,.F.);
#2018 = EDGE_LOOP('',(#2019,#2020,#2021,#2044));
#2019 = ORIENTED_EDGE('',*,*,#1967,.F.);
#2020 = ORIENTED_EDGE('',*,*,#1401,.F.);
#2021 = ORIENTED_EDGE('',*,*,#2022,.T.);
#2022 = EDGE_CURVE('',#1368,#2023,#2025,.T.);
#2023 = VERTEX_POINT('',#2024);
#2024 = CARTESIAN_POINT('',(2.153591172464,6.373721969039,
    45.333333333333));
#2025 = SURFACE_CURVE('',#2026,(#2030,#2037),.PCURVE_S1.);
#2026 = LINE('',#2027,#2028);
#2027 = CARTESIAN_POINT('',(-104.,6.373721969039,45.333333333333));
#2028 = VECTOR('',#2029,1.);
#2029 = DIRECTION('',(1.,0.,0.));
#2030 = PCURVE('',#1421,#2031);
#2031 = DEFINITIONAL_REPRESENTATION('',(#2032),#2036);
#2032 = LINE('',#2033,#2034);
#2033 = CARTESIAN_POINT('',(3.601777572113,-104.));
#2034 = VECTOR('',#2035,1.);
#2035 = DIRECTION('',(0.,1.));
#2036 = ( GEOMETRIC_REPRESENTATION_CONTEXT(2) 
PARAMETRIC_REPRESENTATION_CONTEXT() REPRESENTATION_CONTEXT('2D SPACE',''
  ) );
#2037 = PCURVE('',#1387,#2038);
#2038 = DEFINITIONAL_REPRESENTATION('',(#2039),#2043);
#2039 = LINE('',#2040,#2041);
#2040 = CARTESIAN_POINT('',(0.,-104.));
#2041 = VECTOR('',#2042,1.);
#2042 = DIRECTION('',(0.,1.));
#2043 = ( GEOMETRIC_REPRESENTATION_CONTEXT(2) 
PARAMETRIC_REPRESENTATION_CONTEXT() REPRESENTATION_CONTEXT('2D SPACE',''
  ) );
#2044 = ORIENTED_EDGE('',*,*,#2045,.T.);
#2045 = EDGE_CURVE('',#2023,#1968,#2046,.T.);
#2046 = SURFACE_CURVE('',#2047,(#2053,#2062),.PCURVE_S1.);
#2047 = B_SPLINE_CURVE_WITH_KNOTS('',4,(#2048,#2049,#2050,#2051,#2052),
  .UNSPECIFIED.,.F.,.F.,(5,5),(0.,1.),.PIECEWISE_BEZIER_KNOTS.);
#2048 = CARTESIAN_POINT('',(2.153591172464,6.373721969039,
    45.333333333333));
#2049 = CARTESIAN_POINT('',(2.216878981658,6.978721131507,
    44.666968512699));
#2050 = CARTESIAN_POINT('',(2.275687441292,7.583931676581,
    44.000370868713));
#2051 = CARTESIAN_POINT('',(2.330541200856,8.189306776253,
    43.333591979196));
#2052 = CARTESIAN_POINT('',(2.381926884539,8.794814814815,
    42.666666666667));
#2053 = PCURVE('',#1421,#2054);
#2054 = DEFINITIONAL_REPRESENTATION('',(#2055),#2061);
#2055 = B_SPLINE_CURVE_WITH_KNOTS('',4,(#2056,#2057,#2058,#2059,#2060),
  .UNSPECIFIED.,.F.,.F.,(5,5),(0.,1.),.PIECEWISE_BEZIER_KNOTS.);
#2056 = CARTESIAN_POINT('',(3.601777572113,2.153591172464));
#2057 = CARTESIAN_POINT('',(2.701740872436,2.216878981658));
#2058 = CARTESIAN_POINT('',(1.801389706037,2.275687441292));
#2059 = CARTESIAN_POINT('',(0.900793737354,2.330541200856));
#2060 = CARTESIAN_POINT('',(0.,2.381926884539));
#2061 = ( GEOMETRIC_REPRESENTATION_CONTEXT(2) 
PARAMETRIC_REPRESENTATION_CONTEXT() REPRESENTATION_CONTEXT('2D SPACE',''
  ) );
#2062 = PCURVE('',#424,#2063);
#2063 = DEFINITIONAL_REPRESENTATION('',(#2064),#2070);
#2064 = B_SPLINE_CURVE_WITH_KNOTS('',4,(#2065,#2066,#2067,#2068,#2069),
  .UNSPECIFIED.,.F.,.F.,(5,5),(0.,1.),.PIECEWISE_BEZIER_KNOTS.);
#2065 = CARTESIAN_POINT('',(1.556976540964,3.77674735833E-02));
#2066 = CARTESIAN_POINT('',(1.541104934481,4.13540092711E-02));
#2067 = CARTESIAN_POINT('',(1.525215424063,4.494229889175E-02));
#2068 = CARTESIAN_POINT('',(1.509309447106,4.853221980379E-02));
#2069 = CARTESIAN_POINT('',(1.493389939484,5.212384272626E-02));
#2070 = ( GEOMETRIC_REPRESENTATION_CONTEXT(2) 
PARAMETRIC_REPRESENTATION_CONTEXT() REPRESENTATION_CONTEXT('2D SPACE',''
  ) );
#2071 = ADVANCED_FACE('',(#2072),#1387,.F.);
#2072 = FACE_BOUND('',#2073,.F.);
#2073 = EDGE_LOOP('',(#2074,#2075,#2076,#2099));
#2074 = ORIENTED_EDGE('',*,*,#2022,.F.);
#2075 = ORIENTED_EDGE('',*,*,#1367,.F.);
#2076 = ORIENTED_EDGE('',*,*,#2077,.T.);
#2077 = EDGE_CURVE('',#1334,#2078,#2080,.T.);
#2078 = VERTEX_POINT('',#2079);
#2079 = CARTESIAN_POINT('',(1.930273259176,4.32765625,48.));
#2080 = SURFACE_CURVE('',#2081,(#2085,#2092),.PCURVE_S1.);
#2081 = LINE('',#2082,#2083);
#2082 = CARTESIAN_POINT('',(-104.,4.32765625,48.));
#2083 = VECTOR('',#2084,1.);
#2084 = DIRECTION('',(1.,0.,0.));
#2085 = PCURVE('',#1387,#2086);
#2086 = DEFINITIONAL_REPRESENTATION('',(#2087),#2091);
#2087 = LINE('',#2088,#2089);
#2088 = CARTESIAN_POINT('',(3.361174800236,-104.));
#2089 = VECTOR('',#2090,1.);
#2090 = DIRECTION('',(0.,1.));
#2091 = ( GEOMETRIC_REPRESENTATION_CONTEXT(2) 
PARAMETRIC_REPRESENTATION_CONTEXT() REPRESENTATION_CONTEXT('2D SPACE',''
  ) );
#2092 = PCURVE('',#1353,#2093);
#2093 = DEFINITIONAL_REPRESENTATION('',(#2094),#2098);
#2094 = LINE('',#2095,#2096);
#2095 = CARTESIAN_POINT('',(0.,-104.));
#2096 = VECTOR('',#2097,1.);
#2097 = DIRECTION('',(0.,1.));
#2098 = ( GEOMETRIC_REPRESENTATION_CONTEXT(2) 
PARAMETRIC_REPRESENTATION_CONTEXT() REPRESENTATION_CONTEXT('2D SPACE',''
  ) );
#2099 = ORIENTED_EDGE('',*,*,#2100,.T.);
#2100 = EDGE_CURVE('',#2078,#2023,#2101,.T.);
#2101 = SURFACE_CURVE('',#2102,(#2108,#2117),.PCURVE_S1.);
#2102 = B_SPLINE_CURVE_WITH_KNOTS('',4,(#2103,#2104,#2105,#2106,#2107),
  .UNSPECIFIED.,.F.,.F.,(5,5),(0.,1.),.PIECEWISE_BEZIER_KNOTS.);
#2103 = CARTESIAN_POINT('',(1.930273259176,4.32765625,48.));
#2104 = CARTESIAN_POINT('',(1.992777963175,4.838891870891,
    47.333699315542));
#2105 = CARTESIAN_POINT('',(2.050601603072,5.350339342255,
    46.667122523336));
#2106 = CARTESIAN_POINT('',(2.104095030689,5.861959071254,
    46.000321225296));
#2107 = CARTESIAN_POINT('',(2.153591172464,6.373721969039,
    45.333333333333));
#2108 = PCURVE('',#1387,#2109);
#2109 = DEFINITIONAL_REPRESENTATION('',(#2110),#2116);
#2110 = B_SPLINE_CURVE_WITH_KNOTS('',4,(#2111,#2112,#2113,#2114,#2115),
  .UNSPECIFIED.,.F.,.F.,(5,5),(0.,1.),.PIECEWISE_BEZIER_KNOTS.);
#2111 = CARTESIAN_POINT('',(3.361174800236,1.930273259176));
#2112 = CARTESIAN_POINT('',(2.521342398993,1.992777963175));
#2113 = CARTESIAN_POINT('',(1.681161980349,2.050601603072));
#2114 = CARTESIAN_POINT('',(0.840698585448,2.104095030689));
#2115 = CARTESIAN_POINT('',(0.,2.153591172464));
#2116 = ( GEOMETRIC_REPRESENTATION_CONTEXT(2) 
PARAMETRIC_REPRESENTATION_CONTEXT() REPRESENTATION_CONTEXT('2D SPACE',''
  ) );
#2117 = PCURVE('',#424,#2118);
#2118 = DEFINITIONAL_REPRESENTATION('',(#2119),#2125);
#2119 = B_SPLINE_CURVE_WITH_KNOTS('',4,(#2120,#2121,#2122,#2123,#2124),
  .UNSPECIFIED.,.F.,.F.,(5,5),(0.,1.),.PIECEWISE_BEZIER_KNOTS.);
#2120 = CARTESIAN_POINT('',(1.620396174813,2.563991641857E-02));
#2121 = CARTESIAN_POINT('',(1.604562115894,2.866973184828E-02));
#2122 = CARTESIAN_POINT('',(1.58871372964,3.170105030452E-02));
#2123 = CARTESIAN_POINT('',(1.57285140236,3.473365797528E-02));
#2124 = CARTESIAN_POINT('',(1.556976541426,3.776747357447E-02));
#2125 = ( GEOMETRIC_REPRESENTATION_CONTEXT(2) 
PARAMETRIC_REPRESENTATION_CONTEXT() REPRESENTATION_CONTEXT('2D SPACE',''
  ) );
#2126 = ADVANCED_FACE('',(#2127),#1353,.F.);
#2127 = FACE_BOUND('',#2128,.F.);
#2128 = EDGE_LOOP('',(#2129,#2130,#2131,#2154));
#2129 = ORIENTED_EDGE('',*,*,#2077,.F.);
#2130 = ORIENTED_EDGE('',*,*,#1333,.F.);
#2131 = ORIENTED_EDGE('',*,*,#2132,.T.);
#2132 = EDGE_CURVE('',#1300,#2133,#2135,.T.);
#2133 = VERTEX_POINT('',#2134);
#2134 = CARTESIAN_POINT('',(1.720706689961,2.689847909433,
    50.666666666667));
#2135 = SURFACE_CURVE('',#2136,(#2140,#2147),.PCURVE_S1.);
#2136 = LINE('',#2137,#2138);
#2137 = CARTESIAN_POINT('',(-104.,2.689847909433,50.666666666667));
#2138 = VECTOR('',#2139,1.);
#2139 = DIRECTION('',(1.,0.,0.));
#2140 = PCURVE('',#1353,#2141);
#2141 = DEFINITIONAL_REPRESENTATION('',(#2142),#2146);
#2142 = LINE('',#2143,#2144);
#2143 = CARTESIAN_POINT('',(3.129461179108,-104.));
#2144 = VECTOR('',#2145,1.);
#2145 = DIRECTION('',(0.,1.));
#2146 = ( GEOMETRIC_REPRESENTATION_CONTEXT(2) 
PARAMETRIC_REPRESENTATION_CONTEXT() REPRESENTATION_CONTEXT('2D SPACE',''
  ) );
#2147 = PCURVE('',#1319,#2148);
#2148 = DEFINITIONAL_REPRESENTATION('',(#2149),#2153);
#2149 = LINE('',#2150,#2151);
#2150 = CARTESIAN_POINT('',(0.,-104.));
#2151 = VECTOR('',#2152,1.);
#2152 = DIRECTION('',(0.,1.));
#2153 = ( GEOMETRIC_REPRESENTATION_CONTEXT(2) 
PARAMETRIC_REPRESENTATION_CONTEXT() REPRESENTATION_CONTEXT('2D SPACE',''
  ) );
#2154 = ORIENTED_EDGE('',*,*,#2155,.T.);
#2155 = EDGE_CURVE('',#2133,#2078,#2156,.T.);
#2156 = SURFACE_CURVE('',#2157,(#2163,#2172),.PCURVE_S1.);
#2157 = B_SPLINE_CURVE_WITH_KNOTS('',4,(#2158,#2159,#2160,#2161,#2162),
  .UNSPECIFIED.,.F.,.F.,(5,5),(0.,1.),.PIECEWISE_BEZIER_KNOTS.);
#2158 = CARTESIAN_POINT('',(1.720706689961,2.689847909433,
    50.666666666667));
#2159 = CARTESIAN_POINT('',(1.779256614116,3.099075695275,
    50.000365202357));
#2160 = CARTESIAN_POINT('',(1.833569338917,3.508469402413,
    49.333793586297));
#2161 = CARTESIAN_POINT('',(1.883843875713,3.918003184841,
    48.666993900751));
#2162 = CARTESIAN_POINT('',(1.930273259176,4.32765625,48.));
#2163 = PCURVE('',#1353,#2164);
#2164 = DEFINITIONAL_REPRESENTATION('',(#2165),#2171);
#2165 = B_SPLINE_CURVE_WITH_KNOTS('',4,(#2166,#2167,#2168,#2169,#2170),
  .UNSPECIFIED.,.F.,.F.,(5,5),(0.,1.),.PIECEWISE_BEZIER_KNOTS.);
#2166 = CARTESIAN_POINT('',(3.129461179108,1.720706689961));
#2167 = CARTESIAN_POINT('',(2.347524466805,1.779256614116));
#2168 = CARTESIAN_POINT('',(1.565270718472,1.833569338917));
#2169 = CARTESIAN_POINT('',(0.782749319664,1.883843875713));
#2170 = CARTESIAN_POINT('',(0.,1.930273259176));
#2171 = ( GEOMETRIC_REPRESENTATION_CONTEXT(2) 
PARAMETRIC_REPRESENTATION_CONTEXT() REPRESENTATION_CONTEXT('2D SPACE',''
  ) );
#2172 = PCURVE('',#424,#2173);
#2173 = DEFINITIONAL_REPRESENTATION('',(#2174),#2180);
#2174 = B_SPLINE_CURVE_WITH_KNOTS('',4,(#2175,#2176,#2177,#2178,#2179),
  .UNSPECIFIED.,.F.,.F.,(5,5),(0.,1.),.PIECEWISE_BEZIER_KNOTS.);
#2175 = CARTESIAN_POINT('',(1.683714358336,1.593446899739E-02));
#2176 = CARTESIAN_POINT('',(1.667899408019,1.835925572595E-02));
#2177 = CARTESIAN_POINT('',(1.652074619146,2.078520080034E-02));
#2178 = CARTESIAN_POINT('',(1.636240012603,2.321212554612E-02));
#2179 = CARTESIAN_POINT('',(1.620396174692,2.563991642557E-02));
#2180 = ( GEOMETRIC_REPRESENTATION_CONTEXT(2) 
PARAMETRIC_REPRESENTATION_CONTEXT() REPRESENTATION_CONTEXT('2D SPACE',''
  ) );
#2181 = ADVANCED_FACE('',(#2182),#1319,.F.);
#2182 = FACE_BOUND('',#2183,.F.);
#2183 = EDGE_LOOP('',(#2184,#2185,#2186,#2209));
#2184 = ORIENTED_EDGE('',*,*,#2132,.F.);
#2185 = ORIENTED_EDGE('',*,*,#1299,.F.);
#2186 = ORIENTED_EDGE('',*,*,#2187,.T.);
#2187 = EDGE_CURVE('',#1266,#2188,#2190,.T.);
#2188 = VERTEX_POINT('',#2189);
#2189 = CARTESIAN_POINT('',(1.539072856814,1.470740740741,
    53.333333333333));
#2190 = SURFACE_CURVE('',#2191,(#2195,#2202),.PCURVE_S1.);
#2191 = LINE('',#2192,#2193);
#2192 = CARTESIAN_POINT('',(-104.,1.470740740741,53.333333333333));
#2193 = VECTOR('',#2194,1.);
#2194 = DIRECTION('',(1.,0.,0.));
#2195 = PCURVE('',#1319,#2196);
#2196 = DEFINITIONAL_REPRESENTATION('',(#2197),#2201);
#2197 = LINE('',#2198,#2199);
#2198 = CARTESIAN_POINT('',(2.932120972925,-104.));
#2199 = VECTOR('',#2200,1.);
#2200 = DIRECTION('',(0.,1.));
#2201 = ( GEOMETRIC_REPRESENTATION_CONTEXT(2) 
PARAMETRIC_REPRESENTATION_CONTEXT() REPRESENTATION_CONTEXT('2D SPACE',''
  ) );
#2202 = PCURVE('',#1285,#2203);
#2203 = DEFINITIONAL_REPRESENTATION('',(#2204),#2208);
#2204 = LINE('',#2205,#2206);
#2205 = CARTESIAN_POINT('',(0.,-104.));
#2206 = VECTOR('',#2207,1.);
#2207 = DIRECTION('',(0.,1.));
#2208 = ( GEOMETRIC_REPRESENTATION_CONTEXT(2) 
PARAMETRIC_REPRESENTATION_CONTEXT() REPRESENTATION_CONTEXT('2D SPACE',''
  ) );
#2209 = ORIENTED_EDGE('',*,*,#2210,.T.);
#2210 = EDGE_CURVE('',#2188,#2133,#2211,.T.);
#2211 = SURFACE_CURVE('',#2212,(#2218,#2227),.PCURVE_S1.);
#2212 = B_SPLINE_CURVE_WITH_KNOTS('',4,(#2213,#2214,#2215,#2216,#2217),
  .UNSPECIFIED.,.F.,.F.,(5,5),(0.,1.),.PIECEWISE_BEZIER_KNOTS.);
#2213 = CARTESIAN_POINT('',(1.539072856814,1.470740740741,
    53.333333333333));
#2214 = CARTESIAN_POINT('',(1.589418979167,1.775385766108,
    52.666954892474));
#2215 = CARTESIAN_POINT('',(1.636411863228,2.080126533799,
    52.000367025513));
#2216 = CARTESIAN_POINT('',(1.680144001227,2.384950799462,
    51.333596515659));
#2217 = CARTESIAN_POINT('',(1.720706689961,2.689847909433,
    50.666666666667));
#2218 = PCURVE('',#1319,#2219);
#2219 = DEFINITIONAL_REPRESENTATION('',(#2220),#2226);
#2220 = B_SPLINE_CURVE_WITH_KNOTS('',4,(#2221,#2222,#2223,#2224,#2225),
  .UNSPECIFIED.,.F.,.F.,(5,5),(0.,1.),.PIECEWISE_BEZIER_KNOTS.);
#2221 = CARTESIAN_POINT('',(2.932120972925,1.539072856814));
#2222 = CARTESIAN_POINT('',(2.199407647044,1.589418979167));
#2223 = CARTESIAN_POINT('',(1.466464047664,1.636411863228));
#2224 = CARTESIAN_POINT('',(0.733319624138,1.680144001227));
#2225 = CARTESIAN_POINT('',(0.,1.720706689961));
#2226 = ( GEOMETRIC_REPRESENTATION_CONTEXT(2) 
PARAMETRIC_REPRESENTATION_CONTEXT() REPRESENTATION_CONTEXT('2D SPACE',''
  ) );
#2227 = PCURVE('',#424,#2228);
#2228 = DEFINITIONAL_REPRESENTATION('',(#2229),#2235);
#2229 = B_SPLINE_CURVE_WITH_KNOTS('',4,(#2230,#2231,#2232,#2233,#2234),
  .UNSPECIFIED.,.F.,.F.,(5,5),(0.,1.),.PIECEWISE_BEZIER_KNOTS.);
#2230 = CARTESIAN_POINT('',(1.74698710119,8.71156535868E-03));
#2231 = CARTESIAN_POINT('',(1.731177507833,1.051633332888E-02));
#2232 = CARTESIAN_POINT('',(1.715362151615,1.232180010534E-02));
#2233 = CARTESIAN_POINT('',(1.699541022008,1.412787011767E-02));
#2234 = CARTESIAN_POINT('',(1.683714358083,1.593446901298E-02));
#2235 = ( GEOMETRIC_REPRESENTATION_CONTEXT(2) 
PARAMETRIC_REPRESENTATION_CONTEXT() REPRESENTATION_CONTEXT('2D SPACE',''
  ) );
#2236 = ADVANCED_FACE('',(#2237),#1285,.F.);
#2237 = FACE_BOUND('',#2238,.F.);
#2238 = EDGE_LOOP('',(#2239,#2240,#2241,#2264));
#2239 = ORIENTED_EDGE('',*,*,#2187,.F.);
#2240 = ORIENTED_EDGE('',*,*,#1265,.F.);
#2241 = ORIENTED_EDGE('',*,*,#2242,.T.);
#2242 = EDGE_CURVE('',#1232,#2243,#2245,.T.);
#2243 = VERTEX_POINT('',#2244);
#2244 = CARTESIAN_POINT('',(1.400082823939,0.654194335937,56.));
#2245 = SURFACE_CURVE('',#2246,(#2250,#2257),.PCURVE_S1.);
#2246 = LINE('',#2247,#2248);
#2247 = CARTESIAN_POINT('',(-104.,0.654194335937,56.));
#2248 = VECTOR('',#2249,1.);
#2249 = DIRECTION('',(1.,0.,0.));
#2250 = PCURVE('',#1285,#2251);
#2251 = DEFINITIONAL_REPRESENTATION('',(#2252),#2256);
#2252 = LINE('',#2253,#2254);
#2253 = CARTESIAN_POINT('',(2.788881342458,-104.));
#2254 = VECTOR('',#2255,1.);
#2255 = DIRECTION('',(0.,1.));
#2256 = ( GEOMETRIC_REPRESENTATION_CONTEXT(2) 
PARAMETRIC_REPRESENTATION_CONTEXT() REPRESENTATION_CONTEXT('2D SPACE',''
  ) );
#2257 = PCURVE('',#1251,#2258);
#2258 = DEFINITIONAL_REPRESENTATION('',(#2259),#2263);
#2259 = LINE('',#2260,#2261);
#2260 = CARTESIAN_POINT('',(0.,-104.));
#2261 = VECTOR('',#2262,1.);
#2262 = DIRECTION('',(0.,1.));
#2263 = ( GEOMETRIC_REPRESENTATION_CONTEXT(2) 
PARAMETRIC_REPRESENTATION_CONTEXT() REPRESENTATION_CONTEXT('2D SPACE',''
  ) );
#2264 = ORIENTED_EDGE('',*,*,#2265,.T.);
#2265 = EDGE_CURVE('',#2243,#2188,#2266,.T.);
#2266 = SURFACE_CURVE('',#2267,(#2273,#2282),.PCURVE_S1.);
#2267 = B_SPLINE_CURVE_WITH_KNOTS('',4,(#2268,#2269,#2270,#2271,#2272),
  .UNSPECIFIED.,.F.,.F.,(5,5),(0.,1.),.PIECEWISE_BEZIER_KNOTS.);
#2268 = CARTESIAN_POINT('',(1.400082823939,0.654194335937,56.));
#2269 = CARTESIAN_POINT('',(1.438231621732,0.858279701814,
    55.333500656991));
#2270 = CARTESIAN_POINT('',(1.474090758942,1.062401738881,
    54.666881553684));
#2271 = CARTESIAN_POINT('',(1.507693452747,1.266556603226,54.00015524348
    ));
#2272 = CARTESIAN_POINT('',(1.539072856814,1.470740740741,
    53.333333333333));
#2273 = PCURVE('',#1285,#2274);
#2274 = DEFINITIONAL_REPRESENTATION('',(#2275),#2281);
#2275 = B_SPLINE_CURVE_WITH_KNOTS('',4,(#2276,#2277,#2278,#2279,#2280),
  .UNSPECIFIED.,.F.,.F.,(5,5),(0.,1.),.PIECEWISE_BEZIER_KNOTS.);
#2276 = CARTESIAN_POINT('',(2.788881342458,1.400082823939));
#2277 = CARTESIAN_POINT('',(2.091835999028,1.438231621732));
#2278 = CARTESIAN_POINT('',(1.394665406627,1.474090758942));
#2279 = CARTESIAN_POINT('',(0.697382693981,1.507693452747));
#2280 = CARTESIAN_POINT('',(0.,1.539072856814));
#2281 = ( GEOMETRIC_REPRESENTATION_CONTEXT(2) 
PARAMETRIC_REPRESENTATION_CONTEXT() REPRESENTATION_CONTEXT('2D SPACE',''
  ) );
#2282 = PCURVE('',#424,#2283);
#2283 = DEFINITIONAL_REPRESENTATION('',(#2284),#2290);
#2284 = B_SPLINE_CURVE_WITH_KNOTS('',4,(#2285,#2286,#2287,#2288,#2289),
  .UNSPECIFIED.,.F.,.F.,(5,5),(0.,1.),.PIECEWISE_BEZIER_KNOTS.);
#2285 = CARTESIAN_POINT('',(1.810245581856,3.874594545605E-03));
#2286 = CARTESIAN_POINT('',(1.794434957981,5.08342863349E-03));
#2287 = CARTESIAN_POINT('',(1.77862163964,6.292556085721E-03));
#2288 = CARTESIAN_POINT('',(1.762805653461,7.501944415072E-03));
#2289 = CARTESIAN_POINT('',(1.746987101427,8.711565320473E-03));
#2290 = ( GEOMETRIC_REPRESENTATION_CONTEXT(2) 
PARAMETRIC_REPRESENTATION_CONTEXT() REPRESENTATION_CONTEXT('2D SPACE',''
  ) );
#2291 = ADVANCED_FACE('',(#2292),#1251,.F.);
#2292 = FACE_BOUND('',#2293,.F.);
#2293 = EDGE_LOOP('',(#2294,#2295,#2296,#2319));
#2294 = ORIENTED_EDGE('',*,*,#2242,.F.);
#2295 = ORIENTED_EDGE('',*,*,#1231,.F.);
#2296 = ORIENTED_EDGE('',*,*,#2297,.T.);
#2297 = EDGE_CURVE('',#1198,#2298,#2300,.T.);
#2298 = VERTEX_POINT('',#2299);
#2299 = CARTESIAN_POINT('',(1.313161707986,0.193686342593,
    58.666666666667));
#2300 = SURFACE_CURVE('',#2301,(#2305,#2312),.PCURVE_S1.);
#2301 = LINE('',#2302,#2303);
#2302 = CARTESIAN_POINT('',(-104.,0.193686342593,58.666666666667));
#2303 = VECTOR('',#2304,1.);
#2304 = DIRECTION('',(1.,0.,0.));
#2305 = PCURVE('',#1251,#2306);
#2306 = DEFINITIONAL_REPRESENTATION('',(#2307),#2311);
#2307 = LINE('',#2308,#2309);
#2308 = CARTESIAN_POINT('',(2.706137232855,-104.));
#2309 = VECTOR('',#2310,1.);
#2310 = DIRECTION('',(0.,1.));
#2311 = ( GEOMETRIC_REPRESENTATION_CONTEXT(2) 
PARAMETRIC_REPRESENTATION_CONTEXT() REPRESENTATION_CONTEXT('2D SPACE',''
  ) );
#2312 = PCURVE('',#1217,#2313);
#2313 = DEFINITIONAL_REPRESENTATION('',(#2314),#2318);
#2314 = LINE('',#2315,#2316);
#2315 = CARTESIAN_POINT('',(0.,-104.));
#2316 = VECTOR('',#2317,1.);
#2317 = DIRECTION('',(0.,1.));
#2318 = ( GEOMETRIC_REPRESENTATION_CONTEXT(2) 
PARAMETRIC_REPRESENTATION_CONTEXT() REPRESENTATION_CONTEXT('2D SPACE',''
  ) );
#2319 = ORIENTED_EDGE('',*,*,#2320,.T.);
#2320 = EDGE_CURVE('',#2298,#2243,#2321,.T.);
#2321 = SURFACE_CURVE('',#2322,(#2328,#2337),.PCURVE_S1.);
#2322 = B_SPLINE_CURVE_WITH_KNOTS('',4,(#2323,#2324,#2325,#2326,#2327),
  .UNSPECIFIED.,.F.,.F.,(5,5),(0.,1.),.PIECEWISE_BEZIER_KNOTS.);
#2323 = CARTESIAN_POINT('',(1.313161707986,0.193686342593,
    58.666666666667));
#2324 = CARTESIAN_POINT('',(1.336808703339,0.308802560274,
    58.000062427611));
#2325 = CARTESIAN_POINT('',(1.359172429355,0.423926408193,
    57.333414004086));
#2326 = CARTESIAN_POINT('',(1.380261067338,0.539057215666,
    56.666725279826));
#2327 = CARTESIAN_POINT('',(1.400082823939,0.654194335937,56.));
#2328 = PCURVE('',#1251,#2329);
#2329 = DEFINITIONAL_REPRESENTATION('',(#2330),#2336);
#2330 = B_SPLINE_CURVE_WITH_KNOTS('',4,(#2331,#2332,#2333,#2334,#2335),
  .UNSPECIFIED.,.F.,.F.,(5,5),(0.,1.),.PIECEWISE_BEZIER_KNOTS.);
#2331 = CARTESIAN_POINT('',(2.706137232855,1.313161707986));
#2332 = CARTESIAN_POINT('',(2.029666276273,1.336808703339));
#2333 = CARTESIAN_POINT('',(1.353150481225,1.359172429355));
#2334 = CARTESIAN_POINT('',(0.676593788934,1.380261067338));
#2335 = CARTESIAN_POINT('',(0.,1.400082823939));
#2336 = ( GEOMETRIC_REPRESENTATION_CONTEXT(2) 
PARAMETRIC_REPRESENTATION_CONTEXT() REPRESENTATION_CONTEXT('2D SPACE',''
  ) );
#2337 = PCURVE('',#424,#2338);
#2338 = DEFINITIONAL_REPRESENTATION('',(#2339),#2345);
#2339 = B_SPLINE_CURVE_WITH_KNOTS('',4,(#2340,#2341,#2342,#2343,#2344),
  .UNSPECIFIED.,.F.,.F.,(5,5),(0.,1.),.PIECEWISE_BEZIER_KNOTS.);
#2340 = CARTESIAN_POINT('',(1.873500004759,1.147076385411E-03));
#2341 = CARTESIAN_POINT('',(1.857687647897,1.828851889119E-03));
#2342 = CARTESIAN_POINT('',(1.84187443865,2.510700681755E-03));
#2343 = CARTESIAN_POINT('',(1.826060403452,3.192616789223E-03));
#2344 = CARTESIAN_POINT('',(1.810245581823,3.874594525193E-03));
#2345 = ( GEOMETRIC_REPRESENTATION_CONTEXT(2) 
PARAMETRIC_REPRESENTATION_CONTEXT() REPRESENTATION_CONTEXT('2D SPACE',''
  ) );
#2346 = ADVANCED_FACE('',(#2347),#1217,.F.);
#2347 = FACE_BOUND('',#2348,.F.);
#2348 = EDGE_LOOP('',(#2349,#2350,#2351,#2374));
#2349 = ORIENTED_EDGE('',*,*,#2297,.F.);
#2350 = ORIENTED_EDGE('',*,*,#1197,.F.);
#2351 = ORIENTED_EDGE('',*,*,#2352,.F.);
#2352 = EDGE_CURVE('',#2353,#1164,#2355,.T.);
#2353 = VERTEX_POINT('',#2354);
#2354 = CARTESIAN_POINT('',(1.276982690626,8.514720775475E-03,
    61.333333333333));
#2355 = SURFACE_CURVE('',#2356,(#2360,#2367),.PCURVE_S1.);
#2356 = LINE('',#2357,#2358);
#2357 = CARTESIAN_POINT('',(104.,8.514720775475E-03,61.333333333333));
#2358 = VECTOR('',#2359,1.);
#2359 = DIRECTION('',(-1.,0.,0.));
#2360 = PCURVE('',#1217,#2361);
#2361 = DEFINITIONAL_REPRESENTATION('',(#2362),#2366);
#2362 = LINE('',#2363,#2364);
#2363 = CARTESIAN_POINT('',(2.673088034584,104.));
#2364 = VECTOR('',#2365,1.);
#2365 = DIRECTION('',(0.,-1.));
#2366 = ( GEOMETRIC_REPRESENTATION_CONTEXT(2) 
PARAMETRIC_REPRESENTATION_CONTEXT() REPRESENTATION_CONTEXT('2D SPACE',''
  ) );
#2367 = PCURVE('',#1183,#2368);
#2368 = DEFINITIONAL_REPRESENTATION('',(#2369),#2373);
#2369 = LINE('',#2370,#2371);
#2370 = CARTESIAN_POINT('',(0.,104.));
#2371 = VECTOR('',#2372,1.);
#2372 = DIRECTION('',(0.,-1.));
#2373 = ( GEOMETRIC_REPRESENTATION_CONTEXT(2) 
PARAMETRIC_REPRESENTATION_CONTEXT() REPRESENTATION_CONTEXT('2D SPACE',''
  ) );
#2374 = ORIENTED_EDGE('',*,*,#2375,.T.);
#2375 = EDGE_CURVE('',#2353,#2298,#2376,.T.);
#2376 = SURFACE_CURVE('',#2377,(#2383,#2392),.PCURVE_S1.);
#2377 = B_SPLINE_CURVE_WITH_KNOTS('',4,(#2378,#2379,#2380,#2381,#2382),
  .UNSPECIFIED.,.F.,.F.,(5,5),(0.,1.),.PIECEWISE_BEZIER_KNOTS.);
#2378 = CARTESIAN_POINT('',(1.276982690626,8.514720775475E-03,
    61.333333333333));
#2379 = CARTESIAN_POINT('',(1.286787589045,5.480689381935E-02,
    60.666677214149));
#2380 = CARTESIAN_POINT('',(1.296085042116,0.101099582439,
    60.000013670126));
#2381 = CARTESIAN_POINT('',(1.304876072958,0.14739274556,59.333343292793
    ));
#2382 = CARTESIAN_POINT('',(1.313161707986,0.193686342593,
    58.666666666667));
#2383 = PCURVE('',#1217,#2384);
#2384 = DEFINITIONAL_REPRESENTATION('',(#2385),#2391);
#2385 = B_SPLINE_CURVE_WITH_KNOTS('',4,(#2386,#2387,#2388,#2389,#2390),
  .UNSPECIFIED.,.F.,.F.,(5,5),(0.,1.),.PIECEWISE_BEZIER_KNOTS.);
#2386 = CARTESIAN_POINT('',(2.673088034584,1.276982690626));
#2387 = CARTESIAN_POINT('',(2.004826598819,1.286787589045));
#2388 = CARTESIAN_POINT('',(1.336557720336,1.296085042116));
#2389 = CARTESIAN_POINT('',(0.668281992088,1.304876072958));
#2390 = CARTESIAN_POINT('',(0.,1.313161707986));
#2391 = ( GEOMETRIC_REPRESENTATION_CONTEXT(2) 
PARAMETRIC_REPRESENTATION_CONTEXT() REPRESENTATION_CONTEXT('2D SPACE',''
  ) );
#2392 = PCURVE('',#424,#2393);
#2393 = DEFINITIONAL_REPRESENTATION('',(#2394),#2400);
#2394 = B_SPLINE_CURVE_WITH_KNOTS('',4,(#2395,#2396,#2397,#2398,#2399),
  .UNSPECIFIED.,.F.,.F.,(5,5),(0.,1.),.PIECEWISE_BEZIER_KNOTS.);
#2395 = CARTESIAN_POINT('',(1.93675141767,5.042576480529E-05));
#2396 = CARTESIAN_POINT('',(1.920938724235,3.245769791902E-04));
#2397 = CARTESIAN_POINT('',(1.905125919084,5.98736072885E-04));
#2398 = CARTESIAN_POINT('',(1.889313009803,8.729026666546E-04));
#2399 = CARTESIAN_POINT('',(1.873500004699,1.147076376244E-03));
#2400 = ( GEOMETRIC_REPRESENTATION_CONTEXT(2) 
PARAMETRIC_REPRESENTATION_CONTEXT() REPRESENTATION_CONTEXT('2D SPACE',''
  ) );
#2401 = ADVANCED_FACE('',(#2402),#1183,.F.);
#2402 = FACE_BOUND('',#2403,.F.);
#2403 = EDGE_LOOP('',(#2404,#2405,#2406,#2427));
#2404 = ORIENTED_EDGE('',*,*,#2352,.T.);
#2405 = ORIENTED_EDGE('',*,*,#1163,.F.);
#2406 = ORIENTED_EDGE('',*,*,#2407,.F.);
#2407 = EDGE_CURVE('',#2408,#1137,#2410,.T.);
#2408 = VERTEX_POINT('',#2409);
#2409 = CARTESIAN_POINT('',(1.276451044182,0.,62.12962105597));
#2410 = SURFACE_CURVE('',#2411,(#2415,#2421),.PCURVE_S1.);
#2411 = LINE('',#2412,#2413);
#2412 = CARTESIAN_POINT('',(0.,-3.051194483208E-17,62.129621055971));
#2413 = VECTOR('',#2414,1.);
#2414 = DIRECTION('',(-1.,-0.,0.));
#2415 = PCURVE('',#1183,#2416);
#2416 = DEFINITIONAL_REPRESENTATION('',(#2417),#2420);
#2417 = B_SPLINE_CURVE_WITH_KNOTS('',1,(#2418,#2419),.UNSPECIFIED.,.F.,
  .F.,(2,2),(-2.00582814,1.317407578881),.PIECEWISE_BEZIER_KNOTS.);
#2418 = CARTESIAN_POINT('',(0.796333245377,2.00582814));
#2419 = CARTESIAN_POINT('',(0.796333245377,-1.317407578881));
#2420 = ( GEOMETRIC_REPRESENTATION_CONTEXT(2) 
PARAMETRIC_REPRESENTATION_CONTEXT() REPRESENTATION_CONTEXT('2D SPACE',''
  ) );
#2421 = PCURVE('',#1151,#2422);
#2422 = DEFINITIONAL_REPRESENTATION('',(#2423),#2426);
#2423 = B_SPLINE_CURVE_WITH_KNOTS('',1,(#2424,#2425),.UNSPECIFIED.,.F.,
  .F.,(2,2),(-2.00582814,1.317407578881),.PIECEWISE_BEZIER_KNOTS.);
#2424 = CARTESIAN_POINT('',(62.157307400188,-0.763083117516));
#2425 = CARTESIAN_POINT('',(62.090855974767,2.559488153549));
#2426 = ( GEOMETRIC_REPRESENTATION_CONTEXT(2) 
PARAMETRIC_REPRESENTATION_CONTEXT() REPRESENTATION_CONTEXT('2D SPACE',''
  ) );
#2427 = ORIENTED_EDGE('',*,*,#2428,.T.);
#2428 = EDGE_CURVE('',#2408,#2353,#2429,.T.);
#2429 = SURFACE_CURVE('',#2430,(#2436,#2445),.PCURVE_S1.);
#2430 = B_SPLINE_CURVE_WITH_KNOTS('',4,(#2431,#2432,#2433,#2434,#2435),
  .UNSPECIFIED.,.F.,.F.,(5,5),(0.,1.),.PIECEWISE_BEZIER_KNOTS.);
#2431 = CARTESIAN_POINT('',(1.276451044182,-1.411371020055E-14,
    62.129621055972));
#2432 = CARTESIAN_POINT('',(1.276594261003,2.128680118221E-03,
    61.930549132386));
#2433 = CARTESIAN_POINT('',(1.276730607324,4.257360289404E-03,
    61.731477203848));
#2434 = CARTESIAN_POINT('',(1.276860083685,6.386040509778E-03,
    61.53240527071));
#2435 = CARTESIAN_POINT('',(1.276982690626,8.514720775475E-03,
    61.333333333333));
#2436 = PCURVE('',#1183,#2437);
#2437 = DEFINITIONAL_REPRESENTATION('',(#2438),#2444);
#2438 = B_SPLINE_CURVE_WITH_KNOTS('',4,(#2439,#2440,#2441,#2442,#2443),
  .UNSPECIFIED.,.F.,.F.,(5,5),(0.,1.),.PIECEWISE_BEZIER_KNOTS.);
#2439 = CARTESIAN_POINT('',(0.796333245378,1.276451044182));
#2440 = CARTESIAN_POINT('',(0.597249941108,1.276594261003));
#2441 = CARTESIAN_POINT('',(0.398166631885,1.276730607324));
#2442 = CARTESIAN_POINT('',(0.199083318062,1.276860083685));
#2443 = CARTESIAN_POINT('',(0.,1.276982690626));
#2444 = ( GEOMETRIC_REPRESENTATION_CONTEXT(2) 
PARAMETRIC_REPRESENTATION_CONTEXT() REPRESENTATION_CONTEXT('2D SPACE',''
  ) );
#2445 = PCURVE('',#424,#2446);
#2446 = DEFINITIONAL_REPRESENTATION('',(#2447),#2453);
#2447 = B_SPLINE_CURVE_WITH_KNOTS('',4,(#2448,#2449,#2450,#2451,#2452),
  .UNSPECIFIED.,.F.,.F.,(5,5),(0.,1.),.PIECEWISE_BEZIER_KNOTS.);
#2448 = CARTESIAN_POINT('',(1.955638052275,0.));
#2449 = CARTESIAN_POINT('',(1.950916392923,1.260642526019E-05));
#2450 = CARTESIAN_POINT('',(1.946194734031,2.521286105019E-05));
#2451 = CARTESIAN_POINT('',(1.941473075611,3.781930741569E-05));
#2452 = CARTESIAN_POINT('',(1.936751417663,5.042576422049E-05));
#2453 = ( GEOMETRIC_REPRESENTATION_CONTEXT(2) 
PARAMETRIC_REPRESENTATION_CONTEXT() REPRESENTATION_CONTEXT('2D SPACE',''
  ) );
#2454 = ADVANCED_FACE('',(#2455),#1151,.T.);
#2455 = FACE_BOUND('',#2456,.T.);
#2456 = EDGE_LOOP('',(#2457,#2458,#2480,#2499));
#2457 = ORIENTED_EDGE('',*,*,#2407,.F.);
#2458 = ORIENTED_EDGE('',*,*,#2459,.F.);
#2459 = EDGE_CURVE('',#2460,#2408,#2462,.T.);
#2460 = VERTEX_POINT('',#2461);
#2461 = CARTESIAN_POINT('',(1.28,0.,64.));
#2462 = SURFACE_CURVE('',#2463,(#2467,#2474),.PCURVE_S1.);
#2463 = LINE('',#2464,#2465);
#2464 = CARTESIAN_POINT('',(1.28,0.,64.));
#2465 = VECTOR('',#2466,1.);
#2466 = DIRECTION('',(-1.897449412923E-03,0.,-0.999998199841));
#2467 = PCURVE('',#1151,#2468);
#2468 = DEFINITIONAL_REPRESENTATION('',(#2469),#2473);
#2469 = LINE('',#2470,#2471);
#2470 = CARTESIAN_POINT('',(64.012798720256,0.));
#2471 = VECTOR('',#2472,1.);
#2472 = DIRECTION('',(-0.999836201582,-1.809889516677E-02));
#2473 = ( GEOMETRIC_REPRESENTATION_CONTEXT(2) 
PARAMETRIC_REPRESENTATION_CONTEXT() REPRESENTATION_CONTEXT('2D SPACE',''
  ) );
#2474 = PCURVE('',#424,#2475);
#2475 = DEFINITIONAL_REPRESENTATION('',(#2476),#2479);
#2476 = B_SPLINE_CURVE_WITH_KNOTS('',1,(#2477,#2478),.UNSPECIFIED.,.F.,
  .F.,(2,2),(0.,1.870382311015),.PIECEWISE_BEZIER_KNOTS.);
#2477 = CARTESIAN_POINT('',(2.,9.375712153797E-17));
#2478 = CARTESIAN_POINT('',(1.955638052275,7.387158914481E-17));
#2479 = ( GEOMETRIC_REPRESENTATION_CONTEXT(2) 
PARAMETRIC_REPRESENTATION_CONTEXT() REPRESENTATION_CONTEXT('2D SPACE',''
  ) );
#2480 = ORIENTED_EDGE('',*,*,#2481,.T.);
#2481 = EDGE_CURVE('',#2460,#1089,#2482,.T.);
#2482 = SURFACE_CURVE('',#2483,(#2486,#2492),.PCURVE_S1.);
#2483 = B_SPLINE_CURVE_WITH_KNOTS('',1,(#2484,#2485),.UNSPECIFIED.,.F.,
  .F.,(2,2),(2.,3.),.PIECEWISE_BEZIER_KNOTS.);
#2484 = CARTESIAN_POINT('',(1.28,0.,64.));
#2485 = CARTESIAN_POINT('',(-1.28,0.,64.));
#2486 = PCURVE('',#1151,#2487);
#2487 = DEFINITIONAL_REPRESENTATION('',(#2488),#2491);
#2488 = B_SPLINE_CURVE_WITH_KNOTS('',1,(#2489,#2490),.UNSPECIFIED.,.F.,
  .F.,(2,2),(2.,3.),.PIECEWISE_BEZIER_KNOTS.);
#2489 = CARTESIAN_POINT('',(64.012798720256,0.));
#2490 = CARTESIAN_POINT('',(63.961608957185,2.559488153549));
#2491 = ( GEOMETRIC_REPRESENTATION_CONTEXT(2) 
PARAMETRIC_REPRESENTATION_CONTEXT() REPRESENTATION_CONTEXT('2D SPACE',''
  ) );
#2492 = PCURVE('',#1110,#2493);
#2493 = DEFINITIONAL_REPRESENTATION('',(#2494),#2498);
#2494 = LINE('',#2495,#2496);
#2495 = CARTESIAN_POINT('',(0.,0.));
#2496 = VECTOR('',#2497,1.);
#2497 = DIRECTION('',(1.,0.));
#2498 = ( GEOMETRIC_REPRESENTATION_CONTEXT(2) 
PARAMETRIC_REPRESENTATION_CONTEXT() REPRESENTATION_CONTEXT('2D SPACE',''
  ) );
#2499 = ORIENTED_EDGE('',*,*,#1136,.F.);
#2500 = ADVANCED_FACE('',(#2501),#1110,.F.);
#2501 = FACE_BOUND('',#2502,.F.);
#2502 = EDGE_LOOP('',(#2503,#2504,#2505,#2531));
#2503 = ORIENTED_EDGE('',*,*,#2481,.T.);
#2504 = ORIENTED_EDGE('',*,*,#1088,.T.);
#2505 = ORIENTED_EDGE('',*,*,#2506,.F.);
#2506 = EDGE_CURVE('',#2507,#1060,#2509,.T.);
#2507 = VERTEX_POINT('',#2508);
#2508 = CARTESIAN_POINT('',(64.,160.,72.));
#2509 = SURFACE_CURVE('',#2510,(#2513,#2520),.PCURVE_S1.);
#2510 = B_SPLINE_CURVE_WITH_KNOTS('',1,(#2511,#2512),.UNSPECIFIED.,.F.,
  .F.,(2,2),(2.,3.),.PIECEWISE_BEZIER_KNOTS.);
#2511 = CARTESIAN_POINT('',(64.,160.,72.));
#2512 = CARTESIAN_POINT('',(-64.,160.,72.));
#2513 = PCURVE('',#1110,#2514);
#2514 = DEFINITIONAL_REPRESENTATION('',(#2515),#2519);
#2515 = LINE('',#2516,#2517);
#2516 = CARTESIAN_POINT('',(0.,1.));
#2517 = VECTOR('',#2518,1.);
#2518 = DIRECTION('',(1.,0.));
#2519 = ( GEOMETRIC_REPRESENTATION_CONTEXT(2) 
PARAMETRIC_REPRESENTATION_CONTEXT() REPRESENTATION_CONTEXT('2D SPACE',''
  ) );
#2520 = PCURVE('',#2521,#2526);
#2521 = PLANE('',#2522);
#2522 = AXIS2_PLACEMENT_3D('',#2523,#2524,#2525);
#2523 = CARTESIAN_POINT('',(64.,160.,72.));
#2524 = DIRECTION('',(0.,-0.,1.));
#2525 = DIRECTION('',(-1.,0.,0.));
#2526 = DEFINITIONAL_REPRESENTATION('',(#2527),#2530);
#2527 = B_SPLINE_CURVE_WITH_KNOTS('',1,(#2528,#2529),.UNSPECIFIED.,.F.,
  .F.,(2,2),(2.,3.),.PIECEWISE_BEZIER_KNOTS.);
#2528 = CARTESIAN_POINT('',(0.,0.));
#2529 = CARTESIAN_POINT('',(128.,0.));
#2530 = ( GEOMETRIC_REPRESENTATION_CONTEXT(2) 
PARAMETRIC_REPRESENTATION_CONTEXT() REPRESENTATION_CONTEXT('2D SPACE',''
  ) );
#2531 = ORIENTED_EDGE('',*,*,#2532,.T.);
#2532 = EDGE_CURVE('',#2507,#2460,#2533,.T.);
#2533 = SURFACE_CURVE('',#2534,(#2544,#2551),.PCURVE_S1.);
#2534 = ( BOUNDED_CURVE() B_SPLINE_CURVE(8,(#2535,#2536,#2537,#2538,
    #2539,#2540,#2541,#2542,#2543),.UNSPECIFIED.,.F.,.F.) 
B_SPLINE_CURVE_WITH_KNOTS((9,9),(0.22960928188,1.22960928188),
.PIECEWISE_BEZIER_KNOTS.) CURVE() GEOMETRIC_REPRESENTATION_ITEM() 
RATIONAL_B_SPLINE_CURVE((1.,1.000000000099,0.999999999834,1.000000000152
    ,0.99999999991,1.000000000036,0.999999999991,1.000000000001,1.)) 
REPRESENTATION_ITEM('') );
#2535 = CARTESIAN_POINT('',(64.,160.,72.));
#2536 = CARTESIAN_POINT('',(53.239714792522,143.11426439543,
    75.683575482681));
#2537 = CARTESIAN_POINT('',(92.926839745363,109.91884514644,
    67.573416122149));
#2538 = CARTESIAN_POINT('',(43.105948595169,100.97231411291,
    72.359176438714));
#2539 = CARTESIAN_POINT('',(50.048033861309,75.071549638103,
    75.466714715709));
#2540 = CARTESIAN_POINT('',(25.73445002382,64.208683031477,
    72.792600892712));
#2541 = CARTESIAN_POINT('',(10.42282983924,42.068504972851,
    63.817923413832));
#2542 = CARTESIAN_POINT('',(6.684894119176,21.107094936691,
    64.017300047756));
#2543 = CARTESIAN_POINT('',(1.28,0.,64.));
#2544 = PCURVE('',#1110,#2545);
#2545 = DEFINITIONAL_REPRESENTATION('',(#2546),#2550);
#2546 = LINE('',#2547,#2548);
#2547 = CARTESIAN_POINT('',(2.,1.22960928188));
#2548 = VECTOR('',#2549,1.);
#2549 = DIRECTION('',(-6.883382752676E-15,-1.));
#2550 = ( GEOMETRIC_REPRESENTATION_CONTEXT(2) 
PARAMETRIC_REPRESENTATION_CONTEXT() REPRESENTATION_CONTEXT('2D SPACE',''
  ) );
#2551 = PCURVE('',#424,#2552);
#2552 = DEFINITIONAL_REPRESENTATION('',(#2553),#2557);
#2553 = LINE('',#2554,#2555);
#2554 = CARTESIAN_POINT('',(2.,1.22960928188));
#2555 = VECTOR('',#2556,1.);
#2556 = DIRECTION('',(-6.661338147751E-16,-1.));
#2557 = ( GEOMETRIC_REPRESENTATION_CONTEXT(2) 
PARAMETRIC_REPRESENTATION_CONTEXT() REPRESENTATION_CONTEXT('2D SPACE',''
  ) );
#2558 = ADVANCED_FACE('',(#2559),#2521,.T.);
#2559 = FACE_BOUND('',#2560,.T.);
#2560 = EDGE_LOOP('',(#2561,#2589,#2617,#2638));
#2561 = ORIENTED_EDGE('',*,*,#2562,.T.);
#2562 = EDGE_CURVE('',#2507,#2563,#2565,.T.);
#2563 = VERTEX_POINT('',#2564);
#2564 = CARTESIAN_POINT('',(64.,480.,72.));
#2565 = SURFACE_CURVE('',#2566,(#2570,#2577),.PCURVE_S1.);
#2566 = LINE('',#2567,#2568);
#2567 = CARTESIAN_POINT('',(64.,160.,72.));
#2568 = VECTOR('',#2569,1.);
#2569 = DIRECTION('',(0.,1.,0.));
#2570 = PCURVE('',#2521,#2571);
#2571 = DEFINITIONAL_REPRESENTATION('',(#2572),#2576);
#2572 = LINE('',#2573,#2574);
#2573 = CARTESIAN_POINT('',(0.,0.));
#2574 = VECTOR('',#2575,1.);
#2575 = DIRECTION('',(0.,-1.));
#2576 = ( GEOMETRIC_REPRESENTATION_CONTEXT(2) 
PARAMETRIC_REPRESENTATION_CONTEXT() REPRESENTATION_CONTEXT('2D SPACE',''
  ) );
#2577 = PCURVE('',#2578,#2583);
#2578 = PLANE('',#2579);
#2579 = AXIS2_PLACEMENT_3D('',#2580,#2581,#2582);
#2580 = CARTESIAN_POINT('',(60.,160.,21.838214055972));
#2581 = DIRECTION('',(0.996835691414,0.,-7.948964915456E-02));
#2582 = DIRECTION('',(7.948964915456E-02,0.,0.996835691414));
#2583 = DEFINITIONAL_REPRESENTATION('',(#2584),#2588);
#2584 = LINE('',#2585,#2586);
#2585 = CARTESIAN_POINT('',(50.321017170706,0.));
#2586 = VECTOR('',#2587,1.);
#2587 = DIRECTION('',(0.,-1.));
#2588 = ( GEOMETRIC_REPRESENTATION_CONTEXT(2) 
PARAMETRIC_REPRESENTATION_CONTEXT() REPRESENTATION_CONTEXT('2D SPACE',''
  ) );
#2589 = ORIENTED_EDGE('',*,*,#2590,.T.);
#2590 = EDGE_CURVE('',#2563,#2591,#2593,.T.);
#2591 = VERTEX_POINT('',#2592);
#2592 = CARTESIAN_POINT('',(-64.,480.,72.));
#2593 = SURFACE_CURVE('',#2594,(#2598,#2605),.PCURVE_S1.);
#2594 = LINE('',#2595,#2596);
#2595 = CARTESIAN_POINT('',(64.,480.,72.));
#2596 = VECTOR('',#2597,1.);
#2597 = DIRECTION('',(-1.,0.,0.));
#2598 = PCURVE('',#2521,#2599);
#2599 = DEFINITIONAL_REPRESENTATION('',(#2600),#2604);
#2600 = LINE('',#2601,#2602);
#2601 = CARTESIAN_POINT('',(0.,-320.));
#2602 = VECTOR('',#2603,1.);
#2603 = DIRECTION('',(1.,0.));
#2604 = ( GEOMETRIC_REPRESENTATION_CONTEXT(2) 
PARAMETRIC_REPRESENTATION_CONTEXT() REPRESENTATION_CONTEXT('2D SPACE',''
  ) );
#2605 = PCURVE('',#2606,#2611);
#2606 = PLANE('',#2607);
#2607 = AXIS2_PLACEMENT_3D('',#2608,#2609,#2610);
#2608 = CARTESIAN_POINT('',(-1.990210633875E-15,480.,43.027092176681));
#2609 = DIRECTION('',(0.,-1.,0.));
#2610 = DIRECTION('',(1.,0.,0.));
#2611 = DEFINITIONAL_REPRESENTATION('',(#2612),#2616);
#2612 = LINE('',#2613,#2614);
#2613 = CARTESIAN_POINT('',(64.,28.972907823319));
#2614 = VECTOR('',#2615,1.);
#2615 = DIRECTION('',(-1.,0.));
#2616 = ( GEOMETRIC_REPRESENTATION_CONTEXT(2) 
PARAMETRIC_REPRESENTATION_CONTEXT() REPRESENTATION_CONTEXT('2D SPACE',''
  ) );
#2617 = ORIENTED_EDGE('',*,*,#2618,.F.);
#2618 = EDGE_CURVE('',#1060,#2591,#2619,.T.);
#2619 = SURFACE_CURVE('',#2620,(#2624,#2631),.PCURVE_S1.);
#2620 = LINE('',#2621,#2622);
#2621 = CARTESIAN_POINT('',(-64.,160.,72.));
#2622 = VECTOR('',#2623,1.);
#2623 = DIRECTION('',(0.,1.,0.));
#2624 = PCURVE('',#2521,#2625);
#2625 = DEFINITIONAL_REPRESENTATION('',(#2626),#2630);
#2626 = LINE('',#2627,#2628);
#2627 = CARTESIAN_POINT('',(128.,0.));
#2628 = VECTOR('',#2629,1.);
#2629 = DIRECTION('',(0.,-1.));
#2630 = ( GEOMETRIC_REPRESENTATION_CONTEXT(2) 
PARAMETRIC_REPRESENTATION_CONTEXT() REPRESENTATION_CONTEXT('2D SPACE',''
  ) );
#2631 = PCURVE('',#1076,#2632);
#2632 = DEFINITIONAL_REPRESENTATION('',(#2633),#2637);
#2633 = LINE('',#2634,#2635);
#2634 = CARTESIAN_POINT('',(0.,0.));
#2635 = VECTOR('',#2636,1.);
#2636 = DIRECTION('',(0.,-1.));
#2637 = ( GEOMETRIC_REPRESENTATION_CONTEXT(2) 
PARAMETRIC_REPRESENTATION_CONTEXT() REPRESENTATION_CONTEXT('2D SPACE',''
  ) );
#2638 = ORIENTED_EDGE('',*,*,#2506,.F.);
#2639 = ADVANCED_FACE('',(#2640),#2606,.F.);
#2640 = FACE_BOUND('',#2641,.F.);
#2641 = EDGE_LOOP('',(#2642,#2672,#2695,#2716,#2717));
#2642 = ORIENTED_EDGE('',*,*,#2643,.T.);
#2643 = EDGE_CURVE('',#2644,#2646,#2648,.T.);
#2644 = VERTEX_POINT('',#2645);
#2645 = CARTESIAN_POINT('',(-60.,480.,21.838214055972));
#2646 = VERTEX_POINT('',#2647);
#2647 = CARTESIAN_POINT('',(0.,480.,0.));
#2648 = SURFACE_CURVE('',#2649,(#2653,#2660),.PCURVE_S1.);
#2649 = LINE('',#2650,#2651);
#2650 = CARTESIAN_POINT('',(-60.,480.,21.838214055972));
#2651 = VECTOR('',#2652,1.);
#2652 = DIRECTION('',(0.939692620786,0.,-0.342020143326));
#2653 = PCURVE('',#2606,#2654);
#2654 = DEFINITIONAL_REPRESENTATION('',(#2655),#2659);
#2655 = LINE('',#2656,#2657);
#2656 = CARTESIAN_POINT('',(-60.,-21.1888781207));
#2657 = VECTOR('',#2658,1.);
#2658 = DIRECTION('',(0.939692620786,-0.342020143326));
#2659 = ( GEOMETRIC_REPRESENTATION_CONTEXT(2) 
PARAMETRIC_REPRESENTATION_CONTEXT() REPRESENTATION_CONTEXT('2D SPACE',''
  ) );
#2660 = PCURVE('',#2661,#2666);
#2661 = PLANE('',#2662);
#2662 = AXIS2_PLACEMENT_3D('',#2663,#2664,#2665);
#2663 = CARTESIAN_POINT('',(-60.,160.,21.838214055972));
#2664 = DIRECTION('',(-0.342020143326,0.,-0.939692620786));
#2665 = DIRECTION('',(0.939692620786,0.,-0.342020143326));
#2666 = DEFINITIONAL_REPRESENTATION('',(#2667),#2671);
#2667 = LINE('',#2668,#2669);
#2668 = CARTESIAN_POINT('',(0.,-320.));
#2669 = VECTOR('',#2670,1.);
#2670 = DIRECTION('',(1.,0.));
#2671 = ( GEOMETRIC_REPRESENTATION_CONTEXT(2) 
PARAMETRIC_REPRESENTATION_CONTEXT() REPRESENTATION_CONTEXT('2D SPACE',''
  ) );
#2672 = ORIENTED_EDGE('',*,*,#2673,.T.);
#2673 = EDGE_CURVE('',#2646,#2674,#2676,.T.);
#2674 = VERTEX_POINT('',#2675);
#2675 = CARTESIAN_POINT('',(60.,480.,21.838214055972));
#2676 = SURFACE_CURVE('',#2677,(#2681,#2688),.PCURVE_S1.);
#2677 = LINE('',#2678,#2679);
#2678 = CARTESIAN_POINT('',(0.,480.,0.));
#2679 = VECTOR('',#2680,1.);
#2680 = DIRECTION('',(0.939692620786,0.,0.342020143326));
#2681 = PCURVE('',#2606,#2682);
#2682 = DEFINITIONAL_REPRESENTATION('',(#2683),#2687);
#2683 = LINE('',#2684,#2685);
#2684 = CARTESIAN_POINT('',(1.990210633875E-15,-43.02709217668));
#2685 = VECTOR('',#2686,1.);
#2686 = DIRECTION('',(0.939692620786,0.342020143326));
#2687 = ( GEOMETRIC_REPRESENTATION_CONTEXT(2) 
PARAMETRIC_REPRESENTATION_CONTEXT() REPRESENTATION_CONTEXT('2D SPACE',''
  ) );
#2688 = PCURVE('',#463,#2689);
#2689 = DEFINITIONAL_REPRESENTATION('',(#2690),#2694);
#2690 = LINE('',#2691,#2692);
#2691 = CARTESIAN_POINT('',(0.,-320.));
#2692 = VECTOR('',#2693,1.);
#2693 = DIRECTION('',(1.,0.));
#2694 = ( GEOMETRIC_REPRESENTATION_CONTEXT(2) 
PARAMETRIC_REPRESENTATION_CONTEXT() REPRESENTATION_CONTEXT('2D SPACE',''
  ) );
#2695 = ORIENTED_EDGE('',*,*,#2696,.T.);
#2696 = EDGE_CURVE('',#2674,#2563,#2697,.T.);
#2697 = SURFACE_CURVE('',#2698,(#2702,#2709),.PCURVE_S1.);
#2698 = LINE('',#2699,#2700);
#2699 = CARTESIAN_POINT('',(60.,480.,21.838214055972));
#2700 = VECTOR('',#2701,1.);
#2701 = DIRECTION('',(7.948964915456E-02,0.,0.996835691414));
#2702 = PCURVE('',#2606,#2703);
#2703 = DEFINITIONAL_REPRESENTATION('',(#2704),#2708);
#2704 = LINE('',#2705,#2706);
#2705 = CARTESIAN_POINT('',(60.,-21.1888781207));
#2706 = VECTOR('',#2707,1.);
#2707 = DIRECTION('',(7.948964915456E-02,0.996835691414));
#2708 = ( GEOMETRIC_REPRESENTATION_CONTEXT(2) 
PARAMETRIC_REPRESENTATION_CONTEXT() REPRESENTATION_CONTEXT('2D SPACE',''
  ) );
#2709 = PCURVE('',#2578,#2710);
#2710 = DEFINITIONAL_REPRESENTATION('',(#2711),#2715);
#2711 = LINE('',#2712,#2713);
#2712 = CARTESIAN_POINT('',(0.,-320.));
#2713 = VECTOR('',#2714,1.);
#2714 = DIRECTION('',(1.,0.));
#2715 = ( GEOMETRIC_REPRESENTATION_CONTEXT(2) 
PARAMETRIC_REPRESENTATION_CONTEXT() REPRESENTATION_CONTEXT('2D SPACE',''
  ) );
#2716 = ORIENTED_EDGE('',*,*,#2590,.T.);
#2717 = ORIENTED_EDGE('',*,*,#2718,.F.);
#2718 = EDGE_CURVE('',#2644,#2591,#2719,.T.);
#2719 = SURFACE_CURVE('',#2720,(#2724,#2731),.PCURVE_S1.);
#2720 = LINE('',#2721,#2722);
#2721 = CARTESIAN_POINT('',(-60.,480.,21.838214055972));
#2722 = VECTOR('',#2723,1.);
#2723 = DIRECTION('',(-7.948964915456E-02,0.,0.996835691414));
#2724 = PCURVE('',#2606,#2725);
#2725 = DEFINITIONAL_REPRESENTATION('',(#2726),#2730);
#2726 = LINE('',#2727,#2728);
#2727 = CARTESIAN_POINT('',(-60.,-21.1888781207));
#2728 = VECTOR('',#2729,1.);
#2729 = DIRECTION('',(-7.948964915456E-02,0.996835691414));
#2730 = ( GEOMETRIC_REPRESENTATION_CONTEXT(2) 
PARAMETRIC_REPRESENTATION_CONTEXT() REPRESENTATION_CONTEXT('2D SPACE',''
  ) );
#2731 = PCURVE('',#1076,#2732);
#2732 = DEFINITIONAL_REPRESENTATION('',(#2733),#2737);
#2733 = LINE('',#2734,#2735);
#2734 = CARTESIAN_POINT('',(50.321017170706,-320.));
#2735 = VECTOR('',#2736,1.);
#2736 = DIRECTION('',(-1.,-0.));
#2737 = ( GEOMETRIC_REPRESENTATION_CONTEXT(2) 
PARAMETRIC_REPRESENTATION_CONTEXT() REPRESENTATION_CONTEXT('2D SPACE',''
  ) );
#2738 = ADVANCED_FACE('',(#2739),#2661,.T.);
#2739 = FACE_BOUND('',#2740,.T.);
#2740 = EDGE_LOOP('',(#2741,#2762,#2763,#2784));
#2741 = ORIENTED_EDGE('',*,*,#2742,.T.);
#2742 = EDGE_CURVE('',#1062,#2644,#2743,.T.);
#2743 = SURFACE_CURVE('',#2744,(#2748,#2755),.PCURVE_S1.);
#2744 = LINE('',#2745,#2746);
#2745 = CARTESIAN_POINT('',(-60.,160.,21.838214055972));
#2746 = VECTOR('',#2747,1.);
#2747 = DIRECTION('',(0.,1.,0.));
#2748 = PCURVE('',#2661,#2749);
#2749 = DEFINITIONAL_REPRESENTATION('',(#2750),#2754);
#2750 = LINE('',#2751,#2752);
#2751 = CARTESIAN_POINT('',(0.,0.));
#2752 = VECTOR('',#2753,1.);
#2753 = DIRECTION('',(0.,-1.));
#2754 = ( GEOMETRIC_REPRESENTATION_CONTEXT(2) 
PARAMETRIC_REPRESENTATION_CONTEXT() REPRESENTATION_CONTEXT('2D SPACE',''
  ) );
#2755 = PCURVE('',#1076,#2756);
#2756 = DEFINITIONAL_REPRESENTATION('',(#2757),#2761);
#2757 = LINE('',#2758,#2759);
#2758 = CARTESIAN_POINT('',(50.321017170706,0.));
#2759 = VECTOR('',#2760,1.);
#2760 = DIRECTION('',(0.,-1.));
#2761 = ( GEOMETRIC_REPRESENTATION_CONTEXT(2) 
PARAMETRIC_REPRESENTATION_CONTEXT() REPRESENTATION_CONTEXT('2D SPACE',''
  ) );
#2762 = ORIENTED_EDGE('',*,*,#2643,.T.);
#2763 = ORIENTED_EDGE('',*,*,#2764,.F.);
#2764 = EDGE_CURVE('',#24,#2646,#2765,.T.);
#2765 = SURFACE_CURVE('',#2766,(#2770,#2777),.PCURVE_S1.);
#2766 = LINE('',#2767,#2768);
#2767 = CARTESIAN_POINT('',(0.,160.,0.));
#2768 = VECTOR('',#2769,1.);
#2769 = DIRECTION('',(0.,1.,0.));
#2770 = PCURVE('',#2661,#2771);
#2771 = DEFINITIONAL_REPRESENTATION('',(#2772),#2776);
#2772 = LINE('',#2773,#2774);
#2773 = CARTESIAN_POINT('',(63.850666348555,0.));
#2774 = VECTOR('',#2775,1.);
#2775 = DIRECTION('',(0.,-1.));
#2776 = ( GEOMETRIC_REPRESENTATION_CONTEXT(2) 
PARAMETRIC_REPRESENTATION_CONTEXT() REPRESENTATION_CONTEXT('2D SPACE',''
  ) );
#2777 = PCURVE('',#463,#2778);
#2778 = DEFINITIONAL_REPRESENTATION('',(#2779),#2783);
#2779 = LINE('',#2780,#2781);
#2780 = CARTESIAN_POINT('',(0.,0.));
#2781 = VECTOR('',#2782,1.);
#2782 = DIRECTION('',(0.,-1.));
#2783 = ( GEOMETRIC_REPRESENTATION_CONTEXT(2) 
PARAMETRIC_REPRESENTATION_CONTEXT() REPRESENTATION_CONTEXT('2D SPACE',''
  ) );
#2784 = ORIENTED_EDGE('',*,*,#2785,.F.);
#2785 = EDGE_CURVE('',#1062,#24,#2786,.T.);
#2786 = SURFACE_CURVE('',#2787,(#2790,#2796),.PCURVE_S1.);
#2787 = B_SPLINE_CURVE_WITH_KNOTS('',1,(#2788,#2789),.UNSPECIFIED.,.F.,
  .F.,(2,2),(4.,5.),.PIECEWISE_BEZIER_KNOTS.);
#2788 = CARTESIAN_POINT('',(-60.,160.,21.838214055972));
#2789 = CARTESIAN_POINT('',(-8.481456376164E-16,160.,-2.668756043819E-16
    ));
#2790 = PCURVE('',#2661,#2791);
#2791 = DEFINITIONAL_REPRESENTATION('',(#2792),#2795);
#2792 = B_SPLINE_CURVE_WITH_KNOTS('',1,(#2793,#2794),.UNSPECIFIED.,.F.,
  .F.,(2,2),(4.,5.),.PIECEWISE_BEZIER_KNOTS.);
#2793 = CARTESIAN_POINT('',(0.,0.));
#2794 = CARTESIAN_POINT('',(63.850666348555,0.));
#2795 = ( GEOMETRIC_REPRESENTATION_CONTEXT(2) 
PARAMETRIC_REPRESENTATION_CONTEXT() REPRESENTATION_CONTEXT('2D SPACE',''
  ) );
#2796 = PCURVE('',#64,#2797);
#2797 = DEFINITIONAL_REPRESENTATION('',(#2798),#2802);
#2798 = LINE('',#2799,#2800);
#2799 = CARTESIAN_POINT('',(0.,1.));
#2800 = VECTOR('',#2801,1.);
#2801 = DIRECTION('',(1.,0.));
#2802 = ( GEOMETRIC_REPRESENTATION_CONTEXT(2) 
PARAMETRIC_REPRESENTATION_CONTEXT() REPRESENTATION_CONTEXT('2D SPACE',''
  ) );
#2803 = ADVANCED_FACE('',(#2804),#2578,.T.);
#2804 = FACE_BOUND('',#2805,.T.);
#2805 = EDGE_LOOP('',(#2806,#2826,#2847,#2848));
#2806 = ORIENTED_EDGE('',*,*,#2807,.F.);
#2807 = EDGE_CURVE('',#403,#2507,#2808,.T.);
#2808 = SURFACE_CURVE('',#2809,(#2813,#2820),.PCURVE_S1.);
#2809 = LINE('',#2810,#2811);
#2810 = CARTESIAN_POINT('',(60.,160.,21.838214055972));
#2811 = VECTOR('',#2812,1.);
#2812 = DIRECTION('',(7.948964915456E-02,0.,0.996835691414));
#2813 = PCURVE('',#2578,#2814);
#2814 = DEFINITIONAL_REPRESENTATION('',(#2815),#2819);
#2815 = LINE('',#2816,#2817);
#2816 = CARTESIAN_POINT('',(0.,0.));
#2817 = VECTOR('',#2818,1.);
#2818 = DIRECTION('',(1.,0.));
#2819 = ( GEOMETRIC_REPRESENTATION_CONTEXT(2) 
PARAMETRIC_REPRESENTATION_CONTEXT() REPRESENTATION_CONTEXT('2D SPACE',''
  ) );
#2820 = PCURVE('',#424,#2821);
#2821 = DEFINITIONAL_REPRESENTATION('',(#2822),#2825);
#2822 = B_SPLINE_CURVE_WITH_KNOTS('',1,(#2823,#2824),.UNSPECIFIED.,.F.,
  .F.,(2,2),(0.,50.321017170706),.PIECEWISE_BEZIER_KNOTS.);
#2823 = CARTESIAN_POINT('',(1.,1.));
#2824 = CARTESIAN_POINT('',(2.,1.));
#2825 = ( GEOMETRIC_REPRESENTATION_CONTEXT(2) 
PARAMETRIC_REPRESENTATION_CONTEXT() REPRESENTATION_CONTEXT('2D SPACE',''
  ) );
#2826 = ORIENTED_EDGE('',*,*,#2827,.T.);
#2827 = EDGE_CURVE('',#403,#2674,#2828,.T.);
#2828 = SURFACE_CURVE('',#2829,(#2833,#2840),.PCURVE_S1.);
#2829 = LINE('',#2830,#2831);
#2830 = CARTESIAN_POINT('',(60.,160.,21.838214055972));
#2831 = VECTOR('',#2832,1.);
#2832 = DIRECTION('',(0.,1.,0.));
#2833 = PCURVE('',#2578,#2834);
#2834 = DEFINITIONAL_REPRESENTATION('',(#2835),#2839);
#2835 = LINE('',#2836,#2837);
#2836 = CARTESIAN_POINT('',(0.,0.));
#2837 = VECTOR('',#2838,1.);
#2838 = DIRECTION('',(0.,-1.));
#2839 = ( GEOMETRIC_REPRESENTATION_CONTEXT(2) 
PARAMETRIC_REPRESENTATION_CONTEXT() REPRESENTATION_CONTEXT('2D SPACE',''
  ) );
#2840 = PCURVE('',#463,#2841);
#2841 = DEFINITIONAL_REPRESENTATION('',(#2842),#2846);
#2842 = LINE('',#2843,#2844);
#2843 = CARTESIAN_POINT('',(63.850666348555,0.));
#2844 = VECTOR('',#2845,1.);
#2845 = DIRECTION('',(0.,-1.));
#2846 = ( GEOMETRIC_REPRESENTATION_CONTEXT(2) 
PARAMETRIC_REPRESENTATION_CONTEXT() REPRESENTATION_CONTEXT('2D SPACE',''
  ) );
#2847 = ORIENTED_EDGE('',*,*,#2696,.T.);
#2848 = ORIENTED_EDGE('',*,*,#2562,.F.);
#2849 = ADVANCED_FACE('',(#2850),#1076,.T.);
#2850 = FACE_BOUND('',#2851,.T.);
#2851 = EDGE_LOOP('',(#2852,#2853,#2854,#2855));
#2852 = ORIENTED_EDGE('',*,*,#1059,.F.);
#2853 = ORIENTED_EDGE('',*,*,#2618,.T.);
#2854 = ORIENTED_EDGE('',*,*,#2718,.F.);
#2855 = ORIENTED_EDGE('',*,*,#2742,.F.);
#2856 = ADVANCED_FACE('',(#2857),#1016,.F.);
#2857 = FACE_BOUND('',#2858,.F.);
#2858 = EDGE_LOOP('',(#2859,#2860,#2861,#2862));
#2859 = ORIENTED_EDGE('',*,*,#1000,.F.);
#2860 = ORIENTED_EDGE('',*,*,#1635,.F.);
#2861 = ORIENTED_EDGE('',*,*,#1693,.T.);
#2862 = ORIENTED_EDGE('',*,*,#2863,.T.);
#2863 = EDGE_CURVE('',#1694,#1001,#2864,.T.);
#2864 = SURFACE_CURVE('',#2865,(#2871,#2880),.PCURVE_S1.);
#2865 = B_SPLINE_CURVE_WITH_KNOTS('',4,(#2866,#2867,#2868,#2869,#2870),
  .UNSPECIFIED.,.F.,.F.,(5,5),(0.,1.),.PIECEWISE_BEZIER_KNOTS.);
#2866 = CARTESIAN_POINT('',(4.125592920863,27.421984953704,
    26.666666666667));
#2867 = CARTESIAN_POINT('',(4.213341220905,28.172256055607,
    25.999603200282));
#2868 = CARTESIAN_POINT('',(4.305185087105,28.922260463054,
    25.332776851025));
#2869 = CARTESIAN_POINT('',(4.401521088985,29.671953376375,
    24.666227450128));
#2870 = CARTESIAN_POINT('',(4.502672385379,30.421284179688,24.));
#2871 = PCURVE('',#1016,#2872);
#2872 = DEFINITIONAL_REPRESENTATION('',(#2873),#2879);
#2873 = B_SPLINE_CURVE_WITH_KNOTS('',4,(#2874,#2875,#2876,#2877,#2878),
  .UNSPECIFIED.,.F.,.F.,(5,5),(0.,1.),.PIECEWISE_BEZIER_KNOTS.);
#2874 = CARTESIAN_POINT('',(4.013341121572,4.125592920863));
#2875 = CARTESIAN_POINT('',(3.009408656444,4.213341220905));
#2876 = CARTESIAN_POINT('',(2.005833053287,4.305185087105));
#2877 = CARTESIAN_POINT('',(1.00267425822,4.401521088985));
#2878 = CARTESIAN_POINT('',(0.,4.502672385379));
#2879 = ( GEOMETRIC_REPRESENTATION_CONTEXT(2) 
PARAMETRIC_REPRESENTATION_CONTEXT() REPRESENTATION_CONTEXT('2D SPACE',''
  ) );
#2880 = PCURVE('',#424,#2881);
#2881 = DEFINITIONAL_REPRESENTATION('',(#2882),#2888);
#2882 = B_SPLINE_CURVE_WITH_KNOTS('',4,(#2883,#2884,#2885,#2886,#2887),
  .UNSPECIFIED.,.F.,.F.,(5,5),(0.,1.),.PIECEWISE_BEZIER_KNOTS.);
#2883 = CARTESIAN_POINT('',(1.11146256912,0.163593059917));
#2884 = CARTESIAN_POINT('',(1.095862967433,0.16815229279));
#2885 = CARTESIAN_POINT('',(1.080335080618,0.172720608312));
#2886 = CARTESIAN_POINT('',(1.064886737746,0.177298443986));
#2887 = CARTESIAN_POINT('',(1.049524596645,0.181886103245));
#2888 = ( GEOMETRIC_REPRESENTATION_CONTEXT(2) 
PARAMETRIC_REPRESENTATION_CONTEXT() REPRESENTATION_CONTEXT('2D SPACE',''
  ) );
#2889 = ADVANCED_FACE('',(#2890),#424,.F.);
#2890 = FACE_BOUND('',#2891,.F.);
#2891 = EDGE_LOOP('',(#2892,#2893,#2894,#2895,#2896,#2897,#2898,#2899,
    #2900,#2901,#2902,#2903,#2904,#2905,#2906,#2907,#2908,#2909,#2910));
#2892 = ORIENTED_EDGE('',*,*,#2428,.F.);
#2893 = ORIENTED_EDGE('',*,*,#2459,.F.);
#2894 = ORIENTED_EDGE('',*,*,#2532,.F.);
#2895 = ORIENTED_EDGE('',*,*,#2807,.F.);
#2896 = ORIENTED_EDGE('',*,*,#402,.F.);
#2897 = ORIENTED_EDGE('',*,*,#1028,.F.);
#2898 = ORIENTED_EDGE('',*,*,#2863,.F.);
#2899 = ORIENTED_EDGE('',*,*,#1740,.F.);
#2900 = ORIENTED_EDGE('',*,*,#1795,.F.);
#2901 = ORIENTED_EDGE('',*,*,#1853,.F.);
#2902 = ORIENTED_EDGE('',*,*,#1926,.F.);
#2903 = ORIENTED_EDGE('',*,*,#1990,.F.);
#2904 = ORIENTED_EDGE('',*,*,#2045,.F.);
#2905 = ORIENTED_EDGE('',*,*,#2100,.F.);
#2906 = ORIENTED_EDGE('',*,*,#2155,.F.);
#2907 = ORIENTED_EDGE('',*,*,#2210,.F.);
#2908 = ORIENTED_EDGE('',*,*,#2265,.F.);
#2909 = ORIENTED_EDGE('',*,*,#2320,.F.);
#2910 = ORIENTED_EDGE('',*,*,#2375,.F.);
#2911 = ADVANCED_FACE('',(#2912),#463,.T.);
#2912 = FACE_BOUND('',#2913,.T.);
#2913 = EDGE_LOOP('',(#2914,#2915,#2916,#2917));
#2914 = ORIENTED_EDGE('',*,*,#2764,.T.);
#2915 = ORIENTED_EDGE('',*,*,#2673,.T.);
#2916 = ORIENTED_EDGE('',*,*,#2827,.F.);
#2917 = ORIENTED_EDGE('',*,*,#450,.F.);
#2918 = ADVANCED_FACE('',(#2919),#64,.F.);
#2919 = FACE_BOUND('',#2920,.F.);
#2920 = EDGE_LOOP('',(#2921,#2922,#2923,#2924,#2925,#2926,#2927,#2928,
    #2929,#2930,#2931,#2932));
#2921 = ORIENTED_EDGE('',*,*,#1663,.F.);
#2922 = ORIENTED_EDGE('',*,*,#923,.F.);
#2923 = ORIENTED_EDGE('',*,*,#865,.F.);
#2924 = ORIENTED_EDGE('',*,*,#807,.F.);
#2925 = ORIENTED_EDGE('',*,*,#752,.F.);
#2926 = ORIENTED_EDGE('',*,*,#697,.F.);
#2927 = ORIENTED_EDGE('',*,*,#642,.F.);
#2928 = ORIENTED_EDGE('',*,*,#587,.F.);
#2929 = ORIENTED_EDGE('',*,*,#532,.F.);
#2930 = ORIENTED_EDGE('',*,*,#478,.F.);
#2931 = ORIENTED_EDGE('',*,*,#21,.T.);
#2932 = ORIENTED_EDGE('',*,*,#2785,.F.);
#2933 = ( GEOMETRIC_REPRESENTATION_CONTEXT(3) 
GLOBAL_UNCERTAINTY_ASSIGNED_CONTEXT((#2937)) 
GLOBAL_UNIT_ASSIGNED_CONTEXT((#2934,#2935,#2936)) REPRESENTATION_CONTEXT
('Context #1','3D Context with UNIT and UNCERTAINTY') );
#2934 = ( LENGTH_UNIT() NAMED_UNIT(*) SI_UNIT(.MILLI.,.METRE.) );
#2935 = ( NAMED_UNIT(*) PLANE_ANGLE_UNIT() SI_UNIT($,.RADIAN.) );
#2936 = ( NAMED_UNIT(*) SI_UNIT($,.STERADIAN.) SOLID_ANGLE_UNIT() );
#2937 = UNCERTAINTY_MEASURE_WITH_UNIT(LENGTH_MEASURE(2.E-06),#2934,
  'distance_accuracy_value','confusion accuracy');
#2938 = PRODUCT_RELATED_PRODUCT_CATEGORY('part',$,(#7));

#2939=DESCRIPTIVE_REPRESENTATION_ITEM('cadpy:generator','cadpy');
#2940=REPRESENTATION('cadpy:generator',(#2939),#2933);
#2941=PROPERTY_DEFINITION('cadpy metadata','cadpy:generator',#5);
#2942=PROPERTY_DEFINITION_REPRESENTATION(#2941,#2940);
#2943=DESCRIPTIVE_REPRESENTATION_ITEM('cadpy:entryKind','part');
#2944=REPRESENTATION('cadpy:entryKind',(#2943),#2933);
#2945=PROPERTY_DEFINITION('cadpy metadata','cadpy:entryKind',#5);
#2946=PROPERTY_DEFINITION_REPRESENTATION(#2945,#2944);
#2947=DESCRIPTIVE_REPRESENTATION_ITEM('cadpy:sourcePath','simscale_hull.py');
#2948=REPRESENTATION('cadpy:sourcePath',(#2947),#2933);
#2949=PROPERTY_DEFINITION('cadpy metadata','cadpy:sourcePath',#5);
#2950=PROPERTY_DEFINITION_REPRESENTATION(#2949,#2948);
#2951=DESCRIPTIVE_REPRESENTATION_ITEM('cadpy:sourceHash','b980419f057036eed4638ef5215340359dc2921c9deb73c396e0dd6555ade999');
#2952=REPRESENTATION('cadpy:sourceHash',(#2951),#2933);
#2953=PROPERTY_DEFINITION('cadpy metadata','cadpy:sourceHash',#5);
#2954=PROPERTY_DEFINITION_REPRESENTATION(#2953,#2952);
ENDSEC;
END-ISO-10303-21;
