ISO-10303-21;
HEADER;
FILE_DESCRIPTION(('Open CASCADE Model'),'2;1');
FILE_NAME('Open CASCADE Shape Model','2026-07-30T00:03:21',('Author'),(
    'Open CASCADE'),'Open CASCADE STEP processor 7.9','build123d',
  'Unknown');
FILE_SCHEMA(('AUTOMOTIVE_DESIGN { 1 0 10303 214 1 1 1 1 }'));
ENDSEC;
DATA;
#1 = APPLICATION_PROTOCOL_DEFINITION('international standard',
  'automotive_design',2000,#2);
#2 = APPLICATION_CONTEXT(
  'core data for automotive mechanical design processes');
#3 = SHAPE_DEFINITION_REPRESENTATION(#4,#10);
#4 = PRODUCT_DEFINITION_SHAPE('','',#5);
#5 = PRODUCT_DEFINITION('design','',#6,#9);
#6 = PRODUCT_DEFINITION_FORMATION('','',#7);
#7 = PRODUCT('SOLID','SOLID','',(#8));
#8 = PRODUCT_CONTEXT('',#2,'mechanical');
#9 = PRODUCT_DEFINITION_CONTEXT('part definition',#2,'design');
#10 = ADVANCED_BREP_SHAPE_REPRESENTATION('',(#11,#15),#2921);
#11 = AXIS2_PLACEMENT_3D('',#12,#13,#14);
#12 = CARTESIAN_POINT('',(0.,0.,0.));
#13 = DIRECTION('',(0.,0.,1.));
#14 = DIRECTION('',(1.,0.,-0.));
#15 = MANIFOLD_SOLID_BREP('',#16);
#16 = CLOSED_SHELL('',(#17,#468,#522,#577,#632,#687,#742,#797,#855,#913,
    #1050,#1680,#1757,#1815,#1888,#1952,#2007,#2062,#2117,#2172,#2227,
    #2282,#2337,#2392,#2447,#2492,#2547,#2628,#2727,#2791,#2837,#2844,
    #2877,#2899,#2906));
#17 = ADVANCED_FACE('',(#18),#38,.F.);
#18 = FACE_BOUND('',#19,.F.);
#19 = EDGE_LOOP('',(#20,#87,#121,#155,#189,#223,#257,#291,#328,#365,#399
    ,#445));
#20 = ORIENTED_EDGE('',*,*,#21,.F.);
#21 = EDGE_CURVE('',#22,#24,#26,.T.);
#22 = VERTEX_POINT('',#23);
#23 = CARTESIAN_POINT('',(0.,4.198E-02,0.));
#24 = VERTEX_POINT('',#25);
#25 = CARTESIAN_POINT('',(0.,0.16,0.));
#26 = SURFACE_CURVE('',#27,(#37,#62),.PCURVE_S1.);
#27 = ( BOUNDED_CURVE() B_SPLINE_CURVE(8,(#28,#29,#30,#31,#32,#33,#34,
#35,#36),.UNSPECIFIED.,.F.,.F.) B_SPLINE_CURVE_WITH_KNOTS((9,9),(0.,1.),
.PIECEWISE_BEZIER_KNOTS.) CURVE() GEOMETRIC_REPRESENTATION_ITEM() 
RATIONAL_B_SPLINE_CURVE((1.,1.000000000001,0.999999999991,1.000000000036
    ,0.99999999991,1.000000000152,0.999999999834,1.000000000099,1.)) 
REPRESENTATION_ITEM('') );
#28 = CARTESIAN_POINT('',(0.,0.,0.));
#29 = CARTESIAN_POINT('',(0.,2.110709493669E-02,0.));
#30 = CARTESIAN_POINT('',(0.,4.206850497285E-02,0.));
#31 = CARTESIAN_POINT('',(0.,6.420868303148E-02,0.));
#32 = CARTESIAN_POINT('',(0.,7.50715496381E-02,0.));
#33 = CARTESIAN_POINT('',(0.,0.100972314113,0.));
#34 = CARTESIAN_POINT('',(0.,0.109918845146,0.));
#35 = CARTESIAN_POINT('',(0.,0.143114264395,0.));
#36 = CARTESIAN_POINT('',(0.,0.16,0.));
#37 = PCURVE('',#38,#57);
#38 = ( BOUNDED_SURFACE() B_SPLINE_SURFACE(1,8,(
    (#39,#40,#41,#42,#43,#44,#45,#46,#47)
    ,(#48,#49,#50,#51,#52,#53,#54,#55,#56
)),.UNSPECIFIED.,.F.,.F.,.F.) B_SPLINE_SURFACE_WITH_KNOTS((2,2),(9,9),(
    0.,1.),(0.,1.),.PIECEWISE_BEZIER_KNOTS.) 
GEOMETRIC_REPRESENTATION_ITEM() RATIONAL_B_SPLINE_SURFACE((
    (1.,1.000000000001,0.999999999991,1.000000000036,0.99999999991
      ,1.000000000152,0.999999999834,1.000000000099,1.)
    ,(1.,1.000000000001,0.999999999991,1.000000000036,0.99999999991
      ,1.000000000152,0.999999999834,1.000000000099,1.
))) REPRESENTATION_ITEM('') SURFACE() );
#39 = CARTESIAN_POINT('',(0.,0.,0.));
#40 = CARTESIAN_POINT('',(0.,2.110709493669E-02,0.));
#41 = CARTESIAN_POINT('',(0.,4.206850497285E-02,0.));
#42 = CARTESIAN_POINT('',(0.,6.420868303148E-02,0.));
#43 = CARTESIAN_POINT('',(0.,7.50715496381E-02,0.));
#44 = CARTESIAN_POINT('',(0.,0.100972314113,0.));
#45 = CARTESIAN_POINT('',(0.,0.109918845146,0.));
#46 = CARTESIAN_POINT('',(0.,0.143114264395,0.));
#47 = CARTESIAN_POINT('',(0.,0.16,0.));
#48 = CARTESIAN_POINT('',(1.2E-03,0.,2.183821405597E-02));
#49 = CARTESIAN_POINT('',(1.208878908836E-03,2.110709493669E-02,
    2.183821405597E-02));
#50 = CARTESIAN_POINT('',(1.120341206347E-03,4.206850497285E-02,
    2.183821405598E-02));
#51 = CARTESIAN_POINT('',(1.377842094197E-02,6.420868303148E-02,
    2.183821405597E-02));
#52 = CARTESIAN_POINT('',(3.617066367181E-02,7.50715496381E-02,
    2.183821405595E-02));
#53 = CARTESIAN_POINT('',(3.268733817683E-02,0.100972314113,
    2.183821405606E-02));
#54 = CARTESIAN_POINT('',(7.089889771059E-02,0.109918845146,
    2.183821405585E-02));
#55 = CARTESIAN_POINT('',(5.485076006638E-02,0.143114264395,
    2.183821405605E-02));
#56 = CARTESIAN_POINT('',(6.E-02,0.16,2.183821405597E-02));
#57 = DEFINITIONAL_REPRESENTATION('',(#58),#61);
#58 = B_SPLINE_CURVE_WITH_KNOTS('',1,(#59,#60),.UNSPECIFIED.,.F.,.F.,(2,
    2),(0.253848613706,1.),.PIECEWISE_BEZIER_KNOTS.);
#59 = CARTESIAN_POINT('',(0.,0.253848613706));
#60 = CARTESIAN_POINT('',(0.,1.));
#61 = ( GEOMETRIC_REPRESENTATION_CONTEXT(2) 
PARAMETRIC_REPRESENTATION_CONTEXT() REPRESENTATION_CONTEXT('2D SPACE',''
  ) );
#62 = PCURVE('',#63,#82);
#63 = ( BOUNDED_SURFACE() B_SPLINE_SURFACE(1,8,(
    (#64,#65,#66,#67,#68,#69,#70,#71,#72)
    ,(#73,#74,#75,#76,#77,#78,#79,#80,#81
)),.UNSPECIFIED.,.F.,.F.,.F.) B_SPLINE_SURFACE_WITH_KNOTS((2,2),(9,9),(
    4.,5.),(0.,1.),.PIECEWISE_BEZIER_KNOTS.) 
GEOMETRIC_REPRESENTATION_ITEM() RATIONAL_B_SPLINE_SURFACE((
    (1.,1.000000000001,0.999999999991,1.000000000036,0.99999999991
      ,1.000000000152,0.999999999834,1.000000000099,1.)
    ,(1.,1.000000000001,0.999999999991,1.000000000036,0.99999999991
      ,1.000000000152,0.999999999834,1.000000000099,1.
))) REPRESENTATION_ITEM('') SURFACE() );
#64 = CARTESIAN_POINT('',(-1.2E-03,0.,2.183821405597E-02));
#65 = CARTESIAN_POINT('',(-1.208878908836E-03,2.110709493669E-02,
    2.183821405597E-02));
#66 = CARTESIAN_POINT('',(-1.120341206347E-03,4.206850497285E-02,
    2.183821405598E-02));
#67 = CARTESIAN_POINT('',(-1.377842094197E-02,6.420868303148E-02,
    2.183821405597E-02));
#68 = CARTESIAN_POINT('',(-3.617066367181E-02,7.50715496381E-02,
    2.183821405595E-02));
#69 = CARTESIAN_POINT('',(-3.268733817683E-02,0.100972314113,
    2.183821405606E-02));
#70 = CARTESIAN_POINT('',(-7.089889771059E-02,0.109918845146,
    2.183821405585E-02));
#71 = CARTESIAN_POINT('',(-5.485076006638E-02,0.143114264395,
    2.183821405605E-02));
#72 = CARTESIAN_POINT('',(-6.E-02,0.16,2.183821405597E-02));
#73 = CARTESIAN_POINT('',(5.030480614254E-20,0.,-5.971891380094E-19));
#74 = CARTESIAN_POINT('',(-4.866537845579E-19,2.110709493669E-02,
    9.593165528897E-18));
#75 = CARTESIAN_POINT('',(1.958371516874E-18,4.206850497285E-02,
    -3.367979609761E-17));
#76 = CARTESIAN_POINT('',(-6.655104191837E-18,6.420868303148E-02,
    1.211941802938E-16));
#77 = CARTESIAN_POINT('',(1.059468550941E-17,7.50715496381E-02,
    -3.5241326756E-16));
#78 = CARTESIAN_POINT('',(1.424645022849E-17,0.100972314113,
    6.59514576944E-16));
#79 = CARTESIAN_POINT('',(-4.446594981878E-17,0.109918845146,
    -7.61344682029E-16));
#80 = CARTESIAN_POINT('',(3.117868307271E-17,0.143114264395,
    4.629621421699E-16));
#81 = CARTESIAN_POINT('',(-8.481456376164E-19,0.16,-2.668756043819E-19)
  );
#82 = DEFINITIONAL_REPRESENTATION('',(#83),#86);
#83 = B_SPLINE_CURVE_WITH_KNOTS('',1,(#84,#85),.UNSPECIFIED.,.F.,.F.,(2,
    2),(0.253848613706,1.),.PIECEWISE_BEZIER_KNOTS.);
#84 = CARTESIAN_POINT('',(5.,0.253848613706));
#85 = CARTESIAN_POINT('',(5.,1.));
#86 = ( GEOMETRIC_REPRESENTATION_CONTEXT(2) 
PARAMETRIC_REPRESENTATION_CONTEXT() REPRESENTATION_CONTEXT('2D SPACE',''
  ) );
#87 = ORIENTED_EDGE('',*,*,#88,.F.);
#88 = EDGE_CURVE('',#89,#22,#91,.T.);
#89 = VERTEX_POINT('',#90);
#90 = CARTESIAN_POINT('',(9.85051881677E-04,4.195148527922E-02,
    2.666666666667E-03));
#91 = SURFACE_CURVE('',#92,(#98,#107),.PCURVE_S1.);
#92 = B_SPLINE_CURVE_WITH_KNOTS('',4,(#93,#94,#95,#96,#97),
  .UNSPECIFIED.,.F.,.F.,(5,5),(0.,1.),.PIECEWISE_BEZIER_KNOTS.);
#93 = CARTESIAN_POINT('',(9.85051881677E-04,4.195148527922E-02,
    2.666666666667E-03));
#94 = CARTESIAN_POINT('',(7.391052072568E-04,4.195861520541E-02,
    1.999883476491E-03));
#95 = CARTESIAN_POINT('',(4.929476633006E-04,4.196574430172E-02,
    1.333177895102E-03));
#96 = CARTESIAN_POINT('',(2.465792579235E-04,4.197287256697E-02,
    6.665500328762E-04));
#97 = CARTESIAN_POINT('',(0.,4.198E-02,-1.110159558238E-19));
#98 = PCURVE('',#38,#99);
#99 = DEFINITIONAL_REPRESENTATION('',(#100),#106);
#100 = B_SPLINE_CURVE_WITH_KNOTS('',4,(#101,#102,#103,#104,#105),
  .UNSPECIFIED.,.F.,.F.,(5,5),(0.,1.),.PIECEWISE_BEZIER_KNOTS.);
#101 = CARTESIAN_POINT('',(0.122110107531,0.253667910775));
#102 = CARTESIAN_POINT('',(9.157724488664E-02,0.253713092343));
#103 = CARTESIAN_POINT('',(6.104793604848E-02,0.253758270026));
#104 = CARTESIAN_POINT('',(3.052218607107E-02,0.253803443816));
#105 = CARTESIAN_POINT('',(0.,0.253848613706));
#106 = ( GEOMETRIC_REPRESENTATION_CONTEXT(2) 
PARAMETRIC_REPRESENTATION_CONTEXT() REPRESENTATION_CONTEXT('2D SPACE',''
  ) );
#107 = PCURVE('',#108,#113);
#108 = PLANE('',#109);
#109 = AXIS2_PLACEMENT_3D('',#110,#111,#112);
#110 = CARTESIAN_POINT('',(0.,4.198E-02,0.));
#111 = DIRECTION('',(-0.,0.999942834561,1.06924090196E-02));
#112 = DIRECTION('',(0.,-1.06924090196E-02,0.999942834561));
#113 = DEFINITIONAL_REPRESENTATION('',(#114),#120);
#114 = B_SPLINE_CURVE_WITH_KNOTS('',4,(#115,#116,#117,#118,#119),
  .UNSPECIFIED.,.F.,.F.,(5,5),(0.,1.),.PIECEWISE_BEZIER_KNOTS.);
#115 = CARTESIAN_POINT('',(2.666819116553E-03,9.85051881677E-04));
#116 = CARTESIAN_POINT('',(1.999997807244E-03,7.391052072568E-04));
#117 = CARTESIAN_POINT('',(1.333254111159E-03,4.929476633006E-04));
#118 = CARTESIAN_POINT('',(6.6658813868E-04,2.465792579235E-04));
#119 = CARTESIAN_POINT('',(-1.084202172486E-19,0.));
#120 = ( GEOMETRIC_REPRESENTATION_CONTEXT(2) 
PARAMETRIC_REPRESENTATION_CONTEXT() REPRESENTATION_CONTEXT('2D SPACE',''
  ) );
#121 = ORIENTED_EDGE('',*,*,#122,.F.);
#122 = EDGE_CURVE('',#123,#89,#125,.T.);
#123 = VERTEX_POINT('',#124);
#124 = CARTESIAN_POINT('',(1.951492257217E-03,4.176631365741E-02,
    5.333333333333E-03));
#125 = SURFACE_CURVE('',#126,(#132,#141),.PCURVE_S1.);
#126 = B_SPLINE_CURVE_WITH_KNOTS('',4,(#127,#128,#129,#130,#131),
  .UNSPECIFIED.,.F.,.F.,(5,5),(0.,1.),.PIECEWISE_BEZIER_KNOTS.);
#127 = CARTESIAN_POINT('',(1.951492257217E-03,4.176631365741E-02,
    5.333333333333E-03));
#128 = CARTESIAN_POINT('',(1.711931364956E-03,4.181265761495E-02,
    4.665931462677E-03));
#129 = CARTESIAN_POINT('',(1.471004278431E-03,4.185896775418E-02,
    3.999016611547E-03));
#130 = CARTESIAN_POINT('',(1.228711035518E-03,4.190524374966E-02,
    3.33259346629E-03));
#131 = CARTESIAN_POINT('',(9.85051881677E-04,4.195148527922E-02,
    2.666666666667E-03));
#132 = PCURVE('',#38,#133);
#133 = DEFINITIONAL_REPRESENTATION('',(#134),#140);
#134 = B_SPLINE_CURVE_WITH_KNOTS('',4,(#135,#136,#137,#138,#139),
  .UNSPECIFIED.,.F.,.F.,(5,5),(0.,1.),.PIECEWISE_BEZIER_KNOTS.);
#135 = CARTESIAN_POINT('',(0.244220215063,0.252494845829));
#136 = CARTESIAN_POINT('',(0.21365902224,0.252788348547));
#137 = CARTESIAN_POINT('',(0.183120130671,0.253081695074));
#138 = CARTESIAN_POINT('',(0.152603754948,0.25337488323));
#139 = CARTESIAN_POINT('',(0.122110107531,0.253667910777));
#140 = ( GEOMETRIC_REPRESENTATION_CONTEXT(2) 
PARAMETRIC_REPRESENTATION_CONTEXT() REPRESENTATION_CONTEXT('2D SPACE',''
  ) );
#141 = PCURVE('',#142,#147);
#142 = PLANE('',#143);
#143 = AXIS2_PLACEMENT_3D('',#144,#145,#146);
#144 = CARTESIAN_POINT('',(0.,4.195148527922E-02,2.666666666667E-03));
#145 = DIRECTION('',(-0.,0.997597771628,6.927254898507E-02));
#146 = DIRECTION('',(0.,-6.927254898507E-02,0.997597771628));
#147 = DEFINITIONAL_REPRESENTATION('',(#148),#154);
#148 = B_SPLINE_CURVE_WITH_KNOTS('',4,(#149,#150,#151,#152,#153),
  .UNSPECIFIED.,.F.,.F.,(5,5),(0.,1.),.PIECEWISE_BEZIER_KNOTS.);
#149 = CARTESIAN_POINT('',(2.673088034584E-03,1.951492257217E-03));
#150 = CARTESIAN_POINT('',(2.004079051567E-03,1.711931364956E-03));
#151 = CARTESIAN_POINT('',(1.335558260827E-03,1.471004278431E-03));
#152 = CARTESIAN_POINT('',(6.675303599931E-04,1.228711035518E-03));
#153 = CARTESIAN_POINT('',(0.,9.85051881677E-04));
#154 = ( GEOMETRIC_REPRESENTATION_CONTEXT(2) 
PARAMETRIC_REPRESENTATION_CONTEXT() REPRESENTATION_CONTEXT('2D SPACE',''
  ) );
#155 = ORIENTED_EDGE('',*,*,#156,.F.);
#156 = EDGE_CURVE('',#157,#123,#159,.T.);
#157 = VERTEX_POINT('',#158);
#158 = CARTESIAN_POINT('',(2.85850537601E-03,4.130580566406E-02,8.E-03)
  );
#159 = SURFACE_CURVE('',#160,(#166,#175),.PCURVE_S1.);
#160 = B_SPLINE_CURVE_WITH_KNOTS('',4,(#161,#162,#163,#164,#165),
  .UNSPECIFIED.,.F.,.F.,(5,5),(0.,1.),.PIECEWISE_BEZIER_KNOTS.);
#161 = CARTESIAN_POINT('',(2.85850537601E-03,4.130580566406E-02,8.E-03)
  );
#162 = CARTESIAN_POINT('',(2.636807434177E-03,4.142121804243E-02,
    7.331680781293E-03));
#163 = CARTESIAN_POINT('',(2.411742210947E-03,4.153644349126E-02,
    6.66444401671E-03));
#164 = CARTESIAN_POINT('',(2.18330450379E-03,4.165147700558E-02,
    5.998318688567E-03));
#165 = CARTESIAN_POINT('',(1.951492257217E-03,4.176631365741E-02,
    5.333333333333E-03));
#166 = PCURVE('',#38,#167);
#167 = DEFINITIONAL_REPRESENTATION('',(#168),#174);
#168 = B_SPLINE_CURVE_WITH_KNOTS('',4,(#169,#170,#171,#172,#173),
  .UNSPECIFIED.,.F.,.F.,(5,5),(0.,1.),.PIECEWISE_BEZIER_KNOTS.);
#169 = CARTESIAN_POINT('',(0.366330322594,0.249580530039));
#170 = CARTESIAN_POINT('',(0.335727123221,0.250310377962));
#171 = CARTESIAN_POINT('',(0.305173490819,0.25103940219));
#172 = CARTESIAN_POINT('',(0.274670752526,0.25176756939));
#173 = CARTESIAN_POINT('',(0.244220215063,0.25249484585));
#174 = ( GEOMETRIC_REPRESENTATION_CONTEXT(2) 
PARAMETRIC_REPRESENTATION_CONTEXT() REPRESENTATION_CONTEXT('2D SPACE',''
  ) );
#175 = PCURVE('',#176,#181);
#176 = PLANE('',#177);
#177 = AXIS2_PLACEMENT_3D('',#178,#179,#180);
#178 = CARTESIAN_POINT('',(0.,4.176631365741E-02,5.333333333333E-03));
#179 = DIRECTION('',(-0.,0.985414425511,0.170171707389));
#180 = DIRECTION('',(0.,-0.170171707389,0.985414425511));
#181 = DEFINITIONAL_REPRESENTATION('',(#182),#188);
#182 = B_SPLINE_CURVE_WITH_KNOTS('',4,(#183,#184,#185,#186,#187),
  .UNSPECIFIED.,.F.,.F.,(5,5),(0.,1.),.PIECEWISE_BEZIER_KNOTS.);
#183 = CARTESIAN_POINT('',(2.706137232855E-03,2.85850537601E-03));
#184 = CARTESIAN_POINT('',(2.027925912414E-03,2.636807434177E-03));
#185 = CARTESIAN_POINT('',(1.350813068001E-03,2.411742210947E-03));
#186 = CARTESIAN_POINT('',(6.748281109133E-04,2.18330450379E-03));
#187 = CARTESIAN_POINT('',(0.,1.951492257217E-03));
#188 = ( GEOMETRIC_REPRESENTATION_CONTEXT(2) 
PARAMETRIC_REPRESENTATION_CONTEXT() REPRESENTATION_CONTEXT('2D SPACE',''
  ) );
#189 = ORIENTED_EDGE('',*,*,#190,.F.);
#190 = EDGE_CURVE('',#191,#157,#193,.T.);
#191 = VERTEX_POINT('',#192);
#192 = CARTESIAN_POINT('',(3.652109012648E-03,4.048925925926E-02,
    1.066666666667E-02));
#193 = SURFACE_CURVE('',#194,(#200,#209),.PCURVE_S1.);
#194 = B_SPLINE_CURVE_WITH_KNOTS('',4,(#195,#196,#197,#198,#199),
  .UNSPECIFIED.,.F.,.F.,(5,5),(0.,1.),.PIECEWISE_BEZIER_KNOTS.);
#195 = CARTESIAN_POINT('',(3.652109012647E-03,4.048925925926E-02,
    1.066666666667E-02));
#196 = CARTESIAN_POINT('',(3.462471859909E-03,4.069411308458E-02,
    9.997657698768E-03));
#197 = CARTESIAN_POINT('',(3.267020500555E-03,4.089850641061E-02,
    9.330152623474E-03));
#198 = CARTESIAN_POINT('',(3.065708413124E-03,4.110241277698E-02,
    8.664237854725E-03));
#199 = CARTESIAN_POINT('',(2.85850537601E-03,4.130580566406E-02,8.E-03)
  );
#200 = PCURVE('',#38,#201);
#201 = DEFINITIONAL_REPRESENTATION('',(#202),#208);
#202 = B_SPLINE_CURVE_WITH_KNOTS('',4,(#203,#204,#205,#206,#207),
  .UNSPECIFIED.,.F.,.F.,(5,5),(0.,1.),.PIECEWISE_BEZIER_KNOTS.);
#203 = CARTESIAN_POINT('',(0.488440430125,0.244423546747));
#204 = CARTESIAN_POINT('',(0.457805646247,0.245715641609));
#205 = CARTESIAN_POINT('',(0.427239727551,0.247005953163));
#206 = CARTESIAN_POINT('',(0.396746631044,0.248294308662));
#207 = CARTESIAN_POINT('',(0.366330322594,0.249580530107));
#208 = ( GEOMETRIC_REPRESENTATION_CONTEXT(2) 
PARAMETRIC_REPRESENTATION_CONTEXT() REPRESENTATION_CONTEXT('2D SPACE',''
  ) );
#209 = PCURVE('',#210,#215);
#210 = PLANE('',#211);
#211 = AXIS2_PLACEMENT_3D('',#212,#213,#214);
#212 = CARTESIAN_POINT('',(0.,4.130580566406E-02,8.E-03));
#213 = DIRECTION('',(-0.,0.956177886119,0.292786355723));
#214 = DIRECTION('',(0.,-0.292786355723,0.956177886119));
#215 = DEFINITIONAL_REPRESENTATION('',(#216),#222);
#216 = B_SPLINE_CURVE_WITH_KNOTS('',4,(#217,#218,#219,#220,#221),
  .UNSPECIFIED.,.F.,.F.,(5,5),(0.,1.),.PIECEWISE_BEZIER_KNOTS.);
#217 = CARTESIAN_POINT('',(2.788881342458E-03,3.652109012647E-03));
#218 = CARTESIAN_POINT('',(2.089211356767E-03,3.462471859909E-03));
#219 = CARTESIAN_POINT('',(1.391114187836E-03,3.267020500555E-03));
#220 = CARTESIAN_POINT('',(6.946802099983E-04,3.065708413124E-03));
#221 = CARTESIAN_POINT('',(0.,2.85850537601E-03));
#222 = ( GEOMETRIC_REPRESENTATION_CONTEXT(2) 
PARAMETRIC_REPRESENTATION_CONTEXT() REPRESENTATION_CONTEXT('2D SPACE',''
  ) );
#223 = ORIENTED_EDGE('',*,*,#224,.F.);
#224 = EDGE_CURVE('',#225,#191,#227,.T.);
#225 = VERTEX_POINT('',#226);
#226 = CARTESIAN_POINT('',(4.27776084732E-03,3.927015209057E-02,
    1.333333333333E-02));
#227 = SURFACE_CURVE('',#228,(#234,#243),.PCURVE_S1.);
#228 = B_SPLINE_CURVE_WITH_KNOTS('',4,(#229,#230,#231,#232,#233),
  .UNSPECIFIED.,.F.,.F.,(5,5),(0.,1.),.PIECEWISE_BEZIER_KNOTS.);
#229 = CARTESIAN_POINT('',(4.27776084732E-03,3.927015209057E-02,
    1.333333333333E-02));
#230 = CARTESIAN_POINT('',(4.133739846266E-03,3.957599637008E-02,
    1.266433165218E-02));
#231 = CARTESIAN_POINT('',(3.981574787137E-03,3.988117888801E-02,
    1.199677750376E-02));
#232 = CARTESIAN_POINT('',(3.82107887402E-03,4.018562598714E-02,
    1.133083200541E-02));
#233 = CARTESIAN_POINT('',(3.652109012647E-03,4.048925925926E-02,
    1.066666666667E-02));
#234 = PCURVE('',#38,#235);
#235 = DEFINITIONAL_REPRESENTATION('',(#236),#242);
#236 = B_SPLINE_CURVE_WITH_KNOTS('',4,(#237,#238,#239,#240,#241),
  .UNSPECIFIED.,.F.,.F.,(5,5),(0.,1.),.PIECEWISE_BEZIER_KNOTS.);
#237 = CARTESIAN_POINT('',(0.610550537657,0.236748985398));
#238 = CARTESIAN_POINT('',(0.579916087448,0.238670640883));
#239 = CARTESIAN_POINT('',(0.54934792163,0.240590604444));
#240 = CARTESIAN_POINT('',(0.518853417975,0.242508410612));
#241 = CARTESIAN_POINT('',(0.488440430125,0.244423546882));
#242 = ( GEOMETRIC_REPRESENTATION_CONTEXT(2) 
PARAMETRIC_REPRESENTATION_CONTEXT() REPRESENTATION_CONTEXT('2D SPACE',''
  ) );
#243 = PCURVE('',#244,#249);
#244 = PLANE('',#245);
#245 = AXIS2_PLACEMENT_3D('',#246,#247,#248);
#246 = CARTESIAN_POINT('',(0.,4.048925925926E-02,1.066666666667E-02));
#247 = DIRECTION('',(-0.,0.909466795978,0.415776558999));
#248 = DIRECTION('',(0.,-0.415776558999,0.909466795978));
#249 = DEFINITIONAL_REPRESENTATION('',(#250),#256);
#250 = B_SPLINE_CURVE_WITH_KNOTS('',4,(#251,#252,#253,#254,#255),
  .UNSPECIFIED.,.F.,.F.,(5,5),(0.,1.),.PIECEWISE_BEZIER_KNOTS.);
#251 = CARTESIAN_POINT('',(2.932120972925E-03,4.27776084732E-03));
#252 = CARTESIAN_POINT('',(2.19652327534E-03,4.133739846266E-03));
#253 = CARTESIAN_POINT('',(1.46251720566E-03,3.981574787137E-03));
#254 = CARTESIAN_POINT('',(7.302799197109E-04,3.82107887402E-03));
#255 = CARTESIAN_POINT('',(0.,3.652109012647E-03));
#256 = ( GEOMETRIC_REPRESENTATION_CONTEXT(2) 
PARAMETRIC_REPRESENTATION_CONTEXT() REPRESENTATION_CONTEXT('2D SPACE',''
  ) );
#257 = ORIENTED_EDGE('',*,*,#258,.F.);
#258 = EDGE_CURVE('',#259,#225,#261,.T.);
#259 = VERTEX_POINT('',#260);
#260 = CARTESIAN_POINT('',(4.692385656296E-03,3.763234375E-02,1.6E-02));
#261 = SURFACE_CURVE('',#262,(#268,#277),.PCURVE_S1.);
#262 = B_SPLINE_CURVE_WITH_KNOTS('',4,(#263,#264,#265,#266,#267),
  .UNSPECIFIED.,.F.,.F.,(5,5),(0.,1.),.PIECEWISE_BEZIER_KNOTS.);
#263 = CARTESIAN_POINT('',(4.692385656296E-03,3.763234375E-02,1.6E-02));
#264 = CARTESIAN_POINT('',(4.603664282634E-03,3.804278016429E-02,
    1.533173065636E-02));
#265 = CARTESIAN_POINT('',(4.505285984648E-03,3.845264576174E-02,
    1.46643907122E-02));
#266 = CARTESIAN_POINT('',(4.396784778154E-03,3.886181835165E-02,
    1.399817911747E-02));
#267 = CARTESIAN_POINT('',(4.27776084732E-03,3.927015209057E-02,
    1.333333333333E-02));
#268 = PCURVE('',#38,#269);
#269 = DEFINITIONAL_REPRESENTATION('',(#270),#276);
#270 = B_SPLINE_CURVE_WITH_KNOTS('',4,(#271,#272,#273,#274,#275),
  .UNSPECIFIED.,.F.,.F.,(5,5),(0.,1.),.PIECEWISE_BEZIER_KNOTS.);
#271 = CARTESIAN_POINT('',(0.732660645188,0.22648477891));
#272 = CARTESIAN_POINT('',(0.702059729658,0.229050451207));
#273 = CARTESIAN_POINT('',(0.67150137253,0.231616893225));
#274 = CARTESIAN_POINT('',(0.640994683979,0.234183376813));
#275 = CARTESIAN_POINT('',(0.610550537657,0.236748985594));
#276 = ( GEOMETRIC_REPRESENTATION_CONTEXT(2) 
PARAMETRIC_REPRESENTATION_CONTEXT() REPRESENTATION_CONTEXT('2D SPACE',''
  ) );
#277 = PCURVE('',#278,#283);
#278 = PLANE('',#279);
#279 = AXIS2_PLACEMENT_3D('',#280,#281,#282);
#280 = CARTESIAN_POINT('',(0.,3.927015209057E-02,1.333333333333E-02));
#281 = DIRECTION('',(-0.,0.85211687062,0.52335154419));
#282 = DIRECTION('',(0.,-0.52335154419,0.85211687062));
#283 = DEFINITIONAL_REPRESENTATION('',(#284),#290);
#284 = B_SPLINE_CURVE_WITH_KNOTS('',4,(#285,#286,#287,#288,#289),
  .UNSPECIFIED.,.F.,.F.,(5,5),(0.,1.),.PIECEWISE_BEZIER_KNOTS.);
#285 = CARTESIAN_POINT('',(3.129461179108E-03,4.692385656296E-03));
#286 = CARTESIAN_POINT('',(2.345215066066E-03,4.603664282634E-03));
#287 = CARTESIAN_POINT('',(1.562059647871E-03,4.505285984648E-03));
#288 = CARTESIAN_POINT('',(7.802284018324E-04,4.396784778154E-03));
#289 = CARTESIAN_POINT('',(0.,4.27776084732E-03));
#290 = ( GEOMETRIC_REPRESENTATION_CONTEXT(2) 
PARAMETRIC_REPRESENTATION_CONTEXT() REPRESENTATION_CONTEXT('2D SPACE',''
  ) );
#291 = ORIENTED_EDGE('',*,*,#292,.F.);
#292 = EDGE_CURVE('',#293,#259,#295,.T.);
#293 = VERTEX_POINT('',#294);
#294 = CARTESIAN_POINT('',(4.874222558591E-03,3.558627803096E-02,
    1.866666666667E-02));
#295 = SURFACE_CURVE('',#296,(#303,#313),.PCURVE_S1.);
#296 = B_SPLINE_CURVE_WITH_KNOTS('',5,(#297,#298,#299,#300,#301,#302),
  .UNSPECIFIED.,.F.,.F.,(6,6),(0.,1.),.PIECEWISE_BEZIER_KNOTS.);
#297 = CARTESIAN_POINT('',(4.874222558591E-03,3.558627803096E-02,
    1.866666666667E-02));
#298 = CARTESIAN_POINT('',(4.850248651256E-03,3.599585366113E-02,
    1.813286089968E-02));
#299 = CARTESIAN_POINT('',(4.820406967729E-03,3.640530210835E-02,
    1.759922089205E-02));
#300 = CARTESIAN_POINT('',(4.784364764293E-03,3.681457486601E-02,
    1.706580986313E-02));
#301 = CARTESIAN_POINT('',(4.741795260123E-03,3.722361226707E-02,
    1.653270557783E-02));
#302 = CARTESIAN_POINT('',(4.692385656296E-03,3.763234375E-02,1.6E-02));
#303 = PCURVE('',#38,#304);
#304 = DEFINITIONAL_REPRESENTATION('',(#305),#312);
#305 = B_SPLINE_CURVE_WITH_KNOTS('',5,(#306,#307,#308,#309,#310,#311),
  .UNSPECIFIED.,.F.,.F.,(6,6),(0.,1.),.PIECEWISE_BEZIER_KNOTS.);
#306 = CARTESIAN_POINT('',(0.854770752719,0.21373461258));
#307 = CARTESIAN_POINT('',(0.830327097866,0.216279007093));
#308 = CARTESIAN_POINT('',(0.805891033348,0.218826509288));
#309 = CARTESIAN_POINT('',(0.781465454061,0.22137687057));
#310 = CARTESIAN_POINT('',(0.75705392096,0.223929764499));
#311 = CARTESIAN_POINT('',(0.732660645188,0.226484779129));
#312 = ( GEOMETRIC_REPRESENTATION_CONTEXT(2) 
PARAMETRIC_REPRESENTATION_CONTEXT() REPRESENTATION_CONTEXT('2D SPACE',''
  ) );
#313 = PCURVE('',#314,#319);
#314 = PLANE('',#315);
#315 = AXIS2_PLACEMENT_3D('',#316,#317,#318);
#316 = CARTESIAN_POINT('',(0.,3.763234375E-02,1.6E-02));
#317 = DIRECTION('',(-0.,0.793373396254,0.608735290678));
#318 = DIRECTION('',(0.,-0.608735290678,0.793373396254));
#319 = DEFINITIONAL_REPRESENTATION('',(#320),#327);
#320 = B_SPLINE_CURVE_WITH_KNOTS('',5,(#321,#322,#323,#324,#325,#326),
  .UNSPECIFIED.,.F.,.F.,(6,6),(0.,1.),.PIECEWISE_BEZIER_KNOTS.);
#321 = CARTESIAN_POINT('',(3.361174800236E-03,4.874222558591E-03));
#322 = CARTESIAN_POINT('',(2.688344365652E-03,4.850248651256E-03));
#323 = CARTESIAN_POINT('',(2.015722860887E-03,4.820406967729E-03));
#324 = CARTESIAN_POINT('',(1.343389970179E-03,4.784364764293E-03));
#325 = CARTESIAN_POINT('',(6.714437115588E-04,4.741795260123E-03));
#326 = CARTESIAN_POINT('',(0.,4.692385656296E-03));
#327 = ( GEOMETRIC_REPRESENTATION_CONTEXT(2) 
PARAMETRIC_REPRESENTATION_CONTEXT() REPRESENTATION_CONTEXT('2D SPACE',''
  ) );
#328 = ORIENTED_EDGE('',*,*,#329,.F.);
#329 = EDGE_CURVE('',#330,#293,#332,.T.);
#330 = VERTEX_POINT('',#331);
#331 = CARTESIAN_POINT('',(4.828832829556E-03,3.316518518519E-02,
    2.133333333333E-02));
#332 = SURFACE_CURVE('',#333,(#340,#350),.PCURVE_S1.);
#333 = B_SPLINE_CURVE_WITH_KNOTS('',5,(#334,#335,#336,#337,#338,#339),
  .UNSPECIFIED.,.F.,.F.,(6,6),(0.,1.),.PIECEWISE_BEZIER_KNOTS.);
#334 = CARTESIAN_POINT('',(4.828832829556E-03,3.316518518519E-02,
    2.133333333333E-02));
#335 = CARTESIAN_POINT('',(4.848849195072E-03,3.364927578965E-02,
    2.080014094427E-02));
#336 = CARTESIAN_POINT('',(4.863873376663E-03,3.413345924725E-02,
    2.02668462839E-02));
#337 = CARTESIAN_POINT('',(4.873430733466E-03,3.461771428336E-02,
    1.973347278473E-02));
#338 = CARTESIAN_POINT('',(4.877040038809E-03,3.51020044455E-02,
    1.920006059667E-02));
#339 = CARTESIAN_POINT('',(4.874222558591E-03,3.558627803096E-02,
    1.866666666667E-02));
#340 = PCURVE('',#38,#341);
#341 = DEFINITIONAL_REPRESENTATION('',(#342),#349);
#342 = B_SPLINE_CURVE_WITH_KNOTS('',5,(#343,#344,#345,#346,#347,#348),
  .UNSPECIFIED.,.F.,.F.,(6,6),(0.,1.),.PIECEWISE_BEZIER_KNOTS.);
#343 = CARTESIAN_POINT('',(0.976880860251,0.198747630069));
#344 = CARTESIAN_POINT('',(0.952465292764,0.201733745289));
#345 = CARTESIAN_POINT('',(0.928045042143,0.204725566979));
#346 = CARTESIAN_POINT('',(0.903621181391,0.207723081448));
#347 = CARTESIAN_POINT('',(0.879195549025,0.210726174363));
#348 = CARTESIAN_POINT('',(0.854770752719,0.213734612764));
#349 = ( GEOMETRIC_REPRESENTATION_CONTEXT(2) 
PARAMETRIC_REPRESENTATION_CONTEXT() REPRESENTATION_CONTEXT('2D SPACE',''
  ) );
#350 = PCURVE('',#351,#356);
#351 = PLANE('',#352);
#352 = AXIS2_PLACEMENT_3D('',#353,#354,#355);
#353 = CARTESIAN_POINT('',(0.,3.558627803096E-02,1.866666666667E-02));
#354 = DIRECTION('',(-0.,0.740375165672,0.672193881299));
#355 = DIRECTION('',(0.,-0.672193881299,0.740375165672));
#356 = DEFINITIONAL_REPRESENTATION('',(#357),#364);
#357 = B_SPLINE_CURVE_WITH_KNOTS('',5,(#358,#359,#360,#361,#362,#363),
  .UNSPECIFIED.,.F.,.F.,(6,6),(0.,1.),.PIECEWISE_BEZIER_KNOTS.);
#358 = CARTESIAN_POINT('',(3.601777572113E-03,4.828832829556E-03));
#359 = CARTESIAN_POINT('',(2.881612426408E-03,4.848849195072E-03));
#360 = CARTESIAN_POINT('',(2.161309146262E-03,4.863873376663E-03));
#361 = CARTESIAN_POINT('',(1.440899381192E-03,4.873430733466E-03));
#362 = CARTESIAN_POINT('',(7.204373603184E-04,4.877040038809E-03));
#363 = CARTESIAN_POINT('',(0.,4.874222558591E-03));
#364 = ( GEOMETRIC_REPRESENTATION_CONTEXT(2) 
PARAMETRIC_REPRESENTATION_CONTEXT() REPRESENTATION_CONTEXT('2D SPACE',''
  ) );
#365 = ORIENTED_EDGE('',*,*,#366,.F.);
#366 = EDGE_CURVE('',#367,#330,#369,.T.);
#367 = VERTEX_POINT('',#368);
#368 = CARTESIAN_POINT('',(4.790330866366E-03,3.264568166425E-02,
    2.183821405597E-02));
#369 = SURFACE_CURVE('',#370,(#376,#385),.PCURVE_S1.);
#370 = B_SPLINE_CURVE_WITH_KNOTS('',4,(#371,#372,#373,#374,#375),
  .UNSPECIFIED.,.F.,.F.,(5,5),(0.,1.),.PIECEWISE_BEZIER_KNOTS.);
#371 = CARTESIAN_POINT('',(4.790330866366E-03,3.264568166425E-02,
    2.183821405597E-02));
#372 = CARTESIAN_POINT('',(4.800390884074E-03,3.277554075516E-02,
    2.171201019205E-02));
#373 = CARTESIAN_POINT('',(4.810168086419E-03,3.290541110035E-02,
    2.158579539064E-02));
#374 = CARTESIAN_POINT('',(4.819652191966E-03,3.303529263372E-02,
    2.145956971597E-02));
#375 = CARTESIAN_POINT('',(4.828832829556E-03,3.316518518519E-02,
    2.133333333333E-02));
#376 = PCURVE('',#38,#377);
#377 = DEFINITIONAL_REPRESENTATION('',(#378),#384);
#378 = B_SPLINE_CURVE_WITH_KNOTS('',4,(#379,#380,#381,#382,#383),
  .UNSPECIFIED.,.F.,.F.,(5,5),(0.,1.),.PIECEWISE_BEZIER_KNOTS.);
#379 = CARTESIAN_POINT('',(1.,0.195545423433));
#380 = CARTESIAN_POINT('',(0.994220962227,0.196345286035));
#381 = CARTESIAN_POINT('',(0.988441423612,0.197145605716));
#382 = CARTESIAN_POINT('',(0.982661387097,0.197946387343));
#383 = CARTESIAN_POINT('',(0.976880860251,0.198747630172));
#384 = ( GEOMETRIC_REPRESENTATION_CONTEXT(2) 
PARAMETRIC_REPRESENTATION_CONTEXT() REPRESENTATION_CONTEXT('2D SPACE',''
  ) );
#385 = PCURVE('',#386,#391);
#386 = PLANE('',#387);
#387 = AXIS2_PLACEMENT_3D('',#388,#389,#390);
#388 = CARTESIAN_POINT('',(0.,3.316518518519E-02,2.133333333333E-02));
#389 = DIRECTION('',(-0.,0.696942026343,0.717127472571));
#390 = DIRECTION('',(0.,-0.717127472571,0.696942026343));
#391 = DEFINITIONAL_REPRESENTATION('',(#392),#398);
#392 = B_SPLINE_CURVE_WITH_KNOTS('',4,(#393,#394,#395,#396,#397),
  .UNSPECIFIED.,.F.,.F.,(5,5),(0.,1.),.PIECEWISE_BEZIER_KNOTS.);
#393 = CARTESIAN_POINT('',(7.244228408608E-04,4.790330866366E-03));
#394 = CARTESIAN_POINT('',(5.433405425506E-04,4.800390884074E-03));
#395 = CARTESIAN_POINT('',(3.622425506884E-04,4.810168086419E-03));
#396 = CARTESIAN_POINT('',(1.811289574505E-04,4.819652191966E-03));
#397 = CARTESIAN_POINT('',(0.,4.828832829556E-03));
#398 = ( GEOMETRIC_REPRESENTATION_CONTEXT(2) 
PARAMETRIC_REPRESENTATION_CONTEXT() REPRESENTATION_CONTEXT('2D SPACE',''
  ) );
#399 = ORIENTED_EDGE('',*,*,#400,.T.);
#400 = EDGE_CURVE('',#367,#401,#403,.T.);
#401 = VERTEX_POINT('',#402);
#402 = CARTESIAN_POINT('',(6.E-02,0.16,2.183821405597E-02));
#403 = SURFACE_CURVE('',#404,(#414,#420),.PCURVE_S1.);
#404 = ( BOUNDED_CURVE() B_SPLINE_CURVE(8,(#405,#406,#407,#408,#409,#410
,#411,#412,#413),.UNSPECIFIED.,.F.,.F.) B_SPLINE_CURVE_WITH_KNOTS((9,9),
(0.,1.),.PIECEWISE_BEZIER_KNOTS.) CURVE() GEOMETRIC_REPRESENTATION_ITEM(
) RATIONAL_B_SPLINE_CURVE((1.,1.000000000001,0.999999999991,
    1.000000000036,0.99999999991,1.000000000152,0.999999999834,
1.000000000099,1.)) REPRESENTATION_ITEM('') );
#405 = CARTESIAN_POINT('',(1.2E-03,0.,2.183821405597E-02));
#406 = CARTESIAN_POINT('',(1.208878908836E-03,2.110709493669E-02,
    2.183821405597E-02));
#407 = CARTESIAN_POINT('',(1.120341206347E-03,4.206850497285E-02,
    2.183821405598E-02));
#408 = CARTESIAN_POINT('',(1.377842094197E-02,6.420868303148E-02,
    2.183821405597E-02));
#409 = CARTESIAN_POINT('',(3.617066367181E-02,7.50715496381E-02,
    2.183821405595E-02));
#410 = CARTESIAN_POINT('',(3.268733817683E-02,0.100972314113,
    2.183821405606E-02));
#411 = CARTESIAN_POINT('',(7.089889771059E-02,0.109918845146,
    2.183821405585E-02));
#412 = CARTESIAN_POINT('',(5.485076006638E-02,0.143114264395,
    2.183821405605E-02));
#413 = CARTESIAN_POINT('',(6.E-02,0.16,2.183821405597E-02));
#414 = PCURVE('',#38,#415);
#415 = DEFINITIONAL_REPRESENTATION('',(#416),#419);
#416 = B_SPLINE_CURVE_WITH_KNOTS('',1,(#417,#418),.UNSPECIFIED.,.F.,.F.,
  (2,2),(0.195545423433,1.),.PIECEWISE_BEZIER_KNOTS.);
#417 = CARTESIAN_POINT('',(1.,0.195545423433));
#418 = CARTESIAN_POINT('',(1.,1.));
#419 = ( GEOMETRIC_REPRESENTATION_CONTEXT(2) 
PARAMETRIC_REPRESENTATION_CONTEXT() REPRESENTATION_CONTEXT('2D SPACE',''
  ) );
#420 = PCURVE('',#421,#440);
#421 = ( BOUNDED_SURFACE() B_SPLINE_SURFACE(1,8,(
    (#422,#423,#424,#425,#426,#427,#428,#429,#430)
    ,(#431,#432,#433,#434,#435,#436,#437,#438,#439
)),.UNSPECIFIED.,.F.,.F.,.F.) B_SPLINE_SURFACE_WITH_KNOTS((2,2),(9,9),(
    1.,2.),(0.,1.),.PIECEWISE_BEZIER_KNOTS.) 
GEOMETRIC_REPRESENTATION_ITEM() RATIONAL_B_SPLINE_SURFACE((
    (1.,1.000000000001,0.999999999991,1.000000000036,0.99999999991
      ,1.000000000152,0.999999999834,1.000000000099,1.)
    ,(1.,1.000000000001,0.999999999991,1.000000000036,0.99999999991
      ,1.000000000152,0.999999999834,1.000000000099,1.
))) REPRESENTATION_ITEM('') SURFACE() );
#422 = CARTESIAN_POINT('',(1.2E-03,0.,2.183821405597E-02));
#423 = CARTESIAN_POINT('',(1.208878908836E-03,2.110709493669E-02,
    2.183821405597E-02));
#424 = CARTESIAN_POINT('',(1.120341206347E-03,4.206850497285E-02,
    2.183821405598E-02));
#425 = CARTESIAN_POINT('',(1.377842094197E-02,6.420868303148E-02,
    2.183821405597E-02));
#426 = CARTESIAN_POINT('',(3.617066367181E-02,7.50715496381E-02,
    2.183821405595E-02));
#427 = CARTESIAN_POINT('',(3.268733817683E-02,0.100972314113,
    2.183821405606E-02));
#428 = CARTESIAN_POINT('',(7.089889771059E-02,0.109918845146,
    2.183821405585E-02));
#429 = CARTESIAN_POINT('',(5.485076006638E-02,0.143114264395,
    2.183821405605E-02));
#430 = CARTESIAN_POINT('',(6.E-02,0.16,2.183821405597E-02));
#431 = CARTESIAN_POINT('',(1.28E-03,0.,6.4E-02));
#432 = CARTESIAN_POINT('',(6.684894119176E-03,2.110709493669E-02,
    6.401730004776E-02));
#433 = CARTESIAN_POINT('',(1.042282983924E-02,4.206850497285E-02,
    6.381792341383E-02));
#434 = CARTESIAN_POINT('',(2.573445002382E-02,6.420868303148E-02,
    7.279260089271E-02));
#435 = CARTESIAN_POINT('',(5.004803386131E-02,7.50715496381E-02,
    7.546671471571E-02));
#436 = CARTESIAN_POINT('',(4.310594859517E-02,0.100972314113,
    7.235917643871E-02));
#437 = CARTESIAN_POINT('',(9.292683974536E-02,0.109918845146,
    6.757341612215E-02));
#438 = CARTESIAN_POINT('',(5.323971479252E-02,0.143114264395,
    7.568357548268E-02));
#439 = CARTESIAN_POINT('',(6.4E-02,0.16,7.2E-02));
#440 = DEFINITIONAL_REPRESENTATION('',(#441),#444);
#441 = B_SPLINE_CURVE_WITH_KNOTS('',1,(#442,#443),.UNSPECIFIED.,.F.,.F.,
  (2,2),(0.195545423433,1.),.PIECEWISE_BEZIER_KNOTS.);
#442 = CARTESIAN_POINT('',(1.,0.195545423433));
#443 = CARTESIAN_POINT('',(1.,1.));
#444 = ( GEOMETRIC_REPRESENTATION_CONTEXT(2) 
PARAMETRIC_REPRESENTATION_CONTEXT() REPRESENTATION_CONTEXT('2D SPACE',''
  ) );
#445 = ORIENTED_EDGE('',*,*,#446,.F.);
#446 = EDGE_CURVE('',#24,#401,#447,.T.);
#447 = SURFACE_CURVE('',#448,(#451,#457),.PCURVE_S1.);
#448 = B_SPLINE_CURVE_WITH_KNOTS('',1,(#449,#450),.UNSPECIFIED.,.F.,.F.,
  (2,2),(0.,1.),.PIECEWISE_BEZIER_KNOTS.);
#449 = CARTESIAN_POINT('',(0.,0.16,0.));
#450 = CARTESIAN_POINT('',(6.E-02,0.16,2.183821405597E-02));
#451 = PCURVE('',#38,#452);
#452 = DEFINITIONAL_REPRESENTATION('',(#453),#456);
#453 = B_SPLINE_CURVE_WITH_KNOTS('',1,(#454,#455),.UNSPECIFIED.,.F.,.F.,
  (2,2),(0.,1.),.PIECEWISE_BEZIER_KNOTS.);
#454 = CARTESIAN_POINT('',(0.,1.));
#455 = CARTESIAN_POINT('',(1.,1.));
#456 = ( GEOMETRIC_REPRESENTATION_CONTEXT(2) 
PARAMETRIC_REPRESENTATION_CONTEXT() REPRESENTATION_CONTEXT('2D SPACE',''
  ) );
#457 = PCURVE('',#458,#463);
#458 = PLANE('',#459);
#459 = AXIS2_PLACEMENT_3D('',#460,#461,#462);
#460 = CARTESIAN_POINT('',(0.,0.16,0.));
#461 = DIRECTION('',(0.342020143326,0.,-0.939692620786));
#462 = DIRECTION('',(0.939692620786,0.,0.342020143326));
#463 = DEFINITIONAL_REPRESENTATION('',(#464),#467);
#464 = B_SPLINE_CURVE_WITH_KNOTS('',1,(#465,#466),.UNSPECIFIED.,.F.,.F.,
  (2,2),(0.,1.),.PIECEWISE_BEZIER_KNOTS.);
#465 = CARTESIAN_POINT('',(0.,0.));
#466 = CARTESIAN_POINT('',(6.385066634855E-02,0.));
#467 = ( GEOMETRIC_REPRESENTATION_CONTEXT(2) 
PARAMETRIC_REPRESENTATION_CONTEXT() REPRESENTATION_CONTEXT('2D SPACE',''
  ) );
#468 = ADVANCED_FACE('',(#469),#108,.F.);
#469 = FACE_BOUND('',#470,.F.);
#470 = EDGE_LOOP('',(#471,#472,#501));
#471 = ORIENTED_EDGE('',*,*,#88,.T.);
#472 = ORIENTED_EDGE('',*,*,#473,.T.);
#473 = EDGE_CURVE('',#22,#474,#476,.T.);
#474 = VERTEX_POINT('',#475);
#475 = CARTESIAN_POINT('',(-9.85051881677E-04,4.195148527922E-02,
    2.666666666667E-03));
#476 = SURFACE_CURVE('',#477,(#483,#492),.PCURVE_S1.);
#477 = B_SPLINE_CURVE_WITH_KNOTS('',4,(#478,#479,#480,#481,#482),
  .UNSPECIFIED.,.F.,.F.,(5,5),(0.,1.),.PIECEWISE_BEZIER_KNOTS.);
#478 = CARTESIAN_POINT('',(-1.7763568394E-18,4.198E-02,
    -1.887271249005E-18));
#479 = CARTESIAN_POINT('',(-2.465792579239E-04,4.197287256697E-02,
    6.665500328774E-04));
#480 = CARTESIAN_POINT('',(-4.929476633004E-04,4.196574430172E-02,
    1.333177895101E-03));
#481 = CARTESIAN_POINT('',(-7.39105207257E-04,4.195861520541E-02,
    1.999883476491E-03));
#482 = CARTESIAN_POINT('',(-9.85051881677E-04,4.195148527922E-02,
    2.666666666667E-03));
#483 = PCURVE('',#108,#484);
#484 = DEFINITIONAL_REPRESENTATION('',(#485),#491);
#485 = B_SPLINE_CURVE_WITH_KNOTS('',4,(#486,#487,#488,#489,#490),
  .UNSPECIFIED.,.F.,.F.,(5,5),(0.,1.),.PIECEWISE_BEZIER_KNOTS.);
#486 = CARTESIAN_POINT('',(-1.89735380185E-18,-1.7763568394E-18));
#487 = CARTESIAN_POINT('',(6.665881386812E-04,-2.465792579239E-04));
#488 = CARTESIAN_POINT('',(1.333254111158E-03,-4.929476633004E-04));
#489 = CARTESIAN_POINT('',(1.999997807244E-03,-7.39105207257E-04));
#490 = CARTESIAN_POINT('',(2.666819116553E-03,-9.85051881677E-04));
#491 = ( GEOMETRIC_REPRESENTATION_CONTEXT(2) 
PARAMETRIC_REPRESENTATION_CONTEXT() REPRESENTATION_CONTEXT('2D SPACE',''
  ) );
#492 = PCURVE('',#63,#493);
#493 = DEFINITIONAL_REPRESENTATION('',(#494),#500);
#494 = B_SPLINE_CURVE_WITH_KNOTS('',4,(#495,#496,#497,#498,#499),
  .UNSPECIFIED.,.F.,.F.,(5,5),(0.,1.),.PIECEWISE_BEZIER_KNOTS.);
#495 = CARTESIAN_POINT('',(5.,0.253848613706));
#496 = CARTESIAN_POINT('',(4.969477813929,0.253803443816));
#497 = CARTESIAN_POINT('',(4.938952063952,0.253758270026));
#498 = CARTESIAN_POINT('',(4.908422755113,0.253713092343));
#499 = CARTESIAN_POINT('',(4.877889892469,0.253667910775));
#500 = ( GEOMETRIC_REPRESENTATION_CONTEXT(2) 
PARAMETRIC_REPRESENTATION_CONTEXT() REPRESENTATION_CONTEXT('2D SPACE',''
  ) );
#501 = ORIENTED_EDGE('',*,*,#502,.T.);
#502 = EDGE_CURVE('',#474,#89,#503,.T.);
#503 = SURFACE_CURVE('',#504,(#508,#515),.PCURVE_S1.);
#504 = LINE('',#505,#506);
#505 = CARTESIAN_POINT('',(-0.104,4.195148527922E-02,2.666666666667E-03)
  );
#506 = VECTOR('',#507,1.);
#507 = DIRECTION('',(1.,0.,0.));
#508 = PCURVE('',#108,#509);
#509 = DEFINITIONAL_REPRESENTATION('',(#510),#514);
#510 = LINE('',#511,#512);
#511 = CARTESIAN_POINT('',(2.666819116553E-03,-0.104));
#512 = VECTOR('',#513,1.);
#513 = DIRECTION('',(0.,1.));
#514 = ( GEOMETRIC_REPRESENTATION_CONTEXT(2) 
PARAMETRIC_REPRESENTATION_CONTEXT() REPRESENTATION_CONTEXT('2D SPACE',''
  ) );
#515 = PCURVE('',#142,#516);
#516 = DEFINITIONAL_REPRESENTATION('',(#517),#521);
#517 = LINE('',#518,#519);
#518 = CARTESIAN_POINT('',(0.,-0.104));
#519 = VECTOR('',#520,1.);
#520 = DIRECTION('',(0.,1.));
#521 = ( GEOMETRIC_REPRESENTATION_CONTEXT(2) 
PARAMETRIC_REPRESENTATION_CONTEXT() REPRESENTATION_CONTEXT('2D SPACE',''
  ) );
#522 = ADVANCED_FACE('',(#523),#142,.F.);
#523 = FACE_BOUND('',#524,.F.);
#524 = EDGE_LOOP('',(#525,#526,#555,#576));
#525 = ORIENTED_EDGE('',*,*,#502,.F.);
#526 = ORIENTED_EDGE('',*,*,#527,.T.);
#527 = EDGE_CURVE('',#474,#528,#530,.T.);
#528 = VERTEX_POINT('',#529);
#529 = CARTESIAN_POINT('',(-1.951492257217E-03,4.176631365741E-02,
    5.333333333333E-03));
#530 = SURFACE_CURVE('',#531,(#537,#546),.PCURVE_S1.);
#531 = B_SPLINE_CURVE_WITH_KNOTS('',4,(#532,#533,#534,#535,#536),
  .UNSPECIFIED.,.F.,.F.,(5,5),(0.,1.),.PIECEWISE_BEZIER_KNOTS.);
#532 = CARTESIAN_POINT('',(-9.85051881677E-04,4.195148527922E-02,
    2.666666666667E-03));
#533 = CARTESIAN_POINT('',(-1.228711035507E-03,4.190524374966E-02,
    3.33259346626E-03));
#534 = CARTESIAN_POINT('',(-1.471004278436E-03,4.185896775418E-02,
    3.99901661156E-03));
#535 = CARTESIAN_POINT('',(-1.711931364952E-03,4.181265761496E-02,
    4.665931462666E-03));
#536 = CARTESIAN_POINT('',(-1.951492257217E-03,4.176631365741E-02,
    5.333333333333E-03));
#537 = PCURVE('',#142,#538);
#538 = DEFINITIONAL_REPRESENTATION('',(#539),#545);
#539 = B_SPLINE_CURVE_WITH_KNOTS('',4,(#540,#541,#542,#543,#544),
  .UNSPECIFIED.,.F.,.F.,(5,5),(0.,1.),.PIECEWISE_BEZIER_KNOTS.);
#540 = CARTESIAN_POINT('',(0.,-9.85051881677E-04));
#541 = CARTESIAN_POINT('',(6.675303599628E-04,-1.228711035507E-03));
#542 = CARTESIAN_POINT('',(1.33555826084E-03,-1.471004278436E-03));
#543 = CARTESIAN_POINT('',(2.004079051557E-03,-1.711931364952E-03));
#544 = CARTESIAN_POINT('',(2.673088034584E-03,-1.951492257217E-03));
#545 = ( GEOMETRIC_REPRESENTATION_CONTEXT(2) 
PARAMETRIC_REPRESENTATION_CONTEXT() REPRESENTATION_CONTEXT('2D SPACE',''
  ) );
#546 = PCURVE('',#63,#547);
#547 = DEFINITIONAL_REPRESENTATION('',(#548),#554);
#548 = B_SPLINE_CURVE_WITH_KNOTS('',4,(#549,#550,#551,#552,#553),
  .UNSPECIFIED.,.F.,.F.,(5,5),(0.,1.),.PIECEWISE_BEZIER_KNOTS.);
#549 = CARTESIAN_POINT('',(4.877889892469,0.253667910777));
#550 = CARTESIAN_POINT('',(4.847396245054,0.25337488323));
#551 = CARTESIAN_POINT('',(4.816879869329,0.253081695074));
#552 = CARTESIAN_POINT('',(4.78634097776,0.252788348547));
#553 = CARTESIAN_POINT('',(4.755779784937,0.252494845829));
#554 = ( GEOMETRIC_REPRESENTATION_CONTEXT(2) 
PARAMETRIC_REPRESENTATION_CONTEXT() REPRESENTATION_CONTEXT('2D SPACE',''
  ) );
#555 = ORIENTED_EDGE('',*,*,#556,.T.);
#556 = EDGE_CURVE('',#528,#123,#557,.T.);
#557 = SURFACE_CURVE('',#558,(#562,#569),.PCURVE_S1.);
#558 = LINE('',#559,#560);
#559 = CARTESIAN_POINT('',(-0.104,4.176631365741E-02,5.333333333333E-03)
  );
#560 = VECTOR('',#561,1.);
#561 = DIRECTION('',(1.,0.,0.));
#562 = PCURVE('',#142,#563);
#563 = DEFINITIONAL_REPRESENTATION('',(#564),#568);
#564 = LINE('',#565,#566);
#565 = CARTESIAN_POINT('',(2.673088034584E-03,-0.104));
#566 = VECTOR('',#567,1.);
#567 = DIRECTION('',(0.,1.));
#568 = ( GEOMETRIC_REPRESENTATION_CONTEXT(2) 
PARAMETRIC_REPRESENTATION_CONTEXT() REPRESENTATION_CONTEXT('2D SPACE',''
  ) );
#569 = PCURVE('',#176,#570);
#570 = DEFINITIONAL_REPRESENTATION('',(#571),#575);
#571 = LINE('',#572,#573);
#572 = CARTESIAN_POINT('',(0.,-0.104));
#573 = VECTOR('',#574,1.);
#574 = DIRECTION('',(0.,1.));
#575 = ( GEOMETRIC_REPRESENTATION_CONTEXT(2) 
PARAMETRIC_REPRESENTATION_CONTEXT() REPRESENTATION_CONTEXT('2D SPACE',''
  ) );
#576 = ORIENTED_EDGE('',*,*,#122,.T.);
#577 = ADVANCED_FACE('',(#578),#176,.F.);
#578 = FACE_BOUND('',#579,.F.);
#579 = EDGE_LOOP('',(#580,#581,#610,#631));
#580 = ORIENTED_EDGE('',*,*,#556,.F.);
#581 = ORIENTED_EDGE('',*,*,#582,.T.);
#582 = EDGE_CURVE('',#528,#583,#585,.T.);
#583 = VERTEX_POINT('',#584);
#584 = CARTESIAN_POINT('',(-2.85850537601E-03,4.130580566406E-02,8.E-03)
  );
#585 = SURFACE_CURVE('',#586,(#592,#601),.PCURVE_S1.);
#586 = B_SPLINE_CURVE_WITH_KNOTS('',4,(#587,#588,#589,#590,#591),
  .UNSPECIFIED.,.F.,.F.,(5,5),(0.,1.),.PIECEWISE_BEZIER_KNOTS.);
#587 = CARTESIAN_POINT('',(-1.951492257217E-03,4.176631365741E-02,
    5.333333333333E-03));
#588 = CARTESIAN_POINT('',(-2.183304503785E-03,4.165147700558E-02,
    5.998318688552E-03));
#589 = CARTESIAN_POINT('',(-2.411742210954E-03,4.153644349126E-02,
    6.66444401673E-03));
#590 = CARTESIAN_POINT('',(-2.636807434161E-03,4.142121804244E-02,
    7.331680781246E-03));
#591 = CARTESIAN_POINT('',(-2.85850537601E-03,4.130580566406E-02,8.E-03)
  );
#592 = PCURVE('',#176,#593);
#593 = DEFINITIONAL_REPRESENTATION('',(#594),#600);
#594 = B_SPLINE_CURVE_WITH_KNOTS('',4,(#595,#596,#597,#598,#599),
  .UNSPECIFIED.,.F.,.F.,(5,5),(0.,1.),.PIECEWISE_BEZIER_KNOTS.);
#595 = CARTESIAN_POINT('',(0.,-1.951492257217E-03));
#596 = CARTESIAN_POINT('',(6.748281108977E-04,-2.183304503785E-03));
#597 = CARTESIAN_POINT('',(1.350813068022E-03,-2.411742210954E-03));
#598 = CARTESIAN_POINT('',(2.027925912367E-03,-2.636807434161E-03));
#599 = CARTESIAN_POINT('',(2.706137232855E-03,-2.85850537601E-03));
#600 = ( GEOMETRIC_REPRESENTATION_CONTEXT(2) 
PARAMETRIC_REPRESENTATION_CONTEXT() REPRESENTATION_CONTEXT('2D SPACE',''
  ) );
#601 = PCURVE('',#63,#602);
#602 = DEFINITIONAL_REPRESENTATION('',(#603),#609);
#603 = B_SPLINE_CURVE_WITH_KNOTS('',4,(#604,#605,#606,#607,#608),
  .UNSPECIFIED.,.F.,.F.,(5,5),(0.,1.),.PIECEWISE_BEZIER_KNOTS.);
#604 = CARTESIAN_POINT('',(4.755779784937,0.25249484585));
#605 = CARTESIAN_POINT('',(4.725329247475,0.25176756939));
#606 = CARTESIAN_POINT('',(4.69482650918,0.25103940219));
#607 = CARTESIAN_POINT('',(4.664272876781,0.250310377962));
#608 = CARTESIAN_POINT('',(4.633669677406,0.249580530039));
#609 = ( GEOMETRIC_REPRESENTATION_CONTEXT(2) 
PARAMETRIC_REPRESENTATION_CONTEXT() REPRESENTATION_CONTEXT('2D SPACE',''
  ) );
#610 = ORIENTED_EDGE('',*,*,#611,.T.);
#611 = EDGE_CURVE('',#583,#157,#612,.T.);
#612 = SURFACE_CURVE('',#613,(#617,#624),.PCURVE_S1.);
#613 = LINE('',#614,#615);
#614 = CARTESIAN_POINT('',(-0.104,4.130580566406E-02,8.E-03));
#615 = VECTOR('',#616,1.);
#616 = DIRECTION('',(1.,0.,0.));
#617 = PCURVE('',#176,#618);
#618 = DEFINITIONAL_REPRESENTATION('',(#619),#623);
#619 = LINE('',#620,#621);
#620 = CARTESIAN_POINT('',(2.706137232855E-03,-0.104));
#621 = VECTOR('',#622,1.);
#622 = DIRECTION('',(0.,1.));
#623 = ( GEOMETRIC_REPRESENTATION_CONTEXT(2) 
PARAMETRIC_REPRESENTATION_CONTEXT() REPRESENTATION_CONTEXT('2D SPACE',''
  ) );
#624 = PCURVE('',#210,#625);
#625 = DEFINITIONAL_REPRESENTATION('',(#626),#630);
#626 = LINE('',#627,#628);
#627 = CARTESIAN_POINT('',(0.,-0.104));
#628 = VECTOR('',#629,1.);
#629 = DIRECTION('',(0.,1.));
#630 = ( GEOMETRIC_REPRESENTATION_CONTEXT(2) 
PARAMETRIC_REPRESENTATION_CONTEXT() REPRESENTATION_CONTEXT('2D SPACE',''
  ) );
#631 = ORIENTED_EDGE('',*,*,#156,.T.);
#632 = ADVANCED_FACE('',(#633),#210,.F.);
#633 = FACE_BOUND('',#634,.F.);
#634 = EDGE_LOOP('',(#635,#636,#665,#686));
#635 = ORIENTED_EDGE('',*,*,#611,.F.);
#636 = ORIENTED_EDGE('',*,*,#637,.T.);
#637 = EDGE_CURVE('',#583,#638,#640,.T.);
#638 = VERTEX_POINT('',#639);
#639 = CARTESIAN_POINT('',(-3.652109012648E-03,4.048925925926E-02,
    1.066666666667E-02));
#640 = SURFACE_CURVE('',#641,(#647,#656),.PCURVE_S1.);
#641 = B_SPLINE_CURVE_WITH_KNOTS('',4,(#642,#643,#644,#645,#646),
  .UNSPECIFIED.,.F.,.F.,(5,5),(0.,1.),.PIECEWISE_BEZIER_KNOTS.);
#642 = CARTESIAN_POINT('',(-2.85850537601E-03,4.130580566406E-02,8.E-03)
  );
#643 = CARTESIAN_POINT('',(-3.065708413124E-03,4.110241277698E-02,
    8.664237854725E-03));
#644 = CARTESIAN_POINT('',(-3.267020500555E-03,4.089850641061E-02,
    9.330152623474E-03));
#645 = CARTESIAN_POINT('',(-3.462471859909E-03,4.069411308458E-02,
    9.997657698768E-03));
#646 = CARTESIAN_POINT('',(-3.652109012647E-03,4.048925925926E-02,
    1.066666666667E-02));
#647 = PCURVE('',#210,#648);
#648 = DEFINITIONAL_REPRESENTATION('',(#649),#655);
#649 = B_SPLINE_CURVE_WITH_KNOTS('',4,(#650,#651,#652,#653,#654),
  .UNSPECIFIED.,.F.,.F.,(5,5),(0.,1.),.PIECEWISE_BEZIER_KNOTS.);
#650 = CARTESIAN_POINT('',(0.,-2.85850537601E-03));
#651 = CARTESIAN_POINT('',(6.946802099983E-04,-3.065708413124E-03));
#652 = CARTESIAN_POINT('',(1.391114187836E-03,-3.267020500555E-03));
#653 = CARTESIAN_POINT('',(2.089211356767E-03,-3.462471859909E-03));
#654 = CARTESIAN_POINT('',(2.788881342458E-03,-3.652109012647E-03));
#655 = ( GEOMETRIC_REPRESENTATION_CONTEXT(2) 
PARAMETRIC_REPRESENTATION_CONTEXT() REPRESENTATION_CONTEXT('2D SPACE',''
  ) );
#656 = PCURVE('',#63,#657);
#657 = DEFINITIONAL_REPRESENTATION('',(#658),#664);
#658 = B_SPLINE_CURVE_WITH_KNOTS('',4,(#659,#660,#661,#662,#663),
  .UNSPECIFIED.,.F.,.F.,(5,5),(0.,1.),.PIECEWISE_BEZIER_KNOTS.);
#659 = CARTESIAN_POINT('',(4.633669677406,0.249580530107));
#660 = CARTESIAN_POINT('',(4.603253368956,0.248294308662));
#661 = CARTESIAN_POINT('',(4.572760272449,0.247005953163));
#662 = CARTESIAN_POINT('',(4.542194353753,0.245715641609));
#663 = CARTESIAN_POINT('',(4.511559569875,0.244423546747));
#664 = ( GEOMETRIC_REPRESENTATION_CONTEXT(2) 
PARAMETRIC_REPRESENTATION_CONTEXT() REPRESENTATION_CONTEXT('2D SPACE',''
  ) );
#665 = ORIENTED_EDGE('',*,*,#666,.T.);
#666 = EDGE_CURVE('',#638,#191,#667,.T.);
#667 = SURFACE_CURVE('',#668,(#672,#679),.PCURVE_S1.);
#668 = LINE('',#669,#670);
#669 = CARTESIAN_POINT('',(-0.104,4.048925925926E-02,1.066666666667E-02)
  );
#670 = VECTOR('',#671,1.);
#671 = DIRECTION('',(1.,0.,0.));
#672 = PCURVE('',#210,#673);
#673 = DEFINITIONAL_REPRESENTATION('',(#674),#678);
#674 = LINE('',#675,#676);
#675 = CARTESIAN_POINT('',(2.788881342458E-03,-0.104));
#676 = VECTOR('',#677,1.);
#677 = DIRECTION('',(0.,1.));
#678 = ( GEOMETRIC_REPRESENTATION_CONTEXT(2) 
PARAMETRIC_REPRESENTATION_CONTEXT() REPRESENTATION_CONTEXT('2D SPACE',''
  ) );
#679 = PCURVE('',#244,#680);
#680 = DEFINITIONAL_REPRESENTATION('',(#681),#685);
#681 = LINE('',#682,#683);
#682 = CARTESIAN_POINT('',(0.,-0.104));
#683 = VECTOR('',#684,1.);
#684 = DIRECTION('',(0.,1.));
#685 = ( GEOMETRIC_REPRESENTATION_CONTEXT(2) 
PARAMETRIC_REPRESENTATION_CONTEXT() REPRESENTATION_CONTEXT('2D SPACE',''
  ) );
#686 = ORIENTED_EDGE('',*,*,#190,.T.);
#687 = ADVANCED_FACE('',(#688),#244,.F.);
#688 = FACE_BOUND('',#689,.F.);
#689 = EDGE_LOOP('',(#690,#691,#720,#741));
#690 = ORIENTED_EDGE('',*,*,#666,.F.);
#691 = ORIENTED_EDGE('',*,*,#692,.T.);
#692 = EDGE_CURVE('',#638,#693,#695,.T.);
#693 = VERTEX_POINT('',#694);
#694 = CARTESIAN_POINT('',(-4.27776084732E-03,3.927015209057E-02,
    1.333333333333E-02));
#695 = SURFACE_CURVE('',#696,(#702,#711),.PCURVE_S1.);
#696 = B_SPLINE_CURVE_WITH_KNOTS('',4,(#697,#698,#699,#700,#701),
  .UNSPECIFIED.,.F.,.F.,(5,5),(0.,1.),.PIECEWISE_BEZIER_KNOTS.);
#697 = CARTESIAN_POINT('',(-3.652109012647E-03,4.048925925926E-02,
    1.066666666667E-02));
#698 = CARTESIAN_POINT('',(-3.82107887402E-03,4.018562598714E-02,
    1.133083200541E-02));
#699 = CARTESIAN_POINT('',(-3.981574787137E-03,3.988117888801E-02,
    1.199677750376E-02));
#700 = CARTESIAN_POINT('',(-4.133739846266E-03,3.957599637008E-02,
    1.266433165218E-02));
#701 = CARTESIAN_POINT('',(-4.27776084732E-03,3.927015209057E-02,
    1.333333333333E-02));
#702 = PCURVE('',#244,#703);
#703 = DEFINITIONAL_REPRESENTATION('',(#704),#710);
#704 = B_SPLINE_CURVE_WITH_KNOTS('',4,(#705,#706,#707,#708,#709),
  .UNSPECIFIED.,.F.,.F.,(5,5),(0.,1.),.PIECEWISE_BEZIER_KNOTS.);
#705 = CARTESIAN_POINT('',(0.,-3.652109012647E-03));
#706 = CARTESIAN_POINT('',(7.302799197109E-04,-3.82107887402E-03));
#707 = CARTESIAN_POINT('',(1.46251720566E-03,-3.981574787137E-03));
#708 = CARTESIAN_POINT('',(2.19652327534E-03,-4.133739846266E-03));
#709 = CARTESIAN_POINT('',(2.932120972925E-03,-4.27776084732E-03));
#710 = ( GEOMETRIC_REPRESENTATION_CONTEXT(2) 
PARAMETRIC_REPRESENTATION_CONTEXT() REPRESENTATION_CONTEXT('2D SPACE',''
  ) );
#711 = PCURVE('',#63,#712);
#712 = DEFINITIONAL_REPRESENTATION('',(#713),#719);
#713 = B_SPLINE_CURVE_WITH_KNOTS('',4,(#714,#715,#716,#717,#718),
  .UNSPECIFIED.,.F.,.F.,(5,5),(0.,1.),.PIECEWISE_BEZIER_KNOTS.);
#714 = CARTESIAN_POINT('',(4.511559569875,0.244423546882));
#715 = CARTESIAN_POINT('',(4.481146582025,0.242508410612));
#716 = CARTESIAN_POINT('',(4.45065207837,0.240590604444));
#717 = CARTESIAN_POINT('',(4.420083912552,0.238670640883));
#718 = CARTESIAN_POINT('',(4.389449462343,0.236748985398));
#719 = ( GEOMETRIC_REPRESENTATION_CONTEXT(2) 
PARAMETRIC_REPRESENTATION_CONTEXT() REPRESENTATION_CONTEXT('2D SPACE',''
  ) );
#720 = ORIENTED_EDGE('',*,*,#721,.T.);
#721 = EDGE_CURVE('',#693,#225,#722,.T.);
#722 = SURFACE_CURVE('',#723,(#727,#734),.PCURVE_S1.);
#723 = LINE('',#724,#725);
#724 = CARTESIAN_POINT('',(-0.104,3.927015209057E-02,1.333333333333E-02)
  );
#725 = VECTOR('',#726,1.);
#726 = DIRECTION('',(1.,0.,0.));
#727 = PCURVE('',#244,#728);
#728 = DEFINITIONAL_REPRESENTATION('',(#729),#733);
#729 = LINE('',#730,#731);
#730 = CARTESIAN_POINT('',(2.932120972925E-03,-0.104));
#731 = VECTOR('',#732,1.);
#732 = DIRECTION('',(0.,1.));
#733 = ( GEOMETRIC_REPRESENTATION_CONTEXT(2) 
PARAMETRIC_REPRESENTATION_CONTEXT() REPRESENTATION_CONTEXT('2D SPACE',''
  ) );
#734 = PCURVE('',#278,#735);
#735 = DEFINITIONAL_REPRESENTATION('',(#736),#740);
#736 = LINE('',#737,#738);
#737 = CARTESIAN_POINT('',(0.,-0.104));
#738 = VECTOR('',#739,1.);
#739 = DIRECTION('',(0.,1.));
#740 = ( GEOMETRIC_REPRESENTATION_CONTEXT(2) 
PARAMETRIC_REPRESENTATION_CONTEXT() REPRESENTATION_CONTEXT('2D SPACE',''
  ) );
#741 = ORIENTED_EDGE('',*,*,#224,.T.);
#742 = ADVANCED_FACE('',(#743),#278,.F.);
#743 = FACE_BOUND('',#744,.F.);
#744 = EDGE_LOOP('',(#745,#746,#775,#796));
#745 = ORIENTED_EDGE('',*,*,#721,.F.);
#746 = ORIENTED_EDGE('',*,*,#747,.T.);
#747 = EDGE_CURVE('',#693,#748,#750,.T.);
#748 = VERTEX_POINT('',#749);
#749 = CARTESIAN_POINT('',(-4.692385656296E-03,3.763234375E-02,1.6E-02)
  );
#750 = SURFACE_CURVE('',#751,(#757,#766),.PCURVE_S1.);
#751 = B_SPLINE_CURVE_WITH_KNOTS('',4,(#752,#753,#754,#755,#756),
  .UNSPECIFIED.,.F.,.F.,(5,5),(0.,1.),.PIECEWISE_BEZIER_KNOTS.);
#752 = CARTESIAN_POINT('',(-4.27776084732E-03,3.927015209057E-02,
    1.333333333333E-02));
#753 = CARTESIAN_POINT('',(-4.396784778154E-03,3.886181835165E-02,
    1.399817911747E-02));
#754 = CARTESIAN_POINT('',(-4.505285984648E-03,3.845264576174E-02,
    1.46643907122E-02));
#755 = CARTESIAN_POINT('',(-4.603664282634E-03,3.804278016429E-02,
    1.533173065636E-02));
#756 = CARTESIAN_POINT('',(-4.692385656296E-03,3.763234375E-02,1.6E-02)
  );
#757 = PCURVE('',#278,#758);
#758 = DEFINITIONAL_REPRESENTATION('',(#759),#765);
#759 = B_SPLINE_CURVE_WITH_KNOTS('',4,(#760,#761,#762,#763,#764),
  .UNSPECIFIED.,.F.,.F.,(5,5),(0.,1.),.PIECEWISE_BEZIER_KNOTS.);
#760 = CARTESIAN_POINT('',(0.,-4.27776084732E-03));
#761 = CARTESIAN_POINT('',(7.802284018324E-04,-4.396784778154E-03));
#762 = CARTESIAN_POINT('',(1.562059647871E-03,-4.505285984648E-03));
#763 = CARTESIAN_POINT('',(2.345215066066E-03,-4.603664282634E-03));
#764 = CARTESIAN_POINT('',(3.129461179108E-03,-4.692385656296E-03));
#765 = ( GEOMETRIC_REPRESENTATION_CONTEXT(2) 
PARAMETRIC_REPRESENTATION_CONTEXT() REPRESENTATION_CONTEXT('2D SPACE',''
  ) );
#766 = PCURVE('',#63,#767);
#767 = DEFINITIONAL_REPRESENTATION('',(#768),#774);
#768 = B_SPLINE_CURVE_WITH_KNOTS('',4,(#769,#770,#771,#772,#773),
  .UNSPECIFIED.,.F.,.F.,(5,5),(0.,1.),.PIECEWISE_BEZIER_KNOTS.);
#769 = CARTESIAN_POINT('',(4.389449462343,0.236748985594));
#770 = CARTESIAN_POINT('',(4.359005316021,0.234183376813));
#771 = CARTESIAN_POINT('',(4.32849862747,0.231616893225));
#772 = CARTESIAN_POINT('',(4.297940270342,0.229050451207));
#773 = CARTESIAN_POINT('',(4.267339354812,0.22648477891));
#774 = ( GEOMETRIC_REPRESENTATION_CONTEXT(2) 
PARAMETRIC_REPRESENTATION_CONTEXT() REPRESENTATION_CONTEXT('2D SPACE',''
  ) );
#775 = ORIENTED_EDGE('',*,*,#776,.T.);
#776 = EDGE_CURVE('',#748,#259,#777,.T.);
#777 = SURFACE_CURVE('',#778,(#782,#789),.PCURVE_S1.);
#778 = LINE('',#779,#780);
#779 = CARTESIAN_POINT('',(-0.104,3.763234375E-02,1.6E-02));
#780 = VECTOR('',#781,1.);
#781 = DIRECTION('',(1.,0.,0.));
#782 = PCURVE('',#278,#783);
#783 = DEFINITIONAL_REPRESENTATION('',(#784),#788);
#784 = LINE('',#785,#786);
#785 = CARTESIAN_POINT('',(3.129461179108E-03,-0.104));
#786 = VECTOR('',#787,1.);
#787 = DIRECTION('',(0.,1.));
#788 = ( GEOMETRIC_REPRESENTATION_CONTEXT(2) 
PARAMETRIC_REPRESENTATION_CONTEXT() REPRESENTATION_CONTEXT('2D SPACE',''
  ) );
#789 = PCURVE('',#314,#790);
#790 = DEFINITIONAL_REPRESENTATION('',(#791),#795);
#791 = LINE('',#792,#793);
#792 = CARTESIAN_POINT('',(0.,-0.104));
#793 = VECTOR('',#794,1.);
#794 = DIRECTION('',(0.,1.));
#795 = ( GEOMETRIC_REPRESENTATION_CONTEXT(2) 
PARAMETRIC_REPRESENTATION_CONTEXT() REPRESENTATION_CONTEXT('2D SPACE',''
  ) );
#796 = ORIENTED_EDGE('',*,*,#258,.T.);
#797 = ADVANCED_FACE('',(#798),#314,.F.);
#798 = FACE_BOUND('',#799,.F.);
#799 = EDGE_LOOP('',(#800,#801,#833,#854));
#800 = ORIENTED_EDGE('',*,*,#776,.F.);
#801 = ORIENTED_EDGE('',*,*,#802,.T.);
#802 = EDGE_CURVE('',#748,#803,#805,.T.);
#803 = VERTEX_POINT('',#804);
#804 = CARTESIAN_POINT('',(-4.874222558591E-03,3.558627803096E-02,
    1.866666666667E-02));
#805 = SURFACE_CURVE('',#806,(#813,#823),.PCURVE_S1.);
#806 = B_SPLINE_CURVE_WITH_KNOTS('',5,(#807,#808,#809,#810,#811,#812),
  .UNSPECIFIED.,.F.,.F.,(6,6),(0.,1.),.PIECEWISE_BEZIER_KNOTS.);
#807 = CARTESIAN_POINT('',(-4.692385656296E-03,3.763234375E-02,1.6E-02)
  );
#808 = CARTESIAN_POINT('',(-4.741795260123E-03,3.722361226707E-02,
    1.653270557783E-02));
#809 = CARTESIAN_POINT('',(-4.784364764293E-03,3.681457486601E-02,
    1.706580986313E-02));
#810 = CARTESIAN_POINT('',(-4.820406967729E-03,3.640530210835E-02,
    1.759922089205E-02));
#811 = CARTESIAN_POINT('',(-4.850248651256E-03,3.599585366113E-02,
    1.813286089968E-02));
#812 = CARTESIAN_POINT('',(-4.874222558591E-03,3.558627803096E-02,
    1.866666666667E-02));
#813 = PCURVE('',#314,#814);
#814 = DEFINITIONAL_REPRESENTATION('',(#815),#822);
#815 = B_SPLINE_CURVE_WITH_KNOTS('',5,(#816,#817,#818,#819,#820,#821),
  .UNSPECIFIED.,.F.,.F.,(6,6),(0.,1.),.PIECEWISE_BEZIER_KNOTS.);
#816 = CARTESIAN_POINT('',(0.,-4.692385656296E-03));
#817 = CARTESIAN_POINT('',(6.714437115588E-04,-4.741795260123E-03));
#818 = CARTESIAN_POINT('',(1.343389970179E-03,-4.784364764293E-03));
#819 = CARTESIAN_POINT('',(2.015722860887E-03,-4.820406967729E-03));
#820 = CARTESIAN_POINT('',(2.688344365652E-03,-4.850248651256E-03));
#821 = CARTESIAN_POINT('',(3.361174800236E-03,-4.874222558591E-03));
#822 = ( GEOMETRIC_REPRESENTATION_CONTEXT(2) 
PARAMETRIC_REPRESENTATION_CONTEXT() REPRESENTATION_CONTEXT('2D SPACE',''
  ) );
#823 = PCURVE('',#63,#824);
#824 = DEFINITIONAL_REPRESENTATION('',(#825),#832);
#825 = B_SPLINE_CURVE_WITH_KNOTS('',5,(#826,#827,#828,#829,#830,#831),
  .UNSPECIFIED.,.F.,.F.,(6,6),(0.,1.),.PIECEWISE_BEZIER_KNOTS.);
#826 = CARTESIAN_POINT('',(4.267339354812,0.226484779129));
#827 = CARTESIAN_POINT('',(4.24294607904,0.2239297645));
#828 = CARTESIAN_POINT('',(4.218534545939,0.22137687057));
#829 = CARTESIAN_POINT('',(4.194108966652,0.218826509288));
#830 = CARTESIAN_POINT('',(4.169672902134,0.216279007094));
#831 = CARTESIAN_POINT('',(4.145229247281,0.21373461258));
#832 = ( GEOMETRIC_REPRESENTATION_CONTEXT(2) 
PARAMETRIC_REPRESENTATION_CONTEXT() REPRESENTATION_CONTEXT('2D SPACE',''
  ) );
#833 = ORIENTED_EDGE('',*,*,#834,.T.);
#834 = EDGE_CURVE('',#803,#293,#835,.T.);
#835 = SURFACE_CURVE('',#836,(#840,#847),.PCURVE_S1.);
#836 = LINE('',#837,#838);
#837 = CARTESIAN_POINT('',(-0.104,3.558627803096E-02,1.866666666667E-02)
  );
#838 = VECTOR('',#839,1.);
#839 = DIRECTION('',(1.,0.,0.));
#840 = PCURVE('',#314,#841);
#841 = DEFINITIONAL_REPRESENTATION('',(#842),#846);
#842 = LINE('',#843,#844);
#843 = CARTESIAN_POINT('',(3.361174800236E-03,-0.104));
#844 = VECTOR('',#845,1.);
#845 = DIRECTION('',(0.,1.));
#846 = ( GEOMETRIC_REPRESENTATION_CONTEXT(2) 
PARAMETRIC_REPRESENTATION_CONTEXT() REPRESENTATION_CONTEXT('2D SPACE',''
  ) );
#847 = PCURVE('',#351,#848);
#848 = DEFINITIONAL_REPRESENTATION('',(#849),#853);
#849 = LINE('',#850,#851);
#850 = CARTESIAN_POINT('',(0.,-0.104));
#851 = VECTOR('',#852,1.);
#852 = DIRECTION('',(0.,1.));
#853 = ( GEOMETRIC_REPRESENTATION_CONTEXT(2) 
PARAMETRIC_REPRESENTATION_CONTEXT() REPRESENTATION_CONTEXT('2D SPACE',''
  ) );
#854 = ORIENTED_EDGE('',*,*,#292,.T.);
#855 = ADVANCED_FACE('',(#856),#351,.F.);
#856 = FACE_BOUND('',#857,.F.);
#857 = EDGE_LOOP('',(#858,#859,#891,#912));
#858 = ORIENTED_EDGE('',*,*,#834,.F.);
#859 = ORIENTED_EDGE('',*,*,#860,.T.);
#860 = EDGE_CURVE('',#803,#861,#863,.T.);
#861 = VERTEX_POINT('',#862);
#862 = CARTESIAN_POINT('',(-4.828832829556E-03,3.316518518519E-02,
    2.133333333333E-02));
#863 = SURFACE_CURVE('',#864,(#871,#881),.PCURVE_S1.);
#864 = B_SPLINE_CURVE_WITH_KNOTS('',5,(#865,#866,#867,#868,#869,#870),
  .UNSPECIFIED.,.F.,.F.,(6,6),(0.,1.),.PIECEWISE_BEZIER_KNOTS.);
#865 = CARTESIAN_POINT('',(-4.874222558591E-03,3.558627803096E-02,
    1.866666666667E-02));
#866 = CARTESIAN_POINT('',(-4.877040038809E-03,3.51020044455E-02,
    1.920006059667E-02));
#867 = CARTESIAN_POINT('',(-4.873430733465E-03,3.461771428336E-02,
    1.973347278473E-02));
#868 = CARTESIAN_POINT('',(-4.863873376664E-03,3.413345924725E-02,
    2.02668462839E-02));
#869 = CARTESIAN_POINT('',(-4.848849195072E-03,3.364927578965E-02,
    2.080014094427E-02));
#870 = CARTESIAN_POINT('',(-4.828832829556E-03,3.316518518519E-02,
    2.133333333333E-02));
#871 = PCURVE('',#351,#872);
#872 = DEFINITIONAL_REPRESENTATION('',(#873),#880);
#873 = B_SPLINE_CURVE_WITH_KNOTS('',5,(#874,#875,#876,#877,#878,#879),
  .UNSPECIFIED.,.F.,.F.,(6,6),(0.,1.),.PIECEWISE_BEZIER_KNOTS.);
#874 = CARTESIAN_POINT('',(0.,-4.874222558591E-03));
#875 = CARTESIAN_POINT('',(7.204373603184E-04,-4.877040038809E-03));
#876 = CARTESIAN_POINT('',(1.440899381192E-03,-4.873430733465E-03));
#877 = CARTESIAN_POINT('',(2.161309146262E-03,-4.863873376664E-03));
#878 = CARTESIAN_POINT('',(2.881612426408E-03,-4.848849195072E-03));
#879 = CARTESIAN_POINT('',(3.601777572113E-03,-4.828832829556E-03));
#880 = ( GEOMETRIC_REPRESENTATION_CONTEXT(2) 
PARAMETRIC_REPRESENTATION_CONTEXT() REPRESENTATION_CONTEXT('2D SPACE',''
  ) );
#881 = PCURVE('',#63,#882);
#882 = DEFINITIONAL_REPRESENTATION('',(#883),#890);
#883 = B_SPLINE_CURVE_WITH_KNOTS('',5,(#884,#885,#886,#887,#888,#889),
  .UNSPECIFIED.,.F.,.F.,(6,6),(0.,1.),.PIECEWISE_BEZIER_KNOTS.);
#884 = CARTESIAN_POINT('',(4.145229247281,0.213734612765));
#885 = CARTESIAN_POINT('',(4.120804450975,0.210726174363));
#886 = CARTESIAN_POINT('',(4.096378818609,0.207723081448));
#887 = CARTESIAN_POINT('',(4.071954957857,0.204725566977));
#888 = CARTESIAN_POINT('',(4.047534707236,0.201733745291));
#889 = CARTESIAN_POINT('',(4.023119139749,0.19874763007));
#890 = ( GEOMETRIC_REPRESENTATION_CONTEXT(2) 
PARAMETRIC_REPRESENTATION_CONTEXT() REPRESENTATION_CONTEXT('2D SPACE',''
  ) );
#891 = ORIENTED_EDGE('',*,*,#892,.T.);
#892 = EDGE_CURVE('',#861,#330,#893,.T.);
#893 = SURFACE_CURVE('',#894,(#898,#905),.PCURVE_S1.);
#894 = LINE('',#895,#896);
#895 = CARTESIAN_POINT('',(-0.104,3.316518518519E-02,2.133333333333E-02)
  );
#896 = VECTOR('',#897,1.);
#897 = DIRECTION('',(1.,0.,0.));
#898 = PCURVE('',#351,#899);
#899 = DEFINITIONAL_REPRESENTATION('',(#900),#904);
#900 = LINE('',#901,#902);
#901 = CARTESIAN_POINT('',(3.601777572113E-03,-0.104));
#902 = VECTOR('',#903,1.);
#903 = DIRECTION('',(0.,1.));
#904 = ( GEOMETRIC_REPRESENTATION_CONTEXT(2) 
PARAMETRIC_REPRESENTATION_CONTEXT() REPRESENTATION_CONTEXT('2D SPACE',''
  ) );
#905 = PCURVE('',#386,#906);
#906 = DEFINITIONAL_REPRESENTATION('',(#907),#911);
#907 = LINE('',#908,#909);
#908 = CARTESIAN_POINT('',(0.,-0.104));
#909 = VECTOR('',#910,1.);
#910 = DIRECTION('',(0.,1.));
#911 = ( GEOMETRIC_REPRESENTATION_CONTEXT(2) 
PARAMETRIC_REPRESENTATION_CONTEXT() REPRESENTATION_CONTEXT('2D SPACE',''
  ) );
#912 = ORIENTED_EDGE('',*,*,#329,.T.);
#913 = ADVANCED_FACE('',(#914),#386,.F.);
#914 = FACE_BOUND('',#915,.F.);
#915 = EDGE_LOOP('',(#916,#917,#946,#994,#1022,#1049));
#916 = ORIENTED_EDGE('',*,*,#892,.F.);
#917 = ORIENTED_EDGE('',*,*,#918,.T.);
#918 = EDGE_CURVE('',#861,#919,#921,.T.);
#919 = VERTEX_POINT('',#920);
#920 = CARTESIAN_POINT('',(-4.790330866366E-03,3.264568166425E-02,
    2.183821405597E-02));
#921 = SURFACE_CURVE('',#922,(#928,#937),.PCURVE_S1.);
#922 = B_SPLINE_CURVE_WITH_KNOTS('',4,(#923,#924,#925,#926,#927),
  .UNSPECIFIED.,.F.,.F.,(5,5),(0.,1.),.PIECEWISE_BEZIER_KNOTS.);
#923 = CARTESIAN_POINT('',(-4.828832829556E-03,3.316518518519E-02,
    2.133333333333E-02));
#924 = CARTESIAN_POINT('',(-4.819652191969E-03,3.303529263376E-02,
    2.145956971592E-02));
#925 = CARTESIAN_POINT('',(-4.810168086418E-03,3.290541110033E-02,
    2.158579539066E-02));
#926 = CARTESIAN_POINT('',(-4.800390884076E-03,3.277554075518E-02,
    2.171201019204E-02));
#927 = CARTESIAN_POINT('',(-4.790330866366E-03,3.264568166425E-02,
    2.183821405597E-02));
#928 = PCURVE('',#386,#929);
#929 = DEFINITIONAL_REPRESENTATION('',(#930),#936);
#930 = B_SPLINE_CURVE_WITH_KNOTS('',4,(#931,#932,#933,#934,#935),
  .UNSPECIFIED.,.F.,.F.,(5,5),(0.,1.),.PIECEWISE_BEZIER_KNOTS.);
#931 = CARTESIAN_POINT('',(0.,-4.828832829556E-03));
#932 = CARTESIAN_POINT('',(1.811289573871E-04,-4.819652191969E-03));
#933 = CARTESIAN_POINT('',(3.622425507155E-04,-4.810168086418E-03));
#934 = CARTESIAN_POINT('',(5.433405425299E-04,-4.800390884076E-03));
#935 = CARTESIAN_POINT('',(7.244228408608E-04,-4.790330866366E-03));
#936 = ( GEOMETRIC_REPRESENTATION_CONTEXT(2) 
PARAMETRIC_REPRESENTATION_CONTEXT() REPRESENTATION_CONTEXT('2D SPACE',''
  ) );
#937 = PCURVE('',#63,#938);
#938 = DEFINITIONAL_REPRESENTATION('',(#939),#945);
#939 = B_SPLINE_CURVE_WITH_KNOTS('',4,(#940,#941,#942,#943,#944),
  .UNSPECIFIED.,.F.,.F.,(5,5),(0.,1.),.PIECEWISE_BEZIER_KNOTS.);
#940 = CARTESIAN_POINT('',(4.023119139749,0.198747630174));
#941 = CARTESIAN_POINT('',(4.017338612905,0.197946387346));
#942 = CARTESIAN_POINT('',(4.011558576387,0.197145605713));
#943 = CARTESIAN_POINT('',(4.005779037773,0.196345286035));
#944 = CARTESIAN_POINT('',(4.,0.195545423433));
#945 = ( GEOMETRIC_REPRESENTATION_CONTEXT(2) 
PARAMETRIC_REPRESENTATION_CONTEXT() REPRESENTATION_CONTEXT('2D SPACE',''
  ) );
#946 = ORIENTED_EDGE('',*,*,#947,.F.);
#947 = EDGE_CURVE('',#948,#919,#950,.T.);
#948 = VERTEX_POINT('',#949);
#949 = CARTESIAN_POINT('',(-4.502672385379E-03,3.042128417969E-02,
    2.4E-02));
#950 = SURFACE_CURVE('',#951,(#957,#966),.PCURVE_S1.);
#951 = B_SPLINE_CURVE_WITH_KNOTS('',4,(#952,#953,#954,#955,#956),
  .UNSPECIFIED.,.F.,.F.,(5,5),(0.,1.),.PIECEWISE_BEZIER_KNOTS.);
#952 = CARTESIAN_POINT('',(-4.502672385379E-03,3.042128417969E-02,
    2.4E-02));
#953 = CARTESIAN_POINT('',(-4.570826493623E-03,3.097762844713E-02,
    2.345931551095E-02));
#954 = CARTESIAN_POINT('',(-4.6413953018E-03,3.153382116606E-02,
    2.291877830466E-02));
#955 = CARTESIAN_POINT('',(-4.714522959127E-03,3.208984510348E-02,
    2.23784051291E-02));
#956 = CARTESIAN_POINT('',(-4.790330866366E-03,3.264568166425E-02,
    2.183821405597E-02));
#957 = PCURVE('',#386,#958);
#958 = DEFINITIONAL_REPRESENTATION('',(#959),#965);
#959 = B_SPLINE_CURVE_WITH_KNOTS('',4,(#960,#961,#962,#963,#964),
  .UNSPECIFIED.,.F.,.F.,(5,5),(0.,1.),.PIECEWISE_BEZIER_KNOTS.);
#960 = CARTESIAN_POINT('',(3.826238863307E-03,-4.502672385379E-03));
#961 = CARTESIAN_POINT('',(3.050443361505E-03,-4.570826493623E-03));
#962 = CARTESIAN_POINT('',(2.274859186852E-03,-4.6413953018E-03));
#963 = CARTESIAN_POINT('',(1.499510369964E-03,-4.714522959127E-03));
#964 = CARTESIAN_POINT('',(7.244228408608E-04,-4.790330866366E-03));
#965 = ( GEOMETRIC_REPRESENTATION_CONTEXT(2) 
PARAMETRIC_REPRESENTATION_CONTEXT() REPRESENTATION_CONTEXT('2D SPACE',''
  ) );
#966 = PCURVE('',#967,#986);
#967 = ( BOUNDED_SURFACE() B_SPLINE_SURFACE(1,8,(
    (#968,#969,#970,#971,#972,#973,#974,#975,#976)
    ,(#977,#978,#979,#980,#981,#982,#983,#984,#985
)),.UNSPECIFIED.,.F.,.F.,.F.) B_SPLINE_SURFACE_WITH_KNOTS((2,2),(9,9),(
    3.,4.),(0.,1.),.PIECEWISE_BEZIER_KNOTS.) 
GEOMETRIC_REPRESENTATION_ITEM() RATIONAL_B_SPLINE_SURFACE((
    (1.,1.000000000001,0.999999999991,1.000000000036,0.99999999991
      ,1.000000000152,0.999999999834,1.000000000099,1.)
    ,(1.,1.000000000001,0.999999999991,1.000000000036,0.99999999991
      ,1.000000000152,0.999999999834,1.000000000099,1.
))) REPRESENTATION_ITEM('') SURFACE() );
#968 = CARTESIAN_POINT('',(-1.28E-03,0.,6.4E-02));
#969 = CARTESIAN_POINT('',(-6.684894119176E-03,2.110709493669E-02,
    6.401730004776E-02));
#970 = CARTESIAN_POINT('',(-1.042282983924E-02,4.206850497285E-02,
    6.381792341383E-02));
#971 = CARTESIAN_POINT('',(-2.573445002382E-02,6.420868303148E-02,
    7.279260089271E-02));
#972 = CARTESIAN_POINT('',(-5.004803386131E-02,7.50715496381E-02,
    7.546671471571E-02));
#973 = CARTESIAN_POINT('',(-4.310594859517E-02,0.100972314113,
    7.235917643871E-02));
#974 = CARTESIAN_POINT('',(-9.292683974536E-02,0.109918845146,
    6.757341612215E-02));
#975 = CARTESIAN_POINT('',(-5.323971479252E-02,0.143114264395,
    7.568357548268E-02));
#976 = CARTESIAN_POINT('',(-6.4E-02,0.16,7.2E-02));
#977 = CARTESIAN_POINT('',(-1.2E-03,0.,2.183821405597E-02));
#978 = CARTESIAN_POINT('',(-1.208878908836E-03,2.110709493669E-02,
    2.183821405597E-02));
#979 = CARTESIAN_POINT('',(-1.120341206347E-03,4.206850497285E-02,
    2.183821405598E-02));
#980 = CARTESIAN_POINT('',(-1.377842094197E-02,6.420868303148E-02,
    2.183821405597E-02));
#981 = CARTESIAN_POINT('',(-3.617066367181E-02,7.50715496381E-02,
    2.183821405595E-02));
#982 = CARTESIAN_POINT('',(-3.268733817683E-02,0.100972314113,
    2.183821405606E-02));
#983 = CARTESIAN_POINT('',(-7.089889771059E-02,0.109918845146,
    2.183821405585E-02));
#984 = CARTESIAN_POINT('',(-5.485076006638E-02,0.143114264395,
    2.183821405605E-02));
#985 = CARTESIAN_POINT('',(-6.E-02,0.16,2.183821405597E-02));
#986 = DEFINITIONAL_REPRESENTATION('',(#987),#993);
#987 = B_SPLINE_CURVE_WITH_KNOTS('',4,(#988,#989,#990,#991,#992),
  .UNSPECIFIED.,.F.,.F.,(5,5),(0.,1.),.PIECEWISE_BEZIER_KNOTS.);
#988 = CARTESIAN_POINT('',(3.950475400924,0.181886103584));
#989 = CARTESIAN_POINT('',(3.962935848363,0.185292233318));
#990 = CARTESIAN_POINT('',(3.975345291206,0.188704071367));
#991 = CARTESIAN_POINT('',(3.987700815223,0.192121767264));
#992 = CARTESIAN_POINT('',(4.,0.195545423433));
#993 = ( GEOMETRIC_REPRESENTATION_CONTEXT(2) 
PARAMETRIC_REPRESENTATION_CONTEXT() REPRESENTATION_CONTEXT('2D SPACE',''
  ) );
#994 = ORIENTED_EDGE('',*,*,#995,.T.);
#995 = EDGE_CURVE('',#948,#996,#998,.T.);
#996 = VERTEX_POINT('',#997);
#997 = CARTESIAN_POINT('',(4.502672385379E-03,3.042128417969E-02,2.4E-02
    ));
#998 = SURFACE_CURVE('',#999,(#1003,#1010),.PCURVE_S1.);
#999 = LINE('',#1000,#1001);
#1000 = CARTESIAN_POINT('',(-0.104,3.042128417969E-02,2.4E-02));
#1001 = VECTOR('',#1002,1.);
#1002 = DIRECTION('',(1.,0.,0.));
#1003 = PCURVE('',#386,#1004);
#1004 = DEFINITIONAL_REPRESENTATION('',(#1005),#1009);
#1005 = LINE('',#1006,#1007);
#1006 = CARTESIAN_POINT('',(3.826238863307E-03,-0.104));
#1007 = VECTOR('',#1008,1.);
#1008 = DIRECTION('',(0.,1.));
#1009 = ( GEOMETRIC_REPRESENTATION_CONTEXT(2) 
PARAMETRIC_REPRESENTATION_CONTEXT() REPRESENTATION_CONTEXT('2D SPACE',''
  ) );
#1010 = PCURVE('',#1011,#1016);
#1011 = PLANE('',#1012);
#1012 = AXIS2_PLACEMENT_3D('',#1013,#1014,#1015);
#1013 = CARTESIAN_POINT('',(0.,3.042128417969E-02,2.4E-02));
#1014 = DIRECTION('',(-0.,0.664450537816,0.747332243916));
#1015 = DIRECTION('',(0.,-0.747332243916,0.664450537816));
#1016 = DEFINITIONAL_REPRESENTATION('',(#1017),#1021);
#1017 = LINE('',#1018,#1019);
#1018 = CARTESIAN_POINT('',(0.,-0.104));
#1019 = VECTOR('',#1020,1.);
#1020 = DIRECTION('',(0.,1.));
#1021 = ( GEOMETRIC_REPRESENTATION_CONTEXT(2) 
PARAMETRIC_REPRESENTATION_CONTEXT() REPRESENTATION_CONTEXT('2D SPACE',''
  ) );
#1022 = ORIENTED_EDGE('',*,*,#1023,.T.);
#1023 = EDGE_CURVE('',#996,#367,#1024,.T.);
#1024 = SURFACE_CURVE('',#1025,(#1031,#1040),.PCURVE_S1.);
#1025 = B_SPLINE_CURVE_WITH_KNOTS('',4,(#1026,#1027,#1028,#1029,#1030),
  .UNSPECIFIED.,.F.,.F.,(5,5),(0.,1.),.PIECEWISE_BEZIER_KNOTS.);
#1026 = CARTESIAN_POINT('',(4.502672385379E-03,3.042128417969E-02,
    2.4E-02));
#1027 = CARTESIAN_POINT('',(4.570826493623E-03,3.097762844713E-02,
    2.345931551095E-02));
#1028 = CARTESIAN_POINT('',(4.6413953018E-03,3.153382116606E-02,
    2.291877830466E-02));
#1029 = CARTESIAN_POINT('',(4.714522959127E-03,3.208984510348E-02,
    2.23784051291E-02));
#1030 = CARTESIAN_POINT('',(4.790330866366E-03,3.264568166425E-02,
    2.183821405597E-02));
#1031 = PCURVE('',#386,#1032);
#1032 = DEFINITIONAL_REPRESENTATION('',(#1033),#1039);
#1033 = B_SPLINE_CURVE_WITH_KNOTS('',4,(#1034,#1035,#1036,#1037,#1038),
  .UNSPECIFIED.,.F.,.F.,(5,5),(0.,1.),.PIECEWISE_BEZIER_KNOTS.);
#1034 = CARTESIAN_POINT('',(3.826238863307E-03,4.502672385379E-03));
#1035 = CARTESIAN_POINT('',(3.050443361505E-03,4.570826493623E-03));
#1036 = CARTESIAN_POINT('',(2.274859186852E-03,4.6413953018E-03));
#1037 = CARTESIAN_POINT('',(1.499510369964E-03,4.714522959127E-03));
#1038 = CARTESIAN_POINT('',(7.244228408608E-04,4.790330866366E-03));
#1039 = ( GEOMETRIC_REPRESENTATION_CONTEXT(2) 
PARAMETRIC_REPRESENTATION_CONTEXT() REPRESENTATION_CONTEXT('2D SPACE',''
  ) );
#1040 = PCURVE('',#421,#1041);
#1041 = DEFINITIONAL_REPRESENTATION('',(#1042),#1048);
#1042 = B_SPLINE_CURVE_WITH_KNOTS('',4,(#1043,#1044,#1045,#1046,#1047),
  .UNSPECIFIED.,.F.,.F.,(5,5),(0.,1.),.PIECEWISE_BEZIER_KNOTS.);
#1043 = CARTESIAN_POINT('',(1.049524599076,0.181886103584));
#1044 = CARTESIAN_POINT('',(1.037064151637,0.185292233318));
#1045 = CARTESIAN_POINT('',(1.024654708794,0.188704071367));
#1046 = CARTESIAN_POINT('',(1.012299184777,0.192121767264));
#1047 = CARTESIAN_POINT('',(1.,0.195545423433));
#1048 = ( GEOMETRIC_REPRESENTATION_CONTEXT(2) 
PARAMETRIC_REPRESENTATION_CONTEXT() REPRESENTATION_CONTEXT('2D SPACE',''
  ) );
#1049 = ORIENTED_EDGE('',*,*,#366,.T.);
#1050 = ADVANCED_FACE('',(#1051),#967,.F.);
#1051 = FACE_BOUND('',#1052,.F.);
#1052 = EDGE_LOOP('',(#1053,#1082,#1128,#1155,#1189,#1223,#1257,#1291,
    #1325,#1359,#1393,#1427,#1461,#1504,#1556,#1593,#1627,#1654,#1655));
#1053 = ORIENTED_EDGE('',*,*,#1054,.F.);
#1054 = EDGE_CURVE('',#1055,#1057,#1059,.T.);
#1055 = VERTEX_POINT('',#1056);
#1056 = CARTESIAN_POINT('',(-6.4E-02,0.16,7.2E-02));
#1057 = VERTEX_POINT('',#1058);
#1058 = CARTESIAN_POINT('',(-6.E-02,0.16,2.183821405597E-02));
#1059 = SURFACE_CURVE('',#1060,(#1064,#1070),.PCURVE_S1.);
#1060 = LINE('',#1061,#1062);
#1061 = CARTESIAN_POINT('',(-6.4E-02,0.16,7.2E-02));
#1062 = VECTOR('',#1063,1.);
#1063 = DIRECTION('',(7.948964915456E-02,0.,-0.996835691414));
#1064 = PCURVE('',#967,#1065);
#1065 = DEFINITIONAL_REPRESENTATION('',(#1066),#1069);
#1066 = B_SPLINE_CURVE_WITH_KNOTS('',1,(#1067,#1068),.UNSPECIFIED.,.F.,
  .F.,(2,2),(0.,5.032101717071E-02),.PIECEWISE_BEZIER_KNOTS.);
#1067 = CARTESIAN_POINT('',(3.,1.));
#1068 = CARTESIAN_POINT('',(4.,1.));
#1069 = ( GEOMETRIC_REPRESENTATION_CONTEXT(2) 
PARAMETRIC_REPRESENTATION_CONTEXT() REPRESENTATION_CONTEXT('2D SPACE',''
  ) );
#1070 = PCURVE('',#1071,#1076);
#1071 = PLANE('',#1072);
#1072 = AXIS2_PLACEMENT_3D('',#1073,#1074,#1075);
#1073 = CARTESIAN_POINT('',(-6.4E-02,0.16,7.2E-02));
#1074 = DIRECTION('',(-0.996835691414,0.,-7.948964915456E-02));
#1075 = DIRECTION('',(7.948964915456E-02,0.,-0.996835691414));
#1076 = DEFINITIONAL_REPRESENTATION('',(#1077),#1081);
#1077 = LINE('',#1078,#1079);
#1078 = CARTESIAN_POINT('',(0.,0.));
#1079 = VECTOR('',#1080,1.);
#1080 = DIRECTION('',(1.,0.));
#1081 = ( GEOMETRIC_REPRESENTATION_CONTEXT(2) 
PARAMETRIC_REPRESENTATION_CONTEXT() REPRESENTATION_CONTEXT('2D SPACE',''
  ) );
#1082 = ORIENTED_EDGE('',*,*,#1083,.F.);
#1083 = EDGE_CURVE('',#1084,#1055,#1086,.T.);
#1084 = VERTEX_POINT('',#1085);
#1085 = CARTESIAN_POINT('',(-1.28E-03,0.,6.4E-02));
#1086 = SURFACE_CURVE('',#1087,(#1097,#1103),.PCURVE_S1.);
#1087 = ( BOUNDED_CURVE() B_SPLINE_CURVE(8,(#1088,#1089,#1090,#1091,
    #1092,#1093,#1094,#1095,#1096),.UNSPECIFIED.,.F.,.F.) 
B_SPLINE_CURVE_WITH_KNOTS((9,9),(0.,1.),.PIECEWISE_BEZIER_KNOTS.) CURVE(
) GEOMETRIC_REPRESENTATION_ITEM() RATIONAL_B_SPLINE_CURVE((1.,
    1.000000000001,0.999999999991,1.000000000036,0.99999999991,
    1.000000000152,0.999999999834,1.000000000099,1.)) 
REPRESENTATION_ITEM('') );
#1088 = CARTESIAN_POINT('',(-1.28E-03,0.,6.4E-02));
#1089 = CARTESIAN_POINT('',(-6.684894119176E-03,2.110709493669E-02,
    6.401730004776E-02));
#1090 = CARTESIAN_POINT('',(-1.042282983924E-02,4.206850497285E-02,
    6.381792341383E-02));
#1091 = CARTESIAN_POINT('',(-2.573445002382E-02,6.420868303148E-02,
    7.279260089271E-02));
#1092 = CARTESIAN_POINT('',(-5.004803386131E-02,7.50715496381E-02,
    7.546671471571E-02));
#1093 = CARTESIAN_POINT('',(-4.310594859517E-02,0.100972314113,
    7.235917643872E-02));
#1094 = CARTESIAN_POINT('',(-9.292683974539E-02,0.109918845147,
    6.75734161221E-02));
#1095 = CARTESIAN_POINT('',(-5.32397147925E-02,0.143114264395,
    7.568357548297E-02));
#1096 = CARTESIAN_POINT('',(-6.4E-02,0.16,7.2E-02));
#1097 = PCURVE('',#967,#1098);
#1098 = DEFINITIONAL_REPRESENTATION('',(#1099),#1102);
#1099 = B_SPLINE_CURVE_WITH_KNOTS('',1,(#1100,#1101),.UNSPECIFIED.,.F.,
  .F.,(2,2),(0.,1.),.PIECEWISE_BEZIER_KNOTS.);
#1100 = CARTESIAN_POINT('',(3.,9.375712153797E-17));
#1101 = CARTESIAN_POINT('',(3.,1.));
#1102 = ( GEOMETRIC_REPRESENTATION_CONTEXT(2) 
PARAMETRIC_REPRESENTATION_CONTEXT() REPRESENTATION_CONTEXT('2D SPACE',''
  ) );
#1103 = PCURVE('',#1104,#1123);
#1104 = ( BOUNDED_SURFACE() B_SPLINE_SURFACE(1,8,(
    (#1105,#1106,#1107,#1108,#1109,#1110,#1111,#1112,#1113)
    ,(#1114,#1115,#1116,#1117,#1118,#1119,#1120,#1121,#1122
)),.UNSPECIFIED.,.F.,.F.,.F.) B_SPLINE_SURFACE_WITH_KNOTS((2,2),(9,9),(
    2.,3.),(0.,1.),.PIECEWISE_BEZIER_KNOTS.) 
GEOMETRIC_REPRESENTATION_ITEM() RATIONAL_B_SPLINE_SURFACE((
    (1.,1.000000000001,0.999999999991,1.000000000036,0.99999999991
      ,1.000000000152,0.999999999834,1.000000000099,1.)
    ,(1.,1.000000000001,0.999999999991,1.000000000036,0.99999999991
      ,1.000000000152,0.999999999834,1.000000000099,1.
))) REPRESENTATION_ITEM('') SURFACE() );
#1105 = CARTESIAN_POINT('',(1.28E-03,0.,6.4E-02));
#1106 = CARTESIAN_POINT('',(6.684894119176E-03,2.110709493669E-02,
    6.401730004776E-02));
#1107 = CARTESIAN_POINT('',(1.042282983924E-02,4.206850497285E-02,
    6.381792341383E-02));
#1108 = CARTESIAN_POINT('',(2.573445002382E-02,6.420868303148E-02,
    7.279260089271E-02));
#1109 = CARTESIAN_POINT('',(5.004803386131E-02,7.50715496381E-02,
    7.546671471571E-02));
#1110 = CARTESIAN_POINT('',(4.310594859517E-02,0.100972314113,
    7.235917643871E-02));
#1111 = CARTESIAN_POINT('',(9.292683974536E-02,0.109918845146,
    6.757341612215E-02));
#1112 = CARTESIAN_POINT('',(5.323971479252E-02,0.143114264395,
    7.568357548268E-02));
#1113 = CARTESIAN_POINT('',(6.4E-02,0.16,7.2E-02));
#1114 = CARTESIAN_POINT('',(-1.28E-03,0.,6.4E-02));
#1115 = CARTESIAN_POINT('',(-6.684894119176E-03,2.110709493669E-02,
    6.401730004776E-02));
#1116 = CARTESIAN_POINT('',(-1.042282983924E-02,4.206850497285E-02,
    6.381792341383E-02));
#1117 = CARTESIAN_POINT('',(-2.573445002382E-02,6.420868303148E-02,
    7.279260089271E-02));
#1118 = CARTESIAN_POINT('',(-5.004803386131E-02,7.50715496381E-02,
    7.546671471571E-02));
#1119 = CARTESIAN_POINT('',(-4.310594859517E-02,0.100972314113,
    7.235917643871E-02));
#1120 = CARTESIAN_POINT('',(-9.292683974536E-02,0.109918845146,
    6.757341612215E-02));
#1121 = CARTESIAN_POINT('',(-5.323971479252E-02,0.143114264395,
    7.568357548268E-02));
#1122 = CARTESIAN_POINT('',(-6.4E-02,0.16,7.2E-02));
#1123 = DEFINITIONAL_REPRESENTATION('',(#1124),#1127);
#1124 = B_SPLINE_CURVE_WITH_KNOTS('',1,(#1125,#1126),.UNSPECIFIED.,.F.,
  .F.,(2,2),(0.,1.),.PIECEWISE_BEZIER_KNOTS.);
#1125 = CARTESIAN_POINT('',(3.,6.206136841963E-17));
#1126 = CARTESIAN_POINT('',(3.,1.));
#1127 = ( GEOMETRIC_REPRESENTATION_CONTEXT(2) 
PARAMETRIC_REPRESENTATION_CONTEXT() REPRESENTATION_CONTEXT('2D SPACE',''
  ) );
#1128 = ORIENTED_EDGE('',*,*,#1129,.F.);
#1129 = EDGE_CURVE('',#1130,#1084,#1132,.T.);
#1130 = VERTEX_POINT('',#1131);
#1131 = CARTESIAN_POINT('',(-1.276451044182E-03,0.,6.212962105597E-02));
#1132 = SURFACE_CURVE('',#1133,(#1137,#1143),.PCURVE_S1.);
#1133 = LINE('',#1134,#1135);
#1134 = CARTESIAN_POINT('',(-1.276451044182E-03,0.,6.212962105597E-02));
#1135 = VECTOR('',#1136,1.);
#1136 = DIRECTION('',(-1.897449412923E-03,0.,0.999998199841));
#1137 = PCURVE('',#967,#1138);
#1138 = DEFINITIONAL_REPRESENTATION('',(#1139),#1142);
#1139 = B_SPLINE_CURVE_WITH_KNOTS('',1,(#1140,#1141),.UNSPECIFIED.,.F.,
  .F.,(2,2),(0.,1.870382311015E-03),.PIECEWISE_BEZIER_KNOTS.);
#1140 = CARTESIAN_POINT('',(3.044361947725,7.415678112891E-17));
#1141 = CARTESIAN_POINT('',(3.,9.375712153797E-17));
#1142 = ( GEOMETRIC_REPRESENTATION_CONTEXT(2) 
PARAMETRIC_REPRESENTATION_CONTEXT() REPRESENTATION_CONTEXT('2D SPACE',''
  ) );
#1143 = PCURVE('',#1144,#1149);
#1144 = PLANE('',#1145);
#1145 = AXIS2_PLACEMENT_3D('',#1146,#1147,#1148);
#1146 = CARTESIAN_POINT('',(0.,0.,0.));
#1147 = DIRECTION('',(0.,-1.,0.));
#1148 = DIRECTION('',(1.99960011996E-02,0.,0.99980005998));
#1149 = DEFINITIONAL_REPRESENTATION('',(#1150),#1154);
#1150 = LINE('',#1151,#1152);
#1151 = CARTESIAN_POINT('',(6.209167494168E-02,2.518539807701E-03));
#1152 = VECTOR('',#1153,1.);
#1153 = DIRECTION('',(0.99976031878,2.189303524047E-02));
#1154 = ( GEOMETRIC_REPRESENTATION_CONTEXT(2) 
PARAMETRIC_REPRESENTATION_CONTEXT() REPRESENTATION_CONTEXT('2D SPACE',''
  ) );
#1155 = ORIENTED_EDGE('',*,*,#1156,.T.);
#1156 = EDGE_CURVE('',#1130,#1157,#1159,.T.);
#1157 = VERTEX_POINT('',#1158);
#1158 = CARTESIAN_POINT('',(-1.276982690626E-03,8.514720775475E-06,
    6.133333333333E-02));
#1159 = SURFACE_CURVE('',#1160,(#1166,#1175),.PCURVE_S1.);
#1160 = B_SPLINE_CURVE_WITH_KNOTS('',4,(#1161,#1162,#1163,#1164,#1165),
  .UNSPECIFIED.,.F.,.F.,(5,5),(0.,1.),.PIECEWISE_BEZIER_KNOTS.);
#1161 = CARTESIAN_POINT('',(-1.276451044182E-03,-1.411371020055E-17,
    6.212962105597E-02));
#1162 = CARTESIAN_POINT('',(-1.276594261003E-03,2.128680118221E-06,
    6.193054913239E-02));
#1163 = CARTESIAN_POINT('',(-1.276730607324E-03,4.257360289404E-06,
    6.173147720385E-02));
#1164 = CARTESIAN_POINT('',(-1.276860083685E-03,6.386040509778E-06,
    6.153240527071E-02));
#1165 = CARTESIAN_POINT('',(-1.276982690626E-03,8.514720775475E-06,
    6.133333333333E-02));
#1166 = PCURVE('',#967,#1167);
#1167 = DEFINITIONAL_REPRESENTATION('',(#1168),#1174);
#1168 = B_SPLINE_CURVE_WITH_KNOTS('',4,(#1169,#1170,#1171,#1172,#1173),
  .UNSPECIFIED.,.F.,.F.,(5,5),(0.,1.),.PIECEWISE_BEZIER_KNOTS.);
#1169 = CARTESIAN_POINT('',(3.044361947725,0.));
#1170 = CARTESIAN_POINT('',(3.049083607077,1.260642526019E-05));
#1171 = CARTESIAN_POINT('',(3.053805265969,2.521286105021E-05));
#1172 = CARTESIAN_POINT('',(3.058526924389,3.781930741569E-05));
#1173 = CARTESIAN_POINT('',(3.063248582337,5.042576422049E-05));
#1174 = ( GEOMETRIC_REPRESENTATION_CONTEXT(2) 
PARAMETRIC_REPRESENTATION_CONTEXT() REPRESENTATION_CONTEXT('2D SPACE',''
  ) );
#1175 = PCURVE('',#1176,#1181);
#1176 = PLANE('',#1177);
#1177 = AXIS2_PLACEMENT_3D('',#1178,#1179,#1180);
#1178 = CARTESIAN_POINT('',(0.,8.514720775475E-06,6.133333333333E-02));
#1179 = DIRECTION('',(-0.,0.999942834561,1.06924090196E-02));
#1180 = DIRECTION('',(0.,-1.06924090196E-02,0.999942834561));
#1181 = DEFINITIONAL_REPRESENTATION('',(#1182),#1188);
#1182 = B_SPLINE_CURVE_WITH_KNOTS('',4,(#1183,#1184,#1185,#1186,#1187),
  .UNSPECIFIED.,.F.,.F.,(5,5),(0.,1.),.PIECEWISE_BEZIER_KNOTS.);
#1183 = CARTESIAN_POINT('',(7.963332453781E-04,-1.276451044182E-03));
#1184 = CARTESIAN_POINT('',(5.972499411075E-04,-1.276594261003E-03));
#1185 = CARTESIAN_POINT('',(3.98166631885E-04,-1.276730607324E-03));
#1186 = CARTESIAN_POINT('',(1.990833180619E-04,-1.276860083685E-03));
#1187 = CARTESIAN_POINT('',(0.,-1.276982690626E-03));
#1188 = ( GEOMETRIC_REPRESENTATION_CONTEXT(2) 
PARAMETRIC_REPRESENTATION_CONTEXT() REPRESENTATION_CONTEXT('2D SPACE',''
  ) );
#1189 = ORIENTED_EDGE('',*,*,#1190,.T.);
#1190 = EDGE_CURVE('',#1157,#1191,#1193,.T.);
#1191 = VERTEX_POINT('',#1192);
#1192 = CARTESIAN_POINT('',(-1.313161707986E-03,1.936863425926E-04,
    5.866666666667E-02));
#1193 = SURFACE_CURVE('',#1194,(#1200,#1209),.PCURVE_S1.);
#1194 = B_SPLINE_CURVE_WITH_KNOTS('',4,(#1195,#1196,#1197,#1198,#1199),
  .UNSPECIFIED.,.F.,.F.,(5,5),(0.,1.),.PIECEWISE_BEZIER_KNOTS.);
#1195 = CARTESIAN_POINT('',(-1.276982690626E-03,8.514720775475E-06,
    6.133333333333E-02));
#1196 = CARTESIAN_POINT('',(-1.286787589045E-03,5.480689381935E-05,
    6.066667721415E-02));
#1197 = CARTESIAN_POINT('',(-1.296085042116E-03,1.010995824392E-04,
    6.000001367013E-02));
#1198 = CARTESIAN_POINT('',(-1.304876072958E-03,1.473927455598E-04,
    5.933334329279E-02));
#1199 = CARTESIAN_POINT('',(-1.313161707986E-03,1.936863425926E-04,
    5.866666666667E-02));
#1200 = PCURVE('',#967,#1201);
#1201 = DEFINITIONAL_REPRESENTATION('',(#1202),#1208);
#1202 = B_SPLINE_CURVE_WITH_KNOTS('',4,(#1203,#1204,#1205,#1206,#1207),
  .UNSPECIFIED.,.F.,.F.,(5,5),(0.,1.),.PIECEWISE_BEZIER_KNOTS.);
#1203 = CARTESIAN_POINT('',(3.06324858233,5.042576480532E-05));
#1204 = CARTESIAN_POINT('',(3.079061275765,3.245769791903E-04));
#1205 = CARTESIAN_POINT('',(3.094874080916,5.98736072885E-04));
#1206 = CARTESIAN_POINT('',(3.110686990197,8.729026666546E-04));
#1207 = CARTESIAN_POINT('',(3.126499995301,1.147076376244E-03));
#1208 = ( GEOMETRIC_REPRESENTATION_CONTEXT(2) 
PARAMETRIC_REPRESENTATION_CONTEXT() REPRESENTATION_CONTEXT('2D SPACE',''
  ) );
#1209 = PCURVE('',#1210,#1215);
#1210 = PLANE('',#1211);
#1211 = AXIS2_PLACEMENT_3D('',#1212,#1213,#1214);
#1212 = CARTESIAN_POINT('',(0.,1.936863425926E-04,5.866666666667E-02));
#1213 = DIRECTION('',(-0.,0.997597771628,6.927254898505E-02));
#1214 = DIRECTION('',(0.,-6.927254898505E-02,0.997597771628));
#1215 = DEFINITIONAL_REPRESENTATION('',(#1216),#1222);
#1216 = B_SPLINE_CURVE_WITH_KNOTS('',4,(#1217,#1218,#1219,#1220,#1221),
  .UNSPECIFIED.,.F.,.F.,(5,5),(0.,1.),.PIECEWISE_BEZIER_KNOTS.);
#1217 = CARTESIAN_POINT('',(2.673088034584E-03,-1.276982690626E-03));
#1218 = CARTESIAN_POINT('',(2.004826598819E-03,-1.286787589045E-03));
#1219 = CARTESIAN_POINT('',(1.336557720336E-03,-1.296085042116E-03));
#1220 = CARTESIAN_POINT('',(6.682819920879E-04,-1.304876072958E-03));
#1221 = CARTESIAN_POINT('',(0.,-1.313161707986E-03));
#1222 = ( GEOMETRIC_REPRESENTATION_CONTEXT(2) 
PARAMETRIC_REPRESENTATION_CONTEXT() REPRESENTATION_CONTEXT('2D SPACE',''
  ) );
#1223 = ORIENTED_EDGE('',*,*,#1224,.T.);
#1224 = EDGE_CURVE('',#1191,#1225,#1227,.T.);
#1225 = VERTEX_POINT('',#1226);
#1226 = CARTESIAN_POINT('',(-1.400082823939E-03,6.541943359375E-04,
    5.6E-02));
#1227 = SURFACE_CURVE('',#1228,(#1234,#1243),.PCURVE_S1.);
#1228 = B_SPLINE_CURVE_WITH_KNOTS('',4,(#1229,#1230,#1231,#1232,#1233),
  .UNSPECIFIED.,.F.,.F.,(5,5),(0.,1.),.PIECEWISE_BEZIER_KNOTS.);
#1229 = CARTESIAN_POINT('',(-1.313161707986E-03,1.936863425926E-04,
    5.866666666667E-02));
#1230 = CARTESIAN_POINT('',(-1.336808703339E-03,3.088025602735E-04,
    5.800006242761E-02));
#1231 = CARTESIAN_POINT('',(-1.359172429355E-03,4.239264081926E-04,
    5.733341400409E-02));
#1232 = CARTESIAN_POINT('',(-1.380261067338E-03,5.390572156656E-04,
    5.666672527983E-02));
#1233 = CARTESIAN_POINT('',(-1.400082823939E-03,6.541943359375E-04,
    5.6E-02));
#1234 = PCURVE('',#967,#1235);
#1235 = DEFINITIONAL_REPRESENTATION('',(#1236),#1242);
#1236 = B_SPLINE_CURVE_WITH_KNOTS('',4,(#1237,#1238,#1239,#1240,#1241),
  .UNSPECIFIED.,.F.,.F.,(5,5),(0.,1.),.PIECEWISE_BEZIER_KNOTS.);
#1237 = CARTESIAN_POINT('',(3.126499995241,1.147076385411E-03));
#1238 = CARTESIAN_POINT('',(3.142312352103,1.828851889119E-03));
#1239 = CARTESIAN_POINT('',(3.15812556135,2.510700681755E-03));
#1240 = CARTESIAN_POINT('',(3.173939596548,3.192616789223E-03));
#1241 = CARTESIAN_POINT('',(3.189754418177,3.874594525193E-03));
#1242 = ( GEOMETRIC_REPRESENTATION_CONTEXT(2) 
PARAMETRIC_REPRESENTATION_CONTEXT() REPRESENTATION_CONTEXT('2D SPACE',''
  ) );
#1243 = PCURVE('',#1244,#1249);
#1244 = PLANE('',#1245);
#1245 = AXIS2_PLACEMENT_3D('',#1246,#1247,#1248);
#1246 = CARTESIAN_POINT('',(0.,6.541943359375E-04,5.6E-02));
#1247 = DIRECTION('',(-0.,0.98541442551,0.170171707389));
#1248 = DIRECTION('',(0.,-0.170171707389,0.98541442551));
#1249 = DEFINITIONAL_REPRESENTATION('',(#1250),#1256);
#1250 = B_SPLINE_CURVE_WITH_KNOTS('',4,(#1251,#1252,#1253,#1254,#1255),
  .UNSPECIFIED.,.F.,.F.,(5,5),(0.,1.),.PIECEWISE_BEZIER_KNOTS.);
#1251 = CARTESIAN_POINT('',(2.706137232855E-03,-1.313161707986E-03));
#1252 = CARTESIAN_POINT('',(2.029666276273E-03,-1.336808703339E-03));
#1253 = CARTESIAN_POINT('',(1.353150481225E-03,-1.359172429355E-03));
#1254 = CARTESIAN_POINT('',(6.765937889336E-04,-1.380261067338E-03));
#1255 = CARTESIAN_POINT('',(0.,-1.400082823939E-03));
#1256 = ( GEOMETRIC_REPRESENTATION_CONTEXT(2) 
PARAMETRIC_REPRESENTATION_CONTEXT() REPRESENTATION_CONTEXT('2D SPACE',''
  ) );
#1257 = ORIENTED_EDGE('',*,*,#1258,.T.);
#1258 = EDGE_CURVE('',#1225,#1259,#1261,.T.);
#1259 = VERTEX_POINT('',#1260);
#1260 = CARTESIAN_POINT('',(-1.539072856814E-03,1.470740740741E-03,
    5.333333333333E-02));
#1261 = SURFACE_CURVE('',#1262,(#1268,#1277),.PCURVE_S1.);
#1262 = B_SPLINE_CURVE_WITH_KNOTS('',4,(#1263,#1264,#1265,#1266,#1267),
  .UNSPECIFIED.,.F.,.F.,(5,5),(0.,1.),.PIECEWISE_BEZIER_KNOTS.);
#1263 = CARTESIAN_POINT('',(-1.400082823939E-03,6.541943359375E-04,
    5.6E-02));
#1264 = CARTESIAN_POINT('',(-1.438231621732E-03,8.582797018143E-04,
    5.533350065699E-02));
#1265 = CARTESIAN_POINT('',(-1.474090758943E-03,1.062401738881E-03,
    5.466688155368E-02));
#1266 = CARTESIAN_POINT('',(-1.507693452747E-03,1.266556603226E-03,
    5.400015524348E-02));
#1267 = CARTESIAN_POINT('',(-1.539072856814E-03,1.470740740741E-03,
    5.333333333333E-02));
#1268 = PCURVE('',#967,#1269);
#1269 = DEFINITIONAL_REPRESENTATION('',(#1270),#1276);
#1270 = B_SPLINE_CURVE_WITH_KNOTS('',4,(#1271,#1272,#1273,#1274,#1275),
  .UNSPECIFIED.,.F.,.F.,(5,5),(0.,1.),.PIECEWISE_BEZIER_KNOTS.);
#1271 = CARTESIAN_POINT('',(3.189754418144,3.874594545605E-03));
#1272 = CARTESIAN_POINT('',(3.205565042019,5.08342863349E-03));
#1273 = CARTESIAN_POINT('',(3.22137836036,6.292556085721E-03));
#1274 = CARTESIAN_POINT('',(3.237194346539,7.501944415072E-03));
#1275 = CARTESIAN_POINT('',(3.253012898573,8.711565320473E-03));
#1276 = ( GEOMETRIC_REPRESENTATION_CONTEXT(2) 
PARAMETRIC_REPRESENTATION_CONTEXT() REPRESENTATION_CONTEXT('2D SPACE',''
  ) );
#1277 = PCURVE('',#1278,#1283);
#1278 = PLANE('',#1279);
#1279 = AXIS2_PLACEMENT_3D('',#1280,#1281,#1282);
#1280 = CARTESIAN_POINT('',(0.,1.470740740741E-03,5.333333333333E-02));
#1281 = DIRECTION('',(-0.,0.956177886119,0.292786355723));
#1282 = DIRECTION('',(0.,-0.292786355723,0.956177886119));
#1283 = DEFINITIONAL_REPRESENTATION('',(#1284),#1290);
#1284 = B_SPLINE_CURVE_WITH_KNOTS('',4,(#1285,#1286,#1287,#1288,#1289),
  .UNSPECIFIED.,.F.,.F.,(5,5),(0.,1.),.PIECEWISE_BEZIER_KNOTS.);
#1285 = CARTESIAN_POINT('',(2.788881342458E-03,-1.400082823939E-03));
#1286 = CARTESIAN_POINT('',(2.091835999028E-03,-1.438231621732E-03));
#1287 = CARTESIAN_POINT('',(1.394665406627E-03,-1.474090758943E-03));
#1288 = CARTESIAN_POINT('',(6.973826939808E-04,-1.507693452747E-03));
#1289 = CARTESIAN_POINT('',(0.,-1.539072856814E-03));
#1290 = ( GEOMETRIC_REPRESENTATION_CONTEXT(2) 
PARAMETRIC_REPRESENTATION_CONTEXT() REPRESENTATION_CONTEXT('2D SPACE',''
  ) );
#1291 = ORIENTED_EDGE('',*,*,#1292,.T.);
#1292 = EDGE_CURVE('',#1259,#1293,#1295,.T.);
#1293 = VERTEX_POINT('',#1294);
#1294 = CARTESIAN_POINT('',(-1.720706689961E-03,2.689847909433E-03,
    5.066666666667E-02));
#1295 = SURFACE_CURVE('',#1296,(#1302,#1311),.PCURVE_S1.);
#1296 = B_SPLINE_CURVE_WITH_KNOTS('',4,(#1297,#1298,#1299,#1300,#1301),
  .UNSPECIFIED.,.F.,.F.,(5,5),(0.,1.),.PIECEWISE_BEZIER_KNOTS.);
#1297 = CARTESIAN_POINT('',(-1.539072856814E-03,1.470740740741E-03,
    5.333333333333E-02));
#1298 = CARTESIAN_POINT('',(-1.589418979167E-03,1.775385766108E-03,
    5.266695489247E-02));
#1299 = CARTESIAN_POINT('',(-1.636411863228E-03,2.080126533799E-03,
    5.200036702551E-02));
#1300 = CARTESIAN_POINT('',(-1.680144001227E-03,2.384950799462E-03,
    5.133359651566E-02));
#1301 = CARTESIAN_POINT('',(-1.720706689961E-03,2.689847909433E-03,
    5.066666666667E-02));
#1302 = PCURVE('',#967,#1303);
#1303 = DEFINITIONAL_REPRESENTATION('',(#1304),#1310);
#1304 = B_SPLINE_CURVE_WITH_KNOTS('',4,(#1305,#1306,#1307,#1308,#1309),
  .UNSPECIFIED.,.F.,.F.,(5,5),(0.,1.),.PIECEWISE_BEZIER_KNOTS.);
#1305 = CARTESIAN_POINT('',(3.25301289881,8.71156535868E-03));
#1306 = CARTESIAN_POINT('',(3.268822492167,1.051633332888E-02));
#1307 = CARTESIAN_POINT('',(3.284637848385,1.232180010534E-02));
#1308 = CARTESIAN_POINT('',(3.300458977992,1.412787011767E-02));
#1309 = CARTESIAN_POINT('',(3.316285641917,1.593446901298E-02));
#1310 = ( GEOMETRIC_REPRESENTATION_CONTEXT(2) 
PARAMETRIC_REPRESENTATION_CONTEXT() REPRESENTATION_CONTEXT('2D SPACE',''
  ) );
#1311 = PCURVE('',#1312,#1317);
#1312 = PLANE('',#1313);
#1313 = AXIS2_PLACEMENT_3D('',#1314,#1315,#1316);
#1314 = CARTESIAN_POINT('',(0.,2.689847909433E-03,5.066666666667E-02));
#1315 = DIRECTION('',(-0.,0.909466795978,0.415776558999));
#1316 = DIRECTION('',(0.,-0.415776558999,0.909466795978));
#1317 = DEFINITIONAL_REPRESENTATION('',(#1318),#1324);
#1318 = B_SPLINE_CURVE_WITH_KNOTS('',4,(#1319,#1320,#1321,#1322,#1323),
  .UNSPECIFIED.,.F.,.F.,(5,5),(0.,1.),.PIECEWISE_BEZIER_KNOTS.);
#1319 = CARTESIAN_POINT('',(2.932120972925E-03,-1.539072856814E-03));
#1320 = CARTESIAN_POINT('',(2.199407647044E-03,-1.589418979167E-03));
#1321 = CARTESIAN_POINT('',(1.466464047664E-03,-1.636411863228E-03));
#1322 = CARTESIAN_POINT('',(7.333196241381E-04,-1.680144001227E-03));
#1323 = CARTESIAN_POINT('',(0.,-1.720706689961E-03));
#1324 = ( GEOMETRIC_REPRESENTATION_CONTEXT(2) 
PARAMETRIC_REPRESENTATION_CONTEXT() REPRESENTATION_CONTEXT('2D SPACE',''
  ) );
#1325 = ORIENTED_EDGE('',*,*,#1326,.T.);
#1326 = EDGE_CURVE('',#1293,#1327,#1329,.T.);
#1327 = VERTEX_POINT('',#1328);
#1328 = CARTESIAN_POINT('',(-1.930273259176E-03,4.32765625E-03,4.8E-02)
  );
#1329 = SURFACE_CURVE('',#1330,(#1336,#1345),.PCURVE_S1.);
#1330 = B_SPLINE_CURVE_WITH_KNOTS('',4,(#1331,#1332,#1333,#1334,#1335),
  .UNSPECIFIED.,.F.,.F.,(5,5),(0.,1.),.PIECEWISE_BEZIER_KNOTS.);
#1331 = CARTESIAN_POINT('',(-1.720706689961E-03,2.689847909433E-03,
    5.066666666667E-02));
#1332 = CARTESIAN_POINT('',(-1.779256614116E-03,3.099075695275E-03,
    5.000036520236E-02));
#1333 = CARTESIAN_POINT('',(-1.833569338917E-03,3.508469402413E-03,
    4.93337935863E-02));
#1334 = CARTESIAN_POINT('',(-1.883843875713E-03,3.918003184841E-03,
    4.866699390075E-02));
#1335 = CARTESIAN_POINT('',(-1.930273259176E-03,4.32765625E-03,4.8E-02)
  );
#1336 = PCURVE('',#967,#1337);
#1337 = DEFINITIONAL_REPRESENTATION('',(#1338),#1344);
#1338 = B_SPLINE_CURVE_WITH_KNOTS('',4,(#1339,#1340,#1341,#1342,#1343),
  .UNSPECIFIED.,.F.,.F.,(5,5),(0.,1.),.PIECEWISE_BEZIER_KNOTS.);
#1339 = CARTESIAN_POINT('',(3.316285641664,1.593446899739E-02));
#1340 = CARTESIAN_POINT('',(3.332100591981,1.835925572595E-02));
#1341 = CARTESIAN_POINT('',(3.347925380854,2.078520080034E-02));
#1342 = CARTESIAN_POINT('',(3.363759987397,2.321212554612E-02));
#1343 = CARTESIAN_POINT('',(3.379603825308,2.563991642557E-02));
#1344 = ( GEOMETRIC_REPRESENTATION_CONTEXT(2) 
PARAMETRIC_REPRESENTATION_CONTEXT() REPRESENTATION_CONTEXT('2D SPACE',''
  ) );
#1345 = PCURVE('',#1346,#1351);
#1346 = PLANE('',#1347);
#1347 = AXIS2_PLACEMENT_3D('',#1348,#1349,#1350);
#1348 = CARTESIAN_POINT('',(0.,4.32765625E-03,4.8E-02));
#1349 = DIRECTION('',(-0.,0.85211687062,0.52335154419));
#1350 = DIRECTION('',(0.,-0.52335154419,0.85211687062));
#1351 = DEFINITIONAL_REPRESENTATION('',(#1352),#1358);
#1352 = B_SPLINE_CURVE_WITH_KNOTS('',4,(#1353,#1354,#1355,#1356,#1357),
  .UNSPECIFIED.,.F.,.F.,(5,5),(0.,1.),.PIECEWISE_BEZIER_KNOTS.);
#1353 = CARTESIAN_POINT('',(3.129461179108E-03,-1.720706689961E-03));
#1354 = CARTESIAN_POINT('',(2.347524466805E-03,-1.779256614116E-03));
#1355 = CARTESIAN_POINT('',(1.565270718472E-03,-1.833569338917E-03));
#1356 = CARTESIAN_POINT('',(7.827493196637E-04,-1.883843875713E-03));
#1357 = CARTESIAN_POINT('',(0.,-1.930273259176E-03));
#1358 = ( GEOMETRIC_REPRESENTATION_CONTEXT(2) 
PARAMETRIC_REPRESENTATION_CONTEXT() REPRESENTATION_CONTEXT('2D SPACE',''
  ) );
#1359 = ORIENTED_EDGE('',*,*,#1360,.T.);
#1360 = EDGE_CURVE('',#1327,#1361,#1363,.T.);
#1361 = VERTEX_POINT('',#1362);
#1362 = CARTESIAN_POINT('',(-2.153591172464E-03,6.373721969039E-03,
    4.533333333333E-02));
#1363 = SURFACE_CURVE('',#1364,(#1370,#1379),.PCURVE_S1.);
#1364 = B_SPLINE_CURVE_WITH_KNOTS('',4,(#1365,#1366,#1367,#1368,#1369),
  .UNSPECIFIED.,.F.,.F.,(5,5),(0.,1.),.PIECEWISE_BEZIER_KNOTS.);
#1365 = CARTESIAN_POINT('',(-1.930273259176E-03,4.32765625E-03,4.8E-02)
  );
#1366 = CARTESIAN_POINT('',(-1.992777963175E-03,4.838891870891E-03,
    4.733369931554E-02));
#1367 = CARTESIAN_POINT('',(-2.050601603072E-03,5.350339342255E-03,
    4.666712252334E-02));
#1368 = CARTESIAN_POINT('',(-2.104095030689E-03,5.861959071254E-03,
    4.60003212253E-02));
#1369 = CARTESIAN_POINT('',(-2.153591172464E-03,6.373721969039E-03,
    4.533333333333E-02));
#1370 = PCURVE('',#967,#1371);
#1371 = DEFINITIONAL_REPRESENTATION('',(#1372),#1378);
#1372 = B_SPLINE_CURVE_WITH_KNOTS('',4,(#1373,#1374,#1375,#1376,#1377),
  .UNSPECIFIED.,.F.,.F.,(5,5),(0.,1.),.PIECEWISE_BEZIER_KNOTS.);
#1373 = CARTESIAN_POINT('',(3.379603825187,2.563991641857E-02));
#1374 = CARTESIAN_POINT('',(3.395437884106,2.866973184828E-02));
#1375 = CARTESIAN_POINT('',(3.41128627036,3.170105030452E-02));
#1376 = CARTESIAN_POINT('',(3.42714859764,3.473365797528E-02));
#1377 = CARTESIAN_POINT('',(3.443023458574,3.776747357447E-02));
#1378 = ( GEOMETRIC_REPRESENTATION_CONTEXT(2) 
PARAMETRIC_REPRESENTATION_CONTEXT() REPRESENTATION_CONTEXT('2D SPACE',''
  ) );
#1379 = PCURVE('',#1380,#1385);
#1380 = PLANE('',#1381);
#1381 = AXIS2_PLACEMENT_3D('',#1382,#1383,#1384);
#1382 = CARTESIAN_POINT('',(0.,6.373721969039E-03,4.533333333333E-02));
#1383 = DIRECTION('',(-0.,0.793373396254,0.608735290678));
#1384 = DIRECTION('',(0.,-0.608735290678,0.793373396254));
#1385 = DEFINITIONAL_REPRESENTATION('',(#1386),#1392);
#1386 = B_SPLINE_CURVE_WITH_KNOTS('',4,(#1387,#1388,#1389,#1390,#1391),
  .UNSPECIFIED.,.F.,.F.,(5,5),(0.,1.),.PIECEWISE_BEZIER_KNOTS.);
#1387 = CARTESIAN_POINT('',(3.361174800236E-03,-1.930273259176E-03));
#1388 = CARTESIAN_POINT('',(2.521342398993E-03,-1.992777963175E-03));
#1389 = CARTESIAN_POINT('',(1.681161980349E-03,-2.050601603072E-03));
#1390 = CARTESIAN_POINT('',(8.406985854481E-04,-2.104095030689E-03));
#1391 = CARTESIAN_POINT('',(0.,-2.153591172464E-03));
#1392 = ( GEOMETRIC_REPRESENTATION_CONTEXT(2) 
PARAMETRIC_REPRESENTATION_CONTEXT() REPRESENTATION_CONTEXT('2D SPACE',''
  ) );
#1393 = ORIENTED_EDGE('',*,*,#1394,.T.);
#1394 = EDGE_CURVE('',#1361,#1395,#1397,.T.);
#1395 = VERTEX_POINT('',#1396);
#1396 = CARTESIAN_POINT('',(-2.381926884539E-03,8.794814814815E-03,
    4.266666666667E-02));
#1397 = SURFACE_CURVE('',#1398,(#1404,#1413),.PCURVE_S1.);
#1398 = B_SPLINE_CURVE_WITH_KNOTS('',4,(#1399,#1400,#1401,#1402,#1403),
  .UNSPECIFIED.,.F.,.F.,(5,5),(0.,1.),.PIECEWISE_BEZIER_KNOTS.);
#1399 = CARTESIAN_POINT('',(-2.153591172464E-03,6.373721969039E-03,
    4.533333333333E-02));
#1400 = CARTESIAN_POINT('',(-2.216878981658E-03,6.978721131507E-03,
    4.46669685127E-02));
#1401 = CARTESIAN_POINT('',(-2.275687441292E-03,7.583931676581E-03,
    4.400037086871E-02));
#1402 = CARTESIAN_POINT('',(-2.330541200856E-03,8.189306776253E-03,
    4.33335919792E-02));
#1403 = CARTESIAN_POINT('',(-2.381926884539E-03,8.794814814815E-03,
    4.266666666667E-02));
#1404 = PCURVE('',#967,#1405);
#1405 = DEFINITIONAL_REPRESENTATION('',(#1406),#1412);
#1406 = B_SPLINE_CURVE_WITH_KNOTS('',4,(#1407,#1408,#1409,#1410,#1411),
  .UNSPECIFIED.,.F.,.F.,(5,5),(0.,1.),.PIECEWISE_BEZIER_KNOTS.);
#1407 = CARTESIAN_POINT('',(3.443023459036,3.77674735833E-02));
#1408 = CARTESIAN_POINT('',(3.458895065519,4.13540092711E-02));
#1409 = CARTESIAN_POINT('',(3.474784575937,4.494229889175E-02));
#1410 = CARTESIAN_POINT('',(3.490690552894,4.853221980379E-02));
#1411 = CARTESIAN_POINT('',(3.506610060516,5.212384272626E-02));
#1412 = ( GEOMETRIC_REPRESENTATION_CONTEXT(2) 
PARAMETRIC_REPRESENTATION_CONTEXT() REPRESENTATION_CONTEXT('2D SPACE',''
  ) );
#1413 = PCURVE('',#1414,#1419);
#1414 = PLANE('',#1415);
#1415 = AXIS2_PLACEMENT_3D('',#1416,#1417,#1418);
#1416 = CARTESIAN_POINT('',(0.,8.794814814815E-03,4.266666666667E-02));
#1417 = DIRECTION('',(-0.,0.740375165672,0.672193881299));
#1418 = DIRECTION('',(0.,-0.672193881299,0.740375165672));
#1419 = DEFINITIONAL_REPRESENTATION('',(#1420),#1426);
#1420 = B_SPLINE_CURVE_WITH_KNOTS('',4,(#1421,#1422,#1423,#1424,#1425),
  .UNSPECIFIED.,.F.,.F.,(5,5),(0.,1.),.PIECEWISE_BEZIER_KNOTS.);
#1421 = CARTESIAN_POINT('',(3.601777572113E-03,-2.153591172464E-03));
#1422 = CARTESIAN_POINT('',(2.701740872436E-03,-2.216878981658E-03));
#1423 = CARTESIAN_POINT('',(1.801389706037E-03,-2.275687441292E-03));
#1424 = CARTESIAN_POINT('',(9.007937373539E-04,-2.330541200856E-03));
#1425 = CARTESIAN_POINT('',(0.,-2.381926884539E-03));
#1426 = ( GEOMETRIC_REPRESENTATION_CONTEXT(2) 
PARAMETRIC_REPRESENTATION_CONTEXT() REPRESENTATION_CONTEXT('2D SPACE',''
  ) );
#1427 = ORIENTED_EDGE('',*,*,#1428,.T.);
#1428 = EDGE_CURVE('',#1395,#1429,#1431,.T.);
#1429 = VERTEX_POINT('',#1430);
#1430 = CARTESIAN_POINT('',(-2.614624919146E-03,1.153871582031E-02,
    4.E-02));
#1431 = SURFACE_CURVE('',#1432,(#1438,#1447),.PCURVE_S1.);
#1432 = B_SPLINE_CURVE_WITH_KNOTS('',4,(#1433,#1434,#1435,#1436,#1437),
  .UNSPECIFIED.,.F.,.F.,(5,5),(0.,1.),.PIECEWISE_BEZIER_KNOTS.);
#1433 = CARTESIAN_POINT('',(-2.381926884539E-03,8.794814814815E-03,
    4.266666666667E-02));
#1434 = CARTESIAN_POINT('',(-2.444783387616E-03,9.48058033054E-03,
    4.200020383209E-02));
#1435 = CARTESIAN_POINT('',(-2.504074081513E-03,1.016651351592E-02,
    4.133357804735E-02));
#1436 = CARTESIAN_POINT('',(-2.560481238285E-03,1.08525687125E-02,
    4.066683368575E-02));
#1437 = CARTESIAN_POINT('',(-2.614624919146E-03,1.153871582031E-02,
    4.E-02));
#1438 = PCURVE('',#967,#1439);
#1439 = DEFINITIONAL_REPRESENTATION('',(#1440),#1446);
#1440 = B_SPLINE_CURVE_WITH_KNOTS('',4,(#1441,#1442,#1443,#1444,#1445),
  .UNSPECIFIED.,.F.,.F.,(5,5),(0.,1.),.PIECEWISE_BEZIER_KNOTS.);
#1441 = CARTESIAN_POINT('',(3.506610061869,5.212384280182E-02));
#1442 = CARTESIAN_POINT('',(3.522534679106,5.619151984138E-02));
#1443 = CARTESIAN_POINT('',(3.538477648377,6.026136130695E-02));
#1444 = CARTESIAN_POINT('',(3.554435603221,6.433347956839E-02));
#1445 = CARTESIAN_POINT('',(3.570403406723,6.840819549942E-02));
#1446 = ( GEOMETRIC_REPRESENTATION_CONTEXT(2) 
PARAMETRIC_REPRESENTATION_CONTEXT() REPRESENTATION_CONTEXT('2D SPACE',''
  ) );
#1447 = PCURVE('',#1448,#1453);
#1448 = PLANE('',#1449);
#1449 = AXIS2_PLACEMENT_3D('',#1450,#1451,#1452);
#1450 = CARTESIAN_POINT('',(0.,1.153871582031E-02,4.E-02));
#1451 = DIRECTION('',(-0.,0.696942026343,0.717127472571));
#1452 = DIRECTION('',(0.,-0.717127472571,0.696942026343));
#1453 = DEFINITIONAL_REPRESENTATION('',(#1454),#1460);
#1454 = B_SPLINE_CURVE_WITH_KNOTS('',4,(#1455,#1456,#1457,#1458,#1459),
  .UNSPECIFIED.,.F.,.F.,(5,5),(0.,1.),.PIECEWISE_BEZIER_KNOTS.);
#1455 = CARTESIAN_POINT('',(3.826238863307E-03,-2.381926884539E-03));
#1456 = CARTESIAN_POINT('',(2.869971613823E-03,-2.444783387616E-03));
#1457 = CARTESIAN_POINT('',(1.913470557014E-03,-2.504074081513E-03));
#1458 = CARTESIAN_POINT('',(9.567993614195E-04,-2.560481238285E-03));
#1459 = CARTESIAN_POINT('',(0.,-2.614624919146E-03));
#1460 = ( GEOMETRIC_REPRESENTATION_CONTEXT(2) 
PARAMETRIC_REPRESENTATION_CONTEXT() REPRESENTATION_CONTEXT('2D SPACE',''
  ) );
#1461 = ORIENTED_EDGE('',*,*,#1462,.T.);
#1462 = EDGE_CURVE('',#1429,#1463,#1465,.T.);
#1463 = VERTEX_POINT('',#1464);
#1464 = CARTESIAN_POINT('',(-2.858634758586E-03,1.45380150463E-02,
    3.733333333333E-02));
#1465 = SURFACE_CURVE('',#1466,(#1475,#1487),.PCURVE_S1.);
#1466 = B_SPLINE_CURVE_WITH_KNOTS('',4,(#1467,#1468,#1469,#1470,#1471,
    #1472,#1473,#1474),.UNSPECIFIED.,.F.,.F.,(5,3,5),(0.,0.539562727083,
    1.),.UNSPECIFIED.);
#1467 = CARTESIAN_POINT('',(-2.614624919146E-03,1.153871582031E-02,
    4.E-02));
#1468 = CARTESIAN_POINT('',(-2.648789757011E-03,1.194323580518E-02,
    3.964034266728E-02));
#1469 = CARTESIAN_POINT('',(-2.682356122855E-03,1.234778396079E-02,
    3.928066028805E-02));
#1470 = CARTESIAN_POINT('',(-2.715447768466E-03,1.275235376176E-02,
    3.8920958664E-02));
#1471 = CARTESIAN_POINT('',(-2.776114371428E-03,1.350219423787E-02,
    3.825427806554E-02));
#1472 = CARTESIAN_POINT('',(-2.803786692258E-03,1.384746050593E-02,
    3.794730300943E-02));
#1473 = CARTESIAN_POINT('',(-2.831270576164E-03,1.419273512601E-02,
    3.764032052758E-02));
#1474 = CARTESIAN_POINT('',(-2.858634758586E-03,1.45380150463E-02,
    3.733333333333E-02));
#1475 = PCURVE('',#967,#1476);
#1476 = DEFINITIONAL_REPRESENTATION('',(#1477),#1486);
#1477 = B_SPLINE_CURVE_WITH_KNOTS('',4,(#1478,#1479,#1480,#1481,#1482,
    #1483,#1484,#1485),.UNSPECIFIED.,.F.,.F.,(5,3,5),(0.,0.539562727083,
    1.),.UNSPECIFIED.);
#1478 = CARTESIAN_POINT('',(3.57040340945,6.840819603235E-02));
#1479 = CARTESIAN_POINT('',(3.579025427745,7.081045643403E-02));
#1480 = CARTESIAN_POINT('',(3.587651288925,7.321359538522E-02));
#1481 = CARTESIAN_POINT('',(3.596280087984,7.561768176118E-02));
#1482 = CARTESIAN_POINT('',(3.612275699404,8.007519852038E-02));
#1483 = CARTESIAN_POINT('',(3.619642017274,8.212834964851E-02));
#1484 = CARTESIAN_POINT('',(3.627009004223,8.418230156153E-02));
#1485 = CARTESIAN_POINT('',(3.634375925533,8.623710220849E-02));
#1486 = ( GEOMETRIC_REPRESENTATION_CONTEXT(2) 
PARAMETRIC_REPRESENTATION_CONTEXT() REPRESENTATION_CONTEXT('2D SPACE',''
  ) );
#1487 = PCURVE('',#1488,#1493);
#1488 = PLANE('',#1489);
#1489 = AXIS2_PLACEMENT_3D('',#1490,#1491,#1492);
#1490 = CARTESIAN_POINT('',(0.,1.45380150463E-02,3.733333333333E-02));
#1491 = DIRECTION('',(-0.,0.664450537816,0.747332243916));
#1492 = DIRECTION('',(0.,-0.747332243916,0.664450537816));
#1493 = DEFINITIONAL_REPRESENTATION('',(#1494),#1503);
#1494 = B_SPLINE_CURVE_WITH_KNOTS('',4,(#1495,#1496,#1497,#1498,#1499,
    #1500,#1501,#1502),.UNSPECIFIED.,.F.,.F.,(5,3,5),(0.,0.539562727083,
    1.),.UNSPECIFIED.);
#1495 = CARTESIAN_POINT('',(4.013341121572E-03,-2.614624919146E-03));
#1496 = CARTESIAN_POINT('',(3.472055785422E-03,-2.648789757011E-03));
#1497 = CARTESIAN_POINT('',(2.930732754191E-03,-2.682356122855E-03));
#1498 = CARTESIAN_POINT('',(2.389380759453E-03,-2.715447768466E-03));
#1499 = CARTESIAN_POINT('',(1.38602451167E-03,-2.776114371428E-03));
#1500 = CARTESIAN_POINT('',(9.240261556822E-04,-2.803786692258E-03));
#1501 = CARTESIAN_POINT('',(4.620166239232E-04,-2.831270576164E-03));
#1502 = CARTESIAN_POINT('',(0.,-2.858634758586E-03));
#1503 = ( GEOMETRIC_REPRESENTATION_CONTEXT(2) 
PARAMETRIC_REPRESENTATION_CONTEXT() REPRESENTATION_CONTEXT('2D SPACE',''
  ) );
#1504 = ORIENTED_EDGE('',*,*,#1505,.T.);
#1505 = EDGE_CURVE('',#1463,#1506,#1508,.T.);
#1506 = VERTEX_POINT('',#1507);
#1507 = CARTESIAN_POINT('',(-3.125122761146E-03,1.771390932436E-02,
    3.466666666667E-02));
#1508 = SURFACE_CURVE('',#1509,(#1521,#1536),.PCURVE_S1.);
#1509 = B_SPLINE_CURVE_WITH_KNOTS('',4,(#1510,#1511,#1512,#1513,#1514,
    #1515,#1516,#1517,#1518,#1519,#1520),.UNSPECIFIED.,.F.,.F.,(5,3,3,5)
  ,(0.,0.274468534036,0.571135019941,1.),.UNSPECIFIED.);
#1510 = CARTESIAN_POINT('',(-2.858634758586E-03,1.45380150463E-02,
    3.733333333333E-02));
#1511 = CARTESIAN_POINT('',(-2.876792995894E-03,1.475594206818E-02,
    3.715034905422E-02));
#1512 = CARTESIAN_POINT('',(-2.89493462974E-03,1.497386989892E-02,
    3.696736409594E-02));
#1513 = CARTESIAN_POINT('',(-2.913076611927E-03,1.519179771243E-02,
    3.678437915212E-02));
#1514 = CARTESIAN_POINT('',(-2.950862634019E-03,1.564527680069E-02,
    3.640361157524E-02));
#1515 = CARTESIAN_POINT('',(-2.970509489539E-03,1.588082793737E-02,
    3.620582905811E-02));
#1516 = CARTESIAN_POINT('',(-2.990196568534E-03,1.61163771133E-02,
    3.600804818732E-02));
#1517 = CARTESIAN_POINT('',(-3.038490635129E-03,1.669243206855E-02,
    3.552435874025E-02));
#1518 = CARTESIAN_POINT('',(-3.067163168849E-03,1.703293463051E-02,
    3.523845286543E-02));
#1519 = CARTESIAN_POINT('',(-3.09602156513E-03,1.737342804528E-02,
    3.495255467113E-02));
#1520 = CARTESIAN_POINT('',(-3.125122761146E-03,1.771390932436E-02,
    3.466666666667E-02));
#1521 = PCURVE('',#967,#1522);
#1522 = DEFINITIONAL_REPRESENTATION('',(#1523),#1535);
#1523 = B_SPLINE_CURVE_WITH_KNOTS('',4,(#1524,#1525,#1526,#1527,#1528,
    #1529,#1530,#1531,#1532,#1533,#1534),.UNSPECIFIED.,.F.,.F.,(5,3,3,5)
  ,(0.,0.274468534036,0.571135019941,1.),.UNSPECIFIED.);
#1524 = CARTESIAN_POINT('',(3.634375926182,8.623710234189E-02));
#1525 = CARTESIAN_POINT('',(3.638771413823,8.753401119542E-02));
#1526 = CARTESIAN_POINT('',(3.643166989891,8.883124818094E-02));
#1527 = CARTESIAN_POINT('',(3.647562481686,9.01288358945E-02));
#1528 = CARTESIAN_POINT('',(3.656708395873,9.282969966559E-02));
#1529 = CARTESIAN_POINT('',(3.661458773544,9.423303817841E-02));
#1530 = CARTESIAN_POINT('',(3.666208606243,9.563681507404E-02));
#1531 = CARTESIAN_POINT('',(3.677822937722,9.907102840367E-02));
#1532 = CARTESIAN_POINT('',(3.684686580304,0.101101963019));
#1533 = CARTESIAN_POINT('',(3.691547852462,0.10313390982));
#1534 = CARTESIAN_POINT('',(3.698405993849,0.105166927043));
#1535 = ( GEOMETRIC_REPRESENTATION_CONTEXT(2) 
PARAMETRIC_REPRESENTATION_CONTEXT() REPRESENTATION_CONTEXT('2D SPACE',''
  ) );
#1536 = PCURVE('',#1537,#1542);
#1537 = PLANE('',#1538);
#1538 = AXIS2_PLACEMENT_3D('',#1539,#1540,#1541);
#1539 = CARTESIAN_POINT('',(0.,1.771390932436E-02,3.466666666667E-02));
#1540 = DIRECTION('',(-0.,0.643038741968,0.765833647947));
#1541 = DIRECTION('',(0.,-0.765833647947,0.643038741968));
#1542 = DEFINITIONAL_REPRESENTATION('',(#1543),#1555);
#1543 = B_SPLINE_CURVE_WITH_KNOTS('',4,(#1544,#1545,#1546,#1547,#1548,
    #1549,#1550,#1551,#1552,#1553,#1554),.UNSPECIFIED.,.F.,.F.,(5,3,3,5)
  ,(0.,0.274468534036,0.571135019941,1.),.UNSPECIFIED.);
#1544 = CARTESIAN_POINT('',(4.146976679048E-03,-2.858634758586E-03));
#1545 = CARTESIAN_POINT('',(3.862414852252E-03,-2.876792995894E-03));
#1546 = CARTESIAN_POINT('',(3.577851969276E-03,-2.89493462974E-03));
#1547 = CARTESIAN_POINT('',(3.293289108791E-03,-2.913076611927E-03));
#1548 = CARTESIAN_POINT('',(2.701151260741E-03,-2.950862634019E-03));
#1549 = CARTESIAN_POINT('',(2.393576453462E-03,-2.970509489539E-03));
#1550 = CARTESIAN_POINT('',(2.086004206451E-03,-2.990196568534E-03));
#1551 = CARTESIAN_POINT('',(1.333810885103E-03,-3.038490635129E-03));
#1552 = CARTESIAN_POINT('',(8.891940118821E-04,-3.067163168849E-03));
#1553 = CARTESIAN_POINT('',(4.445890827531E-04,-3.09602156513E-03));
#1554 = CARTESIAN_POINT('',(0.,-3.125122761146E-03));
#1555 = ( GEOMETRIC_REPRESENTATION_CONTEXT(2) 
PARAMETRIC_REPRESENTATION_CONTEXT() REPRESENTATION_CONTEXT('2D SPACE',''
  ) );
#1556 = ORIENTED_EDGE('',*,*,#1557,.T.);
#1557 = EDGE_CURVE('',#1506,#1558,#1560,.T.);
#1558 = VERTEX_POINT('',#1559);
#1559 = CARTESIAN_POINT('',(-3.759960027762E-03,2.424609067564E-02,
    2.933333333333E-02));
#1560 = SURFACE_CURVE('',#1561,(#1568,#1578),.PCURVE_S1.);
#1561 = B_SPLINE_CURVE_WITH_KNOTS('',5,(#1562,#1563,#1564,#1565,#1566,
    #1567),.UNSPECIFIED.,.F.,.F.,(6,6),(0.,1.),
  .PIECEWISE_BEZIER_KNOTS.);
#1562 = CARTESIAN_POINT('',(-3.125122761146E-03,1.771390932436E-02,
    3.466666666667E-02));
#1563 = CARTESIAN_POINT('',(-3.239806936064E-03,1.902104224309E-02,
    3.359943120708E-02));
#1564 = CARTESIAN_POINT('',(-3.358310427008E-03,2.032797262671E-02,
    3.253236111143E-02));
#1565 = CARTESIAN_POINT('',(-3.483121413253E-03,2.163456674296E-02,
    3.146556556816E-02));
#1566 = CARTESIAN_POINT('',(-3.616392207562E-03,2.294066697748E-02,
    3.039917326476E-02));
#1567 = CARTESIAN_POINT('',(-3.759960027762E-03,2.424609067564E-02,
    2.933333333333E-02));
#1568 = PCURVE('',#967,#1569);
#1569 = DEFINITIONAL_REPRESENTATION('',(#1570),#1577);
#1570 = B_SPLINE_CURVE_WITH_KNOTS('',5,(#1571,#1572,#1573,#1574,#1575,
    #1576),.UNSPECIFIED.,.F.,.F.,(6,6),(0.,1.),
  .PIECEWISE_BEZIER_KNOTS.);
#1571 = CARTESIAN_POINT('',(3.698405993849,0.105166927043));
#1572 = CARTESIAN_POINT('',(3.724022330945,0.112971831159));
#1573 = CARTESIAN_POINT('',(3.749597930344,0.120791317798));
#1574 = CARTESIAN_POINT('',(3.775100110459,0.128627944804));
#1575 = CARTESIAN_POINT('',(3.80049324547,0.136484229777));
#1576 = CARTESIAN_POINT('',(3.825744336324,0.144362250187));
#1577 = ( GEOMETRIC_REPRESENTATION_CONTEXT(2) 
PARAMETRIC_REPRESENTATION_CONTEXT() REPRESENTATION_CONTEXT('2D SPACE',''
  ) );
#1578 = PCURVE('',#1579,#1584);
#1579 = PLANE('',#1580);
#1580 = AXIS2_PLACEMENT_3D('',#1581,#1582,#1583);
#1581 = CARTESIAN_POINT('',(0.,2.424609067564E-02,2.933333333333E-02));
#1582 = DIRECTION('',(-0.,0.632443407591,0.77460656865));
#1583 = DIRECTION('',(0.,-0.77460656865,0.632443407591));
#1584 = DEFINITIONAL_REPRESENTATION('',(#1585),#1592);
#1585 = B_SPLINE_CURVE_WITH_KNOTS('',5,(#1586,#1587,#1588,#1589,#1590,
    #1591),.UNSPECIFIED.,.F.,.F.,(6,6),(0.,1.),
  .PIECEWISE_BEZIER_KNOTS.);
#1586 = CARTESIAN_POINT('',(8.432902089457E-03,-3.125122761146E-03));
#1587 = CARTESIAN_POINT('',(6.745422313752E-03,-3.239806936064E-03));
#1588 = CARTESIAN_POINT('',(5.058204006398E-03,-3.358310427008E-03));
#1589 = CARTESIAN_POINT('',(3.371419812807E-03,-3.483121413253E-03));
#1590 = CARTESIAN_POINT('',(1.685273209634E-03,-3.616392207562E-03));
#1591 = CARTESIAN_POINT('',(0.,-3.759960027762E-03));
#1592 = ( GEOMETRIC_REPRESENTATION_CONTEXT(2) 
PARAMETRIC_REPRESENTATION_CONTEXT() REPRESENTATION_CONTEXT('2D SPACE',''
  ) );
#1593 = ORIENTED_EDGE('',*,*,#1594,.T.);
#1594 = EDGE_CURVE('',#1558,#1595,#1597,.T.);
#1595 = VERTEX_POINT('',#1596);
#1596 = CARTESIAN_POINT('',(-4.125592920863E-03,2.74219849537E-02,
    2.666666666667E-02));
#1597 = SURFACE_CURVE('',#1598,(#1604,#1613),.PCURVE_S1.);
#1598 = B_SPLINE_CURVE_WITH_KNOTS('',4,(#1599,#1600,#1601,#1602,#1603),
  .UNSPECIFIED.,.F.,.F.,(5,5),(0.,1.),.PIECEWISE_BEZIER_KNOTS.);
#1599 = CARTESIAN_POINT('',(-3.759960027762E-03,2.424609067564E-02,
    2.933333333333E-02));
#1600 = CARTESIAN_POINT('',(-3.844990283537E-03,2.504048415371E-02,
    2.866631408687E-02));
#1601 = CARTESIAN_POINT('',(-3.933928315034E-03,2.583463295346E-02,
    2.799950028665E-02));
#1602 = CARTESIAN_POINT('',(-4.027313012183E-03,2.66284863335E-02,
    2.73329345381E-02));
#1603 = CARTESIAN_POINT('',(-4.125592920863E-03,2.74219849537E-02,
    2.666666666667E-02));
#1604 = PCURVE('',#967,#1605);
#1605 = DEFINITIONAL_REPRESENTATION('',(#1606),#1612);
#1606 = B_SPLINE_CURVE_WITH_KNOTS('',4,(#1607,#1608,#1609,#1610,#1611),
  .UNSPECIFIED.,.F.,.F.,(5,5),(0.,1.),.PIECEWISE_BEZIER_KNOTS.);
#1607 = CARTESIAN_POINT('',(3.825744339847,0.144362249483));
#1608 = CARTESIAN_POINT('',(3.841538723587,0.149156285351));
#1609 = CARTESIAN_POINT('',(3.857275425985,0.153959043368));
#1610 = CARTESIAN_POINT('',(3.872944628531,0.1587711429));
#1611 = CARTESIAN_POINT('',(3.88853743088,0.163593059917));
#1612 = ( GEOMETRIC_REPRESENTATION_CONTEXT(2) 
PARAMETRIC_REPRESENTATION_CONTEXT() REPRESENTATION_CONTEXT('2D SPACE',''
  ) );
#1613 = PCURVE('',#1614,#1619);
#1614 = PLANE('',#1615);
#1615 = AXIS2_PLACEMENT_3D('',#1616,#1617,#1618);
#1616 = CARTESIAN_POINT('',(0.,2.74219849537E-02,2.666666666667E-02));
#1617 = DIRECTION('',(-0.,0.643038741968,0.765833647947));
#1618 = DIRECTION('',(0.,-0.765833647947,0.643038741968));
#1619 = DEFINITIONAL_REPRESENTATION('',(#1620),#1626);
#1620 = B_SPLINE_CURVE_WITH_KNOTS('',4,(#1621,#1622,#1623,#1624,#1625),
  .UNSPECIFIED.,.F.,.F.,(5,5),(0.,1.),.PIECEWISE_BEZIER_KNOTS.);
#1621 = CARTESIAN_POINT('',(4.146976679048E-03,-3.759960027762E-03));
#1622 = CARTESIAN_POINT('',(3.109684206711E-03,-3.844990283537E-03));
#1623 = CARTESIAN_POINT('',(2.072711227166E-03,-3.933928315034E-03));
#1624 = CARTESIAN_POINT('',(1.036123996812E-03,-4.027313012183E-03));
#1625 = CARTESIAN_POINT('',(0.,-4.125592920863E-03));
#1626 = ( GEOMETRIC_REPRESENTATION_CONTEXT(2) 
PARAMETRIC_REPRESENTATION_CONTEXT() REPRESENTATION_CONTEXT('2D SPACE',''
  ) );
#1627 = ORIENTED_EDGE('',*,*,#1628,.T.);
#1628 = EDGE_CURVE('',#1595,#948,#1629,.T.);
#1629 = SURFACE_CURVE('',#1630,(#1636,#1645),.PCURVE_S1.);
#1630 = B_SPLINE_CURVE_WITH_KNOTS('',4,(#1631,#1632,#1633,#1634,#1635),
  .UNSPECIFIED.,.F.,.F.,(5,5),(0.,1.),.PIECEWISE_BEZIER_KNOTS.);
#1631 = CARTESIAN_POINT('',(-4.125592920863E-03,2.74219849537E-02,
    2.666666666667E-02));
#1632 = CARTESIAN_POINT('',(-4.213341220905E-03,2.817225605561E-02,
    2.599960320028E-02));
#1633 = CARTESIAN_POINT('',(-4.305185087105E-03,2.892226046305E-02,
    2.533277685103E-02));
#1634 = CARTESIAN_POINT('',(-4.401521088985E-03,2.967195337638E-02,
    2.466622745013E-02));
#1635 = CARTESIAN_POINT('',(-4.502672385379E-03,3.042128417969E-02,
    2.4E-02));
#1636 = PCURVE('',#967,#1637);
#1637 = DEFINITIONAL_REPRESENTATION('',(#1638),#1644);
#1638 = B_SPLINE_CURVE_WITH_KNOTS('',4,(#1639,#1640,#1641,#1642,#1643),
  .UNSPECIFIED.,.F.,.F.,(5,5),(0.,1.),.PIECEWISE_BEZIER_KNOTS.);
#1639 = CARTESIAN_POINT('',(3.88853743088,0.163593059917));
#1640 = CARTESIAN_POINT('',(3.904137032567,0.16815229279));
#1641 = CARTESIAN_POINT('',(3.919664919382,0.172720608312));
#1642 = CARTESIAN_POINT('',(3.935113262254,0.177298443986));
#1643 = CARTESIAN_POINT('',(3.950475403355,0.181886103245));
#1644 = ( GEOMETRIC_REPRESENTATION_CONTEXT(2) 
PARAMETRIC_REPRESENTATION_CONTEXT() REPRESENTATION_CONTEXT('2D SPACE',''
  ) );
#1645 = PCURVE('',#1011,#1646);
#1646 = DEFINITIONAL_REPRESENTATION('',(#1647),#1653);
#1647 = B_SPLINE_CURVE_WITH_KNOTS('',4,(#1648,#1649,#1650,#1651,#1652),
  .UNSPECIFIED.,.F.,.F.,(5,5),(0.,1.),.PIECEWISE_BEZIER_KNOTS.);
#1648 = CARTESIAN_POINT('',(4.013341121572E-03,-4.125592920863E-03));
#1649 = CARTESIAN_POINT('',(3.009408656444E-03,-4.213341220905E-03));
#1650 = CARTESIAN_POINT('',(2.005833053287E-03,-4.305185087105E-03));
#1651 = CARTESIAN_POINT('',(1.00267425822E-03,-4.401521088985E-03));
#1652 = CARTESIAN_POINT('',(0.,-4.502672385379E-03));
#1653 = ( GEOMETRIC_REPRESENTATION_CONTEXT(2) 
PARAMETRIC_REPRESENTATION_CONTEXT() REPRESENTATION_CONTEXT('2D SPACE',''
  ) );
#1654 = ORIENTED_EDGE('',*,*,#947,.T.);
#1655 = ORIENTED_EDGE('',*,*,#1656,.T.);
#1656 = EDGE_CURVE('',#919,#1057,#1657,.T.);
#1657 = SURFACE_CURVE('',#1658,(#1668,#1674),.PCURVE_S1.);
#1658 = ( BOUNDED_CURVE() B_SPLINE_CURVE(8,(#1659,#1660,#1661,#1662,
    #1663,#1664,#1665,#1666,#1667),.UNSPECIFIED.,.F.,.F.) 
B_SPLINE_CURVE_WITH_KNOTS((9,9),(0.,1.),.PIECEWISE_BEZIER_KNOTS.) CURVE(
) GEOMETRIC_REPRESENTATION_ITEM() RATIONAL_B_SPLINE_CURVE((1.,
    1.000000000001,0.999999999991,1.000000000036,0.99999999991,
    1.000000000152,0.999999999834,1.000000000099,1.)) 
REPRESENTATION_ITEM('') );
#1659 = CARTESIAN_POINT('',(-1.2E-03,0.,2.183821405597E-02));
#1660 = CARTESIAN_POINT('',(-1.208878908836E-03,2.110709493669E-02,
    2.183821405597E-02));
#1661 = CARTESIAN_POINT('',(-1.120341206347E-03,4.206850497285E-02,
    2.183821405598E-02));
#1662 = CARTESIAN_POINT('',(-1.377842094197E-02,6.420868303148E-02,
    2.183821405597E-02));
#1663 = CARTESIAN_POINT('',(-3.617066367181E-02,7.50715496381E-02,
    2.183821405595E-02));
#1664 = CARTESIAN_POINT('',(-3.268733817683E-02,0.100972314113,
    2.183821405606E-02));
#1665 = CARTESIAN_POINT('',(-7.089889771059E-02,0.109918845146,
    2.183821405585E-02));
#1666 = CARTESIAN_POINT('',(-5.485076006638E-02,0.143114264395,
    2.183821405605E-02));
#1667 = CARTESIAN_POINT('',(-6.E-02,0.16,2.183821405597E-02));
#1668 = PCURVE('',#967,#1669);
#1669 = DEFINITIONAL_REPRESENTATION('',(#1670),#1673);
#1670 = B_SPLINE_CURVE_WITH_KNOTS('',1,(#1671,#1672),.UNSPECIFIED.,.F.,
  .F.,(2,2),(0.195545423433,1.),.PIECEWISE_BEZIER_KNOTS.);
#1671 = CARTESIAN_POINT('',(4.,0.195545423433));
#1672 = CARTESIAN_POINT('',(4.,1.));
#1673 = ( GEOMETRIC_REPRESENTATION_CONTEXT(2) 
PARAMETRIC_REPRESENTATION_CONTEXT() REPRESENTATION_CONTEXT('2D SPACE',''
  ) );
#1674 = PCURVE('',#63,#1675);
#1675 = DEFINITIONAL_REPRESENTATION('',(#1676),#1679);
#1676 = B_SPLINE_CURVE_WITH_KNOTS('',1,(#1677,#1678),.UNSPECIFIED.,.F.,
  .F.,(2,2),(0.195545423433,1.),.PIECEWISE_BEZIER_KNOTS.);
#1677 = CARTESIAN_POINT('',(4.,0.195545423433));
#1678 = CARTESIAN_POINT('',(4.,1.));
#1679 = ( GEOMETRIC_REPRESENTATION_CONTEXT(2) 
PARAMETRIC_REPRESENTATION_CONTEXT() REPRESENTATION_CONTEXT('2D SPACE',''
  ) );
#1680 = ADVANCED_FACE('',(#1681),#1614,.F.);
#1681 = FACE_BOUND('',#1682,.F.);
#1682 = EDGE_LOOP('',(#1683,#1706,#1707,#1730));
#1683 = ORIENTED_EDGE('',*,*,#1684,.F.);
#1684 = EDGE_CURVE('',#1595,#1685,#1687,.T.);
#1685 = VERTEX_POINT('',#1686);
#1686 = CARTESIAN_POINT('',(4.125592920863E-03,2.74219849537E-02,
    2.666666666667E-02));
#1687 = SURFACE_CURVE('',#1688,(#1692,#1699),.PCURVE_S1.);
#1688 = LINE('',#1689,#1690);
#1689 = CARTESIAN_POINT('',(-0.104,2.74219849537E-02,2.666666666667E-02)
  );
#1690 = VECTOR('',#1691,1.);
#1691 = DIRECTION('',(1.,0.,0.));
#1692 = PCURVE('',#1614,#1693);
#1693 = DEFINITIONAL_REPRESENTATION('',(#1694),#1698);
#1694 = LINE('',#1695,#1696);
#1695 = CARTESIAN_POINT('',(0.,-0.104));
#1696 = VECTOR('',#1697,1.);
#1697 = DIRECTION('',(0.,1.));
#1698 = ( GEOMETRIC_REPRESENTATION_CONTEXT(2) 
PARAMETRIC_REPRESENTATION_CONTEXT() REPRESENTATION_CONTEXT('2D SPACE',''
  ) );
#1699 = PCURVE('',#1011,#1700);
#1700 = DEFINITIONAL_REPRESENTATION('',(#1701),#1705);
#1701 = LINE('',#1702,#1703);
#1702 = CARTESIAN_POINT('',(4.013341121572E-03,-0.104));
#1703 = VECTOR('',#1704,1.);
#1704 = DIRECTION('',(0.,1.));
#1705 = ( GEOMETRIC_REPRESENTATION_CONTEXT(2) 
PARAMETRIC_REPRESENTATION_CONTEXT() REPRESENTATION_CONTEXT('2D SPACE',''
  ) );
#1706 = ORIENTED_EDGE('',*,*,#1594,.F.);
#1707 = ORIENTED_EDGE('',*,*,#1708,.T.);
#1708 = EDGE_CURVE('',#1558,#1709,#1711,.T.);
#1709 = VERTEX_POINT('',#1710);
#1710 = CARTESIAN_POINT('',(3.759960027762E-03,2.424609067564E-02,
    2.933333333333E-02));
#1711 = SURFACE_CURVE('',#1712,(#1716,#1723),.PCURVE_S1.);
#1712 = LINE('',#1713,#1714);
#1713 = CARTESIAN_POINT('',(-0.104,2.424609067564E-02,2.933333333333E-02
    ));
#1714 = VECTOR('',#1715,1.);
#1715 = DIRECTION('',(1.,0.,0.));
#1716 = PCURVE('',#1614,#1717);
#1717 = DEFINITIONAL_REPRESENTATION('',(#1718),#1722);
#1718 = LINE('',#1719,#1720);
#1719 = CARTESIAN_POINT('',(4.146976679048E-03,-0.104));
#1720 = VECTOR('',#1721,1.);
#1721 = DIRECTION('',(0.,1.));
#1722 = ( GEOMETRIC_REPRESENTATION_CONTEXT(2) 
PARAMETRIC_REPRESENTATION_CONTEXT() REPRESENTATION_CONTEXT('2D SPACE',''
  ) );
#1723 = PCURVE('',#1579,#1724);
#1724 = DEFINITIONAL_REPRESENTATION('',(#1725),#1729);
#1725 = LINE('',#1726,#1727);
#1726 = CARTESIAN_POINT('',(0.,-0.104));
#1727 = VECTOR('',#1728,1.);
#1728 = DIRECTION('',(0.,1.));
#1729 = ( GEOMETRIC_REPRESENTATION_CONTEXT(2) 
PARAMETRIC_REPRESENTATION_CONTEXT() REPRESENTATION_CONTEXT('2D SPACE',''
  ) );
#1730 = ORIENTED_EDGE('',*,*,#1731,.T.);
#1731 = EDGE_CURVE('',#1709,#1685,#1732,.T.);
#1732 = SURFACE_CURVE('',#1733,(#1739,#1748),.PCURVE_S1.);
#1733 = B_SPLINE_CURVE_WITH_KNOTS('',4,(#1734,#1735,#1736,#1737,#1738),
  .UNSPECIFIED.,.F.,.F.,(5,5),(0.,1.),.PIECEWISE_BEZIER_KNOTS.);
#1734 = CARTESIAN_POINT('',(3.759960027762E-03,2.424609067564E-02,
    2.933333333333E-02));
#1735 = CARTESIAN_POINT('',(3.844990283537E-03,2.504048415371E-02,
    2.866631408687E-02));
#1736 = CARTESIAN_POINT('',(3.933928315034E-03,2.583463295346E-02,
    2.799950028665E-02));
#1737 = CARTESIAN_POINT('',(4.027313012183E-03,2.66284863335E-02,
    2.73329345381E-02));
#1738 = CARTESIAN_POINT('',(4.125592920863E-03,2.74219849537E-02,
    2.666666666667E-02));
#1739 = PCURVE('',#1614,#1740);
#1740 = DEFINITIONAL_REPRESENTATION('',(#1741),#1747);
#1741 = B_SPLINE_CURVE_WITH_KNOTS('',4,(#1742,#1743,#1744,#1745,#1746),
  .UNSPECIFIED.,.F.,.F.,(5,5),(0.,1.),.PIECEWISE_BEZIER_KNOTS.);
#1742 = CARTESIAN_POINT('',(4.146976679048E-03,3.759960027762E-03));
#1743 = CARTESIAN_POINT('',(3.109684206711E-03,3.844990283537E-03));
#1744 = CARTESIAN_POINT('',(2.072711227166E-03,3.933928315034E-03));
#1745 = CARTESIAN_POINT('',(1.036123996812E-03,4.027313012183E-03));
#1746 = CARTESIAN_POINT('',(0.,4.125592920863E-03));
#1747 = ( GEOMETRIC_REPRESENTATION_CONTEXT(2) 
PARAMETRIC_REPRESENTATION_CONTEXT() REPRESENTATION_CONTEXT('2D SPACE',''
  ) );
#1748 = PCURVE('',#421,#1749);
#1749 = DEFINITIONAL_REPRESENTATION('',(#1750),#1756);
#1750 = B_SPLINE_CURVE_WITH_KNOTS('',4,(#1751,#1752,#1753,#1754,#1755),
  .UNSPECIFIED.,.F.,.F.,(5,5),(0.,1.),.PIECEWISE_BEZIER_KNOTS.);
#1751 = CARTESIAN_POINT('',(1.174255660153,0.144362249483));
#1752 = CARTESIAN_POINT('',(1.158461276413,0.149156285351));
#1753 = CARTESIAN_POINT('',(1.142724574015,0.153959043368));
#1754 = CARTESIAN_POINT('',(1.127055371469,0.1587711429));
#1755 = CARTESIAN_POINT('',(1.11146256912,0.163593059917));
#1756 = ( GEOMETRIC_REPRESENTATION_CONTEXT(2) 
PARAMETRIC_REPRESENTATION_CONTEXT() REPRESENTATION_CONTEXT('2D SPACE',''
  ) );
#1757 = ADVANCED_FACE('',(#1758),#1579,.F.);
#1758 = FACE_BOUND('',#1759,.F.);
#1759 = EDGE_LOOP('',(#1760,#1761,#1762,#1785));
#1760 = ORIENTED_EDGE('',*,*,#1708,.F.);
#1761 = ORIENTED_EDGE('',*,*,#1557,.F.);
#1762 = ORIENTED_EDGE('',*,*,#1763,.T.);
#1763 = EDGE_CURVE('',#1506,#1764,#1766,.T.);
#1764 = VERTEX_POINT('',#1765);
#1765 = CARTESIAN_POINT('',(3.125122761146E-03,1.771390932436E-02,
    3.466666666667E-02));
#1766 = SURFACE_CURVE('',#1767,(#1771,#1778),.PCURVE_S1.);
#1767 = LINE('',#1768,#1769);
#1768 = CARTESIAN_POINT('',(-0.104,1.771390932436E-02,3.466666666667E-02
    ));
#1769 = VECTOR('',#1770,1.);
#1770 = DIRECTION('',(1.,0.,0.));
#1771 = PCURVE('',#1579,#1772);
#1772 = DEFINITIONAL_REPRESENTATION('',(#1773),#1777);
#1773 = LINE('',#1774,#1775);
#1774 = CARTESIAN_POINT('',(8.432902089457E-03,-0.104));
#1775 = VECTOR('',#1776,1.);
#1776 = DIRECTION('',(0.,1.));
#1777 = ( GEOMETRIC_REPRESENTATION_CONTEXT(2) 
PARAMETRIC_REPRESENTATION_CONTEXT() REPRESENTATION_CONTEXT('2D SPACE',''
  ) );
#1778 = PCURVE('',#1537,#1779);
#1779 = DEFINITIONAL_REPRESENTATION('',(#1780),#1784);
#1780 = LINE('',#1781,#1782);
#1781 = CARTESIAN_POINT('',(0.,-0.104));
#1782 = VECTOR('',#1783,1.);
#1783 = DIRECTION('',(0.,1.));
#1784 = ( GEOMETRIC_REPRESENTATION_CONTEXT(2) 
PARAMETRIC_REPRESENTATION_CONTEXT() REPRESENTATION_CONTEXT('2D SPACE',''
  ) );
#1785 = ORIENTED_EDGE('',*,*,#1786,.T.);
#1786 = EDGE_CURVE('',#1764,#1709,#1787,.T.);
#1787 = SURFACE_CURVE('',#1788,(#1795,#1805),.PCURVE_S1.);
#1788 = B_SPLINE_CURVE_WITH_KNOTS('',5,(#1789,#1790,#1791,#1792,#1793,
    #1794),.UNSPECIFIED.,.F.,.F.,(6,6),(0.,1.),
  .PIECEWISE_BEZIER_KNOTS.);
#1789 = CARTESIAN_POINT('',(3.125122761146E-03,1.771390932436E-02,
    3.466666666667E-02));
#1790 = CARTESIAN_POINT('',(3.239806936064E-03,1.902104224309E-02,
    3.359943120708E-02));
#1791 = CARTESIAN_POINT('',(3.358310427008E-03,2.032797262671E-02,
    3.253236111143E-02));
#1792 = CARTESIAN_POINT('',(3.483121413253E-03,2.163456674296E-02,
    3.146556556816E-02));
#1793 = CARTESIAN_POINT('',(3.616392207562E-03,2.294066697748E-02,
    3.039917326476E-02));
#1794 = CARTESIAN_POINT('',(3.759960027762E-03,2.424609067564E-02,
    2.933333333333E-02));
#1795 = PCURVE('',#1579,#1796);
#1796 = DEFINITIONAL_REPRESENTATION('',(#1797),#1804);
#1797 = B_SPLINE_CURVE_WITH_KNOTS('',5,(#1798,#1799,#1800,#1801,#1802,
    #1803),.UNSPECIFIED.,.F.,.F.,(6,6),(0.,1.),
  .PIECEWISE_BEZIER_KNOTS.);
#1798 = CARTESIAN_POINT('',(8.432902089457E-03,3.125122761146E-03));
#1799 = CARTESIAN_POINT('',(6.745422313752E-03,3.239806936064E-03));
#1800 = CARTESIAN_POINT('',(5.058204006398E-03,3.358310427008E-03));
#1801 = CARTESIAN_POINT('',(3.371419812807E-03,3.483121413253E-03));
#1802 = CARTESIAN_POINT('',(1.685273209634E-03,3.616392207562E-03));
#1803 = CARTESIAN_POINT('',(0.,3.759960027762E-03));
#1804 = ( GEOMETRIC_REPRESENTATION_CONTEXT(2) 
PARAMETRIC_REPRESENTATION_CONTEXT() REPRESENTATION_CONTEXT('2D SPACE',''
  ) );
#1805 = PCURVE('',#421,#1806);
#1806 = DEFINITIONAL_REPRESENTATION('',(#1807),#1814);
#1807 = B_SPLINE_CURVE_WITH_KNOTS('',5,(#1808,#1809,#1810,#1811,#1812,
    #1813),.UNSPECIFIED.,.F.,.F.,(6,6),(0.,1.),
  .PIECEWISE_BEZIER_KNOTS.);
#1808 = CARTESIAN_POINT('',(1.301594006151,0.105166927043));
#1809 = CARTESIAN_POINT('',(1.275977669055,0.112971831159));
#1810 = CARTESIAN_POINT('',(1.250402069656,0.120791317798));
#1811 = CARTESIAN_POINT('',(1.224899889541,0.128627944804));
#1812 = CARTESIAN_POINT('',(1.19950675453,0.136484229777));
#1813 = CARTESIAN_POINT('',(1.174255663676,0.144362250187));
#1814 = ( GEOMETRIC_REPRESENTATION_CONTEXT(2) 
PARAMETRIC_REPRESENTATION_CONTEXT() REPRESENTATION_CONTEXT('2D SPACE',''
  ) );
#1815 = ADVANCED_FACE('',(#1816),#1537,.F.);
#1816 = FACE_BOUND('',#1817,.F.);
#1817 = EDGE_LOOP('',(#1818,#1819,#1820,#1843));
#1818 = ORIENTED_EDGE('',*,*,#1763,.F.);
#1819 = ORIENTED_EDGE('',*,*,#1505,.F.);
#1820 = ORIENTED_EDGE('',*,*,#1821,.T.);
#1821 = EDGE_CURVE('',#1463,#1822,#1824,.T.);
#1822 = VERTEX_POINT('',#1823);
#1823 = CARTESIAN_POINT('',(2.858634758586E-03,1.45380150463E-02,
    3.733333333333E-02));
#1824 = SURFACE_CURVE('',#1825,(#1829,#1836),.PCURVE_S1.);
#1825 = LINE('',#1826,#1827);
#1826 = CARTESIAN_POINT('',(-0.104,1.45380150463E-02,3.733333333333E-02)
  );
#1827 = VECTOR('',#1828,1.);
#1828 = DIRECTION('',(1.,0.,0.));
#1829 = PCURVE('',#1537,#1830);
#1830 = DEFINITIONAL_REPRESENTATION('',(#1831),#1835);
#1831 = LINE('',#1832,#1833);
#1832 = CARTESIAN_POINT('',(4.146976679048E-03,-0.104));
#1833 = VECTOR('',#1834,1.);
#1834 = DIRECTION('',(0.,1.));
#1835 = ( GEOMETRIC_REPRESENTATION_CONTEXT(2) 
PARAMETRIC_REPRESENTATION_CONTEXT() REPRESENTATION_CONTEXT('2D SPACE',''
  ) );
#1836 = PCURVE('',#1488,#1837);
#1837 = DEFINITIONAL_REPRESENTATION('',(#1838),#1842);
#1838 = LINE('',#1839,#1840);
#1839 = CARTESIAN_POINT('',(0.,-0.104));
#1840 = VECTOR('',#1841,1.);
#1841 = DIRECTION('',(0.,1.));
#1842 = ( GEOMETRIC_REPRESENTATION_CONTEXT(2) 
PARAMETRIC_REPRESENTATION_CONTEXT() REPRESENTATION_CONTEXT('2D SPACE',''
  ) );
#1843 = ORIENTED_EDGE('',*,*,#1844,.T.);
#1844 = EDGE_CURVE('',#1822,#1764,#1845,.T.);
#1845 = SURFACE_CURVE('',#1846,(#1858,#1873),.PCURVE_S1.);
#1846 = B_SPLINE_CURVE_WITH_KNOTS('',4,(#1847,#1848,#1849,#1850,#1851,
    #1852,#1853,#1854,#1855,#1856,#1857),.UNSPECIFIED.,.F.,.F.,(5,3,3,5)
  ,(0.,0.274468534036,0.571135019941,1.),.UNSPECIFIED.);
#1847 = CARTESIAN_POINT('',(2.858634758586E-03,1.45380150463E-02,
    3.733333333333E-02));
#1848 = CARTESIAN_POINT('',(2.876792995894E-03,1.475594206818E-02,
    3.715034905422E-02));
#1849 = CARTESIAN_POINT('',(2.89493462974E-03,1.497386989892E-02,
    3.696736409594E-02));
#1850 = CARTESIAN_POINT('',(2.913076611927E-03,1.519179771243E-02,
    3.678437915212E-02));
#1851 = CARTESIAN_POINT('',(2.950862634019E-03,1.564527680069E-02,
    3.640361157524E-02));
#1852 = CARTESIAN_POINT('',(2.970509489539E-03,1.588082793737E-02,
    3.620582905811E-02));
#1853 = CARTESIAN_POINT('',(2.990196568534E-03,1.61163771133E-02,
    3.600804818732E-02));
#1854 = CARTESIAN_POINT('',(3.038490635129E-03,1.669243206855E-02,
    3.552435874025E-02));
#1855 = CARTESIAN_POINT('',(3.067163168849E-03,1.703293463051E-02,
    3.523845286543E-02));
#1856 = CARTESIAN_POINT('',(3.09602156513E-03,1.737342804528E-02,
    3.495255467113E-02));
#1857 = CARTESIAN_POINT('',(3.125122761146E-03,1.771390932436E-02,
    3.466666666667E-02));
#1858 = PCURVE('',#1537,#1859);
#1859 = DEFINITIONAL_REPRESENTATION('',(#1860),#1872);
#1860 = B_SPLINE_CURVE_WITH_KNOTS('',4,(#1861,#1862,#1863,#1864,#1865,
    #1866,#1867,#1868,#1869,#1870,#1871),.UNSPECIFIED.,.F.,.F.,(5,3,3,5)
  ,(0.,0.274468534036,0.571135019941,1.),.UNSPECIFIED.);
#1861 = CARTESIAN_POINT('',(4.146976679048E-03,2.858634758586E-03));
#1862 = CARTESIAN_POINT('',(3.862414852252E-03,2.876792995894E-03));
#1863 = CARTESIAN_POINT('',(3.577851969276E-03,2.89493462974E-03));
#1864 = CARTESIAN_POINT('',(3.293289108792E-03,2.913076611927E-03));
#1865 = CARTESIAN_POINT('',(2.701151260741E-03,2.950862634019E-03));
#1866 = CARTESIAN_POINT('',(2.393576453462E-03,2.970509489539E-03));
#1867 = CARTESIAN_POINT('',(2.086004206452E-03,2.990196568534E-03));
#1868 = CARTESIAN_POINT('',(1.333810885103E-03,3.038490635129E-03));
#1869 = CARTESIAN_POINT('',(8.891940118822E-04,3.067163168849E-03));
#1870 = CARTESIAN_POINT('',(4.445890827532E-04,3.09602156513E-03));
#1871 = CARTESIAN_POINT('',(0.,3.125122761146E-03));
#1872 = ( GEOMETRIC_REPRESENTATION_CONTEXT(2) 
PARAMETRIC_REPRESENTATION_CONTEXT() REPRESENTATION_CONTEXT('2D SPACE',''
  ) );
#1873 = PCURVE('',#421,#1874);
#1874 = DEFINITIONAL_REPRESENTATION('',(#1875),#1887);
#1875 = B_SPLINE_CURVE_WITH_KNOTS('',4,(#1876,#1877,#1878,#1879,#1880,
    #1881,#1882,#1883,#1884,#1885,#1886),.UNSPECIFIED.,.F.,.F.,(5,3,3,5)
  ,(0.,0.274468534036,0.571135019941,1.),.UNSPECIFIED.);
#1876 = CARTESIAN_POINT('',(1.365624073818,8.623710234189E-02));
#1877 = CARTESIAN_POINT('',(1.361228586177,8.753401119541E-02));
#1878 = CARTESIAN_POINT('',(1.356833010109,8.883124818093E-02));
#1879 = CARTESIAN_POINT('',(1.352437518314,9.01288358945E-02));
#1880 = CARTESIAN_POINT('',(1.343291604127,9.282969966559E-02));
#1881 = CARTESIAN_POINT('',(1.338541226456,9.423303817841E-02));
#1882 = CARTESIAN_POINT('',(1.333791393757,9.563681507404E-02));
#1883 = CARTESIAN_POINT('',(1.322177062278,9.907102840367E-02));
#1884 = CARTESIAN_POINT('',(1.315313419696,0.101101963019));
#1885 = CARTESIAN_POINT('',(1.308452147538,0.10313390982));
#1886 = CARTESIAN_POINT('',(1.301594006151,0.105166927043));
#1887 = ( GEOMETRIC_REPRESENTATION_CONTEXT(2) 
PARAMETRIC_REPRESENTATION_CONTEXT() REPRESENTATION_CONTEXT('2D SPACE',''
  ) );
#1888 = ADVANCED_FACE('',(#1889),#1488,.F.);
#1889 = FACE_BOUND('',#1890,.F.);
#1890 = EDGE_LOOP('',(#1891,#1892,#1893,#1916));
#1891 = ORIENTED_EDGE('',*,*,#1821,.F.);
#1892 = ORIENTED_EDGE('',*,*,#1462,.F.);
#1893 = ORIENTED_EDGE('',*,*,#1894,.T.);
#1894 = EDGE_CURVE('',#1429,#1895,#1897,.T.);
#1895 = VERTEX_POINT('',#1896);
#1896 = CARTESIAN_POINT('',(2.614624919146E-03,1.153871582031E-02,4.E-02
    ));
#1897 = SURFACE_CURVE('',#1898,(#1902,#1909),.PCURVE_S1.);
#1898 = LINE('',#1899,#1900);
#1899 = CARTESIAN_POINT('',(-0.104,1.153871582031E-02,4.E-02));
#1900 = VECTOR('',#1901,1.);
#1901 = DIRECTION('',(1.,0.,0.));
#1902 = PCURVE('',#1488,#1903);
#1903 = DEFINITIONAL_REPRESENTATION('',(#1904),#1908);
#1904 = LINE('',#1905,#1906);
#1905 = CARTESIAN_POINT('',(4.013341121572E-03,-0.104));
#1906 = VECTOR('',#1907,1.);
#1907 = DIRECTION('',(0.,1.));
#1908 = ( GEOMETRIC_REPRESENTATION_CONTEXT(2) 
PARAMETRIC_REPRESENTATION_CONTEXT() REPRESENTATION_CONTEXT('2D SPACE',''
  ) );
#1909 = PCURVE('',#1448,#1910);
#1910 = DEFINITIONAL_REPRESENTATION('',(#1911),#1915);
#1911 = LINE('',#1912,#1913);
#1912 = CARTESIAN_POINT('',(0.,-0.104));
#1913 = VECTOR('',#1914,1.);
#1914 = DIRECTION('',(0.,1.));
#1915 = ( GEOMETRIC_REPRESENTATION_CONTEXT(2) 
PARAMETRIC_REPRESENTATION_CONTEXT() REPRESENTATION_CONTEXT('2D SPACE',''
  ) );
#1916 = ORIENTED_EDGE('',*,*,#1917,.T.);
#1917 = EDGE_CURVE('',#1895,#1822,#1918,.T.);
#1918 = SURFACE_CURVE('',#1919,(#1928,#1940),.PCURVE_S1.);
#1919 = B_SPLINE_CURVE_WITH_KNOTS('',4,(#1920,#1921,#1922,#1923,#1924,
    #1925,#1926,#1927),.UNSPECIFIED.,.F.,.F.,(5,3,5),(0.,0.539562727083,
    1.),.UNSPECIFIED.);
#1920 = CARTESIAN_POINT('',(2.614624919146E-03,1.153871582031E-02,4.E-02
    ));
#1921 = CARTESIAN_POINT('',(2.648789757011E-03,1.194323580518E-02,
    3.964034266728E-02));
#1922 = CARTESIAN_POINT('',(2.682356122855E-03,1.234778396079E-02,
    3.928066028805E-02));
#1923 = CARTESIAN_POINT('',(2.715447768466E-03,1.275235376176E-02,
    3.8920958664E-02));
#1924 = CARTESIAN_POINT('',(2.776114371428E-03,1.350219423787E-02,
    3.825427806554E-02));
#1925 = CARTESIAN_POINT('',(2.803786692258E-03,1.384746050593E-02,
    3.794730300943E-02));
#1926 = CARTESIAN_POINT('',(2.831270576164E-03,1.419273512601E-02,
    3.764032052758E-02));
#1927 = CARTESIAN_POINT('',(2.858634758586E-03,1.45380150463E-02,
    3.733333333333E-02));
#1928 = PCURVE('',#1488,#1929);
#1929 = DEFINITIONAL_REPRESENTATION('',(#1930),#1939);
#1930 = B_SPLINE_CURVE_WITH_KNOTS('',4,(#1931,#1932,#1933,#1934,#1935,
    #1936,#1937,#1938),.UNSPECIFIED.,.F.,.F.,(5,3,5),(0.,0.539562727083,
    1.),.UNSPECIFIED.);
#1931 = CARTESIAN_POINT('',(4.013341121572E-03,2.614624919146E-03));
#1932 = CARTESIAN_POINT('',(3.472055785422E-03,2.648789757011E-03));
#1933 = CARTESIAN_POINT('',(2.930732754191E-03,2.682356122855E-03));
#1934 = CARTESIAN_POINT('',(2.389380759453E-03,2.715447768466E-03));
#1935 = CARTESIAN_POINT('',(1.38602451167E-03,2.776114371428E-03));
#1936 = CARTESIAN_POINT('',(9.240261556822E-04,2.803786692258E-03));
#1937 = CARTESIAN_POINT('',(4.620166239231E-04,2.831270576164E-03));
#1938 = CARTESIAN_POINT('',(0.,2.858634758586E-03));
#1939 = ( GEOMETRIC_REPRESENTATION_CONTEXT(2) 
PARAMETRIC_REPRESENTATION_CONTEXT() REPRESENTATION_CONTEXT('2D SPACE',''
  ) );
#1940 = PCURVE('',#421,#1941);
#1941 = DEFINITIONAL_REPRESENTATION('',(#1942),#1951);
#1942 = B_SPLINE_CURVE_WITH_KNOTS('',4,(#1943,#1944,#1945,#1946,#1947,
    #1948,#1949,#1950),.UNSPECIFIED.,.F.,.F.,(5,3,5),(0.,0.539562727083,
    1.),.UNSPECIFIED.);
#1943 = CARTESIAN_POINT('',(1.42959659055,6.840819603235E-02));
#1944 = CARTESIAN_POINT('',(1.420974572255,7.081045643403E-02));
#1945 = CARTESIAN_POINT('',(1.412348711075,7.321359538522E-02));
#1946 = CARTESIAN_POINT('',(1.403719912016,7.561768176118E-02));
#1947 = CARTESIAN_POINT('',(1.387724300596,8.007519852038E-02));
#1948 = CARTESIAN_POINT('',(1.380357982726,8.212834964851E-02));
#1949 = CARTESIAN_POINT('',(1.372990995777,8.418230156153E-02));
#1950 = CARTESIAN_POINT('',(1.365624074467,8.623710220849E-02));
#1951 = ( GEOMETRIC_REPRESENTATION_CONTEXT(2) 
PARAMETRIC_REPRESENTATION_CONTEXT() REPRESENTATION_CONTEXT('2D SPACE',''
  ) );
#1952 = ADVANCED_FACE('',(#1953),#1448,.F.);
#1953 = FACE_BOUND('',#1954,.F.);
#1954 = EDGE_LOOP('',(#1955,#1956,#1957,#1980));
#1955 = ORIENTED_EDGE('',*,*,#1894,.F.);
#1956 = ORIENTED_EDGE('',*,*,#1428,.F.);
#1957 = ORIENTED_EDGE('',*,*,#1958,.T.);
#1958 = EDGE_CURVE('',#1395,#1959,#1961,.T.);
#1959 = VERTEX_POINT('',#1960);
#1960 = CARTESIAN_POINT('',(2.381926884539E-03,8.794814814815E-03,
    4.266666666667E-02));
#1961 = SURFACE_CURVE('',#1962,(#1966,#1973),.PCURVE_S1.);
#1962 = LINE('',#1963,#1964);
#1963 = CARTESIAN_POINT('',(-0.104,8.794814814815E-03,4.266666666667E-02
    ));
#1964 = VECTOR('',#1965,1.);
#1965 = DIRECTION('',(1.,0.,0.));
#1966 = PCURVE('',#1448,#1967);
#1967 = DEFINITIONAL_REPRESENTATION('',(#1968),#1972);
#1968 = LINE('',#1969,#1970);
#1969 = CARTESIAN_POINT('',(3.826238863307E-03,-0.104));
#1970 = VECTOR('',#1971,1.);
#1971 = DIRECTION('',(0.,1.));
#1972 = ( GEOMETRIC_REPRESENTATION_CONTEXT(2) 
PARAMETRIC_REPRESENTATION_CONTEXT() REPRESENTATION_CONTEXT('2D SPACE',''
  ) );
#1973 = PCURVE('',#1414,#1974);
#1974 = DEFINITIONAL_REPRESENTATION('',(#1975),#1979);
#1975 = LINE('',#1976,#1977);
#1976 = CARTESIAN_POINT('',(0.,-0.104));
#1977 = VECTOR('',#1978,1.);
#1978 = DIRECTION('',(0.,1.));
#1979 = ( GEOMETRIC_REPRESENTATION_CONTEXT(2) 
PARAMETRIC_REPRESENTATION_CONTEXT() REPRESENTATION_CONTEXT('2D SPACE',''
  ) );
#1980 = ORIENTED_EDGE('',*,*,#1981,.T.);
#1981 = EDGE_CURVE('',#1959,#1895,#1982,.T.);
#1982 = SURFACE_CURVE('',#1983,(#1989,#1998),.PCURVE_S1.);
#1983 = B_SPLINE_CURVE_WITH_KNOTS('',4,(#1984,#1985,#1986,#1987,#1988),
  .UNSPECIFIED.,.F.,.F.,(5,5),(0.,1.),.PIECEWISE_BEZIER_KNOTS.);
#1984 = CARTESIAN_POINT('',(2.381926884539E-03,8.794814814815E-03,
    4.266666666667E-02));
#1985 = CARTESIAN_POINT('',(2.444783387616E-03,9.48058033054E-03,
    4.200020383209E-02));
#1986 = CARTESIAN_POINT('',(2.504074081513E-03,1.016651351592E-02,
    4.133357804735E-02));
#1987 = CARTESIAN_POINT('',(2.560481238285E-03,1.08525687125E-02,
    4.066683368575E-02));
#1988 = CARTESIAN_POINT('',(2.614624919146E-03,1.153871582031E-02,4.E-02
    ));
#1989 = PCURVE('',#1448,#1990);
#1990 = DEFINITIONAL_REPRESENTATION('',(#1991),#1997);
#1991 = B_SPLINE_CURVE_WITH_KNOTS('',4,(#1992,#1993,#1994,#1995,#1996),
  .UNSPECIFIED.,.F.,.F.,(5,5),(0.,1.),.PIECEWISE_BEZIER_KNOTS.);
#1992 = CARTESIAN_POINT('',(3.826238863307E-03,2.381926884539E-03));
#1993 = CARTESIAN_POINT('',(2.869971613823E-03,2.444783387616E-03));
#1994 = CARTESIAN_POINT('',(1.913470557014E-03,2.504074081513E-03));
#1995 = CARTESIAN_POINT('',(9.567993614195E-04,2.560481238285E-03));
#1996 = CARTESIAN_POINT('',(0.,2.614624919146E-03));
#1997 = ( GEOMETRIC_REPRESENTATION_CONTEXT(2) 
PARAMETRIC_REPRESENTATION_CONTEXT() REPRESENTATION_CONTEXT('2D SPACE',''
  ) );
#1998 = PCURVE('',#421,#1999);
#1999 = DEFINITIONAL_REPRESENTATION('',(#2000),#2006);
#2000 = B_SPLINE_CURVE_WITH_KNOTS('',4,(#2001,#2002,#2003,#2004,#2005),
  .UNSPECIFIED.,.F.,.F.,(5,5),(0.,1.),.PIECEWISE_BEZIER_KNOTS.);
#2001 = CARTESIAN_POINT('',(1.493389938131,5.212384280182E-02));
#2002 = CARTESIAN_POINT('',(1.477465320894,5.619151984138E-02));
#2003 = CARTESIAN_POINT('',(1.461522351623,6.026136130695E-02));
#2004 = CARTESIAN_POINT('',(1.445564396779,6.433347956839E-02));
#2005 = CARTESIAN_POINT('',(1.429596593277,6.840819549942E-02));
#2006 = ( GEOMETRIC_REPRESENTATION_CONTEXT(2) 
PARAMETRIC_REPRESENTATION_CONTEXT() REPRESENTATION_CONTEXT('2D SPACE',''
  ) );
#2007 = ADVANCED_FACE('',(#2008),#1414,.F.);
#2008 = FACE_BOUND('',#2009,.F.);
#2009 = EDGE_LOOP('',(#2010,#2011,#2012,#2035));
#2010 = ORIENTED_EDGE('',*,*,#1958,.F.);
#2011 = ORIENTED_EDGE('',*,*,#1394,.F.);
#2012 = ORIENTED_EDGE('',*,*,#2013,.T.);
#2013 = EDGE_CURVE('',#1361,#2014,#2016,.T.);
#2014 = VERTEX_POINT('',#2015);
#2015 = CARTESIAN_POINT('',(2.153591172464E-03,6.373721969039E-03,
    4.533333333333E-02));
#2016 = SURFACE_CURVE('',#2017,(#2021,#2028),.PCURVE_S1.);
#2017 = LINE('',#2018,#2019);
#2018 = CARTESIAN_POINT('',(-0.104,6.373721969039E-03,4.533333333333E-02
    ));
#2019 = VECTOR('',#2020,1.);
#2020 = DIRECTION('',(1.,0.,0.));
#2021 = PCURVE('',#1414,#2022);
#2022 = DEFINITIONAL_REPRESENTATION('',(#2023),#2027);
#2023 = LINE('',#2024,#2025);
#2024 = CARTESIAN_POINT('',(3.601777572113E-03,-0.104));
#2025 = VECTOR('',#2026,1.);
#2026 = DIRECTION('',(0.,1.));
#2027 = ( GEOMETRIC_REPRESENTATION_CONTEXT(2) 
PARAMETRIC_REPRESENTATION_CONTEXT() REPRESENTATION_CONTEXT('2D SPACE',''
  ) );
#2028 = PCURVE('',#1380,#2029);
#2029 = DEFINITIONAL_REPRESENTATION('',(#2030),#2034);
#2030 = LINE('',#2031,#2032);
#2031 = CARTESIAN_POINT('',(0.,-0.104));
#2032 = VECTOR('',#2033,1.);
#2033 = DIRECTION('',(0.,1.));
#2034 = ( GEOMETRIC_REPRESENTATION_CONTEXT(2) 
PARAMETRIC_REPRESENTATION_CONTEXT() REPRESENTATION_CONTEXT('2D SPACE',''
  ) );
#2035 = ORIENTED_EDGE('',*,*,#2036,.T.);
#2036 = EDGE_CURVE('',#2014,#1959,#2037,.T.);
#2037 = SURFACE_CURVE('',#2038,(#2044,#2053),.PCURVE_S1.);
#2038 = B_SPLINE_CURVE_WITH_KNOTS('',4,(#2039,#2040,#2041,#2042,#2043),
  .UNSPECIFIED.,.F.,.F.,(5,5),(0.,1.),.PIECEWISE_BEZIER_KNOTS.);
#2039 = CARTESIAN_POINT('',(2.153591172464E-03,6.373721969039E-03,
    4.533333333333E-02));
#2040 = CARTESIAN_POINT('',(2.216878981658E-03,6.978721131507E-03,
    4.46669685127E-02));
#2041 = CARTESIAN_POINT('',(2.275687441292E-03,7.583931676581E-03,
    4.400037086871E-02));
#2042 = CARTESIAN_POINT('',(2.330541200856E-03,8.189306776253E-03,
    4.33335919792E-02));
#2043 = CARTESIAN_POINT('',(2.381926884539E-03,8.794814814815E-03,
    4.266666666667E-02));
#2044 = PCURVE('',#1414,#2045);
#2045 = DEFINITIONAL_REPRESENTATION('',(#2046),#2052);
#2046 = B_SPLINE_CURVE_WITH_KNOTS('',4,(#2047,#2048,#2049,#2050,#2051),
  .UNSPECIFIED.,.F.,.F.,(5,5),(0.,1.),.PIECEWISE_BEZIER_KNOTS.);
#2047 = CARTESIAN_POINT('',(3.601777572113E-03,2.153591172464E-03));
#2048 = CARTESIAN_POINT('',(2.701740872436E-03,2.216878981658E-03));
#2049 = CARTESIAN_POINT('',(1.801389706037E-03,2.275687441292E-03));
#2050 = CARTESIAN_POINT('',(9.007937373539E-04,2.330541200856E-03));
#2051 = CARTESIAN_POINT('',(0.,2.381926884539E-03));
#2052 = ( GEOMETRIC_REPRESENTATION_CONTEXT(2) 
PARAMETRIC_REPRESENTATION_CONTEXT() REPRESENTATION_CONTEXT('2D SPACE',''
  ) );
#2053 = PCURVE('',#421,#2054);
#2054 = DEFINITIONAL_REPRESENTATION('',(#2055),#2061);
#2055 = B_SPLINE_CURVE_WITH_KNOTS('',4,(#2056,#2057,#2058,#2059,#2060),
  .UNSPECIFIED.,.F.,.F.,(5,5),(0.,1.),.PIECEWISE_BEZIER_KNOTS.);
#2056 = CARTESIAN_POINT('',(1.556976540964,3.77674735833E-02));
#2057 = CARTESIAN_POINT('',(1.541104934481,4.13540092711E-02));
#2058 = CARTESIAN_POINT('',(1.525215424063,4.494229889175E-02));
#2059 = CARTESIAN_POINT('',(1.509309447106,4.853221980379E-02));
#2060 = CARTESIAN_POINT('',(1.493389939484,5.212384272626E-02));
#2061 = ( GEOMETRIC_REPRESENTATION_CONTEXT(2) 
PARAMETRIC_REPRESENTATION_CONTEXT() REPRESENTATION_CONTEXT('2D SPACE',''
  ) );
#2062 = ADVANCED_FACE('',(#2063),#1380,.F.);
#2063 = FACE_BOUND('',#2064,.F.);
#2064 = EDGE_LOOP('',(#2065,#2066,#2067,#2090));
#2065 = ORIENTED_EDGE('',*,*,#2013,.F.);
#2066 = ORIENTED_EDGE('',*,*,#1360,.F.);
#2067 = ORIENTED_EDGE('',*,*,#2068,.T.);
#2068 = EDGE_CURVE('',#1327,#2069,#2071,.T.);
#2069 = VERTEX_POINT('',#2070);
#2070 = CARTESIAN_POINT('',(1.930273259176E-03,4.32765625E-03,4.8E-02));
#2071 = SURFACE_CURVE('',#2072,(#2076,#2083),.PCURVE_S1.);
#2072 = LINE('',#2073,#2074);
#2073 = CARTESIAN_POINT('',(-0.104,4.32765625E-03,4.8E-02));
#2074 = VECTOR('',#2075,1.);
#2075 = DIRECTION('',(1.,0.,0.));
#2076 = PCURVE('',#1380,#2077);
#2077 = DEFINITIONAL_REPRESENTATION('',(#2078),#2082);
#2078 = LINE('',#2079,#2080);
#2079 = CARTESIAN_POINT('',(3.361174800236E-03,-0.104));
#2080 = VECTOR('',#2081,1.);
#2081 = DIRECTION('',(0.,1.));
#2082 = ( GEOMETRIC_REPRESENTATION_CONTEXT(2) 
PARAMETRIC_REPRESENTATION_CONTEXT() REPRESENTATION_CONTEXT('2D SPACE',''
  ) );
#2083 = PCURVE('',#1346,#2084);
#2084 = DEFINITIONAL_REPRESENTATION('',(#2085),#2089);
#2085 = LINE('',#2086,#2087);
#2086 = CARTESIAN_POINT('',(0.,-0.104));
#2087 = VECTOR('',#2088,1.);
#2088 = DIRECTION('',(0.,1.));
#2089 = ( GEOMETRIC_REPRESENTATION_CONTEXT(2) 
PARAMETRIC_REPRESENTATION_CONTEXT() REPRESENTATION_CONTEXT('2D SPACE',''
  ) );
#2090 = ORIENTED_EDGE('',*,*,#2091,.T.);
#2091 = EDGE_CURVE('',#2069,#2014,#2092,.T.);
#2092 = SURFACE_CURVE('',#2093,(#2099,#2108),.PCURVE_S1.);
#2093 = B_SPLINE_CURVE_WITH_KNOTS('',4,(#2094,#2095,#2096,#2097,#2098),
  .UNSPECIFIED.,.F.,.F.,(5,5),(0.,1.),.PIECEWISE_BEZIER_KNOTS.);
#2094 = CARTESIAN_POINT('',(1.930273259176E-03,4.32765625E-03,4.8E-02));
#2095 = CARTESIAN_POINT('',(1.992777963175E-03,4.838891870891E-03,
    4.733369931554E-02));
#2096 = CARTESIAN_POINT('',(2.050601603072E-03,5.350339342255E-03,
    4.666712252334E-02));
#2097 = CARTESIAN_POINT('',(2.104095030689E-03,5.861959071254E-03,
    4.60003212253E-02));
#2098 = CARTESIAN_POINT('',(2.153591172464E-03,6.373721969039E-03,
    4.533333333333E-02));
#2099 = PCURVE('',#1380,#2100);
#2100 = DEFINITIONAL_REPRESENTATION('',(#2101),#2107);
#2101 = B_SPLINE_CURVE_WITH_KNOTS('',4,(#2102,#2103,#2104,#2105,#2106),
  .UNSPECIFIED.,.F.,.F.,(5,5),(0.,1.),.PIECEWISE_BEZIER_KNOTS.);
#2102 = CARTESIAN_POINT('',(3.361174800236E-03,1.930273259176E-03));
#2103 = CARTESIAN_POINT('',(2.521342398993E-03,1.992777963175E-03));
#2104 = CARTESIAN_POINT('',(1.681161980349E-03,2.050601603072E-03));
#2105 = CARTESIAN_POINT('',(8.406985854481E-04,2.104095030689E-03));
#2106 = CARTESIAN_POINT('',(0.,2.153591172464E-03));
#2107 = ( GEOMETRIC_REPRESENTATION_CONTEXT(2) 
PARAMETRIC_REPRESENTATION_CONTEXT() REPRESENTATION_CONTEXT('2D SPACE',''
  ) );
#2108 = PCURVE('',#421,#2109);
#2109 = DEFINITIONAL_REPRESENTATION('',(#2110),#2116);
#2110 = B_SPLINE_CURVE_WITH_KNOTS('',4,(#2111,#2112,#2113,#2114,#2115),
  .UNSPECIFIED.,.F.,.F.,(5,5),(0.,1.),.PIECEWISE_BEZIER_KNOTS.);
#2111 = CARTESIAN_POINT('',(1.620396174813,2.563991641857E-02));
#2112 = CARTESIAN_POINT('',(1.604562115894,2.866973184828E-02));
#2113 = CARTESIAN_POINT('',(1.58871372964,3.170105030452E-02));
#2114 = CARTESIAN_POINT('',(1.57285140236,3.473365797528E-02));
#2115 = CARTESIAN_POINT('',(1.556976541426,3.776747357447E-02));
#2116 = ( GEOMETRIC_REPRESENTATION_CONTEXT(2) 
PARAMETRIC_REPRESENTATION_CONTEXT() REPRESENTATION_CONTEXT('2D SPACE',''
  ) );
#2117 = ADVANCED_FACE('',(#2118),#1346,.F.);
#2118 = FACE_BOUND('',#2119,.F.);
#2119 = EDGE_LOOP('',(#2120,#2121,#2122,#2145));
#2120 = ORIENTED_EDGE('',*,*,#2068,.F.);
#2121 = ORIENTED_EDGE('',*,*,#1326,.F.);
#2122 = ORIENTED_EDGE('',*,*,#2123,.T.);
#2123 = EDGE_CURVE('',#1293,#2124,#2126,.T.);
#2124 = VERTEX_POINT('',#2125);
#2125 = CARTESIAN_POINT('',(1.720706689961E-03,2.689847909433E-03,
    5.066666666667E-02));
#2126 = SURFACE_CURVE('',#2127,(#2131,#2138),.PCURVE_S1.);
#2127 = LINE('',#2128,#2129);
#2128 = CARTESIAN_POINT('',(-0.104,2.689847909433E-03,5.066666666667E-02
    ));
#2129 = VECTOR('',#2130,1.);
#2130 = DIRECTION('',(1.,0.,0.));
#2131 = PCURVE('',#1346,#2132);
#2132 = DEFINITIONAL_REPRESENTATION('',(#2133),#2137);
#2133 = LINE('',#2134,#2135);
#2134 = CARTESIAN_POINT('',(3.129461179108E-03,-0.104));
#2135 = VECTOR('',#2136,1.);
#2136 = DIRECTION('',(0.,1.));
#2137 = ( GEOMETRIC_REPRESENTATION_CONTEXT(2) 
PARAMETRIC_REPRESENTATION_CONTEXT() REPRESENTATION_CONTEXT('2D SPACE',''
  ) );
#2138 = PCURVE('',#1312,#2139);
#2139 = DEFINITIONAL_REPRESENTATION('',(#2140),#2144);
#2140 = LINE('',#2141,#2142);
#2141 = CARTESIAN_POINT('',(0.,-0.104));
#2142 = VECTOR('',#2143,1.);
#2143 = DIRECTION('',(0.,1.));
#2144 = ( GEOMETRIC_REPRESENTATION_CONTEXT(2) 
PARAMETRIC_REPRESENTATION_CONTEXT() REPRESENTATION_CONTEXT('2D SPACE',''
  ) );
#2145 = ORIENTED_EDGE('',*,*,#2146,.T.);
#2146 = EDGE_CURVE('',#2124,#2069,#2147,.T.);
#2147 = SURFACE_CURVE('',#2148,(#2154,#2163),.PCURVE_S1.);
#2148 = B_SPLINE_CURVE_WITH_KNOTS('',4,(#2149,#2150,#2151,#2152,#2153),
  .UNSPECIFIED.,.F.,.F.,(5,5),(0.,1.),.PIECEWISE_BEZIER_KNOTS.);
#2149 = CARTESIAN_POINT('',(1.720706689961E-03,2.689847909433E-03,
    5.066666666667E-02));
#2150 = CARTESIAN_POINT('',(1.779256614116E-03,3.099075695275E-03,
    5.000036520236E-02));
#2151 = CARTESIAN_POINT('',(1.833569338917E-03,3.508469402413E-03,
    4.93337935863E-02));
#2152 = CARTESIAN_POINT('',(1.883843875713E-03,3.918003184841E-03,
    4.866699390075E-02));
#2153 = CARTESIAN_POINT('',(1.930273259176E-03,4.32765625E-03,4.8E-02));
#2154 = PCURVE('',#1346,#2155);
#2155 = DEFINITIONAL_REPRESENTATION('',(#2156),#2162);
#2156 = B_SPLINE_CURVE_WITH_KNOTS('',4,(#2157,#2158,#2159,#2160,#2161),
  .UNSPECIFIED.,.F.,.F.,(5,5),(0.,1.),.PIECEWISE_BEZIER_KNOTS.);
#2157 = CARTESIAN_POINT('',(3.129461179108E-03,1.720706689961E-03));
#2158 = CARTESIAN_POINT('',(2.347524466805E-03,1.779256614116E-03));
#2159 = CARTESIAN_POINT('',(1.565270718472E-03,1.833569338917E-03));
#2160 = CARTESIAN_POINT('',(7.827493196637E-04,1.883843875713E-03));
#2161 = CARTESIAN_POINT('',(0.,1.930273259176E-03));
#2162 = ( GEOMETRIC_REPRESENTATION_CONTEXT(2) 
PARAMETRIC_REPRESENTATION_CONTEXT() REPRESENTATION_CONTEXT('2D SPACE',''
  ) );
#2163 = PCURVE('',#421,#2164);
#2164 = DEFINITIONAL_REPRESENTATION('',(#2165),#2171);
#2165 = B_SPLINE_CURVE_WITH_KNOTS('',4,(#2166,#2167,#2168,#2169,#2170),
  .UNSPECIFIED.,.F.,.F.,(5,5),(0.,1.),.PIECEWISE_BEZIER_KNOTS.);
#2166 = CARTESIAN_POINT('',(1.683714358336,1.593446899739E-02));
#2167 = CARTESIAN_POINT('',(1.667899408019,1.835925572595E-02));
#2168 = CARTESIAN_POINT('',(1.652074619146,2.078520080034E-02));
#2169 = CARTESIAN_POINT('',(1.636240012603,2.321212554612E-02));
#2170 = CARTESIAN_POINT('',(1.620396174692,2.563991642557E-02));
#2171 = ( GEOMETRIC_REPRESENTATION_CONTEXT(2) 
PARAMETRIC_REPRESENTATION_CONTEXT() REPRESENTATION_CONTEXT('2D SPACE',''
  ) );
#2172 = ADVANCED_FACE('',(#2173),#1312,.F.);
#2173 = FACE_BOUND('',#2174,.F.);
#2174 = EDGE_LOOP('',(#2175,#2176,#2177,#2200));
#2175 = ORIENTED_EDGE('',*,*,#2123,.F.);
#2176 = ORIENTED_EDGE('',*,*,#1292,.F.);
#2177 = ORIENTED_EDGE('',*,*,#2178,.T.);
#2178 = EDGE_CURVE('',#1259,#2179,#2181,.T.);
#2179 = VERTEX_POINT('',#2180);
#2180 = CARTESIAN_POINT('',(1.539072856814E-03,1.470740740741E-03,
    5.333333333333E-02));
#2181 = SURFACE_CURVE('',#2182,(#2186,#2193),.PCURVE_S1.);
#2182 = LINE('',#2183,#2184);
#2183 = CARTESIAN_POINT('',(-0.104,1.470740740741E-03,5.333333333333E-02
    ));
#2184 = VECTOR('',#2185,1.);
#2185 = DIRECTION('',(1.,0.,0.));
#2186 = PCURVE('',#1312,#2187);
#2187 = DEFINITIONAL_REPRESENTATION('',(#2188),#2192);
#2188 = LINE('',#2189,#2190);
#2189 = CARTESIAN_POINT('',(2.932120972925E-03,-0.104));
#2190 = VECTOR('',#2191,1.);
#2191 = DIRECTION('',(0.,1.));
#2192 = ( GEOMETRIC_REPRESENTATION_CONTEXT(2) 
PARAMETRIC_REPRESENTATION_CONTEXT() REPRESENTATION_CONTEXT('2D SPACE',''
  ) );
#2193 = PCURVE('',#1278,#2194);
#2194 = DEFINITIONAL_REPRESENTATION('',(#2195),#2199);
#2195 = LINE('',#2196,#2197);
#2196 = CARTESIAN_POINT('',(0.,-0.104));
#2197 = VECTOR('',#2198,1.);
#2198 = DIRECTION('',(0.,1.));
#2199 = ( GEOMETRIC_REPRESENTATION_CONTEXT(2) 
PARAMETRIC_REPRESENTATION_CONTEXT() REPRESENTATION_CONTEXT('2D SPACE',''
  ) );
#2200 = ORIENTED_EDGE('',*,*,#2201,.T.);
#2201 = EDGE_CURVE('',#2179,#2124,#2202,.T.);
#2202 = SURFACE_CURVE('',#2203,(#2209,#2218),.PCURVE_S1.);
#2203 = B_SPLINE_CURVE_WITH_KNOTS('',4,(#2204,#2205,#2206,#2207,#2208),
  .UNSPECIFIED.,.F.,.F.,(5,5),(0.,1.),.PIECEWISE_BEZIER_KNOTS.);
#2204 = CARTESIAN_POINT('',(1.539072856814E-03,1.470740740741E-03,
    5.333333333333E-02));
#2205 = CARTESIAN_POINT('',(1.589418979167E-03,1.775385766108E-03,
    5.266695489247E-02));
#2206 = CARTESIAN_POINT('',(1.636411863228E-03,2.080126533799E-03,
    5.200036702551E-02));
#2207 = CARTESIAN_POINT('',(1.680144001227E-03,2.384950799462E-03,
    5.133359651566E-02));
#2208 = CARTESIAN_POINT('',(1.720706689961E-03,2.689847909433E-03,
    5.066666666667E-02));
#2209 = PCURVE('',#1312,#2210);
#2210 = DEFINITIONAL_REPRESENTATION('',(#2211),#2217);
#2211 = B_SPLINE_CURVE_WITH_KNOTS('',4,(#2212,#2213,#2214,#2215,#2216),
  .UNSPECIFIED.,.F.,.F.,(5,5),(0.,1.),.PIECEWISE_BEZIER_KNOTS.);
#2212 = CARTESIAN_POINT('',(2.932120972925E-03,1.539072856814E-03));
#2213 = CARTESIAN_POINT('',(2.199407647044E-03,1.589418979167E-03));
#2214 = CARTESIAN_POINT('',(1.466464047664E-03,1.636411863228E-03));
#2215 = CARTESIAN_POINT('',(7.333196241381E-04,1.680144001227E-03));
#2216 = CARTESIAN_POINT('',(0.,1.720706689961E-03));
#2217 = ( GEOMETRIC_REPRESENTATION_CONTEXT(2) 
PARAMETRIC_REPRESENTATION_CONTEXT() REPRESENTATION_CONTEXT('2D SPACE',''
  ) );
#2218 = PCURVE('',#421,#2219);
#2219 = DEFINITIONAL_REPRESENTATION('',(#2220),#2226);
#2220 = B_SPLINE_CURVE_WITH_KNOTS('',4,(#2221,#2222,#2223,#2224,#2225),
  .UNSPECIFIED.,.F.,.F.,(5,5),(0.,1.),.PIECEWISE_BEZIER_KNOTS.);
#2221 = CARTESIAN_POINT('',(1.74698710119,8.71156535868E-03));
#2222 = CARTESIAN_POINT('',(1.731177507833,1.051633332888E-02));
#2223 = CARTESIAN_POINT('',(1.715362151615,1.232180010534E-02));
#2224 = CARTESIAN_POINT('',(1.699541022008,1.412787011767E-02));
#2225 = CARTESIAN_POINT('',(1.683714358083,1.593446901298E-02));
#2226 = ( GEOMETRIC_REPRESENTATION_CONTEXT(2) 
PARAMETRIC_REPRESENTATION_CONTEXT() REPRESENTATION_CONTEXT('2D SPACE',''
  ) );
#2227 = ADVANCED_FACE('',(#2228),#1278,.F.);
#2228 = FACE_BOUND('',#2229,.F.);
#2229 = EDGE_LOOP('',(#2230,#2231,#2232,#2255));
#2230 = ORIENTED_EDGE('',*,*,#2178,.F.);
#2231 = ORIENTED_EDGE('',*,*,#1258,.F.);
#2232 = ORIENTED_EDGE('',*,*,#2233,.T.);
#2233 = EDGE_CURVE('',#1225,#2234,#2236,.T.);
#2234 = VERTEX_POINT('',#2235);
#2235 = CARTESIAN_POINT('',(1.400082823939E-03,6.541943359375E-04,
    5.6E-02));
#2236 = SURFACE_CURVE('',#2237,(#2241,#2248),.PCURVE_S1.);
#2237 = LINE('',#2238,#2239);
#2238 = CARTESIAN_POINT('',(-0.104,6.541943359375E-04,5.6E-02));
#2239 = VECTOR('',#2240,1.);
#2240 = DIRECTION('',(1.,0.,0.));
#2241 = PCURVE('',#1278,#2242);
#2242 = DEFINITIONAL_REPRESENTATION('',(#2243),#2247);
#2243 = LINE('',#2244,#2245);
#2244 = CARTESIAN_POINT('',(2.788881342458E-03,-0.104));
#2245 = VECTOR('',#2246,1.);
#2246 = DIRECTION('',(0.,1.));
#2247 = ( GEOMETRIC_REPRESENTATION_CONTEXT(2) 
PARAMETRIC_REPRESENTATION_CONTEXT() REPRESENTATION_CONTEXT('2D SPACE',''
  ) );
#2248 = PCURVE('',#1244,#2249);
#2249 = DEFINITIONAL_REPRESENTATION('',(#2250),#2254);
#2250 = LINE('',#2251,#2252);
#2251 = CARTESIAN_POINT('',(0.,-0.104));
#2252 = VECTOR('',#2253,1.);
#2253 = DIRECTION('',(0.,1.));
#2254 = ( GEOMETRIC_REPRESENTATION_CONTEXT(2) 
PARAMETRIC_REPRESENTATION_CONTEXT() REPRESENTATION_CONTEXT('2D SPACE',''
  ) );
#2255 = ORIENTED_EDGE('',*,*,#2256,.T.);
#2256 = EDGE_CURVE('',#2234,#2179,#2257,.T.);
#2257 = SURFACE_CURVE('',#2258,(#2264,#2273),.PCURVE_S1.);
#2258 = B_SPLINE_CURVE_WITH_KNOTS('',4,(#2259,#2260,#2261,#2262,#2263),
  .UNSPECIFIED.,.F.,.F.,(5,5),(0.,1.),.PIECEWISE_BEZIER_KNOTS.);
#2259 = CARTESIAN_POINT('',(1.400082823939E-03,6.541943359375E-04,
    5.6E-02));
#2260 = CARTESIAN_POINT('',(1.438231621732E-03,8.582797018143E-04,
    5.533350065699E-02));
#2261 = CARTESIAN_POINT('',(1.474090758942E-03,1.062401738881E-03,
    5.466688155368E-02));
#2262 = CARTESIAN_POINT('',(1.507693452747E-03,1.266556603226E-03,
    5.400015524348E-02));
#2263 = CARTESIAN_POINT('',(1.539072856814E-03,1.470740740741E-03,
    5.333333333333E-02));
#2264 = PCURVE('',#1278,#2265);
#2265 = DEFINITIONAL_REPRESENTATION('',(#2266),#2272);
#2266 = B_SPLINE_CURVE_WITH_KNOTS('',4,(#2267,#2268,#2269,#2270,#2271),
  .UNSPECIFIED.,.F.,.F.,(5,5),(0.,1.),.PIECEWISE_BEZIER_KNOTS.);
#2267 = CARTESIAN_POINT('',(2.788881342458E-03,1.400082823939E-03));
#2268 = CARTESIAN_POINT('',(2.091835999028E-03,1.438231621732E-03));
#2269 = CARTESIAN_POINT('',(1.394665406627E-03,1.474090758942E-03));
#2270 = CARTESIAN_POINT('',(6.973826939808E-04,1.507693452747E-03));
#2271 = CARTESIAN_POINT('',(0.,1.539072856814E-03));
#2272 = ( GEOMETRIC_REPRESENTATION_CONTEXT(2) 
PARAMETRIC_REPRESENTATION_CONTEXT() REPRESENTATION_CONTEXT('2D SPACE',''
  ) );
#2273 = PCURVE('',#421,#2274);
#2274 = DEFINITIONAL_REPRESENTATION('',(#2275),#2281);
#2275 = B_SPLINE_CURVE_WITH_KNOTS('',4,(#2276,#2277,#2278,#2279,#2280),
  .UNSPECIFIED.,.F.,.F.,(5,5),(0.,1.),.PIECEWISE_BEZIER_KNOTS.);
#2276 = CARTESIAN_POINT('',(1.810245581856,3.874594545605E-03));
#2277 = CARTESIAN_POINT('',(1.794434957981,5.08342863349E-03));
#2278 = CARTESIAN_POINT('',(1.77862163964,6.292556085721E-03));
#2279 = CARTESIAN_POINT('',(1.762805653461,7.501944415072E-03));
#2280 = CARTESIAN_POINT('',(1.746987101427,8.711565320473E-03));
#2281 = ( GEOMETRIC_REPRESENTATION_CONTEXT(2) 
PARAMETRIC_REPRESENTATION_CONTEXT() REPRESENTATION_CONTEXT('2D SPACE',''
  ) );
#2282 = ADVANCED_FACE('',(#2283),#1244,.F.);
#2283 = FACE_BOUND('',#2284,.F.);
#2284 = EDGE_LOOP('',(#2285,#2286,#2287,#2310));
#2285 = ORIENTED_EDGE('',*,*,#2233,.F.);
#2286 = ORIENTED_EDGE('',*,*,#1224,.F.);
#2287 = ORIENTED_EDGE('',*,*,#2288,.T.);
#2288 = EDGE_CURVE('',#1191,#2289,#2291,.T.);
#2289 = VERTEX_POINT('',#2290);
#2290 = CARTESIAN_POINT('',(1.313161707986E-03,1.936863425926E-04,
    5.866666666667E-02));
#2291 = SURFACE_CURVE('',#2292,(#2296,#2303),.PCURVE_S1.);
#2292 = LINE('',#2293,#2294);
#2293 = CARTESIAN_POINT('',(-0.104,1.936863425926E-04,5.866666666667E-02
    ));
#2294 = VECTOR('',#2295,1.);
#2295 = DIRECTION('',(1.,0.,0.));
#2296 = PCURVE('',#1244,#2297);
#2297 = DEFINITIONAL_REPRESENTATION('',(#2298),#2302);
#2298 = LINE('',#2299,#2300);
#2299 = CARTESIAN_POINT('',(2.706137232855E-03,-0.104));
#2300 = VECTOR('',#2301,1.);
#2301 = DIRECTION('',(0.,1.));
#2302 = ( GEOMETRIC_REPRESENTATION_CONTEXT(2) 
PARAMETRIC_REPRESENTATION_CONTEXT() REPRESENTATION_CONTEXT('2D SPACE',''
  ) );
#2303 = PCURVE('',#1210,#2304);
#2304 = DEFINITIONAL_REPRESENTATION('',(#2305),#2309);
#2305 = LINE('',#2306,#2307);
#2306 = CARTESIAN_POINT('',(0.,-0.104));
#2307 = VECTOR('',#2308,1.);
#2308 = DIRECTION('',(0.,1.));
#2309 = ( GEOMETRIC_REPRESENTATION_CONTEXT(2) 
PARAMETRIC_REPRESENTATION_CONTEXT() REPRESENTATION_CONTEXT('2D SPACE',''
  ) );
#2310 = ORIENTED_EDGE('',*,*,#2311,.T.);
#2311 = EDGE_CURVE('',#2289,#2234,#2312,.T.);
#2312 = SURFACE_CURVE('',#2313,(#2319,#2328),.PCURVE_S1.);
#2313 = B_SPLINE_CURVE_WITH_KNOTS('',4,(#2314,#2315,#2316,#2317,#2318),
  .UNSPECIFIED.,.F.,.F.,(5,5),(0.,1.),.PIECEWISE_BEZIER_KNOTS.);
#2314 = CARTESIAN_POINT('',(1.313161707986E-03,1.936863425926E-04,
    5.866666666667E-02));
#2315 = CARTESIAN_POINT('',(1.336808703339E-03,3.088025602735E-04,
    5.800006242761E-02));
#2316 = CARTESIAN_POINT('',(1.359172429355E-03,4.239264081926E-04,
    5.733341400409E-02));
#2317 = CARTESIAN_POINT('',(1.380261067338E-03,5.390572156656E-04,
    5.666672527983E-02));
#2318 = CARTESIAN_POINT('',(1.400082823939E-03,6.541943359375E-04,
    5.6E-02));
#2319 = PCURVE('',#1244,#2320);
#2320 = DEFINITIONAL_REPRESENTATION('',(#2321),#2327);
#2321 = B_SPLINE_CURVE_WITH_KNOTS('',4,(#2322,#2323,#2324,#2325,#2326),
  .UNSPECIFIED.,.F.,.F.,(5,5),(0.,1.),.PIECEWISE_BEZIER_KNOTS.);
#2322 = CARTESIAN_POINT('',(2.706137232855E-03,1.313161707986E-03));
#2323 = CARTESIAN_POINT('',(2.029666276273E-03,1.336808703339E-03));
#2324 = CARTESIAN_POINT('',(1.353150481225E-03,1.359172429355E-03));
#2325 = CARTESIAN_POINT('',(6.765937889336E-04,1.380261067338E-03));
#2326 = CARTESIAN_POINT('',(0.,1.400082823939E-03));
#2327 = ( GEOMETRIC_REPRESENTATION_CONTEXT(2) 
PARAMETRIC_REPRESENTATION_CONTEXT() REPRESENTATION_CONTEXT('2D SPACE',''
  ) );
#2328 = PCURVE('',#421,#2329);
#2329 = DEFINITIONAL_REPRESENTATION('',(#2330),#2336);
#2330 = B_SPLINE_CURVE_WITH_KNOTS('',4,(#2331,#2332,#2333,#2334,#2335),
  .UNSPECIFIED.,.F.,.F.,(5,5),(0.,1.),.PIECEWISE_BEZIER_KNOTS.);
#2331 = CARTESIAN_POINT('',(1.873500004759,1.147076385411E-03));
#2332 = CARTESIAN_POINT('',(1.857687647897,1.828851889119E-03));
#2333 = CARTESIAN_POINT('',(1.84187443865,2.510700681755E-03));
#2334 = CARTESIAN_POINT('',(1.826060403452,3.192616789223E-03));
#2335 = CARTESIAN_POINT('',(1.810245581823,3.874594525193E-03));
#2336 = ( GEOMETRIC_REPRESENTATION_CONTEXT(2) 
PARAMETRIC_REPRESENTATION_CONTEXT() REPRESENTATION_CONTEXT('2D SPACE',''
  ) );
#2337 = ADVANCED_FACE('',(#2338),#1210,.F.);
#2338 = FACE_BOUND('',#2339,.F.);
#2339 = EDGE_LOOP('',(#2340,#2341,#2342,#2365));
#2340 = ORIENTED_EDGE('',*,*,#2288,.F.);
#2341 = ORIENTED_EDGE('',*,*,#1190,.F.);
#2342 = ORIENTED_EDGE('',*,*,#2343,.F.);
#2343 = EDGE_CURVE('',#2344,#1157,#2346,.T.);
#2344 = VERTEX_POINT('',#2345);
#2345 = CARTESIAN_POINT('',(1.276982690626E-03,8.514720775475E-06,
    6.133333333333E-02));
#2346 = SURFACE_CURVE('',#2347,(#2351,#2358),.PCURVE_S1.);
#2347 = LINE('',#2348,#2349);
#2348 = CARTESIAN_POINT('',(0.104,8.514720775475E-06,6.133333333333E-02)
  );
#2349 = VECTOR('',#2350,1.);
#2350 = DIRECTION('',(-1.,0.,0.));
#2351 = PCURVE('',#1210,#2352);
#2352 = DEFINITIONAL_REPRESENTATION('',(#2353),#2357);
#2353 = LINE('',#2354,#2355);
#2354 = CARTESIAN_POINT('',(2.673088034584E-03,0.104));
#2355 = VECTOR('',#2356,1.);
#2356 = DIRECTION('',(0.,-1.));
#2357 = ( GEOMETRIC_REPRESENTATION_CONTEXT(2) 
PARAMETRIC_REPRESENTATION_CONTEXT() REPRESENTATION_CONTEXT('2D SPACE',''
  ) );
#2358 = PCURVE('',#1176,#2359);
#2359 = DEFINITIONAL_REPRESENTATION('',(#2360),#2364);
#2360 = LINE('',#2361,#2362);
#2361 = CARTESIAN_POINT('',(0.,0.104));
#2362 = VECTOR('',#2363,1.);
#2363 = DIRECTION('',(0.,-1.));
#2364 = ( GEOMETRIC_REPRESENTATION_CONTEXT(2) 
PARAMETRIC_REPRESENTATION_CONTEXT() REPRESENTATION_CONTEXT('2D SPACE',''
  ) );
#2365 = ORIENTED_EDGE('',*,*,#2366,.T.);
#2366 = EDGE_CURVE('',#2344,#2289,#2367,.T.);
#2367 = SURFACE_CURVE('',#2368,(#2374,#2383),.PCURVE_S1.);
#2368 = B_SPLINE_CURVE_WITH_KNOTS('',4,(#2369,#2370,#2371,#2372,#2373),
  .UNSPECIFIED.,.F.,.F.,(5,5),(0.,1.),.PIECEWISE_BEZIER_KNOTS.);
#2369 = CARTESIAN_POINT('',(1.276982690626E-03,8.514720775475E-06,
    6.133333333333E-02));
#2370 = CARTESIAN_POINT('',(1.286787589045E-03,5.480689381935E-05,
    6.066667721415E-02));
#2371 = CARTESIAN_POINT('',(1.296085042116E-03,1.010995824392E-04,
    6.000001367013E-02));
#2372 = CARTESIAN_POINT('',(1.304876072958E-03,1.473927455598E-04,
    5.933334329279E-02));
#2373 = CARTESIAN_POINT('',(1.313161707986E-03,1.936863425926E-04,
    5.866666666667E-02));
#2374 = PCURVE('',#1210,#2375);
#2375 = DEFINITIONAL_REPRESENTATION('',(#2376),#2382);
#2376 = B_SPLINE_CURVE_WITH_KNOTS('',4,(#2377,#2378,#2379,#2380,#2381),
  .UNSPECIFIED.,.F.,.F.,(5,5),(0.,1.),.PIECEWISE_BEZIER_KNOTS.);
#2377 = CARTESIAN_POINT('',(2.673088034584E-03,1.276982690626E-03));
#2378 = CARTESIAN_POINT('',(2.004826598819E-03,1.286787589045E-03));
#2379 = CARTESIAN_POINT('',(1.336557720336E-03,1.296085042116E-03));
#2380 = CARTESIAN_POINT('',(6.682819920878E-04,1.304876072958E-03));
#2381 = CARTESIAN_POINT('',(0.,1.313161707986E-03));
#2382 = ( GEOMETRIC_REPRESENTATION_CONTEXT(2) 
PARAMETRIC_REPRESENTATION_CONTEXT() REPRESENTATION_CONTEXT('2D SPACE',''
  ) );
#2383 = PCURVE('',#421,#2384);
#2384 = DEFINITIONAL_REPRESENTATION('',(#2385),#2391);
#2385 = B_SPLINE_CURVE_WITH_KNOTS('',4,(#2386,#2387,#2388,#2389,#2390),
  .UNSPECIFIED.,.F.,.F.,(5,5),(0.,1.),.PIECEWISE_BEZIER_KNOTS.);
#2386 = CARTESIAN_POINT('',(1.93675141767,5.042576480529E-05));
#2387 = CARTESIAN_POINT('',(1.920938724235,3.245769791902E-04));
#2388 = CARTESIAN_POINT('',(1.905125919084,5.98736072885E-04));
#2389 = CARTESIAN_POINT('',(1.889313009803,8.729026666546E-04));
#2390 = CARTESIAN_POINT('',(1.873500004699,1.147076376244E-03));
#2391 = ( GEOMETRIC_REPRESENTATION_CONTEXT(2) 
PARAMETRIC_REPRESENTATION_CONTEXT() REPRESENTATION_CONTEXT('2D SPACE',''
  ) );
#2392 = ADVANCED_FACE('',(#2393),#1176,.F.);
#2393 = FACE_BOUND('',#2394,.F.);
#2394 = EDGE_LOOP('',(#2395,#2396,#2397,#2420));
#2395 = ORIENTED_EDGE('',*,*,#2343,.T.);
#2396 = ORIENTED_EDGE('',*,*,#1156,.F.);
#2397 = ORIENTED_EDGE('',*,*,#2398,.F.);
#2398 = EDGE_CURVE('',#2399,#1130,#2401,.T.);
#2399 = VERTEX_POINT('',#2400);
#2400 = CARTESIAN_POINT('',(1.276451044182E-03,0.,6.212962105597E-02));
#2401 = SURFACE_CURVE('',#2402,(#2406,#2413),.PCURVE_S1.);
#2402 = LINE('',#2403,#2404);
#2403 = CARTESIAN_POINT('',(0.,-3.051194483208E-20,6.212962105597E-02));
#2404 = VECTOR('',#2405,1.);
#2405 = DIRECTION('',(-1.,-0.,0.));
#2406 = PCURVE('',#1176,#2407);
#2407 = DEFINITIONAL_REPRESENTATION('',(#2408),#2412);
#2408 = LINE('',#2409,#2410);
#2409 = CARTESIAN_POINT('',(7.96333245377E-04,0.));
#2410 = VECTOR('',#2411,1.);
#2411 = DIRECTION('',(0.,-1.));
#2412 = ( GEOMETRIC_REPRESENTATION_CONTEXT(2) 
PARAMETRIC_REPRESENTATION_CONTEXT() REPRESENTATION_CONTEXT('2D SPACE',''
  ) );
#2413 = PCURVE('',#1144,#2414);
#2414 = DEFINITIONAL_REPRESENTATION('',(#2415),#2419);
#2415 = LINE('',#2416,#2417);
#2416 = CARTESIAN_POINT('',(6.211719885829E-02,1.242343977166E-03));
#2417 = VECTOR('',#2418,1.);
#2418 = DIRECTION('',(-1.99960011996E-02,0.99980005998));
#2419 = ( GEOMETRIC_REPRESENTATION_CONTEXT(2) 
PARAMETRIC_REPRESENTATION_CONTEXT() REPRESENTATION_CONTEXT('2D SPACE',''
  ) );
#2420 = ORIENTED_EDGE('',*,*,#2421,.T.);
#2421 = EDGE_CURVE('',#2399,#2344,#2422,.T.);
#2422 = SURFACE_CURVE('',#2423,(#2429,#2438),.PCURVE_S1.);
#2423 = B_SPLINE_CURVE_WITH_KNOTS('',4,(#2424,#2425,#2426,#2427,#2428),
  .UNSPECIFIED.,.F.,.F.,(5,5),(0.,1.),.PIECEWISE_BEZIER_KNOTS.);
#2424 = CARTESIAN_POINT('',(1.276451044182E-03,-1.411371020055E-17,
    6.212962105597E-02));
#2425 = CARTESIAN_POINT('',(1.276594261003E-03,2.128680118221E-06,
    6.193054913239E-02));
#2426 = CARTESIAN_POINT('',(1.276730607324E-03,4.257360289404E-06,
    6.173147720385E-02));
#2427 = CARTESIAN_POINT('',(1.276860083685E-03,6.386040509778E-06,
    6.153240527071E-02));
#2428 = CARTESIAN_POINT('',(1.276982690626E-03,8.514720775475E-06,
    6.133333333333E-02));
#2429 = PCURVE('',#1176,#2430);
#2430 = DEFINITIONAL_REPRESENTATION('',(#2431),#2437);
#2431 = B_SPLINE_CURVE_WITH_KNOTS('',4,(#2432,#2433,#2434,#2435,#2436),
  .UNSPECIFIED.,.F.,.F.,(5,5),(0.,1.),.PIECEWISE_BEZIER_KNOTS.);
#2432 = CARTESIAN_POINT('',(7.963332453781E-04,1.276451044182E-03));
#2433 = CARTESIAN_POINT('',(5.972499411075E-04,1.276594261003E-03));
#2434 = CARTESIAN_POINT('',(3.98166631885E-04,1.276730607324E-03));
#2435 = CARTESIAN_POINT('',(1.990833180619E-04,1.276860083685E-03));
#2436 = CARTESIAN_POINT('',(0.,1.276982690626E-03));
#2437 = ( GEOMETRIC_REPRESENTATION_CONTEXT(2) 
PARAMETRIC_REPRESENTATION_CONTEXT() REPRESENTATION_CONTEXT('2D SPACE',''
  ) );
#2438 = PCURVE('',#421,#2439);
#2439 = DEFINITIONAL_REPRESENTATION('',(#2440),#2446);
#2440 = B_SPLINE_CURVE_WITH_KNOTS('',4,(#2441,#2442,#2443,#2444,#2445),
  .UNSPECIFIED.,.F.,.F.,(5,5),(0.,1.),.PIECEWISE_BEZIER_KNOTS.);
#2441 = CARTESIAN_POINT('',(1.955638052275,0.));
#2442 = CARTESIAN_POINT('',(1.950916392923,1.260642526019E-05));
#2443 = CARTESIAN_POINT('',(1.946194734031,2.521286105019E-05));
#2444 = CARTESIAN_POINT('',(1.941473075611,3.781930741569E-05));
#2445 = CARTESIAN_POINT('',(1.936751417663,5.042576422049E-05));
#2446 = ( GEOMETRIC_REPRESENTATION_CONTEXT(2) 
PARAMETRIC_REPRESENTATION_CONTEXT() REPRESENTATION_CONTEXT('2D SPACE',''
  ) );
#2447 = ADVANCED_FACE('',(#2448),#1144,.T.);
#2448 = FACE_BOUND('',#2449,.T.);
#2449 = EDGE_LOOP('',(#2450,#2451,#2473,#2491));
#2450 = ORIENTED_EDGE('',*,*,#2398,.F.);
#2451 = ORIENTED_EDGE('',*,*,#2452,.F.);
#2452 = EDGE_CURVE('',#2453,#2399,#2455,.T.);
#2453 = VERTEX_POINT('',#2454);
#2454 = CARTESIAN_POINT('',(1.28E-03,0.,6.4E-02));
#2455 = SURFACE_CURVE('',#2456,(#2460,#2467),.PCURVE_S1.);
#2456 = LINE('',#2457,#2458);
#2457 = CARTESIAN_POINT('',(1.28E-03,0.,6.4E-02));
#2458 = VECTOR('',#2459,1.);
#2459 = DIRECTION('',(-1.897449412923E-03,0.,-0.999998199841));
#2460 = PCURVE('',#1144,#2461);
#2461 = DEFINITIONAL_REPRESENTATION('',(#2462),#2466);
#2462 = LINE('',#2463,#2464);
#2463 = CARTESIAN_POINT('',(6.401279872026E-02,-2.179559849941E-19));
#2464 = VECTOR('',#2465,1.);
#2465 = DIRECTION('',(-0.999836201582,-1.809889516677E-02));
#2466 = ( GEOMETRIC_REPRESENTATION_CONTEXT(2) 
PARAMETRIC_REPRESENTATION_CONTEXT() REPRESENTATION_CONTEXT('2D SPACE',''
  ) );
#2467 = PCURVE('',#421,#2468);
#2468 = DEFINITIONAL_REPRESENTATION('',(#2469),#2472);
#2469 = B_SPLINE_CURVE_WITH_KNOTS('',1,(#2470,#2471),.UNSPECIFIED.,.F.,
  .F.,(2,2),(0.,1.870382311015E-03),.PIECEWISE_BEZIER_KNOTS.);
#2470 = CARTESIAN_POINT('',(2.,9.375712153797E-17));
#2471 = CARTESIAN_POINT('',(1.955638052275,7.387158914481E-17));
#2472 = ( GEOMETRIC_REPRESENTATION_CONTEXT(2) 
PARAMETRIC_REPRESENTATION_CONTEXT() REPRESENTATION_CONTEXT('2D SPACE',''
  ) );
#2473 = ORIENTED_EDGE('',*,*,#2474,.T.);
#2474 = EDGE_CURVE('',#2453,#1084,#2475,.T.);
#2475 = SURFACE_CURVE('',#2476,(#2479,#2485),.PCURVE_S1.);
#2476 = B_SPLINE_CURVE_WITH_KNOTS('',1,(#2477,#2478),.UNSPECIFIED.,.F.,
  .F.,(2,2),(2.,3.),.PIECEWISE_BEZIER_KNOTS.);
#2477 = CARTESIAN_POINT('',(1.28E-03,0.,6.4E-02));
#2478 = CARTESIAN_POINT('',(-1.28E-03,0.,6.4E-02));
#2479 = PCURVE('',#1144,#2480);
#2480 = DEFINITIONAL_REPRESENTATION('',(#2481),#2484);
#2481 = B_SPLINE_CURVE_WITH_KNOTS('',1,(#2482,#2483),.UNSPECIFIED.,.F.,
  .F.,(2,2),(2.,3.),.PIECEWISE_BEZIER_KNOTS.);
#2482 = CARTESIAN_POINT('',(6.401279872026E-02,-2.179559849941E-19));
#2483 = CARTESIAN_POINT('',(6.396160895718E-02,2.559488153549E-03));
#2484 = ( GEOMETRIC_REPRESENTATION_CONTEXT(2) 
PARAMETRIC_REPRESENTATION_CONTEXT() REPRESENTATION_CONTEXT('2D SPACE',''
  ) );
#2485 = PCURVE('',#1104,#2486);
#2486 = DEFINITIONAL_REPRESENTATION('',(#2487),#2490);
#2487 = B_SPLINE_CURVE_WITH_KNOTS('',1,(#2488,#2489),.UNSPECIFIED.,.F.,
  .F.,(2,2),(2.,3.),.PIECEWISE_BEZIER_KNOTS.);
#2488 = CARTESIAN_POINT('',(2.,0.));
#2489 = CARTESIAN_POINT('',(3.,0.));
#2490 = ( GEOMETRIC_REPRESENTATION_CONTEXT(2) 
PARAMETRIC_REPRESENTATION_CONTEXT() REPRESENTATION_CONTEXT('2D SPACE',''
  ) );
#2491 = ORIENTED_EDGE('',*,*,#1129,.F.);
#2492 = ADVANCED_FACE('',(#2493),#1104,.F.);
#2493 = FACE_BOUND('',#2494,.F.);
#2494 = EDGE_LOOP('',(#2495,#2496,#2497,#2522));
#2495 = ORIENTED_EDGE('',*,*,#2474,.T.);
#2496 = ORIENTED_EDGE('',*,*,#1083,.T.);
#2497 = ORIENTED_EDGE('',*,*,#2498,.F.);
#2498 = EDGE_CURVE('',#2499,#1055,#2501,.T.);
#2499 = VERTEX_POINT('',#2500);
#2500 = CARTESIAN_POINT('',(6.4E-02,0.16,7.2E-02));
#2501 = SURFACE_CURVE('',#2502,(#2505,#2511),.PCURVE_S1.);
#2502 = B_SPLINE_CURVE_WITH_KNOTS('',1,(#2503,#2504),.UNSPECIFIED.,.F.,
  .F.,(2,2),(2.,3.),.PIECEWISE_BEZIER_KNOTS.);
#2503 = CARTESIAN_POINT('',(6.4E-02,0.16,7.2E-02));
#2504 = CARTESIAN_POINT('',(-6.4E-02,0.16,7.2E-02));
#2505 = PCURVE('',#1104,#2506);
#2506 = DEFINITIONAL_REPRESENTATION('',(#2507),#2510);
#2507 = B_SPLINE_CURVE_WITH_KNOTS('',1,(#2508,#2509),.UNSPECIFIED.,.F.,
  .F.,(2,2),(2.,3.),.PIECEWISE_BEZIER_KNOTS.);
#2508 = CARTESIAN_POINT('',(2.,1.));
#2509 = CARTESIAN_POINT('',(3.,1.));
#2510 = ( GEOMETRIC_REPRESENTATION_CONTEXT(2) 
PARAMETRIC_REPRESENTATION_CONTEXT() REPRESENTATION_CONTEXT('2D SPACE',''
  ) );
#2511 = PCURVE('',#2512,#2517);
#2512 = PLANE('',#2513);
#2513 = AXIS2_PLACEMENT_3D('',#2514,#2515,#2516);
#2514 = CARTESIAN_POINT('',(6.4E-02,0.16,7.2E-02));
#2515 = DIRECTION('',(0.,-0.,1.));
#2516 = DIRECTION('',(-1.,0.,0.));
#2517 = DEFINITIONAL_REPRESENTATION('',(#2518),#2521);
#2518 = B_SPLINE_CURVE_WITH_KNOTS('',1,(#2519,#2520),.UNSPECIFIED.,.F.,
  .F.,(2,2),(2.,3.),.PIECEWISE_BEZIER_KNOTS.);
#2519 = CARTESIAN_POINT('',(0.,0.));
#2520 = CARTESIAN_POINT('',(0.128,0.));
#2521 = ( GEOMETRIC_REPRESENTATION_CONTEXT(2) 
PARAMETRIC_REPRESENTATION_CONTEXT() REPRESENTATION_CONTEXT('2D SPACE',''
  ) );
#2522 = ORIENTED_EDGE('',*,*,#2523,.T.);
#2523 = EDGE_CURVE('',#2499,#2453,#2524,.T.);
#2524 = SURFACE_CURVE('',#2525,(#2535,#2541),.PCURVE_S1.);
#2525 = ( BOUNDED_CURVE() B_SPLINE_CURVE(8,(#2526,#2527,#2528,#2529,
    #2530,#2531,#2532,#2533,#2534),.UNSPECIFIED.,.F.,.F.) 
B_SPLINE_CURVE_WITH_KNOTS((9,9),(0.22960928188,1.22960928188),
.PIECEWISE_BEZIER_KNOTS.) CURVE() GEOMETRIC_REPRESENTATION_ITEM() 
RATIONAL_B_SPLINE_CURVE((1.,1.000000000099,0.999999999834,1.000000000152
    ,0.99999999991,1.000000000036,0.999999999991,1.000000000001,1.)) 
REPRESENTATION_ITEM('') );
#2526 = CARTESIAN_POINT('',(6.4E-02,0.16,7.2E-02));
#2527 = CARTESIAN_POINT('',(5.323971479252E-02,0.143114264395,
    7.568357548268E-02));
#2528 = CARTESIAN_POINT('',(9.292683974536E-02,0.109918845146,
    6.757341612215E-02));
#2529 = CARTESIAN_POINT('',(4.310594859517E-02,0.100972314113,
    7.235917643871E-02));
#2530 = CARTESIAN_POINT('',(5.004803386131E-02,7.50715496381E-02,
    7.546671471571E-02));
#2531 = CARTESIAN_POINT('',(2.573445002382E-02,6.420868303148E-02,
    7.279260089271E-02));
#2532 = CARTESIAN_POINT('',(1.042282983924E-02,4.206850497285E-02,
    6.381792341383E-02));
#2533 = CARTESIAN_POINT('',(6.684894119176E-03,2.110709493669E-02,
    6.401730004776E-02));
#2534 = CARTESIAN_POINT('',(1.28E-03,0.,6.4E-02));
#2535 = PCURVE('',#1104,#2536);
#2536 = DEFINITIONAL_REPRESENTATION('',(#2537),#2540);
#2537 = B_SPLINE_CURVE_WITH_KNOTS('',1,(#2538,#2539),.UNSPECIFIED.,.F.,
  .F.,(2,2),(0.22960928188,1.22960928188),.PIECEWISE_BEZIER_KNOTS.);
#2538 = CARTESIAN_POINT('',(2.,1.));
#2539 = CARTESIAN_POINT('',(2.,-3.330669073875E-15));
#2540 = ( GEOMETRIC_REPRESENTATION_CONTEXT(2) 
PARAMETRIC_REPRESENTATION_CONTEXT() REPRESENTATION_CONTEXT('2D SPACE',''
  ) );
#2541 = PCURVE('',#421,#2542);
#2542 = DEFINITIONAL_REPRESENTATION('',(#2543),#2546);
#2543 = B_SPLINE_CURVE_WITH_KNOTS('',1,(#2544,#2545),.UNSPECIFIED.,.F.,
  .F.,(2,2),(0.22960928188,1.22960928188),.PIECEWISE_BEZIER_KNOTS.);
#2544 = CARTESIAN_POINT('',(2.,1.));
#2545 = CARTESIAN_POINT('',(2.,-3.552713678801E-15));
#2546 = ( GEOMETRIC_REPRESENTATION_CONTEXT(2) 
PARAMETRIC_REPRESENTATION_CONTEXT() REPRESENTATION_CONTEXT('2D SPACE',''
  ) );
#2547 = ADVANCED_FACE('',(#2548),#2512,.T.);
#2548 = FACE_BOUND('',#2549,.T.);
#2549 = EDGE_LOOP('',(#2550,#2578,#2606,#2627));
#2550 = ORIENTED_EDGE('',*,*,#2551,.T.);
#2551 = EDGE_CURVE('',#2499,#2552,#2554,.T.);
#2552 = VERTEX_POINT('',#2553);
#2553 = CARTESIAN_POINT('',(6.4E-02,0.48,7.2E-02));
#2554 = SURFACE_CURVE('',#2555,(#2559,#2566),.PCURVE_S1.);
#2555 = LINE('',#2556,#2557);
#2556 = CARTESIAN_POINT('',(6.4E-02,0.16,7.2E-02));
#2557 = VECTOR('',#2558,1.);
#2558 = DIRECTION('',(0.,1.,0.));
#2559 = PCURVE('',#2512,#2560);
#2560 = DEFINITIONAL_REPRESENTATION('',(#2561),#2565);
#2561 = LINE('',#2562,#2563);
#2562 = CARTESIAN_POINT('',(0.,0.));
#2563 = VECTOR('',#2564,1.);
#2564 = DIRECTION('',(0.,-1.));
#2565 = ( GEOMETRIC_REPRESENTATION_CONTEXT(2) 
PARAMETRIC_REPRESENTATION_CONTEXT() REPRESENTATION_CONTEXT('2D SPACE',''
  ) );
#2566 = PCURVE('',#2567,#2572);
#2567 = PLANE('',#2568);
#2568 = AXIS2_PLACEMENT_3D('',#2569,#2570,#2571);
#2569 = CARTESIAN_POINT('',(6.E-02,0.16,2.183821405597E-02));
#2570 = DIRECTION('',(0.996835691414,0.,-7.948964915456E-02));
#2571 = DIRECTION('',(7.948964915456E-02,0.,0.996835691414));
#2572 = DEFINITIONAL_REPRESENTATION('',(#2573),#2577);
#2573 = LINE('',#2574,#2575);
#2574 = CARTESIAN_POINT('',(5.032101717071E-02,0.));
#2575 = VECTOR('',#2576,1.);
#2576 = DIRECTION('',(0.,-1.));
#2577 = ( GEOMETRIC_REPRESENTATION_CONTEXT(2) 
PARAMETRIC_REPRESENTATION_CONTEXT() REPRESENTATION_CONTEXT('2D SPACE',''
  ) );
#2578 = ORIENTED_EDGE('',*,*,#2579,.T.);
#2579 = EDGE_CURVE('',#2552,#2580,#2582,.T.);
#2580 = VERTEX_POINT('',#2581);
#2581 = CARTESIAN_POINT('',(-6.4E-02,0.48,7.2E-02));
#2582 = SURFACE_CURVE('',#2583,(#2587,#2594),.PCURVE_S1.);
#2583 = LINE('',#2584,#2585);
#2584 = CARTESIAN_POINT('',(6.4E-02,0.48,7.2E-02));
#2585 = VECTOR('',#2586,1.);
#2586 = DIRECTION('',(-1.,0.,0.));
#2587 = PCURVE('',#2512,#2588);
#2588 = DEFINITIONAL_REPRESENTATION('',(#2589),#2593);
#2589 = LINE('',#2590,#2591);
#2590 = CARTESIAN_POINT('',(0.,-0.32));
#2591 = VECTOR('',#2592,1.);
#2592 = DIRECTION('',(1.,0.));
#2593 = ( GEOMETRIC_REPRESENTATION_CONTEXT(2) 
PARAMETRIC_REPRESENTATION_CONTEXT() REPRESENTATION_CONTEXT('2D SPACE',''
  ) );
#2594 = PCURVE('',#2595,#2600);
#2595 = PLANE('',#2596);
#2596 = AXIS2_PLACEMENT_3D('',#2597,#2598,#2599);
#2597 = CARTESIAN_POINT('',(-1.990210633875E-18,0.48,4.302709217668E-02)
  );
#2598 = DIRECTION('',(0.,-1.,0.));
#2599 = DIRECTION('',(1.,0.,0.));
#2600 = DEFINITIONAL_REPRESENTATION('',(#2601),#2605);
#2601 = LINE('',#2602,#2603);
#2602 = CARTESIAN_POINT('',(6.4E-02,2.897290782332E-02));
#2603 = VECTOR('',#2604,1.);
#2604 = DIRECTION('',(-1.,0.));
#2605 = ( GEOMETRIC_REPRESENTATION_CONTEXT(2) 
PARAMETRIC_REPRESENTATION_CONTEXT() REPRESENTATION_CONTEXT('2D SPACE',''
  ) );
#2606 = ORIENTED_EDGE('',*,*,#2607,.F.);
#2607 = EDGE_CURVE('',#1055,#2580,#2608,.T.);
#2608 = SURFACE_CURVE('',#2609,(#2613,#2620),.PCURVE_S1.);
#2609 = LINE('',#2610,#2611);
#2610 = CARTESIAN_POINT('',(-6.4E-02,0.16,7.2E-02));
#2611 = VECTOR('',#2612,1.);
#2612 = DIRECTION('',(0.,1.,0.));
#2613 = PCURVE('',#2512,#2614);
#2614 = DEFINITIONAL_REPRESENTATION('',(#2615),#2619);
#2615 = LINE('',#2616,#2617);
#2616 = CARTESIAN_POINT('',(0.128,0.));
#2617 = VECTOR('',#2618,1.);
#2618 = DIRECTION('',(0.,-1.));
#2619 = ( GEOMETRIC_REPRESENTATION_CONTEXT(2) 
PARAMETRIC_REPRESENTATION_CONTEXT() REPRESENTATION_CONTEXT('2D SPACE',''
  ) );
#2620 = PCURVE('',#1071,#2621);
#2621 = DEFINITIONAL_REPRESENTATION('',(#2622),#2626);
#2622 = LINE('',#2623,#2624);
#2623 = CARTESIAN_POINT('',(0.,0.));
#2624 = VECTOR('',#2625,1.);
#2625 = DIRECTION('',(0.,-1.));
#2626 = ( GEOMETRIC_REPRESENTATION_CONTEXT(2) 
PARAMETRIC_REPRESENTATION_CONTEXT() REPRESENTATION_CONTEXT('2D SPACE',''
  ) );
#2627 = ORIENTED_EDGE('',*,*,#2498,.F.);
#2628 = ADVANCED_FACE('',(#2629),#2595,.F.);
#2629 = FACE_BOUND('',#2630,.F.);
#2630 = EDGE_LOOP('',(#2631,#2661,#2684,#2705,#2706));
#2631 = ORIENTED_EDGE('',*,*,#2632,.T.);
#2632 = EDGE_CURVE('',#2633,#2635,#2637,.T.);
#2633 = VERTEX_POINT('',#2634);
#2634 = CARTESIAN_POINT('',(-6.E-02,0.48,2.183821405597E-02));
#2635 = VERTEX_POINT('',#2636);
#2636 = CARTESIAN_POINT('',(0.,0.48,0.));
#2637 = SURFACE_CURVE('',#2638,(#2642,#2649),.PCURVE_S1.);
#2638 = LINE('',#2639,#2640);
#2639 = CARTESIAN_POINT('',(-6.E-02,0.48,2.183821405597E-02));
#2640 = VECTOR('',#2641,1.);
#2641 = DIRECTION('',(0.939692620786,0.,-0.342020143326));
#2642 = PCURVE('',#2595,#2643);
#2643 = DEFINITIONAL_REPRESENTATION('',(#2644),#2648);
#2644 = LINE('',#2645,#2646);
#2645 = CARTESIAN_POINT('',(-6.E-02,-2.118887812071E-02));
#2646 = VECTOR('',#2647,1.);
#2647 = DIRECTION('',(0.939692620786,-0.342020143326));
#2648 = ( GEOMETRIC_REPRESENTATION_CONTEXT(2) 
PARAMETRIC_REPRESENTATION_CONTEXT() REPRESENTATION_CONTEXT('2D SPACE',''
  ) );
#2649 = PCURVE('',#2650,#2655);
#2650 = PLANE('',#2651);
#2651 = AXIS2_PLACEMENT_3D('',#2652,#2653,#2654);
#2652 = CARTESIAN_POINT('',(-6.E-02,0.16,2.183821405597E-02));
#2653 = DIRECTION('',(-0.342020143326,0.,-0.939692620786));
#2654 = DIRECTION('',(0.939692620786,0.,-0.342020143326));
#2655 = DEFINITIONAL_REPRESENTATION('',(#2656),#2660);
#2656 = LINE('',#2657,#2658);
#2657 = CARTESIAN_POINT('',(0.,-0.32));
#2658 = VECTOR('',#2659,1.);
#2659 = DIRECTION('',(1.,0.));
#2660 = ( GEOMETRIC_REPRESENTATION_CONTEXT(2) 
PARAMETRIC_REPRESENTATION_CONTEXT() REPRESENTATION_CONTEXT('2D SPACE',''
  ) );
#2661 = ORIENTED_EDGE('',*,*,#2662,.T.);
#2662 = EDGE_CURVE('',#2635,#2663,#2665,.T.);
#2663 = VERTEX_POINT('',#2664);
#2664 = CARTESIAN_POINT('',(6.E-02,0.48,2.183821405597E-02));
#2665 = SURFACE_CURVE('',#2666,(#2670,#2677),.PCURVE_S1.);
#2666 = LINE('',#2667,#2668);
#2667 = CARTESIAN_POINT('',(0.,0.48,0.));
#2668 = VECTOR('',#2669,1.);
#2669 = DIRECTION('',(0.939692620786,0.,0.342020143326));
#2670 = PCURVE('',#2595,#2671);
#2671 = DEFINITIONAL_REPRESENTATION('',(#2672),#2676);
#2672 = LINE('',#2673,#2674);
#2673 = CARTESIAN_POINT('',(1.990210633875E-18,-4.302709217668E-02));
#2674 = VECTOR('',#2675,1.);
#2675 = DIRECTION('',(0.939692620786,0.342020143326));
#2676 = ( GEOMETRIC_REPRESENTATION_CONTEXT(2) 
PARAMETRIC_REPRESENTATION_CONTEXT() REPRESENTATION_CONTEXT('2D SPACE',''
  ) );
#2677 = PCURVE('',#458,#2678);
#2678 = DEFINITIONAL_REPRESENTATION('',(#2679),#2683);
#2679 = LINE('',#2680,#2681);
#2680 = CARTESIAN_POINT('',(0.,-0.32));
#2681 = VECTOR('',#2682,1.);
#2682 = DIRECTION('',(1.,0.));
#2683 = ( GEOMETRIC_REPRESENTATION_CONTEXT(2) 
PARAMETRIC_REPRESENTATION_CONTEXT() REPRESENTATION_CONTEXT('2D SPACE',''
  ) );
#2684 = ORIENTED_EDGE('',*,*,#2685,.T.);
#2685 = EDGE_CURVE('',#2663,#2552,#2686,.T.);
#2686 = SURFACE_CURVE('',#2687,(#2691,#2698),.PCURVE_S1.);
#2687 = LINE('',#2688,#2689);
#2688 = CARTESIAN_POINT('',(6.E-02,0.48,2.183821405597E-02));
#2689 = VECTOR('',#2690,1.);
#2690 = DIRECTION('',(7.948964915456E-02,0.,0.996835691414));
#2691 = PCURVE('',#2595,#2692);
#2692 = DEFINITIONAL_REPRESENTATION('',(#2693),#2697);
#2693 = LINE('',#2694,#2695);
#2694 = CARTESIAN_POINT('',(6.E-02,-2.118887812071E-02));
#2695 = VECTOR('',#2696,1.);
#2696 = DIRECTION('',(7.948964915456E-02,0.996835691414));
#2697 = ( GEOMETRIC_REPRESENTATION_CONTEXT(2) 
PARAMETRIC_REPRESENTATION_CONTEXT() REPRESENTATION_CONTEXT('2D SPACE',''
  ) );
#2698 = PCURVE('',#2567,#2699);
#2699 = DEFINITIONAL_REPRESENTATION('',(#2700),#2704);
#2700 = LINE('',#2701,#2702);
#2701 = CARTESIAN_POINT('',(0.,-0.32));
#2702 = VECTOR('',#2703,1.);
#2703 = DIRECTION('',(1.,0.));
#2704 = ( GEOMETRIC_REPRESENTATION_CONTEXT(2) 
PARAMETRIC_REPRESENTATION_CONTEXT() REPRESENTATION_CONTEXT('2D SPACE',''
  ) );
#2705 = ORIENTED_EDGE('',*,*,#2579,.T.);
#2706 = ORIENTED_EDGE('',*,*,#2707,.F.);
#2707 = EDGE_CURVE('',#2633,#2580,#2708,.T.);
#2708 = SURFACE_CURVE('',#2709,(#2713,#2720),.PCURVE_S1.);
#2709 = LINE('',#2710,#2711);
#2710 = CARTESIAN_POINT('',(-6.E-02,0.48,2.183821405597E-02));
#2711 = VECTOR('',#2712,1.);
#2712 = DIRECTION('',(-7.948964915456E-02,0.,0.996835691414));
#2713 = PCURVE('',#2595,#2714);
#2714 = DEFINITIONAL_REPRESENTATION('',(#2715),#2719);
#2715 = LINE('',#2716,#2717);
#2716 = CARTESIAN_POINT('',(-6.E-02,-2.118887812071E-02));
#2717 = VECTOR('',#2718,1.);
#2718 = DIRECTION('',(-7.948964915456E-02,0.996835691414));
#2719 = ( GEOMETRIC_REPRESENTATION_CONTEXT(2) 
PARAMETRIC_REPRESENTATION_CONTEXT() REPRESENTATION_CONTEXT('2D SPACE',''
  ) );
#2720 = PCURVE('',#1071,#2721);
#2721 = DEFINITIONAL_REPRESENTATION('',(#2722),#2726);
#2722 = LINE('',#2723,#2724);
#2723 = CARTESIAN_POINT('',(5.032101717071E-02,-0.32));
#2724 = VECTOR('',#2725,1.);
#2725 = DIRECTION('',(-1.,-0.));
#2726 = ( GEOMETRIC_REPRESENTATION_CONTEXT(2) 
PARAMETRIC_REPRESENTATION_CONTEXT() REPRESENTATION_CONTEXT('2D SPACE',''
  ) );
#2727 = ADVANCED_FACE('',(#2728),#2650,.T.);
#2728 = FACE_BOUND('',#2729,.T.);
#2729 = EDGE_LOOP('',(#2730,#2751,#2752,#2773));
#2730 = ORIENTED_EDGE('',*,*,#2731,.T.);
#2731 = EDGE_CURVE('',#1057,#2633,#2732,.T.);
#2732 = SURFACE_CURVE('',#2733,(#2737,#2744),.PCURVE_S1.);
#2733 = LINE('',#2734,#2735);
#2734 = CARTESIAN_POINT('',(-6.E-02,0.16,2.183821405597E-02));
#2735 = VECTOR('',#2736,1.);
#2736 = DIRECTION('',(0.,1.,0.));
#2737 = PCURVE('',#2650,#2738);
#2738 = DEFINITIONAL_REPRESENTATION('',(#2739),#2743);
#2739 = LINE('',#2740,#2741);
#2740 = CARTESIAN_POINT('',(0.,0.));
#2741 = VECTOR('',#2742,1.);
#2742 = DIRECTION('',(0.,-1.));
#2743 = ( GEOMETRIC_REPRESENTATION_CONTEXT(2) 
PARAMETRIC_REPRESENTATION_CONTEXT() REPRESENTATION_CONTEXT('2D SPACE',''
  ) );
#2744 = PCURVE('',#1071,#2745);
#2745 = DEFINITIONAL_REPRESENTATION('',(#2746),#2750);
#2746 = LINE('',#2747,#2748);
#2747 = CARTESIAN_POINT('',(5.032101717071E-02,0.));
#2748 = VECTOR('',#2749,1.);
#2749 = DIRECTION('',(0.,-1.));
#2750 = ( GEOMETRIC_REPRESENTATION_CONTEXT(2) 
PARAMETRIC_REPRESENTATION_CONTEXT() REPRESENTATION_CONTEXT('2D SPACE',''
  ) );
#2751 = ORIENTED_EDGE('',*,*,#2632,.T.);
#2752 = ORIENTED_EDGE('',*,*,#2753,.F.);
#2753 = EDGE_CURVE('',#24,#2635,#2754,.T.);
#2754 = SURFACE_CURVE('',#2755,(#2759,#2766),.PCURVE_S1.);
#2755 = LINE('',#2756,#2757);
#2756 = CARTESIAN_POINT('',(0.,0.16,0.));
#2757 = VECTOR('',#2758,1.);
#2758 = DIRECTION('',(0.,1.,0.));
#2759 = PCURVE('',#2650,#2760);
#2760 = DEFINITIONAL_REPRESENTATION('',(#2761),#2765);
#2761 = LINE('',#2762,#2763);
#2762 = CARTESIAN_POINT('',(6.385066634855E-02,0.));
#2763 = VECTOR('',#2764,1.);
#2764 = DIRECTION('',(0.,-1.));
#2765 = ( GEOMETRIC_REPRESENTATION_CONTEXT(2) 
PARAMETRIC_REPRESENTATION_CONTEXT() REPRESENTATION_CONTEXT('2D SPACE',''
  ) );
#2766 = PCURVE('',#458,#2767);
#2767 = DEFINITIONAL_REPRESENTATION('',(#2768),#2772);
#2768 = LINE('',#2769,#2770);
#2769 = CARTESIAN_POINT('',(0.,0.));
#2770 = VECTOR('',#2771,1.);
#2771 = DIRECTION('',(0.,-1.));
#2772 = ( GEOMETRIC_REPRESENTATION_CONTEXT(2) 
PARAMETRIC_REPRESENTATION_CONTEXT() REPRESENTATION_CONTEXT('2D SPACE',''
  ) );
#2773 = ORIENTED_EDGE('',*,*,#2774,.F.);
#2774 = EDGE_CURVE('',#1057,#24,#2775,.T.);
#2775 = SURFACE_CURVE('',#2776,(#2779,#2785),.PCURVE_S1.);
#2776 = B_SPLINE_CURVE_WITH_KNOTS('',1,(#2777,#2778),.UNSPECIFIED.,.F.,
  .F.,(2,2),(4.,5.),.PIECEWISE_BEZIER_KNOTS.);
#2777 = CARTESIAN_POINT('',(-6.E-02,0.16,2.183821405597E-02));
#2778 = CARTESIAN_POINT('',(-8.481456376164E-19,0.16,-2.668756043819E-19
    ));
#2779 = PCURVE('',#2650,#2780);
#2780 = DEFINITIONAL_REPRESENTATION('',(#2781),#2784);
#2781 = B_SPLINE_CURVE_WITH_KNOTS('',1,(#2782,#2783),.UNSPECIFIED.,.F.,
  .F.,(2,2),(4.,5.),.PIECEWISE_BEZIER_KNOTS.);
#2782 = CARTESIAN_POINT('',(0.,0.));
#2783 = CARTESIAN_POINT('',(6.385066634855E-02,0.));
#2784 = ( GEOMETRIC_REPRESENTATION_CONTEXT(2) 
PARAMETRIC_REPRESENTATION_CONTEXT() REPRESENTATION_CONTEXT('2D SPACE',''
  ) );
#2785 = PCURVE('',#63,#2786);
#2786 = DEFINITIONAL_REPRESENTATION('',(#2787),#2790);
#2787 = B_SPLINE_CURVE_WITH_KNOTS('',1,(#2788,#2789),.UNSPECIFIED.,.F.,
  .F.,(2,2),(4.,5.),.PIECEWISE_BEZIER_KNOTS.);
#2788 = CARTESIAN_POINT('',(4.,1.));
#2789 = CARTESIAN_POINT('',(5.,1.));
#2790 = ( GEOMETRIC_REPRESENTATION_CONTEXT(2) 
PARAMETRIC_REPRESENTATION_CONTEXT() REPRESENTATION_CONTEXT('2D SPACE',''
  ) );
#2791 = ADVANCED_FACE('',(#2792),#2567,.T.);
#2792 = FACE_BOUND('',#2793,.T.);
#2793 = EDGE_LOOP('',(#2794,#2814,#2835,#2836));
#2794 = ORIENTED_EDGE('',*,*,#2795,.F.);
#2795 = EDGE_CURVE('',#401,#2499,#2796,.T.);
#2796 = SURFACE_CURVE('',#2797,(#2801,#2808),.PCURVE_S1.);
#2797 = LINE('',#2798,#2799);
#2798 = CARTESIAN_POINT('',(6.E-02,0.16,2.183821405597E-02));
#2799 = VECTOR('',#2800,1.);
#2800 = DIRECTION('',(7.948964915456E-02,0.,0.996835691414));
#2801 = PCURVE('',#2567,#2802);
#2802 = DEFINITIONAL_REPRESENTATION('',(#2803),#2807);
#2803 = LINE('',#2804,#2805);
#2804 = CARTESIAN_POINT('',(0.,0.));
#2805 = VECTOR('',#2806,1.);
#2806 = DIRECTION('',(1.,0.));
#2807 = ( GEOMETRIC_REPRESENTATION_CONTEXT(2) 
PARAMETRIC_REPRESENTATION_CONTEXT() REPRESENTATION_CONTEXT('2D SPACE',''
  ) );
#2808 = PCURVE('',#421,#2809);
#2809 = DEFINITIONAL_REPRESENTATION('',(#2810),#2813);
#2810 = B_SPLINE_CURVE_WITH_KNOTS('',1,(#2811,#2812),.UNSPECIFIED.,.F.,
  .F.,(2,2),(0.,5.032101717071E-02),.PIECEWISE_BEZIER_KNOTS.);
#2811 = CARTESIAN_POINT('',(1.,1.));
#2812 = CARTESIAN_POINT('',(2.,1.));
#2813 = ( GEOMETRIC_REPRESENTATION_CONTEXT(2) 
PARAMETRIC_REPRESENTATION_CONTEXT() REPRESENTATION_CONTEXT('2D SPACE',''
  ) );
#2814 = ORIENTED_EDGE('',*,*,#2815,.T.);
#2815 = EDGE_CURVE('',#401,#2663,#2816,.T.);
#2816 = SURFACE_CURVE('',#2817,(#2821,#2828),.PCURVE_S1.);
#2817 = LINE('',#2818,#2819);
#2818 = CARTESIAN_POINT('',(6.E-02,0.16,2.183821405597E-02));
#2819 = VECTOR('',#2820,1.);
#2820 = DIRECTION('',(0.,1.,0.));
#2821 = PCURVE('',#2567,#2822);
#2822 = DEFINITIONAL_REPRESENTATION('',(#2823),#2827);
#2823 = LINE('',#2824,#2825);
#2824 = CARTESIAN_POINT('',(0.,0.));
#2825 = VECTOR('',#2826,1.);
#2826 = DIRECTION('',(0.,-1.));
#2827 = ( GEOMETRIC_REPRESENTATION_CONTEXT(2) 
PARAMETRIC_REPRESENTATION_CONTEXT() REPRESENTATION_CONTEXT('2D SPACE',''
  ) );
#2828 = PCURVE('',#458,#2829);
#2829 = DEFINITIONAL_REPRESENTATION('',(#2830),#2834);
#2830 = LINE('',#2831,#2832);
#2831 = CARTESIAN_POINT('',(6.385066634855E-02,0.));
#2832 = VECTOR('',#2833,1.);
#2833 = DIRECTION('',(0.,-1.));
#2834 = ( GEOMETRIC_REPRESENTATION_CONTEXT(2) 
PARAMETRIC_REPRESENTATION_CONTEXT() REPRESENTATION_CONTEXT('2D SPACE',''
  ) );
#2835 = ORIENTED_EDGE('',*,*,#2685,.T.);
#2836 = ORIENTED_EDGE('',*,*,#2551,.F.);
#2837 = ADVANCED_FACE('',(#2838),#1071,.T.);
#2838 = FACE_BOUND('',#2839,.T.);
#2839 = EDGE_LOOP('',(#2840,#2841,#2842,#2843));
#2840 = ORIENTED_EDGE('',*,*,#1054,.F.);
#2841 = ORIENTED_EDGE('',*,*,#2607,.T.);
#2842 = ORIENTED_EDGE('',*,*,#2707,.F.);
#2843 = ORIENTED_EDGE('',*,*,#2731,.F.);
#2844 = ADVANCED_FACE('',(#2845),#1011,.F.);
#2845 = FACE_BOUND('',#2846,.F.);
#2846 = EDGE_LOOP('',(#2847,#2848,#2849,#2850));
#2847 = ORIENTED_EDGE('',*,*,#995,.F.);
#2848 = ORIENTED_EDGE('',*,*,#1628,.F.);
#2849 = ORIENTED_EDGE('',*,*,#1684,.T.);
#2850 = ORIENTED_EDGE('',*,*,#2851,.T.);
#2851 = EDGE_CURVE('',#1685,#996,#2852,.T.);
#2852 = SURFACE_CURVE('',#2853,(#2859,#2868),.PCURVE_S1.);
#2853 = B_SPLINE_CURVE_WITH_KNOTS('',4,(#2854,#2855,#2856,#2857,#2858),
  .UNSPECIFIED.,.F.,.F.,(5,5),(0.,1.),.PIECEWISE_BEZIER_KNOTS.);
#2854 = CARTESIAN_POINT('',(4.125592920863E-03,2.74219849537E-02,
    2.666666666667E-02));
#2855 = CARTESIAN_POINT('',(4.213341220905E-03,2.817225605561E-02,
    2.599960320028E-02));
#2856 = CARTESIAN_POINT('',(4.305185087105E-03,2.892226046305E-02,
    2.533277685103E-02));
#2857 = CARTESIAN_POINT('',(4.401521088985E-03,2.967195337638E-02,
    2.466622745013E-02));
#2858 = CARTESIAN_POINT('',(4.502672385379E-03,3.042128417969E-02,
    2.4E-02));
#2859 = PCURVE('',#1011,#2860);
#2860 = DEFINITIONAL_REPRESENTATION('',(#2861),#2867);
#2861 = B_SPLINE_CURVE_WITH_KNOTS('',4,(#2862,#2863,#2864,#2865,#2866),
  .UNSPECIFIED.,.F.,.F.,(5,5),(0.,1.),.PIECEWISE_BEZIER_KNOTS.);
#2862 = CARTESIAN_POINT('',(4.013341121572E-03,4.125592920863E-03));
#2863 = CARTESIAN_POINT('',(3.009408656444E-03,4.213341220905E-03));
#2864 = CARTESIAN_POINT('',(2.005833053287E-03,4.305185087105E-03));
#2865 = CARTESIAN_POINT('',(1.00267425822E-03,4.401521088985E-03));
#2866 = CARTESIAN_POINT('',(0.,4.502672385379E-03));
#2867 = ( GEOMETRIC_REPRESENTATION_CONTEXT(2) 
PARAMETRIC_REPRESENTATION_CONTEXT() REPRESENTATION_CONTEXT('2D SPACE',''
  ) );
#2868 = PCURVE('',#421,#2869);
#2869 = DEFINITIONAL_REPRESENTATION('',(#2870),#2876);
#2870 = B_SPLINE_CURVE_WITH_KNOTS('',4,(#2871,#2872,#2873,#2874,#2875),
  .UNSPECIFIED.,.F.,.F.,(5,5),(0.,1.),.PIECEWISE_BEZIER_KNOTS.);
#2871 = CARTESIAN_POINT('',(1.11146256912,0.163593059917));
#2872 = CARTESIAN_POINT('',(1.095862967433,0.16815229279));
#2873 = CARTESIAN_POINT('',(1.080335080618,0.172720608312));
#2874 = CARTESIAN_POINT('',(1.064886737746,0.177298443986));
#2875 = CARTESIAN_POINT('',(1.049524596645,0.181886103245));
#2876 = ( GEOMETRIC_REPRESENTATION_CONTEXT(2) 
PARAMETRIC_REPRESENTATION_CONTEXT() REPRESENTATION_CONTEXT('2D SPACE',''
  ) );
#2877 = ADVANCED_FACE('',(#2878),#421,.F.);
#2878 = FACE_BOUND('',#2879,.F.);
#2879 = EDGE_LOOP('',(#2880,#2881,#2882,#2883,#2884,#2885,#2886,#2887,
    #2888,#2889,#2890,#2891,#2892,#2893,#2894,#2895,#2896,#2897,#2898));
#2880 = ORIENTED_EDGE('',*,*,#2421,.F.);
#2881 = ORIENTED_EDGE('',*,*,#2452,.F.);
#2882 = ORIENTED_EDGE('',*,*,#2523,.F.);
#2883 = ORIENTED_EDGE('',*,*,#2795,.F.);
#2884 = ORIENTED_EDGE('',*,*,#400,.F.);
#2885 = ORIENTED_EDGE('',*,*,#1023,.F.);
#2886 = ORIENTED_EDGE('',*,*,#2851,.F.);
#2887 = ORIENTED_EDGE('',*,*,#1731,.F.);
#2888 = ORIENTED_EDGE('',*,*,#1786,.F.);
#2889 = ORIENTED_EDGE('',*,*,#1844,.F.);
#2890 = ORIENTED_EDGE('',*,*,#1917,.F.);
#2891 = ORIENTED_EDGE('',*,*,#1981,.F.);
#2892 = ORIENTED_EDGE('',*,*,#2036,.F.);
#2893 = ORIENTED_EDGE('',*,*,#2091,.F.);
#2894 = ORIENTED_EDGE('',*,*,#2146,.F.);
#2895 = ORIENTED_EDGE('',*,*,#2201,.F.);
#2896 = ORIENTED_EDGE('',*,*,#2256,.F.);
#2897 = ORIENTED_EDGE('',*,*,#2311,.F.);
#2898 = ORIENTED_EDGE('',*,*,#2366,.F.);
#2899 = ADVANCED_FACE('',(#2900),#458,.T.);
#2900 = FACE_BOUND('',#2901,.T.);
#2901 = EDGE_LOOP('',(#2902,#2903,#2904,#2905));
#2902 = ORIENTED_EDGE('',*,*,#2753,.T.);
#2903 = ORIENTED_EDGE('',*,*,#2662,.T.);
#2904 = ORIENTED_EDGE('',*,*,#2815,.F.);
#2905 = ORIENTED_EDGE('',*,*,#446,.F.);
#2906 = ADVANCED_FACE('',(#2907),#63,.F.);
#2907 = FACE_BOUND('',#2908,.F.);
#2908 = EDGE_LOOP('',(#2909,#2910,#2911,#2912,#2913,#2914,#2915,#2916,
    #2917,#2918,#2919,#2920));
#2909 = ORIENTED_EDGE('',*,*,#1656,.F.);
#2910 = ORIENTED_EDGE('',*,*,#918,.F.);
#2911 = ORIENTED_EDGE('',*,*,#860,.F.);
#2912 = ORIENTED_EDGE('',*,*,#802,.F.);
#2913 = ORIENTED_EDGE('',*,*,#747,.F.);
#2914 = ORIENTED_EDGE('',*,*,#692,.F.);
#2915 = ORIENTED_EDGE('',*,*,#637,.F.);
#2916 = ORIENTED_EDGE('',*,*,#582,.F.);
#2917 = ORIENTED_EDGE('',*,*,#527,.F.);
#2918 = ORIENTED_EDGE('',*,*,#473,.F.);
#2919 = ORIENTED_EDGE('',*,*,#21,.T.);
#2920 = ORIENTED_EDGE('',*,*,#2774,.F.);
#2921 = ( GEOMETRIC_REPRESENTATION_CONTEXT(3) 
GLOBAL_UNCERTAINTY_ASSIGNED_CONTEXT((#2925)) 
GLOBAL_UNIT_ASSIGNED_CONTEXT((#2922,#2923,#2924)) REPRESENTATION_CONTEXT
('Context #1','3D Context with UNIT and UNCERTAINTY') );
#2922 = ( LENGTH_UNIT() NAMED_UNIT(*) SI_UNIT(.MILLI.,.METRE.) );
#2923 = ( NAMED_UNIT(*) PLANE_ANGLE_UNIT() SI_UNIT($,.RADIAN.) );
#2924 = ( NAMED_UNIT(*) SI_UNIT($,.STERADIAN.) SOLID_ANGLE_UNIT() );
#2925 = UNCERTAINTY_MEASURE_WITH_UNIT(LENGTH_MEASURE(1.E-07),#2922,
  'distance_accuracy_value','confusion accuracy');
#2926 = PRODUCT_RELATED_PRODUCT_CATEGORY('part',$,(#7));
ENDSEC;
END-ISO-10303-21;
