ISO-10303-21;
HEADER;
FILE_DESCRIPTION(('Open CASCADE Model'),'2;1');
FILE_NAME('Open CASCADE Shape Model','2026-07-29T08:21:03',('Author'),(
    'Open CASCADE'),'Open CASCADE STEP processor 7.9','Open CASCADE 7.9'
  ,'Unknown');
FILE_SCHEMA(('AUTOMOTIVE_DESIGN { 1 0 10303 214 1 1 1 1 }'));
ENDSEC;
DATA;
#1 = APPLICATION_PROTOCOL_DEFINITION('international standard',
  'automotive_design',2000,#2);
#2 = APPLICATION_CONTEXT(
  'core data for automotive mechanical design processes');
#3 = SHAPE_DEFINITION_REPRESENTATION(#4,#10);
#4 = PRODUCT_DEFINITION_SHAPE('','',#5);
#5 = PRODUCT_DEFINITION('design','',#6,#9);
#6 = PRODUCT_DEFINITION_FORMATION('','',#7);
#7 = PRODUCT('SOLID','SOLID','',(#8));
#8 = PRODUCT_CONTEXT('',#2,'mechanical');
#9 = PRODUCT_DEFINITION_CONTEXT('part definition',#2,'design');
#10 = ADVANCED_BREP_SHAPE_REPRESENTATION('',(#11,#15),#2815);
#11 = AXIS2_PLACEMENT_3D('',#12,#13,#14);
#12 = CARTESIAN_POINT('',(0.,0.,0.));
#13 = DIRECTION('',(0.,0.,1.));
#14 = DIRECTION('',(1.,0.,-0.));
#15 = MANIFOLD_SOLID_BREP('',#16);
#16 = CLOSED_SHELL('',(#17,#295,#477,#526,#669,#694,#719,#1419,#1426,
    #1461,#1491,#1677,#1722,#1767,#1886,#2072,#2117,#2162,#2281,#2627,
    #2657,#2693,#2729,#2736,#2772,#2808));
#17 = ADVANCED_FACE('',(#18),#46,.T.);
#18 = FACE_BOUND('',#19,.T.);
#19 = EDGE_LOOP('',(#20,#119,#162,#254));
#20 = ORIENTED_EDGE('',*,*,#21,.T.);
#21 = EDGE_CURVE('',#22,#24,#26,.T.);
#22 = VERTEX_POINT('',#23);
#23 = CARTESIAN_POINT('',(13.300305129579,-2.313413810821,9.888664183881
    ));
#24 = VERTEX_POINT('',#25);
#25 = CARTESIAN_POINT('',(12.154118621299,5.876002088102,6.246853621705)
  );
#26 = SURFACE_CURVE('',#27,(#45,#79),.PCURVE_S1.);
#27 = B_SPLINE_CURVE_WITH_KNOTS('',6,(#28,#29,#30,#31,#32,#33,#34,#35,
    #36,#37,#38,#39,#40,#41,#42,#43,#44),.UNSPECIFIED.,.F.,.F.,(7,5,5,7)
  ,(0.,1.,2.299966020676,3.684221920996),.UNSPECIFIED.);
#28 = CARTESIAN_POINT('',(13.300305129579,-2.313413810821,9.888664183881
    ));
#29 = CARTESIAN_POINT('',(13.366581806825,-1.932375180282,9.730959761635
    ));
#30 = CARTESIAN_POINT('',(13.419866427617,-1.548440359288,9.574152451413
    ));
#31 = CARTESIAN_POINT('',(13.459939569816,-1.162396588048,9.417953139812
    ));
#32 = CARTESIAN_POINT('',(13.486665379562,-0.775071542114,9.262024636815
    ));
#33 = CARTESIAN_POINT('',(13.5,-0.387318248199,9.106002489787));
#34 = CARTESIAN_POINT('',(13.5,0.503500561846,8.746088414789));
#35 = CARTESIAN_POINT('',(13.4774655387,1.00627621878,8.541872034378));
#36 = CARTESIAN_POINT('',(13.432518200903,1.506424385192,8.336056257461)
  );
#37 = CARTESIAN_POINT('',(13.365565209436,2.002053572257,8.127799697743)
  );
#38 = CARTESIAN_POINT('',(13.277296706134,2.491356401771,7.916324499981)
  );
#39 = CARTESIAN_POINT('',(13.052951526824,3.485185371921,7.471703852087)
  );
#40 = CARTESIAN_POINT('',(12.914140518762,3.988666313023,7.238031231394)
  );
#41 = CARTESIAN_POINT('',(12.753340712069,4.481077931341,6.999216703318)
  );
#42 = CARTESIAN_POINT('',(12.571978557423,4.960669505793,6.754637885865)
  );
#43 = CARTESIAN_POINT('',(12.3716671265,5.426017507013,6.503902422933));
#44 = CARTESIAN_POINT('',(12.154118621299,5.876002088102,6.246853621705)
  );
#45 = PCURVE('',#46,#51);
#46 = CYLINDRICAL_SURFACE('',#47,13.5);
#47 = AXIS2_PLACEMENT_3D('',#48,#49,#50);
#48 = CARTESIAN_POINT('',(0.,0.,-5.));
#49 = DIRECTION('',(0.,0.,1.));
#50 = DIRECTION('',(1.,0.,-0.));
#51 = DEFINITIONAL_REPRESENTATION('',(#52),#78);
#52 = B_SPLINE_CURVE_WITH_KNOTS('',3,(#53,#54,#55,#56,#57,#58,#59,#60,
    #61,#62,#63,#64,#65,#66,#67,#68,#69,#70,#71,#72,#73,#74,#75,#76,#77)
  ,.UNSPECIFIED.,.F.,.F.,(4,1,1,1,1,1,1,1,1,1,1,1,1,1,1,1,1,1,1,1,1,1,4)
  ,(0.,0.167464632773,0.334929265545,0.502393898318,0.66985853109,
    0.837323163863,1.004787796635,1.172252429408,1.33971706218,
    1.507181694953,1.674646327725,1.842110960498,2.009575593271,
    2.177040226043,2.344504858816,2.511969491588,2.679434124361,
    2.846898757133,3.014363389906,3.181828022678,3.349292655451,
    3.516757288224,3.684221920996),.QUASI_UNIFORM_KNOTS.);
#53 = CARTESIAN_POINT('',(6.110971338973,14.888664183881));
#54 = CARTESIAN_POINT('',(6.120566654303,14.835843420594));
#55 = CARTESIAN_POINT('',(6.139770414573,14.730457094701));
#56 = CARTESIAN_POINT('',(6.16860481607,14.572961333661));
#57 = CARTESIAN_POINT('',(6.197457481478,14.415871372291));
#58 = CARTESIAN_POINT('',(6.22631745669,14.25899547105));
#59 = CARTESIAN_POINT('',(6.255173516401,14.10213520226));
#60 = CARTESIAN_POINT('',(6.284014013601,13.945086557351));
#61 = CARTESIAN_POINT('',(6.312827275782,13.787640232605));
#62 = CARTESIAN_POINT('',(6.34160127859,13.629585899091));
#63 = CARTESIAN_POINT('',(6.370323709094,13.470713931762));
#64 = CARTESIAN_POINT('',(6.398982297764,13.310816077255));
#65 = CARTESIAN_POINT('',(6.427564748419,13.149688155504));
#66 = CARTESIAN_POINT('',(6.456058751365,12.987132288019));
#67 = CARTESIAN_POINT('',(6.484452058302,12.822958675738));
#68 = CARTESIAN_POINT('',(6.512732223902,12.656989341988));
#69 = CARTESIAN_POINT('',(6.540887791349,12.489053138069));
#70 = CARTESIAN_POINT('',(6.568906743499,12.318996588966));
#71 = CARTESIAN_POINT('',(6.596777560875,12.146679462514));
#72 = CARTESIAN_POINT('',(6.624489319793,11.971975445565));
#73 = CARTESIAN_POINT('',(6.652031638511,11.794773353761));
#74 = CARTESIAN_POINT('',(6.67939468021,11.614978666443));
#75 = CARTESIAN_POINT('',(6.706569069311,11.432512060297));
#76 = CARTESIAN_POINT('',(6.724553745988,11.309049657308));
#77 = CARTESIAN_POINT('',(6.733511703918,11.246853621705));
#78 = ( GEOMETRIC_REPRESENTATION_CONTEXT(2) 
PARAMETRIC_REPRESENTATION_CONTEXT() REPRESENTATION_CONTEXT('2D SPACE',''
  ) );
#79 = PCURVE('',#80,#91);
#80 = ( BOUNDED_SURFACE() B_SPLINE_SURFACE(1,4,(
    (#81,#82,#83,#84,#85)
    ,(#86,#87,#88,#89,#90
)),.UNSPECIFIED.,.F.,.F.,.F.) B_SPLINE_SURFACE_WITH_KNOTS((2,2),(5,5),(
    1.,2.),(0.,1.),.PIECEWISE_BEZIER_KNOTS.) 
GEOMETRIC_REPRESENTATION_ITEM() RATIONAL_B_SPLINE_SURFACE((
    (1.,1.,1.,1.,1.)
,(1.,1.,1.,1.,1.))) REPRESENTATION_ITEM('') SURFACE() );
#81 = CARTESIAN_POINT('',(4.5,-5.600126975277,11.828035920108));
#82 = CARTESIAN_POINT('',(6.99699226835,-4.762013601881,11.206168442614)
  );
#83 = CARTESIAN_POINT('',(9.49619961206,-3.844961956821,10.630513834161)
  );
#84 = CARTESIAN_POINT('',(11.997267503446,-2.859423527581,
    10.114966258727));
#85 = CARTESIAN_POINT('',(14.5,-1.819743010346,9.668886202596));
#86 = CARTESIAN_POINT('',(4.5,4.28015347304,4.711400883184));
#87 = CARTESIAN_POINT('',(6.99699226835,4.877524525292,5.26314815054));
#88 = CARTESIAN_POINT('',(9.49619961206,5.403464897157,5.777270545214));
#89 = CARTESIAN_POINT('',(11.997267503446,5.867083246131,6.240755171068)
  );
#90 = CARTESIAN_POINT('',(14.5,6.281269946366,6.644780488048));
#91 = DEFINITIONAL_REPRESENTATION('',(#92),#118);
#92 = B_SPLINE_CURVE_WITH_KNOTS('',3,(#93,#94,#95,#96,#97,#98,#99,#100,
    #101,#102,#103,#104,#105,#106,#107,#108,#109,#110,#111,#112,#113,
    #114,#115,#116,#117),.UNSPECIFIED.,.F.,.F.,(4,1,1,1,1,1,1,1,1,1,1,1,
    1,1,1,1,1,1,1,1,1,1,4),(0.,0.167464632773,0.334929265545,
    0.502393898318,0.66985853109,0.837323163863,1.004787796635,
    1.172252429408,1.33971706218,1.507181694953,1.674646327725,
    1.842110960498,2.009575593271,2.177040226043,2.344504858816,
    2.511969491588,2.679434124361,2.846898757133,3.014363389906,
    3.181828022678,3.349292655451,3.516757288224,3.684221920996),
  .QUASI_UNIFORM_KNOTS.);
#93 = CARTESIAN_POINT('',(1.,0.880147026914));
#94 = CARTESIAN_POINT('',(1.014129497714,0.882365145754));
#95 = CARTESIAN_POINT('',(1.042715429332,0.886436534056));
#96 = CARTESIAN_POINT('',(1.086488224775,0.891440638304));
#97 = CARTESIAN_POINT('',(1.131070092056,0.895332353731));
#98 = CARTESIAN_POINT('',(1.176368909694,0.898105701623));
#99 = CARTESIAN_POINT('',(1.222288617328,0.899757053689));
#100 = CARTESIAN_POINT('',(1.268729041698,0.900285524838));
#101 = CARTESIAN_POINT('',(1.315587488568,0.899692962065));
#102 = CARTESIAN_POINT('',(1.362758989273,0.897983968608));
#103 = CARTESIAN_POINT('',(1.410137261617,0.895165960932));
#104 = CARTESIAN_POINT('',(1.457616114528,0.891249137751));
#105 = CARTESIAN_POINT('',(1.505090196324,0.886246443253));
#106 = CARTESIAN_POINT('',(1.55245585036,0.880173523923));
#107 = CARTESIAN_POINT('',(1.599612033409,0.873048644121));
#108 = CARTESIAN_POINT('',(1.646460628066,0.864892701241));
#109 = CARTESIAN_POINT('',(1.692909075104,0.855728762311));
#110 = CARTESIAN_POINT('',(1.738868399112,0.845582381093));
#111 = CARTESIAN_POINT('',(1.784255464049,0.834481193289));
#112 = CARTESIAN_POINT('',(1.828993543565,0.822454666386));
#113 = CARTESIAN_POINT('',(1.873012469932,0.809533911379));
#114 = CARTESIAN_POINT('',(1.916249035634,0.795751523972));
#115 = CARTESIAN_POINT('',(1.958646200013,0.781141280834));
#116 = CARTESIAN_POINT('',(1.986319566022,0.770872707184));
#117 = CARTESIAN_POINT('',(2.,0.765612120931));
#118 = ( GEOMETRIC_REPRESENTATION_CONTEXT(2) 
PARAMETRIC_REPRESENTATION_CONTEXT() REPRESENTATION_CONTEXT('2D SPACE',''
  ) );
#119 = ORIENTED_EDGE('',*,*,#120,.F.);
#120 = EDGE_CURVE('',#121,#24,#123,.T.);
#121 = VERTEX_POINT('',#122);
#122 = CARTESIAN_POINT('',(11.798534564393,6.56083699941,7.819871547494)
  );
#123 = SURFACE_CURVE('',#124,(#131,#141),.PCURVE_S1.);
#124 = B_SPLINE_CURVE_WITH_KNOTS('',5,(#125,#126,#127,#128,#129,#130),
  .UNSPECIFIED.,.F.,.F.,(6,6),(0.,1.),.PIECEWISE_BEZIER_KNOTS.);
#125 = CARTESIAN_POINT('',(11.798534564393,6.56083699941,7.819871547494)
  );
#126 = CARTESIAN_POINT('',(11.876182175082,6.421201154374,7.506867824002
    ));
#127 = CARTESIAN_POINT('',(11.950316503525,6.28301984567,7.192969385703)
  );
#128 = CARTESIAN_POINT('',(12.021210025708,6.146165219213,6.878280916047
    ));
#129 = CARTESIAN_POINT('',(12.089081789079,6.010526440155,6.56288624237)
  );
#130 = CARTESIAN_POINT('',(12.154118621299,5.876002088102,6.246853621705
    ));
#131 = PCURVE('',#46,#132);
#132 = DEFINITIONAL_REPRESENTATION('',(#133),#140);
#133 = B_SPLINE_CURVE_WITH_KNOTS('',5,(#134,#135,#136,#137,#138,#139),
  .UNSPECIFIED.,.F.,.F.,(6,6),(0.,1.),.PIECEWISE_BEZIER_KNOTS.);
#134 = CARTESIAN_POINT('',(6.790678514621,12.819871547494));
#135 = CARTESIAN_POINT('',(6.778843498647,12.506867824002));
#136 = CARTESIAN_POINT('',(6.767229120759,12.192969385703));
#137 = CARTESIAN_POINT('',(6.755813847884,11.878280916047));
#138 = CARTESIAN_POINT('',(6.744579915134,11.56288624237));
#139 = CARTESIAN_POINT('',(6.733511703918,11.246853621705));
#140 = ( GEOMETRIC_REPRESENTATION_CONTEXT(2) 
PARAMETRIC_REPRESENTATION_CONTEXT() REPRESENTATION_CONTEXT('2D SPACE',''
  ) );
#141 = PCURVE('',#142,#153);
#142 = ( BOUNDED_SURFACE() B_SPLINE_SURFACE(1,4,(
    (#143,#144,#145,#146,#147)
    ,(#148,#149,#150,#151,#152
)),.UNSPECIFIED.,.F.,.F.,.F.) B_SPLINE_SURFACE_WITH_KNOTS((2,2),(5,5),(
    2.,3.),(0.,1.),.PIECEWISE_BEZIER_KNOTS.) 
GEOMETRIC_REPRESENTATION_ITEM() RATIONAL_B_SPLINE_SURFACE((
    (1.,1.,1.,1.,1.)
,(1.,1.,1.,1.,1.))) REPRESENTATION_ITEM('') SURFACE() );
#143 = CARTESIAN_POINT('',(4.5,4.28015347304,4.711400883184));
#144 = CARTESIAN_POINT('',(6.99699226835,4.877524525292,5.26314815054));
#145 = CARTESIAN_POINT('',(9.49619961206,5.403464897157,5.777270545214)
  );
#146 = CARTESIAN_POINT('',(11.997267503446,5.867083246131,6.240755171068
    ));
#147 = CARTESIAN_POINT('',(14.5,6.281269946366,6.644780488048));
#148 = CARTESIAN_POINT('',(4.5,5.332177782846,6.171964079892));
#149 = CARTESIAN_POINT('',(6.99699226835,5.832198533072,6.793831557386)
  );
#150 = CARTESIAN_POINT('',(9.49619961206,6.254468066942,7.369486165839)
  );
#151 = CARTESIAN_POINT('',(11.997267503446,6.609247881127,7.885033741273
    ));
#152 = CARTESIAN_POINT('',(14.5,6.910777666537,8.331113797404));
#153 = DEFINITIONAL_REPRESENTATION('',(#154),#161);
#154 = B_SPLINE_CURVE_WITH_KNOTS('',5,(#155,#156,#157,#158,#159,#160),
  .UNSPECIFIED.,.F.,.F.,(6,6),(0.,1.),.PIECEWISE_BEZIER_KNOTS.);
#155 = CARTESIAN_POINT('',(3.,0.7300740896));
#156 = CARTESIAN_POINT('',(2.799259469246,0.737834695366));
#157 = CARTESIAN_POINT('',(2.59891336427,0.745244000034));
#158 = CARTESIAN_POINT('',(2.398935773893,0.752329266254));
#159 = CARTESIAN_POINT('',(2.199305004569,0.759112409476));
#160 = CARTESIAN_POINT('',(2.,0.765612120931));
#161 = ( GEOMETRIC_REPRESENTATION_CONTEXT(2) 
PARAMETRIC_REPRESENTATION_CONTEXT() REPRESENTATION_CONTEXT('2D SPACE',''
  ) );
#162 = ORIENTED_EDGE('',*,*,#163,.T.);
#163 = EDGE_CURVE('',#121,#164,#166,.T.);
#164 = VERTEX_POINT('',#165);
#165 = CARTESIAN_POINT('',(13.405814688616,-1.591895893103,
    11.536093465984));
#166 = SURFACE_CURVE('',#167,(#185,#214),.PCURVE_S1.);
#167 = B_SPLINE_CURVE_WITH_KNOTS('',6,(#168,#169,#170,#171,#172,#173,
    #174,#175,#176,#177,#178,#179,#180,#181,#182,#183,#184),
  .UNSPECIFIED.,.F.,.F.,(7,5,5,7),(0.,0.43277213104,0.824657031796,
    1.226432791662),.UNSPECIFIED.);
#168 = CARTESIAN_POINT('',(11.798534564393,6.56083699941,7.819871547494)
  );
#169 = CARTESIAN_POINT('',(12.026712932611,6.150497531365,8.067910897734
    ));
#170 = CARTESIAN_POINT('',(12.240571513257,5.725589714235,8.310337629108
    ));
#171 = CARTESIAN_POINT('',(12.438651850407,5.286877704677,8.547194268401
    ));
#172 = CARTESIAN_POINT('',(12.619531297415,4.835370232551,8.778696341395
    ));
#173 = CARTESIAN_POINT('',(12.781883942526,4.372355899172,9.005243481487
    ));
#174 = CARTESIAN_POINT('',(13.053790614915,3.471119005537,9.428511403779
    ));
#175 = CARTESIAN_POINT('',(13.16688892572,3.034670810137,9.626036017439)
  );
#176 = CARTESIAN_POINT('',(13.263031507452,2.591199009744,9.820342626203
    ));
#177 = CARTESIAN_POINT('',(13.341524263535,2.141981502133,
    10.011951104735));
#178 = CARTESIAN_POINT('',(13.401846836873,1.688391949166,
    10.201454313633));
#179 = CARTESIAN_POINT('',(13.486567083999,0.763817401437,
    10.582230145414));
#180 = CARTESIAN_POINT('',(13.510019983873,0.292675559419,
    10.773429043593));
#181 = CARTESIAN_POINT('',(13.513691508833,-0.180025977442,
    10.963734625825));
#182 = CARTESIAN_POINT('',(13.497452109137,-0.652714861183,
    11.153848381078));
#183 = CARTESIAN_POINT('',(13.461395385817,-1.123828191316,
    11.344438033436));
#184 = CARTESIAN_POINT('',(13.405814688616,-1.591895893103,
    11.536093465984));
#185 = PCURVE('',#46,#186);
#186 = DEFINITIONAL_REPRESENTATION('',(#187),#213);
#187 = B_SPLINE_CURVE_WITH_KNOTS('',3,(#188,#189,#190,#191,#192,#193,
    #194,#195,#196,#197,#198,#199,#200,#201,#202,#203,#204,#205,#206,
    #207,#208,#209,#210,#211,#212),.UNSPECIFIED.,.F.,.F.,(4,1,1,1,1,1,1,
    1,1,1,1,1,1,1,1,1,1,1,1,1,1,1,4),(0.,5.574694507555E-02,
    0.111493890151,0.167240835227,0.222987780302,0.278734725378,
    0.334481670453,0.390228615529,0.445975560604,0.50172250568,
    0.557469450756,0.613216395831,0.668963340907,0.724710285982,
    0.780457231058,0.836204176133,0.891951121209,0.947698066284,
    1.00344501136,1.059191956436,1.114938901511,1.170685846587,
    1.226432791662),.QUASI_UNIFORM_KNOTS.);
#188 = CARTESIAN_POINT('',(6.790678514621,12.819871547494));
#189 = CARTESIAN_POINT('',(6.781718583008,12.883774684557));
#190 = CARTESIAN_POINT('',(6.763727583722,13.010644180768));
#191 = CARTESIAN_POINT('',(6.736535302356,13.198176624407));
#192 = CARTESIAN_POINT('',(6.709144629941,13.382969007072));
#193 = CARTESIAN_POINT('',(6.681563778126,13.565076845226));
#194 = CARTESIAN_POINT('',(6.653801541605,13.744571059085));
#195 = CARTESIAN_POINT('',(6.625867429666,13.921539631409));
#196 = CARTESIAN_POINT('',(6.5977716039,14.096086896225));
#197 = CARTESIAN_POINT('',(6.569525215724,14.268331089991));
#198 = CARTESIAN_POINT('',(6.541139203777,14.438410871022));
#199 = CARTESIAN_POINT('',(6.5126252919,14.606477379602));
#200 = CARTESIAN_POINT('',(6.483995576291,14.772696131947));
#201 = CARTESIAN_POINT('',(6.455262276933,14.937246287699));
#202 = CARTESIAN_POINT('',(6.426437802826,15.100318226895));
#203 = CARTESIAN_POINT('',(6.397534699845,15.262111757892));
#204 = CARTESIAN_POINT('',(6.368565784113,15.422833491984));
#205 = CARTESIAN_POINT('',(6.339543646264,15.582697103117));
#206 = CARTESIAN_POINT('',(6.310480797517,15.741919829631));
#207 = CARTESIAN_POINT('',(6.281389740447,15.900719931423));
#208 = CARTESIAN_POINT('',(6.252282807883,16.059315093559));
#209 = CARTESIAN_POINT('',(6.223172142587,16.217919823543));
#210 = CARTESIAN_POINT('',(6.194069678397,16.376744503985));
#211 = CARTESIAN_POINT('',(6.174681150428,16.482907856532));
#212 = CARTESIAN_POINT('',(6.164992099039,16.536093465984));
#213 = ( GEOMETRIC_REPRESENTATION_CONTEXT(2) 
PARAMETRIC_REPRESENTATION_CONTEXT() REPRESENTATION_CONTEXT('2D SPACE',''
  ) );
#214 = PCURVE('',#215,#226);
#215 = ( BOUNDED_SURFACE() B_SPLINE_SURFACE(1,4,(
    (#216,#217,#218,#219,#220)
    ,(#221,#222,#223,#224,#225
)),.UNSPECIFIED.,.F.,.F.,.F.) B_SPLINE_SURFACE_WITH_KNOTS((2,2),(5,5),(
    3.,4.),(0.,1.),.PIECEWISE_BEZIER_KNOTS.) 
GEOMETRIC_REPRESENTATION_ITEM() RATIONAL_B_SPLINE_SURFACE((
    (1.,1.,1.,1.,1.)
,(1.,1.,1.,1.,1.))) REPRESENTATION_ITEM('') SURFACE() );
#216 = CARTESIAN_POINT('',(4.5,5.332177782846,6.171964079892));
#217 = CARTESIAN_POINT('',(6.99699226835,5.832198533072,6.793831557386)
  );
#218 = CARTESIAN_POINT('',(9.49619961206,6.254468066942,7.369486165839)
  );
#219 = CARTESIAN_POINT('',(11.997267503446,6.609247881127,7.885033741273
    ));
#220 = CARTESIAN_POINT('',(14.5,6.910777666537,8.331113797404));
#221 = CARTESIAN_POINT('',(4.5,-4.548102665471,13.288599116816));
#222 = CARTESIAN_POINT('',(6.99699226835,-3.8073395941,12.73685184946));
#223 = CARTESIAN_POINT('',(9.49619961206,-2.993958787036,12.222729454786
    ));
#224 = CARTESIAN_POINT('',(11.997267503446,-2.117258892586,
    11.759244828932));
#225 = CARTESIAN_POINT('',(14.5,-1.190235290175,11.355219511952));
#226 = DEFINITIONAL_REPRESENTATION('',(#227),#253);
#227 = B_SPLINE_CURVE_WITH_KNOTS('',3,(#228,#229,#230,#231,#232,#233,
    #234,#235,#236,#237,#238,#239,#240,#241,#242,#243,#244,#245,#246,
    #247,#248,#249,#250,#251,#252),.UNSPECIFIED.,.F.,.F.,(4,1,1,1,1,1,1,
    1,1,1,1,1,1,1,1,1,1,1,1,1,1,1,4),(0.,5.574694507555E-02,
    0.111493890151,0.167240835227,0.222987780302,0.278734725378,
    0.334481670453,0.390228615529,0.445975560604,0.50172250568,
    0.557469450756,0.613216395831,0.668963340907,0.724710285982,
    0.780457231058,0.836204176133,0.891951121209,0.947698066284,
    1.00344501136,1.059191956436,1.114938901511,1.170685846587,
    1.226432791662),.QUASI_UNIFORM_KNOTS.);
#228 = CARTESIAN_POINT('',(3.,0.7300740896));
#229 = CARTESIAN_POINT('',(3.013046287361,0.735949486037));
#230 = CARTESIAN_POINT('',(3.03948434343,0.747462407059));
#231 = CARTESIAN_POINT('',(3.080140905738,0.763981670118));
#232 = CARTESIAN_POINT('',(3.121762696204,0.779714055562));
#233 = CARTESIAN_POINT('',(3.164305959482,0.794623701012));
#234 = CARTESIAN_POINT('',(3.20772042228,0.808675565183));
#235 = CARTESIAN_POINT('',(3.251948258021,0.821835686596));
#236 = CARTESIAN_POINT('',(3.296924388143,0.834071403142));
#237 = CARTESIAN_POINT('',(3.342575975992,0.845351466223));
#238 = CARTESIAN_POINT('',(3.38882460438,0.855646742403));
#239 = CARTESIAN_POINT('',(3.435584976709,0.864929922384));
#240 = CARTESIAN_POINT('',(3.482766031519,0.873175944428));
#241 = CARTESIAN_POINT('',(3.53027187493,0.880362174095));
#242 = CARTESIAN_POINT('',(3.578002296476,0.886468493426));
#243 = CARTESIAN_POINT('',(3.625853562939,0.891477419302));
#244 = CARTESIAN_POINT('',(3.673718996828,0.895374207598));
#245 = CARTESIAN_POINT('',(3.721490632204,0.898146990889));
#246 = CARTESIAN_POINT('',(3.769059829346,0.899786748992));
#247 = CARTESIAN_POINT('',(3.816318085476,0.900287361375));
#248 = CARTESIAN_POINT('',(3.863158156294,0.899645585175));
#249 = CARTESIAN_POINT('',(3.909475119167,0.89786112937));
#250 = CARTESIAN_POINT('',(3.955166734575,0.894936273734));
#251 = CARTESIAN_POINT('',(3.985146663889,0.892230172121));
#252 = CARTESIAN_POINT('',(4.,0.890688906964));
#253 = ( GEOMETRIC_REPRESENTATION_CONTEXT(2) 
PARAMETRIC_REPRESENTATION_CONTEXT() REPRESENTATION_CONTEXT('2D SPACE',''
  ) );
#254 = ORIENTED_EDGE('',*,*,#255,.F.);
#255 = EDGE_CURVE('',#22,#164,#256,.T.);
#256 = SURFACE_CURVE('',#257,(#264,#274),.PCURVE_S1.);
#257 = B_SPLINE_CURVE_WITH_KNOTS('',5,(#258,#259,#260,#261,#262,#263),
  .UNSPECIFIED.,.F.,.F.,(6,6),(0.,1.),.PIECEWISE_BEZIER_KNOTS.);
#258 = CARTESIAN_POINT('',(13.300305129579,-2.313413810821,
    9.888664183881));
#259 = CARTESIAN_POINT('',(13.325912366655,-2.166192390666,
    10.217277994537));
#260 = CARTESIAN_POINT('',(13.349140322991,-2.020584662634,
    10.546384815315));
#261 = CARTESIAN_POINT('',(13.370129939021,-1.876424555064,
    10.87592235089));
#262 = CARTESIAN_POINT('',(13.388991279175,-1.73357067873,
    11.205839531875));
#263 = CARTESIAN_POINT('',(13.405814688616,-1.591895893103,
    11.536093465984));
#264 = PCURVE('',#46,#265);
#265 = DEFINITIONAL_REPRESENTATION('',(#266),#273);
#266 = B_SPLINE_CURVE_WITH_KNOTS('',5,(#267,#268,#269,#270,#271,#272),
  .UNSPECIFIED.,.F.,.F.,(6,6),(0.,1.),.PIECEWISE_BEZIER_KNOTS.);
#267 = CARTESIAN_POINT('',(6.110971338973,14.888664183881));
#268 = CARTESIAN_POINT('',(6.122040364737,15.217277994537));
#269 = CARTESIAN_POINT('',(6.132961424724,15.546384815315));
#270 = CARTESIAN_POINT('',(6.143751249582,15.87592235089));
#271 = CARTESIAN_POINT('',(6.154423939705,16.205839531875));
#272 = CARTESIAN_POINT('',(6.164992099039,16.536093465984));
#273 = ( GEOMETRIC_REPRESENTATION_CONTEXT(2) 
PARAMETRIC_REPRESENTATION_CONTEXT() REPRESENTATION_CONTEXT('2D SPACE',''
  ) );
#274 = PCURVE('',#275,#286);
#275 = ( BOUNDED_SURFACE() B_SPLINE_SURFACE(1,4,(
    (#276,#277,#278,#279,#280)
    ,(#281,#282,#283,#284,#285
)),.UNSPECIFIED.,.F.,.F.,.F.) B_SPLINE_SURFACE_WITH_KNOTS((2,2),(5,5),(
    0.,1.),(0.,1.),.PIECEWISE_BEZIER_KNOTS.) 
GEOMETRIC_REPRESENTATION_ITEM() RATIONAL_B_SPLINE_SURFACE((
    (1.,1.,1.,1.,1.)
,(1.,1.,1.,1.,1.))) REPRESENTATION_ITEM('') SURFACE() );
#276 = CARTESIAN_POINT('',(4.5,-4.548102665471,13.288599116816));
#277 = CARTESIAN_POINT('',(6.99699226835,-3.8073395941,12.73685184946));
#278 = CARTESIAN_POINT('',(9.49619961206,-2.993958787036,12.222729454786
    ));
#279 = CARTESIAN_POINT('',(11.997267503446,-2.117258892586,
    11.759244828932));
#280 = CARTESIAN_POINT('',(14.5,-1.190235290175,11.355219511952));
#281 = CARTESIAN_POINT('',(4.5,-5.600126975277,11.828035920108));
#282 = CARTESIAN_POINT('',(6.99699226835,-4.762013601881,11.206168442614
    ));
#283 = CARTESIAN_POINT('',(9.49619961206,-3.844961956821,10.630513834161
    ));
#284 = CARTESIAN_POINT('',(11.997267503446,-2.859423527581,
    10.114966258727));
#285 = CARTESIAN_POINT('',(14.5,-1.819743010346,9.668886202596));
#286 = DEFINITIONAL_REPRESENTATION('',(#287),#294);
#287 = B_SPLINE_CURVE_WITH_KNOTS('',5,(#288,#289,#290,#291,#292,#293),
  .UNSPECIFIED.,.F.,.F.,(6,6),(0.,1.),.PIECEWISE_BEZIER_KNOTS.);
#288 = CARTESIAN_POINT('',(1.,0.880147026914));
#289 = CARTESIAN_POINT('',(0.799779076124,0.882705575594));
#290 = CARTESIAN_POINT('',(0.59967518587,0.885026381478));
#291 = CARTESIAN_POINT('',(0.399681536313,0.887123532893));
#292 = CARTESIAN_POINT('',(0.199792017588,0.889008031331));
#293 = CARTESIAN_POINT('',(0.,0.890688906964));
#294 = ( GEOMETRIC_REPRESENTATION_CONTEXT(2) 
PARAMETRIC_REPRESENTATION_CONTEXT() REPRESENTATION_CONTEXT('2D SPACE',''
  ) );
#295 = ADVANCED_FACE('',(#296),#80,.T.);
#296 = FACE_BOUND('',#297,.T.);
#297 = EDGE_LOOP('',(#298,#323,#349,#392,#427,#453,#476));
#298 = ORIENTED_EDGE('',*,*,#299,.F.);
#299 = EDGE_CURVE('',#300,#22,#302,.T.);
#300 = VERTEX_POINT('',#301);
#301 = CARTESIAN_POINT('',(4.5,-5.600126975277,11.828035920108));
#302 = SURFACE_CURVE('',#303,(#309,#316),.PCURVE_S1.);
#303 = ( BOUNDED_CURVE() B_SPLINE_CURVE(4,(#304,#305,#306,#307,#308),
.UNSPECIFIED.,.F.,.F.) B_SPLINE_CURVE_WITH_KNOTS((5,5),(0.,1.),
.PIECEWISE_BEZIER_KNOTS.) CURVE() GEOMETRIC_REPRESENTATION_ITEM() 
RATIONAL_B_SPLINE_CURVE((1.,1.,1.,1.,1.)) REPRESENTATION_ITEM('') );
#304 = CARTESIAN_POINT('',(4.5,-5.600126975277,11.828035920108));
#305 = CARTESIAN_POINT('',(6.99699226835,-4.762013601881,11.206168442614
    ));
#306 = CARTESIAN_POINT('',(9.49619961206,-3.844961956821,10.630513834161
    ));
#307 = CARTESIAN_POINT('',(11.997267503446,-2.859423527581,
    10.114966258727));
#308 = CARTESIAN_POINT('',(14.5,-1.819743010346,9.668886202596));
#309 = PCURVE('',#80,#310);
#310 = DEFINITIONAL_REPRESENTATION('',(#311),#315);
#311 = LINE('',#312,#313);
#312 = CARTESIAN_POINT('',(1.,0.));
#313 = VECTOR('',#314,1.);
#314 = DIRECTION('',(0.,1.));
#315 = ( GEOMETRIC_REPRESENTATION_CONTEXT(2) 
PARAMETRIC_REPRESENTATION_CONTEXT() REPRESENTATION_CONTEXT('2D SPACE',''
  ) );
#316 = PCURVE('',#275,#317);
#317 = DEFINITIONAL_REPRESENTATION('',(#318),#322);
#318 = LINE('',#319,#320);
#319 = CARTESIAN_POINT('',(1.,0.));
#320 = VECTOR('',#321,1.);
#321 = DIRECTION('',(0.,1.));
#322 = ( GEOMETRIC_REPRESENTATION_CONTEXT(2) 
PARAMETRIC_REPRESENTATION_CONTEXT() REPRESENTATION_CONTEXT('2D SPACE',''
  ) );
#323 = ORIENTED_EDGE('',*,*,#324,.T.);
#324 = EDGE_CURVE('',#300,#325,#327,.T.);
#325 = VERTEX_POINT('',#326);
#326 = CARTESIAN_POINT('',(4.5,-2.17944947177,9.364167257795));
#327 = SURFACE_CURVE('',#328,(#331,#338),.PCURVE_S1.);
#328 = B_SPLINE_CURVE_WITH_KNOTS('',1,(#329,#330),.UNSPECIFIED.,.F.,.F.,
  (2,2),(1.,2.),.PIECEWISE_BEZIER_KNOTS.);
#329 = CARTESIAN_POINT('',(4.5,-5.600126975277,11.828035920108));
#330 = CARTESIAN_POINT('',(4.5,4.28015347304,4.711400883184));
#331 = PCURVE('',#80,#332);
#332 = DEFINITIONAL_REPRESENTATION('',(#333),#337);
#333 = LINE('',#334,#335);
#334 = CARTESIAN_POINT('',(0.,0.));
#335 = VECTOR('',#336,1.);
#336 = DIRECTION('',(1.,0.));
#337 = ( GEOMETRIC_REPRESENTATION_CONTEXT(2) 
PARAMETRIC_REPRESENTATION_CONTEXT() REPRESENTATION_CONTEXT('2D SPACE',''
  ) );
#338 = PCURVE('',#339,#344);
#339 = PLANE('',#340);
#340 = AXIS2_PLACEMENT_3D('',#341,#342,#343);
#341 = CARTESIAN_POINT('',(4.5,-4.548102665471,13.288599116816));
#342 = DIRECTION('',(1.,0.,1.110223024625E-16));
#343 = DIRECTION('',(7.736421732913E-17,0.717231547922,-0.696834920671)
  );
#344 = DEFINITIONAL_REPRESENTATION('',(#345),#348);
#345 = B_SPLINE_CURVE_WITH_KNOTS('',1,(#346,#347),.UNSPECIFIED.,.F.,.F.,
  (2,2),(1.,2.),.PIECEWISE_BEZIER_KNOTS.);
#346 = CARTESIAN_POINT('',(0.263226415139,-1.780649278879));
#347 = CARTESIAN_POINT('',(12.308795066381,3.885780586188E-16));
#348 = ( GEOMETRIC_REPRESENTATION_CONTEXT(2) 
PARAMETRIC_REPRESENTATION_CONTEXT() REPRESENTATION_CONTEXT('2D SPACE',''
  ) );
#349 = ORIENTED_EDGE('',*,*,#350,.T.);
#350 = EDGE_CURVE('',#325,#351,#353,.T.);
#351 = VERTEX_POINT('',#352);
#352 = CARTESIAN_POINT('',(5.,-1.224646799147E-15,7.901302851201));
#353 = SURFACE_CURVE('',#354,(#363,#375),.PCURVE_S1.);
#354 = B_SPLINE_CURVE_WITH_KNOTS('',7,(#355,#356,#357,#358,#359,#360,
    #361,#362),.UNSPECIFIED.,.F.,.F.,(8,8),(0.,1.),
  .PIECEWISE_BEZIER_KNOTS.);
#355 = CARTESIAN_POINT('',(4.5,-2.17944947177,9.364167257795));
#356 = CARTESIAN_POINT('',(4.646153841866,-1.877679553764,9.166010732664
    ));
#357 = CARTESIAN_POINT('',(4.766409136771,-1.569201760873,8.963289709388
    ));
#358 = CARTESIAN_POINT('',(4.861346832202,-1.256207386074,8.756771601382
    ));
#359 = CARTESIAN_POINT('',(4.931476271736,-0.940830985812,8.546988272157
    ));
#360 = CARTESIAN_POINT('',(4.977440760138,-0.625113552362,8.334316245793
    ));
#361 = CARTESIAN_POINT('',(5.,-0.310938820616,8.119024566003));
#362 = CARTESIAN_POINT('',(5.,-1.33226762955E-15,7.901302851201));
#363 = PCURVE('',#80,#364);
#364 = DEFINITIONAL_REPRESENTATION('',(#365),#374);
#365 = B_SPLINE_CURVE_WITH_KNOTS('',7,(#366,#367,#368,#369,#370,#371,
    #372,#373),.UNSPECIFIED.,.F.,.F.,(8,8),(0.,1.),
  .PIECEWISE_BEZIER_KNOTS.);
#366 = CARTESIAN_POINT('',(1.346212591981,0.));
#367 = CARTESIAN_POINT('',(1.372283919307,1.463298902827E-02));
#368 = CARTESIAN_POINT('',(1.399905290622,2.667233898005E-02));
#369 = CARTESIAN_POINT('',(1.428828861031,3.617664292652E-02));
#370 = CARTESIAN_POINT('',(1.458802306715,4.319719026727E-02));
#371 = CARTESIAN_POINT('',(1.489569408894,4.779856774655E-02));
#372 = CARTESIAN_POINT('',(1.520883380197,5.005691060813E-02));
#373 = CARTESIAN_POINT('',(1.552515558517,5.005691060813E-02));
#374 = ( GEOMETRIC_REPRESENTATION_CONTEXT(2) 
PARAMETRIC_REPRESENTATION_CONTEXT() REPRESENTATION_CONTEXT('2D SPACE',''
  ) );
#375 = PCURVE('',#376,#381);
#376 = CYLINDRICAL_SURFACE('',#377,5.);
#377 = AXIS2_PLACEMENT_3D('',#378,#379,#380);
#378 = CARTESIAN_POINT('',(0.,0.,0.));
#379 = DIRECTION('',(0.,0.,1.));
#380 = DIRECTION('',(1.,0.,-0.));
#381 = DEFINITIONAL_REPRESENTATION('',(#382),#391);
#382 = B_SPLINE_CURVE_WITH_KNOTS('',7,(#383,#384,#385,#386,#387,#388,
    #389,#390),.UNSPECIFIED.,.F.,.F.,(8,8),(0.,1.),
  .PIECEWISE_BEZIER_KNOTS.);
#383 = CARTESIAN_POINT('',(5.832158495383,9.364167257795));
#384 = CARTESIAN_POINT('',(5.899218477163,9.166010732664));
#385 = CARTESIAN_POINT('',(5.965228115402,8.963289709388));
#386 = CARTESIAN_POINT('',(6.030336019962,8.756771601382));
#387 = CARTESIAN_POINT('',(6.094626183552,8.546988272157));
#388 = CARTESIAN_POINT('',(6.15816262284,8.334316245793));
#389 = CARTESIAN_POINT('',(6.220997543056,8.119024566003));
#390 = CARTESIAN_POINT('',(6.28318530718,7.901302851201));
#391 = ( GEOMETRIC_REPRESENTATION_CONTEXT(2) 
PARAMETRIC_REPRESENTATION_CONTEXT() REPRESENTATION_CONTEXT('2D SPACE',''
  ) );
#392 = ORIENTED_EDGE('',*,*,#393,.T.);
#393 = EDGE_CURVE('',#351,#394,#396,.T.);
#394 = VERTEX_POINT('',#395);
#395 = CARTESIAN_POINT('',(4.5,2.17944947177,6.224510129004));
#396 = SURFACE_CURVE('',#397,(#405,#416),.PCURVE_S1.);
#397 = B_SPLINE_CURVE_WITH_KNOTS('',6,(#398,#399,#400,#401,#402,#403,
    #404),.UNSPECIFIED.,.F.,.F.,(7,7),(0.,1.),.PIECEWISE_BEZIER_KNOTS.);
#398 = CARTESIAN_POINT('',(5.,-1.291071955904E-15,7.901302851201));
#399 = CARTESIAN_POINT('',(5.,0.387421798594,7.630027176539));
#400 = CARTESIAN_POINT('',(4.963977532403,0.769601366381,7.354923713728)
  );
#401 = CARTESIAN_POINT('',(4.89375693241,1.142861114133,7.076450142143)
  );
#402 = CARTESIAN_POINT('',(4.791471412403,1.503935231322,6.794949747187)
  );
#403 = CARTESIAN_POINT('',(4.659475578432,1.850173610027,6.510820253799)
  );
#404 = CARTESIAN_POINT('',(4.5,2.17944947177,6.224510129004));
#405 = PCURVE('',#80,#406);
#406 = DEFINITIONAL_REPRESENTATION('',(#407),#415);
#407 = B_SPLINE_CURVE_WITH_KNOTS('',6,(#408,#409,#410,#411,#412,#413,
    #414),.UNSPECIFIED.,.F.,.F.,(7,7),(0.,1.),.PIECEWISE_BEZIER_KNOTS.);
#408 = CARTESIAN_POINT('',(1.552515558517,5.005691060813E-02));
#409 = CARTESIAN_POINT('',(1.591928441713,5.005691060813E-02));
#410 = CARTESIAN_POINT('',(1.631841782338,4.645080125197E-02));
#411 = CARTESIAN_POINT('',(1.671760677129,3.942121242647E-02));
#412 = CARTESIAN_POINT('',(1.711226708098,2.918143616042E-02));
#413 = CARTESIAN_POINT('',(1.749865270483,1.596676734376E-02));
#414 = CARTESIAN_POINT('',(1.787384172721,0.));
#415 = ( GEOMETRIC_REPRESENTATION_CONTEXT(2) 
PARAMETRIC_REPRESENTATION_CONTEXT() REPRESENTATION_CONTEXT('2D SPACE',''
  ) );
#416 = PCURVE('',#376,#417);
#417 = DEFINITIONAL_REPRESENTATION('',(#418),#426);
#418 = B_SPLINE_CURVE_WITH_KNOTS('',6,(#419,#420,#421,#422,#423,#424,
    #425),.UNSPECIFIED.,.F.,.F.,(7,7),(0.,1.),.PIECEWISE_BEZIER_KNOTS.);
#419 = CARTESIAN_POINT('',(0.,7.901302851201));
#420 = CARTESIAN_POINT('',(7.748435971889E-02,7.630027176539));
#421 = CARTESIAN_POINT('',(0.153920366462,7.354923713728));
#422 = CARTESIAN_POINT('',(0.229409203214,7.076450142143));
#423 = CARTESIAN_POINT('',(0.304024243782,6.794949747187));
#424 = CARTESIAN_POINT('',(0.377854398076,6.510820253799));
#425 = CARTESIAN_POINT('',(0.451026811796,6.224510129004));
#426 = ( GEOMETRIC_REPRESENTATION_CONTEXT(2) 
PARAMETRIC_REPRESENTATION_CONTEXT() REPRESENTATION_CONTEXT('2D SPACE',''
  ) );
#427 = ORIENTED_EDGE('',*,*,#428,.T.);
#428 = EDGE_CURVE('',#394,#429,#431,.T.);
#429 = VERTEX_POINT('',#430);
#430 = CARTESIAN_POINT('',(4.5,4.28015347304,4.711400883184));
#431 = SURFACE_CURVE('',#432,(#435,#442),.PCURVE_S1.);
#432 = B_SPLINE_CURVE_WITH_KNOTS('',1,(#433,#434),.UNSPECIFIED.,.F.,.F.,
  (2,2),(1.,2.),.PIECEWISE_BEZIER_KNOTS.);
#433 = CARTESIAN_POINT('',(4.5,-5.600126975277,11.828035920108));
#434 = CARTESIAN_POINT('',(4.5,4.28015347304,4.711400883184));
#435 = PCURVE('',#80,#436);
#436 = DEFINITIONAL_REPRESENTATION('',(#437),#441);
#437 = LINE('',#438,#439);
#438 = CARTESIAN_POINT('',(0.,0.));
#439 = VECTOR('',#440,1.);
#440 = DIRECTION('',(1.,0.));
#441 = ( GEOMETRIC_REPRESENTATION_CONTEXT(2) 
PARAMETRIC_REPRESENTATION_CONTEXT() REPRESENTATION_CONTEXT('2D SPACE',''
  ) );
#442 = PCURVE('',#443,#448);
#443 = PLANE('',#444);
#444 = AXIS2_PLACEMENT_3D('',#445,#446,#447);
#445 = CARTESIAN_POINT('',(4.5,-4.548102665471,13.288599116816));
#446 = DIRECTION('',(1.,0.,1.110223024625E-16));
#447 = DIRECTION('',(7.736421732913E-17,0.717231547922,-0.696834920671)
  );
#448 = DEFINITIONAL_REPRESENTATION('',(#449),#452);
#449 = B_SPLINE_CURVE_WITH_KNOTS('',1,(#450,#451),.UNSPECIFIED.,.F.,.F.,
  (2,2),(1.,2.),.PIECEWISE_BEZIER_KNOTS.);
#450 = CARTESIAN_POINT('',(0.263226415139,-1.780649278879));
#451 = CARTESIAN_POINT('',(12.308795066381,3.885780586188E-16));
#452 = ( GEOMETRIC_REPRESENTATION_CONTEXT(2) 
PARAMETRIC_REPRESENTATION_CONTEXT() REPRESENTATION_CONTEXT('2D SPACE',''
  ) );
#453 = ORIENTED_EDGE('',*,*,#454,.T.);
#454 = EDGE_CURVE('',#429,#24,#455,.T.);
#455 = SURFACE_CURVE('',#456,(#462,#469),.PCURVE_S1.);
#456 = ( BOUNDED_CURVE() B_SPLINE_CURVE(4,(#457,#458,#459,#460,#461),
.UNSPECIFIED.,.F.,.F.) B_SPLINE_CURVE_WITH_KNOTS((5,5),(0.,1.),
.PIECEWISE_BEZIER_KNOTS.) CURVE() GEOMETRIC_REPRESENTATION_ITEM() 
RATIONAL_B_SPLINE_CURVE((1.,1.,1.,1.,1.)) REPRESENTATION_ITEM('') );
#457 = CARTESIAN_POINT('',(4.5,4.28015347304,4.711400883184));
#458 = CARTESIAN_POINT('',(6.99699226835,4.877524525292,5.26314815054));
#459 = CARTESIAN_POINT('',(9.49619961206,5.403464897157,5.777270545214)
  );
#460 = CARTESIAN_POINT('',(11.997267503446,5.867083246131,6.240755171068
    ));
#461 = CARTESIAN_POINT('',(14.5,6.281269946366,6.644780488048));
#462 = PCURVE('',#80,#463);
#463 = DEFINITIONAL_REPRESENTATION('',(#464),#468);
#464 = LINE('',#465,#466);
#465 = CARTESIAN_POINT('',(2.,0.));
#466 = VECTOR('',#467,1.);
#467 = DIRECTION('',(0.,1.));
#468 = ( GEOMETRIC_REPRESENTATION_CONTEXT(2) 
PARAMETRIC_REPRESENTATION_CONTEXT() REPRESENTATION_CONTEXT('2D SPACE',''
  ) );
#469 = PCURVE('',#142,#470);
#470 = DEFINITIONAL_REPRESENTATION('',(#471),#475);
#471 = LINE('',#472,#473);
#472 = CARTESIAN_POINT('',(2.,0.));
#473 = VECTOR('',#474,1.);
#474 = DIRECTION('',(0.,1.));
#475 = ( GEOMETRIC_REPRESENTATION_CONTEXT(2) 
PARAMETRIC_REPRESENTATION_CONTEXT() REPRESENTATION_CONTEXT('2D SPACE',''
  ) );
#476 = ORIENTED_EDGE('',*,*,#21,.F.);
#477 = ADVANCED_FACE('',(#478),#142,.T.);
#478 = FACE_BOUND('',#479,.T.);
#479 = EDGE_LOOP('',(#480,#481,#502,#525));
#480 = ORIENTED_EDGE('',*,*,#454,.F.);
#481 = ORIENTED_EDGE('',*,*,#482,.T.);
#482 = EDGE_CURVE('',#429,#483,#485,.T.);
#483 = VERTEX_POINT('',#484);
#484 = CARTESIAN_POINT('',(4.5,5.332177782846,6.171964079892));
#485 = SURFACE_CURVE('',#486,(#489,#496),.PCURVE_S1.);
#486 = B_SPLINE_CURVE_WITH_KNOTS('',1,(#487,#488),.UNSPECIFIED.,.F.,.F.,
  (2,2),(2.,3.),.PIECEWISE_BEZIER_KNOTS.);
#487 = CARTESIAN_POINT('',(4.5,4.28015347304,4.711400883184));
#488 = CARTESIAN_POINT('',(4.5,5.332177782846,6.171964079892));
#489 = PCURVE('',#142,#490);
#490 = DEFINITIONAL_REPRESENTATION('',(#491),#495);
#491 = LINE('',#492,#493);
#492 = CARTESIAN_POINT('',(0.,0.));
#493 = VECTOR('',#494,1.);
#494 = DIRECTION('',(1.,0.));
#495 = ( GEOMETRIC_REPRESENTATION_CONTEXT(2) 
PARAMETRIC_REPRESENTATION_CONTEXT() REPRESENTATION_CONTEXT('2D SPACE',''
  ) );
#496 = PCURVE('',#443,#497);
#497 = DEFINITIONAL_REPRESENTATION('',(#498),#501);
#498 = B_SPLINE_CURVE_WITH_KNOTS('',1,(#499,#500),.UNSPECIFIED.,.F.,.F.,
  (2,2),(2.,3.),.PIECEWISE_BEZIER_KNOTS.);
#499 = CARTESIAN_POINT('',(12.308795066381,3.885780586188E-16));
#500 = CARTESIAN_POINT('',(12.045568651242,1.780649278879));
#501 = ( GEOMETRIC_REPRESENTATION_CONTEXT(2) 
PARAMETRIC_REPRESENTATION_CONTEXT() REPRESENTATION_CONTEXT('2D SPACE',''
  ) );
#502 = ORIENTED_EDGE('',*,*,#503,.T.);
#503 = EDGE_CURVE('',#483,#121,#504,.T.);
#504 = SURFACE_CURVE('',#505,(#511,#518),.PCURVE_S1.);
#505 = ( BOUNDED_CURVE() B_SPLINE_CURVE(4,(#506,#507,#508,#509,#510),
.UNSPECIFIED.,.F.,.F.) B_SPLINE_CURVE_WITH_KNOTS((5,5),(0.,1.),
.PIECEWISE_BEZIER_KNOTS.) CURVE() GEOMETRIC_REPRESENTATION_ITEM() 
RATIONAL_B_SPLINE_CURVE((1.,1.,1.,1.,1.)) REPRESENTATION_ITEM('') );
#506 = CARTESIAN_POINT('',(4.5,5.332177782846,6.171964079892));
#507 = CARTESIAN_POINT('',(6.99699226835,5.832198533072,6.793831557386)
  );
#508 = CARTESIAN_POINT('',(9.49619961206,6.254468066942,7.369486165839)
  );
#509 = CARTESIAN_POINT('',(11.997267503446,6.609247881127,7.885033741273
    ));
#510 = CARTESIAN_POINT('',(14.5,6.910777666537,8.331113797404));
#511 = PCURVE('',#142,#512);
#512 = DEFINITIONAL_REPRESENTATION('',(#513),#517);
#513 = LINE('',#514,#515);
#514 = CARTESIAN_POINT('',(3.,0.));
#515 = VECTOR('',#516,1.);
#516 = DIRECTION('',(0.,1.));
#517 = ( GEOMETRIC_REPRESENTATION_CONTEXT(2) 
PARAMETRIC_REPRESENTATION_CONTEXT() REPRESENTATION_CONTEXT('2D SPACE',''
  ) );
#518 = PCURVE('',#215,#519);
#519 = DEFINITIONAL_REPRESENTATION('',(#520),#524);
#520 = LINE('',#521,#522);
#521 = CARTESIAN_POINT('',(3.,0.));
#522 = VECTOR('',#523,1.);
#523 = DIRECTION('',(0.,1.));
#524 = ( GEOMETRIC_REPRESENTATION_CONTEXT(2) 
PARAMETRIC_REPRESENTATION_CONTEXT() REPRESENTATION_CONTEXT('2D SPACE',''
  ) );
#525 = ORIENTED_EDGE('',*,*,#120,.T.);
#526 = ADVANCED_FACE('',(#527),#215,.T.);
#527 = FACE_BOUND('',#528,.T.);
#528 = EDGE_LOOP('',(#529,#530,#551,#586,#624,#645,#668));
#529 = ORIENTED_EDGE('',*,*,#503,.F.);
#530 = ORIENTED_EDGE('',*,*,#531,.T.);
#531 = EDGE_CURVE('',#483,#532,#534,.T.);
#532 = VERTEX_POINT('',#533);
#533 = CARTESIAN_POINT('',(4.5,2.17944947177,8.44283249075));
#534 = SURFACE_CURVE('',#535,(#538,#545),.PCURVE_S1.);
#535 = B_SPLINE_CURVE_WITH_KNOTS('',1,(#536,#537),.UNSPECIFIED.,.F.,.F.,
  (2,2),(3.,4.),.PIECEWISE_BEZIER_KNOTS.);
#536 = CARTESIAN_POINT('',(4.5,5.332177782846,6.171964079892));
#537 = CARTESIAN_POINT('',(4.5,-4.548102665471,13.288599116816));
#538 = PCURVE('',#215,#539);
#539 = DEFINITIONAL_REPRESENTATION('',(#540),#544);
#540 = LINE('',#541,#542);
#541 = CARTESIAN_POINT('',(0.,0.));
#542 = VECTOR('',#543,1.);
#543 = DIRECTION('',(1.,0.));
#544 = ( GEOMETRIC_REPRESENTATION_CONTEXT(2) 
PARAMETRIC_REPRESENTATION_CONTEXT() REPRESENTATION_CONTEXT('2D SPACE',''
  ) );
#545 = PCURVE('',#443,#546);
#546 = DEFINITIONAL_REPRESENTATION('',(#547),#550);
#547 = B_SPLINE_CURVE_WITH_KNOTS('',1,(#548,#549),.UNSPECIFIED.,.F.,.F.,
  (2,2),(3.,4.),.PIECEWISE_BEZIER_KNOTS.);
#548 = CARTESIAN_POINT('',(12.045568651242,1.780649278879));
#549 = CARTESIAN_POINT('',(0.,0.));
#550 = ( GEOMETRIC_REPRESENTATION_CONTEXT(2) 
PARAMETRIC_REPRESENTATION_CONTEXT() REPRESENTATION_CONTEXT('2D SPACE',''
  ) );
#551 = ORIENTED_EDGE('',*,*,#552,.T.);
#552 = EDGE_CURVE('',#532,#553,#555,.T.);
#553 = VERTEX_POINT('',#554);
#554 = CARTESIAN_POINT('',(5.,-1.224646799147E-15,10.098697148799));
#555 = SURFACE_CURVE('',#556,(#564,#575),.PCURVE_S1.);
#556 = B_SPLINE_CURVE_WITH_KNOTS('',6,(#557,#558,#559,#560,#561,#562,
    #563),.UNSPECIFIED.,.F.,.F.,(7,7),(0.,1.),.PIECEWISE_BEZIER_KNOTS.);
#557 = CARTESIAN_POINT('',(4.5,2.17944947177,8.44283249075));
#558 = CARTESIAN_POINT('',(4.660493904434,1.848071029963,8.724125590148)
  );
#559 = CARTESIAN_POINT('',(4.79275422419,1.500342612175,9.003792361924)
  );
#560 = CARTESIAN_POINT('',(4.894761684728,1.138605872692,9.281403623602)
  );
#561 = CARTESIAN_POINT('',(4.964441448613,0.765680080216,9.556620687152)
  );
#562 = CARTESIAN_POINT('',(5.,0.38491834064,9.829174414338));
#563 = CARTESIAN_POINT('',(5.,-9.327755654059E-16,10.098697148799));
#564 = PCURVE('',#215,#565);
#565 = DEFINITIONAL_REPRESENTATION('',(#566),#574);
#566 = B_SPLINE_CURVE_WITH_KNOTS('',6,(#567,#568,#569,#570,#571,#572,
    #573),.UNSPECIFIED.,.F.,.F.,(7,7),(0.,1.),.PIECEWISE_BEZIER_KNOTS.);
#567 = CARTESIAN_POINT('',(3.319092998176,0.));
#568 = CARTESIAN_POINT('',(3.356384932107,1.606872260564E-02));
#569 = CARTESIAN_POINT('',(3.394800301827,2.93098614298E-02));
#570 = CARTESIAN_POINT('',(3.434033699263,3.952179539246E-02));
#571 = CARTESIAN_POINT('',(3.47370390692,4.649724261563E-02));
#572 = CARTESIAN_POINT('',(3.513357355094,5.005691060813E-02));
#573 = CARTESIAN_POINT('',(3.552515558517,5.005691060813E-02));
#574 = ( GEOMETRIC_REPRESENTATION_CONTEXT(2) 
PARAMETRIC_REPRESENTATION_CONTEXT() REPRESENTATION_CONTEXT('2D SPACE',''
  ) );
#575 = PCURVE('',#376,#576);
#576 = DEFINITIONAL_REPRESENTATION('',(#577),#585);
#577 = B_SPLINE_CURVE_WITH_KNOTS('',6,(#578,#579,#580,#581,#582,#583,
    #584),.UNSPECIFIED.,.F.,.F.,(7,7),(0.,1.),.PIECEWISE_BEZIER_KNOTS.);
#578 = CARTESIAN_POINT('',(0.451026811796,8.44283249075));
#579 = CARTESIAN_POINT('',(0.377387158061,8.724125590148));
#580 = CARTESIAN_POINT('',(0.303265747986,9.003792361924));
#581 = CARTESIAN_POINT('',(0.22854204534,9.281403623602));
#582 = CARTESIAN_POINT('',(0.153136106291,9.556620687152));
#583 = CARTESIAN_POINT('',(7.698366812806E-02,9.829174414338));
#584 = CARTESIAN_POINT('',(0.,10.098697148799));
#585 = ( GEOMETRIC_REPRESENTATION_CONTEXT(2) 
PARAMETRIC_REPRESENTATION_CONTEXT() REPRESENTATION_CONTEXT('2D SPACE',''
  ) );
#586 = ORIENTED_EDGE('',*,*,#587,.T.);
#587 = EDGE_CURVE('',#553,#588,#590,.T.);
#588 = VERTEX_POINT('',#589);
#589 = CARTESIAN_POINT('',(4.5,-2.17944947177,11.582489619541));
#590 = SURFACE_CURVE('',#591,(#600,#612),.PCURVE_S1.);
#591 = B_SPLINE_CURVE_WITH_KNOTS('',7,(#592,#593,#594,#595,#596,#597,
    #598,#599),.UNSPECIFIED.,.F.,.F.,(8,8),(0.,1.),
  .PIECEWISE_BEZIER_KNOTS.);
#592 = CARTESIAN_POINT('',(5.,-8.881784197001E-16,10.098697148799));
#593 = CARTESIAN_POINT('',(5.,-0.312903683458,10.317794675428));
#594 = CARTESIAN_POINT('',(4.977154723749,-0.628441949502,
    10.534919857024));
#595 = CARTESIAN_POINT('',(4.93077105039,-0.944847441242,10.749913771881
    ));
#596 = CARTESIAN_POINT('',(4.860266608179,-1.260203160578,10.96255646227
    ));
#597 = CARTESIAN_POINT('',(4.765190634487,-1.572480256568,
    11.172535468687));
#598 = CARTESIAN_POINT('',(4.645224795491,-1.879597794466,
    11.379398698611));
#599 = CARTESIAN_POINT('',(4.5,-2.17944947177,11.582489619541));
#600 = PCURVE('',#215,#601);
#601 = DEFINITIONAL_REPRESENTATION('',(#602),#611);
#602 = B_SPLINE_CURVE_WITH_KNOTS('',7,(#603,#604,#605,#606,#607,#608,
    #609,#610),.UNSPECIFIED.,.F.,.F.,(8,8),(0.,1.),
  .PIECEWISE_BEZIER_KNOTS.);
#603 = CARTESIAN_POINT('',(3.552515558517,5.005691060813E-02));
#604 = CARTESIAN_POINT('',(3.584347624685,5.005691060813E-02));
#605 = CARTESIAN_POINT('',(3.615857848949,4.77699334339E-02));
#606 = CARTESIAN_POINT('',(3.646815799053,4.312659253089E-02));
#607 = CARTESIAN_POINT('',(3.676978192981,3.606850251822E-02));
#608 = CARTESIAN_POINT('',(3.706098059047,2.655035039821E-02));
#609 = CARTESIAN_POINT('',(3.733936819628,1.453997248329E-02));
#610 = CARTESIAN_POINT('',(3.760264578916,0.));
#611 = ( GEOMETRIC_REPRESENTATION_CONTEXT(2) 
PARAMETRIC_REPRESENTATION_CONTEXT() REPRESENTATION_CONTEXT('2D SPACE',''
  ) );
#612 = PCURVE('',#376,#613);
#613 = DEFINITIONAL_REPRESENTATION('',(#614),#623);
#614 = B_SPLINE_CURVE_WITH_KNOTS('',7,(#615,#616,#617,#618,#619,#620,
    #621,#622),.UNSPECIFIED.,.F.,.F.,(8,8),(0.,1.),
  .PIECEWISE_BEZIER_KNOTS.);
#615 = CARTESIAN_POINT('',(6.28318530718,10.098697148799));
#616 = CARTESIAN_POINT('',(6.220604570488,10.317794675428));
#617 = CARTESIAN_POINT('',(6.157496938087,10.534919857024));
#618 = CARTESIAN_POINT('',(6.093815420943,10.749913771881));
#619 = CARTESIAN_POINT('',(6.029513296192,10.96255646227));
#620 = CARTESIAN_POINT('',(5.964531755194,11.172535468687));
#621 = CARTESIAN_POINT('',(5.898792201451,11.379398698611));
#622 = CARTESIAN_POINT('',(5.832158495383,11.582489619541));
#623 = ( GEOMETRIC_REPRESENTATION_CONTEXT(2) 
PARAMETRIC_REPRESENTATION_CONTEXT() REPRESENTATION_CONTEXT('2D SPACE',''
  ) );
#624 = ORIENTED_EDGE('',*,*,#625,.T.);
#625 = EDGE_CURVE('',#588,#626,#628,.T.);
#626 = VERTEX_POINT('',#627);
#627 = CARTESIAN_POINT('',(4.5,-4.548102665471,13.288599116816));
#628 = SURFACE_CURVE('',#629,(#632,#639),.PCURVE_S1.);
#629 = B_SPLINE_CURVE_WITH_KNOTS('',1,(#630,#631),.UNSPECIFIED.,.F.,.F.,
  (2,2),(3.,4.),.PIECEWISE_BEZIER_KNOTS.);
#630 = CARTESIAN_POINT('',(4.5,5.332177782846,6.171964079892));
#631 = CARTESIAN_POINT('',(4.5,-4.548102665471,13.288599116816));
#632 = PCURVE('',#215,#633);
#633 = DEFINITIONAL_REPRESENTATION('',(#634),#638);
#634 = LINE('',#635,#636);
#635 = CARTESIAN_POINT('',(0.,0.));
#636 = VECTOR('',#637,1.);
#637 = DIRECTION('',(1.,0.));
#638 = ( GEOMETRIC_REPRESENTATION_CONTEXT(2) 
PARAMETRIC_REPRESENTATION_CONTEXT() REPRESENTATION_CONTEXT('2D SPACE',''
  ) );
#639 = PCURVE('',#339,#640);
#640 = DEFINITIONAL_REPRESENTATION('',(#641),#644);
#641 = B_SPLINE_CURVE_WITH_KNOTS('',1,(#642,#643),.UNSPECIFIED.,.F.,.F.,
  (2,2),(3.,4.),.PIECEWISE_BEZIER_KNOTS.);
#642 = CARTESIAN_POINT('',(12.045568651242,1.780649278879));
#643 = CARTESIAN_POINT('',(0.,0.));
#644 = ( GEOMETRIC_REPRESENTATION_CONTEXT(2) 
PARAMETRIC_REPRESENTATION_CONTEXT() REPRESENTATION_CONTEXT('2D SPACE',''
  ) );
#645 = ORIENTED_EDGE('',*,*,#646,.T.);
#646 = EDGE_CURVE('',#626,#164,#647,.T.);
#647 = SURFACE_CURVE('',#648,(#654,#661),.PCURVE_S1.);
#648 = ( BOUNDED_CURVE() B_SPLINE_CURVE(4,(#649,#650,#651,#652,#653),
.UNSPECIFIED.,.F.,.F.) B_SPLINE_CURVE_WITH_KNOTS((5,5),(0.,1.),
.PIECEWISE_BEZIER_KNOTS.) CURVE() GEOMETRIC_REPRESENTATION_ITEM() 
RATIONAL_B_SPLINE_CURVE((1.,1.,1.,1.,1.)) REPRESENTATION_ITEM('') );
#649 = CARTESIAN_POINT('',(4.5,-4.548102665471,13.288599116816));
#650 = CARTESIAN_POINT('',(6.99699226835,-3.8073395941,12.73685184946));
#651 = CARTESIAN_POINT('',(9.49619961206,-2.993958787036,12.222729454786
    ));
#652 = CARTESIAN_POINT('',(11.997267503446,-2.117258892586,
    11.759244828932));
#653 = CARTESIAN_POINT('',(14.5,-1.190235290175,11.355219511952));
#654 = PCURVE('',#215,#655);
#655 = DEFINITIONAL_REPRESENTATION('',(#656),#660);
#656 = LINE('',#657,#658);
#657 = CARTESIAN_POINT('',(4.,0.));
#658 = VECTOR('',#659,1.);
#659 = DIRECTION('',(0.,1.));
#660 = ( GEOMETRIC_REPRESENTATION_CONTEXT(2) 
PARAMETRIC_REPRESENTATION_CONTEXT() REPRESENTATION_CONTEXT('2D SPACE',''
  ) );
#661 = PCURVE('',#275,#662);
#662 = DEFINITIONAL_REPRESENTATION('',(#663),#667);
#663 = LINE('',#664,#665);
#664 = CARTESIAN_POINT('',(0.,0.));
#665 = VECTOR('',#666,1.);
#666 = DIRECTION('',(0.,1.));
#667 = ( GEOMETRIC_REPRESENTATION_CONTEXT(2) 
PARAMETRIC_REPRESENTATION_CONTEXT() REPRESENTATION_CONTEXT('2D SPACE',''
  ) );
#668 = ORIENTED_EDGE('',*,*,#163,.F.);
#669 = ADVANCED_FACE('',(#670),#275,.T.);
#670 = FACE_BOUND('',#671,.T.);
#671 = EDGE_LOOP('',(#672,#673,#692,#693));
#672 = ORIENTED_EDGE('',*,*,#646,.F.);
#673 = ORIENTED_EDGE('',*,*,#674,.T.);
#674 = EDGE_CURVE('',#626,#300,#675,.T.);
#675 = SURFACE_CURVE('',#676,(#679,#686),.PCURVE_S1.);
#676 = B_SPLINE_CURVE_WITH_KNOTS('',1,(#677,#678),.UNSPECIFIED.,.F.,.F.,
  (2,2),(0.,1.),.PIECEWISE_BEZIER_KNOTS.);
#677 = CARTESIAN_POINT('',(4.5,-4.548102665471,13.288599116816));
#678 = CARTESIAN_POINT('',(4.5,-5.600126975277,11.828035920108));
#679 = PCURVE('',#275,#680);
#680 = DEFINITIONAL_REPRESENTATION('',(#681),#685);
#681 = LINE('',#682,#683);
#682 = CARTESIAN_POINT('',(0.,0.));
#683 = VECTOR('',#684,1.);
#684 = DIRECTION('',(1.,0.));
#685 = ( GEOMETRIC_REPRESENTATION_CONTEXT(2) 
PARAMETRIC_REPRESENTATION_CONTEXT() REPRESENTATION_CONTEXT('2D SPACE',''
  ) );
#686 = PCURVE('',#339,#687);
#687 = DEFINITIONAL_REPRESENTATION('',(#688),#691);
#688 = B_SPLINE_CURVE_WITH_KNOTS('',1,(#689,#690),.UNSPECIFIED.,.F.,.F.,
  (2,2),(0.,1.),.PIECEWISE_BEZIER_KNOTS.);
#689 = CARTESIAN_POINT('',(0.,0.));
#690 = CARTESIAN_POINT('',(0.263226415139,-1.780649278879));
#691 = ( GEOMETRIC_REPRESENTATION_CONTEXT(2) 
PARAMETRIC_REPRESENTATION_CONTEXT() REPRESENTATION_CONTEXT('2D SPACE',''
  ) );
#692 = ORIENTED_EDGE('',*,*,#299,.T.);
#693 = ORIENTED_EDGE('',*,*,#255,.T.);
#694 = ADVANCED_FACE('',(#695),#339,.F.);
#695 = FACE_BOUND('',#696,.F.);
#696 = EDGE_LOOP('',(#697,#698,#699,#700));
#697 = ORIENTED_EDGE('',*,*,#625,.T.);
#698 = ORIENTED_EDGE('',*,*,#674,.T.);
#699 = ORIENTED_EDGE('',*,*,#324,.T.);
#700 = ORIENTED_EDGE('',*,*,#701,.T.);
#701 = EDGE_CURVE('',#325,#588,#702,.T.);
#702 = SURFACE_CURVE('',#703,(#707,#713),.PCURVE_S1.);
#703 = LINE('',#704,#705);
#704 = CARTESIAN_POINT('',(4.5,-2.17944947177,4.996003610813E-16));
#705 = VECTOR('',#706,1.);
#706 = DIRECTION('',(0.,0.,1.));
#707 = PCURVE('',#339,#708);
#708 = DEFINITIONAL_REPRESENTATION('',(#709),#712);
#709 = B_SPLINE_CURVE_WITH_KNOTS('',1,(#710,#711),.UNSPECIFIED.,.F.,.F.,
  (2,2),(8.008101617845,13.966509724256),.PIECEWISE_BEZIER_KNOTS.);
#710 = CARTESIAN_POINT('',(5.378507852404,-2.136779134655));
#711 = CARTESIAN_POINT('',(1.22648101225,2.136779134655));
#712 = ( GEOMETRIC_REPRESENTATION_CONTEXT(2) 
PARAMETRIC_REPRESENTATION_CONTEXT() REPRESENTATION_CONTEXT('2D SPACE',''
  ) );
#713 = PCURVE('',#376,#714);
#714 = DEFINITIONAL_REPRESENTATION('',(#715),#718);
#715 = B_SPLINE_CURVE_WITH_KNOTS('',1,(#716,#717),.UNSPECIFIED.,.F.,.F.,
  (2,2),(8.008101617845,13.966509724256),.PIECEWISE_BEZIER_KNOTS.);
#716 = CARTESIAN_POINT('',(5.832158495383,8.008101617845));
#717 = CARTESIAN_POINT('',(5.832158495383,13.966509724256));
#718 = ( GEOMETRIC_REPRESENTATION_CONTEXT(2) 
PARAMETRIC_REPRESENTATION_CONTEXT() REPRESENTATION_CONTEXT('2D SPACE',''
  ) );
#719 = ADVANCED_FACE('',(#720,#848,#1036,#1224),#376,.T.);
#720 = FACE_BOUND('',#721,.T.);
#721 = EDGE_LOOP('',(#722,#723,#746,#773,#774,#775,#794,#795,#818,#845,
    #846,#847));
#722 = ORIENTED_EDGE('',*,*,#587,.F.);
#723 = ORIENTED_EDGE('',*,*,#724,.T.);
#724 = EDGE_CURVE('',#553,#725,#727,.T.);
#725 = VERTEX_POINT('',#726);
#726 = CARTESIAN_POINT('',(5.,-1.224646799147E-15,18.));
#727 = SEAM_CURVE('',#728,(#732,#739),.PCURVE_S1.);
#728 = LINE('',#729,#730);
#729 = CARTESIAN_POINT('',(5.,-1.224646799147E-15,0.));
#730 = VECTOR('',#731,1.);
#731 = DIRECTION('',(0.,0.,1.));
#732 = PCURVE('',#376,#733);
#733 = DEFINITIONAL_REPRESENTATION('',(#734),#738);
#734 = LINE('',#735,#736);
#735 = CARTESIAN_POINT('',(0.,-0.));
#736 = VECTOR('',#737,1.);
#737 = DIRECTION('',(0.,1.));
#738 = ( GEOMETRIC_REPRESENTATION_CONTEXT(2) 
PARAMETRIC_REPRESENTATION_CONTEXT() REPRESENTATION_CONTEXT('2D SPACE',''
  ) );
#739 = PCURVE('',#376,#740);
#740 = DEFINITIONAL_REPRESENTATION('',(#741),#745);
#741 = LINE('',#742,#743);
#742 = CARTESIAN_POINT('',(6.28318530718,-0.));
#743 = VECTOR('',#744,1.);
#744 = DIRECTION('',(0.,1.));
#745 = ( GEOMETRIC_REPRESENTATION_CONTEXT(2) 
PARAMETRIC_REPRESENTATION_CONTEXT() REPRESENTATION_CONTEXT('2D SPACE',''
  ) );
#746 = ORIENTED_EDGE('',*,*,#747,.F.);
#747 = EDGE_CURVE('',#725,#725,#748,.T.);
#748 = SURFACE_CURVE('',#749,(#754,#761),.PCURVE_S1.);
#749 = CIRCLE('',#750,5.);
#750 = AXIS2_PLACEMENT_3D('',#751,#752,#753);
#751 = CARTESIAN_POINT('',(0.,0.,18.));
#752 = DIRECTION('',(0.,0.,1.));
#753 = DIRECTION('',(1.,0.,-0.));
#754 = PCURVE('',#376,#755);
#755 = DEFINITIONAL_REPRESENTATION('',(#756),#760);
#756 = LINE('',#757,#758);
#757 = CARTESIAN_POINT('',(0.,18.));
#758 = VECTOR('',#759,1.);
#759 = DIRECTION('',(1.,0.));
#760 = ( GEOMETRIC_REPRESENTATION_CONTEXT(2) 
PARAMETRIC_REPRESENTATION_CONTEXT() REPRESENTATION_CONTEXT('2D SPACE',''
  ) );
#761 = PCURVE('',#762,#767);
#762 = PLANE('',#763);
#763 = AXIS2_PLACEMENT_3D('',#764,#765,#766);
#764 = CARTESIAN_POINT('',(0.,0.,18.));
#765 = DIRECTION('',(0.,0.,1.));
#766 = DIRECTION('',(1.,0.,-0.));
#767 = DEFINITIONAL_REPRESENTATION('',(#768),#772);
#768 = CIRCLE('',#769,5.);
#769 = AXIS2_PLACEMENT_2D('',#770,#771);
#770 = CARTESIAN_POINT('',(0.,0.));
#771 = DIRECTION('',(1.,0.));
#772 = ( GEOMETRIC_REPRESENTATION_CONTEXT(2) 
PARAMETRIC_REPRESENTATION_CONTEXT() REPRESENTATION_CONTEXT('2D SPACE',''
  ) );
#773 = ORIENTED_EDGE('',*,*,#724,.F.);
#774 = ORIENTED_EDGE('',*,*,#552,.F.);
#775 = ORIENTED_EDGE('',*,*,#776,.F.);
#776 = EDGE_CURVE('',#394,#532,#777,.T.);
#777 = SURFACE_CURVE('',#778,(#782,#788),.PCURVE_S1.);
#778 = LINE('',#779,#780);
#779 = CARTESIAN_POINT('',(4.5,2.17944947177,4.996003610813E-16));
#780 = VECTOR('',#781,1.);
#781 = DIRECTION('',(0.,0.,1.));
#782 = PCURVE('',#376,#783);
#783 = DEFINITIONAL_REPRESENTATION('',(#784),#787);
#784 = B_SPLINE_CURVE_WITH_KNOTS('',1,(#785,#786),.UNSPECIFIED.,.F.,.F.,
  (2,2),(3.773161021136,9.731569127548),.PIECEWISE_BEZIER_KNOTS.);
#785 = CARTESIAN_POINT('',(0.451026811796,3.773161021136));
#786 = CARTESIAN_POINT('',(0.451026811796,9.731569127548));
#787 = ( GEOMETRIC_REPRESENTATION_CONTEXT(2) 
PARAMETRIC_REPRESENTATION_CONTEXT() REPRESENTATION_CONTEXT('2D SPACE',''
  ) );
#788 = PCURVE('',#443,#789);
#789 = DEFINITIONAL_REPRESENTATION('',(#790),#793);
#790 = B_SPLINE_CURVE_WITH_KNOTS('',1,(#791,#792),.UNSPECIFIED.,.F.,.F.,
  (2,2),(3.773161021136,9.731569127548),.PIECEWISE_BEZIER_KNOTS.);
#791 = CARTESIAN_POINT('',(11.455902183665,-2.136779134655));
#792 = CARTESIAN_POINT('',(7.303875343511,2.136779134655));
#793 = ( GEOMETRIC_REPRESENTATION_CONTEXT(2) 
PARAMETRIC_REPRESENTATION_CONTEXT() REPRESENTATION_CONTEXT('2D SPACE',''
  ) );
#794 = ORIENTED_EDGE('',*,*,#393,.F.);
#795 = ORIENTED_EDGE('',*,*,#796,.F.);
#796 = EDGE_CURVE('',#797,#351,#799,.T.);
#797 = VERTEX_POINT('',#798);
#798 = CARTESIAN_POINT('',(5.,-1.224646799147E-15,0.));
#799 = SEAM_CURVE('',#800,(#804,#811),.PCURVE_S1.);
#800 = LINE('',#801,#802);
#801 = CARTESIAN_POINT('',(5.,-1.224646799147E-15,0.));
#802 = VECTOR('',#803,1.);
#803 = DIRECTION('',(0.,0.,1.));
#804 = PCURVE('',#376,#805);
#805 = DEFINITIONAL_REPRESENTATION('',(#806),#810);
#806 = LINE('',#807,#808);
#807 = CARTESIAN_POINT('',(6.28318530718,-0.));
#808 = VECTOR('',#809,1.);
#809 = DIRECTION('',(0.,1.));
#810 = ( GEOMETRIC_REPRESENTATION_CONTEXT(2) 
PARAMETRIC_REPRESENTATION_CONTEXT() REPRESENTATION_CONTEXT('2D SPACE',''
  ) );
#811 = PCURVE('',#376,#812);
#812 = DEFINITIONAL_REPRESENTATION('',(#813),#817);
#813 = LINE('',#814,#815);
#814 = CARTESIAN_POINT('',(0.,-0.));
#815 = VECTOR('',#816,1.);
#816 = DIRECTION('',(0.,1.));
#817 = ( GEOMETRIC_REPRESENTATION_CONTEXT(2) 
PARAMETRIC_REPRESENTATION_CONTEXT() REPRESENTATION_CONTEXT('2D SPACE',''
  ) );
#818 = ORIENTED_EDGE('',*,*,#819,.T.);
#819 = EDGE_CURVE('',#797,#797,#820,.T.);
#820 = SURFACE_CURVE('',#821,(#826,#833),.PCURVE_S1.);
#821 = CIRCLE('',#822,5.);
#822 = AXIS2_PLACEMENT_3D('',#823,#824,#825);
#823 = CARTESIAN_POINT('',(0.,0.,0.));
#824 = DIRECTION('',(0.,0.,1.));
#825 = DIRECTION('',(1.,0.,-0.));
#826 = PCURVE('',#376,#827);
#827 = DEFINITIONAL_REPRESENTATION('',(#828),#832);
#828 = LINE('',#829,#830);
#829 = CARTESIAN_POINT('',(0.,0.));
#830 = VECTOR('',#831,1.);
#831 = DIRECTION('',(1.,0.));
#832 = ( GEOMETRIC_REPRESENTATION_CONTEXT(2) 
PARAMETRIC_REPRESENTATION_CONTEXT() REPRESENTATION_CONTEXT('2D SPACE',''
  ) );
#833 = PCURVE('',#834,#839);
#834 = PLANE('',#835);
#835 = AXIS2_PLACEMENT_3D('',#836,#837,#838);
#836 = CARTESIAN_POINT('',(0.,0.,0.));
#837 = DIRECTION('',(0.,0.,1.));
#838 = DIRECTION('',(1.,0.,-0.));
#839 = DEFINITIONAL_REPRESENTATION('',(#840),#844);
#840 = CIRCLE('',#841,5.);
#841 = AXIS2_PLACEMENT_2D('',#842,#843);
#842 = CARTESIAN_POINT('',(0.,0.));
#843 = DIRECTION('',(1.,0.));
#844 = ( GEOMETRIC_REPRESENTATION_CONTEXT(2) 
PARAMETRIC_REPRESENTATION_CONTEXT() REPRESENTATION_CONTEXT('2D SPACE',''
  ) );
#845 = ORIENTED_EDGE('',*,*,#796,.T.);
#846 = ORIENTED_EDGE('',*,*,#350,.F.);
#847 = ORIENTED_EDGE('',*,*,#701,.T.);
#848 = FACE_BOUND('',#849,.T.);
#849 = EDGE_LOOP('',(#850,#919,#945,#1012));
#850 = ORIENTED_EDGE('',*,*,#851,.F.);
#851 = EDGE_CURVE('',#852,#854,#856,.T.);
#852 = VERTEX_POINT('',#853);
#853 = CARTESIAN_POINT('',(-0.362541391182,4.986839052915,9.364167257795
    ));
#854 = VERTEX_POINT('',#855);
#855 = CARTESIAN_POINT('',(-4.137458608818,2.807389581145,6.224510129004
    ));
#856 = SURFACE_CURVE('',#857,(#872,#890),.PCURVE_S1.);
#857 = B_SPLINE_CURVE_WITH_KNOTS('',7,(#858,#859,#860,#861,#862,#863,
    #864,#865,#866,#867,#868,#869,#870,#871),.UNSPECIFIED.,.F.,.F.,(8,6,
    8),(0.,0.361709150554,1.),.UNSPECIFIED.);
#858 = CARTESIAN_POINT('',(-0.362541391182,4.986839052915,9.364167257795
    ));
#859 = CARTESIAN_POINT('',(-0.61269207897,4.968653188604,9.215942313358)
  );
#860 = CARTESIAN_POINT('',(-0.858856398821,4.9360404872,9.065158210164)
  );
#861 = CARTESIAN_POINT('',(-1.100350592443,4.889668513437,8.912142007852
    ));
#862 = CARTESIAN_POINT('',(-1.33650307731,4.830181693676,8.757143747664)
  );
#863 = CARTESIAN_POINT('',(-1.566682256761,4.758229368501,8.60035542305)
  );
#864 = CARTESIAN_POINT('',(-1.790313181194,4.674471998509,8.441924273819
    ));
#865 = CARTESIAN_POINT('',(-2.389053574778,4.412088602676,7.999679808217
    ));
#866 = CARTESIAN_POINT('',(-2.749164059275,4.209925691439,7.712679607718
    ));
#867 = CARTESIAN_POINT('',(-3.084393369349,3.976715222787,7.421582464989
    ));
#868 = CARTESIAN_POINT('',(-3.392329677314,3.716181813723,7.126809197988
    ));
#869 = CARTESIAN_POINT('',(-3.671205569625,3.432115723259,6.828741309618
    ));
#870 = CARTESIAN_POINT('',(-3.919841456786,3.128108146586,6.527815264378
    ));
#871 = CARTESIAN_POINT('',(-4.137458608818,2.807389581145,6.224510129004
    ));
#872 = PCURVE('',#376,#873);
#873 = DEFINITIONAL_REPRESENTATION('',(#874),#889);
#874 = B_SPLINE_CURVE_WITH_KNOTS('',7,(#875,#876,#877,#878,#879,#880,
    #881,#882,#883,#884,#885,#886,#887,#888),.UNSPECIFIED.,.F.,.F.,(8,6,
    8),(0.,0.361709150554,1.),.UNSPECIFIED.);
#875 = CARTESIAN_POINT('',(1.643368290597,9.364167257795));
#876 = CARTESIAN_POINT('',(1.693530464498,9.215942313358));
#877 = CARTESIAN_POINT('',(1.743106706225,9.065158210164));
#878 = CARTESIAN_POINT('',(1.792156933356,8.912142007852));
#879 = CARTESIAN_POINT('',(1.840722755909,8.757143747664));
#880 = CARTESIAN_POINT('',(1.88883620453,8.60035542305));
#881 = CARTESIAN_POINT('',(1.936525186988,8.441924273819));
#882 = CARTESIAN_POINT('',(2.067266933238,7.999679808217));
#883 = CARTESIAN_POINT('',(2.149461645678,7.712679607718));
#884 = CARTESIAN_POINT('',(2.23053989055,7.421582464989));
#885 = CARTESIAN_POINT('',(2.310582663438,7.126809197988));
#886 = CARTESIAN_POINT('',(2.389672662577,6.828741309618));
#887 = CARTESIAN_POINT('',(2.467906077594,6.527815264378));
#888 = CARTESIAN_POINT('',(2.545421914189,6.224510129004));
#889 = ( GEOMETRIC_REPRESENTATION_CONTEXT(2) 
PARAMETRIC_REPRESENTATION_CONTEXT() REPRESENTATION_CONTEXT('2D SPACE',''
  ) );
#890 = PCURVE('',#891,#902);
#891 = ( BOUNDED_SURFACE() B_SPLINE_SURFACE(1,4,(
    (#892,#893,#894,#895,#896)
    ,(#897,#898,#899,#900,#901
)),.UNSPECIFIED.,.F.,.F.,.F.) B_SPLINE_SURFACE_WITH_KNOTS((2,2),(5,5),(
    1.,2.),(0.,1.),.PIECEWISE_BEZIER_KNOTS.) 
GEOMETRIC_REPRESENTATION_ITEM() RATIONAL_B_SPLINE_SURFACE((
    (1.,1.,1.,1.,1.)
,(1.,1.,1.,1.,1.))) REPRESENTATION_ITEM('') SURFACE() );
#892 = CARTESIAN_POINT('',(2.599852225008,6.697177804668,11.828035920108
    ));
#893 = CARTESIAN_POINT('',(0.625528618221,8.440579855415,11.206168442614
    ));
#894 = CARTESIAN_POINT('',(-1.418265074839,10.146431081862,
    10.630513834161));
#895 = CARTESIAN_POINT('',(-3.522300336659,11.819650197772,
    10.114966258727));
#896 = CARTESIAN_POINT('',(-5.674056324681,13.467239860047,
    9.668886202596));
#897 = CARTESIAN_POINT('',(-5.956721639749,1.75703758051,4.711400883184)
  );
#898 = CARTESIAN_POINT('',(-7.722556280659,3.620810791829,5.26314815054)
  );
#899 = CARTESIAN_POINT('',(-9.427637675425,5.522217654873,5.777270545214
    ));
#900 = CARTESIAN_POINT('',(-11.07967688899,7.456396810916,6.240755171068
    ));
#901 = CARTESIAN_POINT('',(-12.68973934158,9.416733381691,6.644780488048
    ));
#902 = DEFINITIONAL_REPRESENTATION('',(#903),#918);
#903 = B_SPLINE_CURVE_WITH_KNOTS('',7,(#904,#905,#906,#907,#908,#909,
    #910,#911,#912,#913,#914,#915,#916,#917),.UNSPECIFIED.,.F.,.F.,(8,6,
    8),(0.,0.361709150554,1.),.UNSPECIFIED.);
#904 = CARTESIAN_POINT('',(1.346212591981,0.));
#905 = CARTESIAN_POINT('',(1.365714453157,1.094576110596E-02));
#906 = CARTESIAN_POINT('',(1.386084286509,2.04406860639E-02));
#907 = CARTESIAN_POINT('',(1.407217704108,2.850860741095E-02));
#908 = CARTESIAN_POINT('',(1.429009024157,3.517191908902E-02));
#909 = CARTESIAN_POINT('',(1.451352028927,4.045540488294E-02));
#910 = CARTESIAN_POINT('',(1.474141806758,4.438761418296E-02));
#911 = CARTESIAN_POINT('',(1.538104444434,5.160935818622E-02));
#912 = CARTESIAN_POINT('',(1.58000117555,5.210753342763E-02));
#913 = CARTESIAN_POINT('',(1.622411775725,4.866874766603E-02));
#914 = CARTESIAN_POINT('',(1.664796084802,4.1495103859E-02));
#915 = CARTESIAN_POINT('',(1.706670528443,3.082641881473E-02));
#916 = CARTESIAN_POINT('',(1.747638195416,1.691453466466E-02));
#917 = CARTESIAN_POINT('',(1.787384172721,0.));
#918 = ( GEOMETRIC_REPRESENTATION_CONTEXT(2) 
PARAMETRIC_REPRESENTATION_CONTEXT() REPRESENTATION_CONTEXT('2D SPACE',''
  ) );
#919 = ORIENTED_EDGE('',*,*,#920,.T.);
#920 = EDGE_CURVE('',#852,#921,#923,.T.);
#921 = VERTEX_POINT('',#922);
#922 = CARTESIAN_POINT('',(-0.362541391182,4.986839052915,
    11.582489619541));
#923 = SURFACE_CURVE('',#924,(#928,#934),.PCURVE_S1.);
#924 = LINE('',#925,#926);
#925 = CARTESIAN_POINT('',(-0.362541391182,4.986839052915,
    4.996003610813E-16));
#926 = VECTOR('',#927,1.);
#927 = DIRECTION('',(0.,0.,1.));
#928 = PCURVE('',#376,#929);
#929 = DEFINITIONAL_REPRESENTATION('',(#930),#933);
#930 = B_SPLINE_CURVE_WITH_KNOTS('',1,(#931,#932),.UNSPECIFIED.,.F.,.F.,
  (2,2),(8.008101617845,13.966509724256),.PIECEWISE_BEZIER_KNOTS.);
#931 = CARTESIAN_POINT('',(1.643368290597,8.008101617845));
#932 = CARTESIAN_POINT('',(1.643368290597,13.966509724256));
#933 = ( GEOMETRIC_REPRESENTATION_CONTEXT(2) 
PARAMETRIC_REPRESENTATION_CONTEXT() REPRESENTATION_CONTEXT('2D SPACE',''
  ) );
#934 = PCURVE('',#935,#940);
#935 = PLANE('',#936);
#936 = AXIS2_PLACEMENT_3D('',#937,#938,#939);
#937 = CARTESIAN_POINT('',(1.688772447317,6.171165649765,13.288599116816
    ));
#938 = DIRECTION('',(-0.5,0.866025403784,1.110223024625E-16));
#939 = DIRECTION('',(-0.621140740896,-0.358615773961,-0.696834920671));
#940 = DEFINITIONAL_REPRESENTATION('',(#941),#944);
#941 = B_SPLINE_CURVE_WITH_KNOTS('',1,(#942,#943),.UNSPECIFIED.,.F.,.F.,
  (2,2),(8.008101617845,13.966509724256),.PIECEWISE_BEZIER_KNOTS.);
#942 = CARTESIAN_POINT('',(5.378507852404,-2.136779134655));
#943 = CARTESIAN_POINT('',(1.22648101225,2.136779134655));
#944 = ( GEOMETRIC_REPRESENTATION_CONTEXT(2) 
PARAMETRIC_REPRESENTATION_CONTEXT() REPRESENTATION_CONTEXT('2D SPACE',''
  ) );
#945 = ORIENTED_EDGE('',*,*,#946,.F.);
#946 = EDGE_CURVE('',#947,#921,#949,.T.);
#947 = VERTEX_POINT('',#948);
#948 = CARTESIAN_POINT('',(-4.137458608818,2.807389581145,8.44283249075)
  );
#949 = SURFACE_CURVE('',#950,(#965,#983),.PCURVE_S1.);
#950 = B_SPLINE_CURVE_WITH_KNOTS('',7,(#951,#952,#953,#954,#955,#956,
    #957,#958,#959,#960,#961,#962,#963,#964),.UNSPECIFIED.,.F.,.F.,(8,6,
    8),(0.,0.643867448677,1.),.UNSPECIFIED.);
#951 = CARTESIAN_POINT('',(-4.137458608818,2.807389581145,8.44283249075)
  );
#952 = CARTESIAN_POINT('',(-3.915164345661,3.135001152751,8.745295947741
    ));
#953 = CARTESIAN_POINT('',(-3.661082825359,3.444322109365,9.045935127332
    ));
#954 = CARTESIAN_POINT('',(-3.376360602239,3.73205415411,9.344266055621)
  );
#955 = CARTESIAN_POINT('',(-3.062560708647,3.994605171467,9.639894663493
    ));
#956 = CARTESIAN_POINT('',(-2.72184242238,4.228282110367,9.932511440018)
  );
#957 = CARTESIAN_POINT('',(-2.356975708324,4.429555071408,
    10.221773094021));
#958 = CARTESIAN_POINT('',(-1.757676856719,4.686630591793,
    10.664981664552));
#959 = CARTESIAN_POINT('',(-1.537837665158,4.767239183502,
    10.821619474871));
#960 = CARTESIAN_POINT('',(-1.312119674203,4.836341884202,
    10.976965943259));
#961 = CARTESIAN_POINT('',(-1.081101157748,4.893385200106,11.13090425326
    ));
#962 = CARTESIAN_POINT('',(-0.84540104477,4.937833903082,11.28328131471)
  );
#963 = CARTESIAN_POINT('',(-0.605664535749,4.969164088449,11.43389691321
    ));
#964 = CARTESIAN_POINT('',(-0.362541391182,4.986839052915,
    11.582489619541));
#965 = PCURVE('',#376,#966);
#966 = DEFINITIONAL_REPRESENTATION('',(#967),#982);
#967 = B_SPLINE_CURVE_WITH_KNOTS('',7,(#968,#969,#970,#971,#972,#973,
    #974,#975,#976,#977,#978,#979,#980,#981),.UNSPECIFIED.,.F.,.F.,(8,6,
    8),(0.,0.643867448677,1.),.UNSPECIFIED.);
#968 = CARTESIAN_POINT('',(2.545421914189,8.44283249075));
#969 = CARTESIAN_POINT('',(2.466240077564,8.745295947741));
#970 = CARTESIAN_POINT('',(2.386515775875,9.045935127332));
#971 = CARTESIAN_POINT('',(2.306112492265,9.344266055621));
#972 = CARTESIAN_POINT('',(2.22494025114,9.639894663493));
#973 = CARTESIAN_POINT('',(2.142924056976,9.932511440018));
#974 = CARTESIAN_POINT('',(2.059991173907,10.221773094021));
#975 = CARTESIAN_POINT('',(1.92956925294,10.664981664552));
#976 = CARTESIAN_POINT('',(1.882806576572,10.821619474871));
#977 = CARTESIAN_POINT('',(1.835706974653,10.976965943259));
#978 = CARTESIAN_POINT('',(1.788246410789,11.13090425326));
#979 = CARTESIAN_POINT('',(1.740396703889,11.28328131471));
#980 = CARTESIAN_POINT('',(1.692121246525,11.43389691321));
#981 = CARTESIAN_POINT('',(1.643368290597,11.582489619541));
#982 = ( GEOMETRIC_REPRESENTATION_CONTEXT(2) 
PARAMETRIC_REPRESENTATION_CONTEXT() REPRESENTATION_CONTEXT('2D SPACE',''
  ) );
#983 = PCURVE('',#984,#995);
#984 = ( BOUNDED_SURFACE() B_SPLINE_SURFACE(1,4,(
    (#985,#986,#987,#988,#989)
    ,(#990,#991,#992,#993,#994
)),.UNSPECIFIED.,.F.,.F.,.F.) B_SPLINE_SURFACE_WITH_KNOTS((2,2),(5,5),(
    3.,4.),(0.,1.),.PIECEWISE_BEZIER_KNOTS.) 
GEOMETRIC_REPRESENTATION_ITEM() RATIONAL_B_SPLINE_SURFACE((
    (1.,1.,1.,1.,1.)
,(1.,1.,1.,1.,1.))) REPRESENTATION_ITEM('') SURFACE() );
#985 = CARTESIAN_POINT('',(-6.867801417439,1.231025425607,6.171964079892
    ));
#986 = CARTESIAN_POINT('',(-8.54932822373,3.143473787938,6.793831557386)
  );
#987 = CARTESIAN_POINT('',(-10.16462803916,5.096716069981,7.369486165839
    ));
#988 = CARTESIAN_POINT('',(-11.72241031668,7.085314493418,7.885033741273
    ));
#989 = CARTESIAN_POINT('',(-13.23490901912,9.101979521606,8.331113797404
    ));
#990 = CARTESIAN_POINT('',(1.688772447317,6.171165649765,13.288599116816
    ));
#991 = CARTESIAN_POINT('',(-0.20124332485,7.963242851525,12.73685184946)
  );
#992 = CARTESIAN_POINT('',(-2.155255438573,9.72092949697,12.222729454786
    ));
#993 = CARTESIAN_POINT('',(-4.165033764355,11.448567880275,
    11.759244828932));
#994 = CARTESIAN_POINT('',(-6.219226002228,13.152485999962,
    11.355219511952));
#995 = DEFINITIONAL_REPRESENTATION('',(#996),#1011);
#996 = B_SPLINE_CURVE_WITH_KNOTS('',7,(#997,#998,#999,#1000,#1001,#1002,
    #1003,#1004,#1005,#1006,#1007,#1008,#1009,#1010),.UNSPECIFIED.,.F.,
  .F.,(8,6,8),(0.,0.643867448677,1.),.UNSPECIFIED.);
#997 = CARTESIAN_POINT('',(3.319092998176,0.));
#998 = CARTESIAN_POINT('',(3.359191554731,1.727806831779E-02));
#999 = CARTESIAN_POINT('',(3.40055350127,3.13780107238E-02));
#1000 = CARTESIAN_POINT('',(3.442833976439,4.207185979449E-02));
#1001 = CARTESIAN_POINT('',(3.485608586905,4.912691386296E-02));
#1002 = CARTESIAN_POINT('',(3.52837224081,5.233140178123E-02));
#1003 = CARTESIAN_POINT('',(3.57057500355,5.151801239256E-02));
#1004 = CARTESIAN_POINT('',(3.634389826147,4.38081342439E-02));
#1005 = CARTESIAN_POINT('',(3.656773680507,3.979272273052E-02));
#1006 = CARTESIAN_POINT('',(3.678721662925,3.448547498818E-02));
#1007 = CARTESIAN_POINT('',(3.700138547663,2.78672837281E-02));
#1008 = CARTESIAN_POINT('',(3.720929532481,1.992263004107E-02));
#1009 = CARTESIAN_POINT('',(3.741001713859,1.063825921605E-02));
#1010 = CARTESIAN_POINT('',(3.760264578916,0.));
#1011 = ( GEOMETRIC_REPRESENTATION_CONTEXT(2) 
PARAMETRIC_REPRESENTATION_CONTEXT() REPRESENTATION_CONTEXT('2D SPACE',''
  ) );
#1012 = ORIENTED_EDGE('',*,*,#1013,.F.);
#1013 = EDGE_CURVE('',#854,#947,#1014,.T.);
#1014 = SURFACE_CURVE('',#1015,(#1019,#1025),.PCURVE_S1.);
#1015 = LINE('',#1016,#1017);
#1016 = CARTESIAN_POINT('',(-4.137458608818,2.807389581145,
    4.996003610813E-16));
#1017 = VECTOR('',#1018,1.);
#1018 = DIRECTION('',(0.,0.,1.));
#1019 = PCURVE('',#376,#1020);
#1020 = DEFINITIONAL_REPRESENTATION('',(#1021),#1024);
#1021 = B_SPLINE_CURVE_WITH_KNOTS('',1,(#1022,#1023),.UNSPECIFIED.,.F.,
  .F.,(2,2),(3.773161021136,9.731569127548),.PIECEWISE_BEZIER_KNOTS.);
#1022 = CARTESIAN_POINT('',(2.545421914189,3.773161021136));
#1023 = CARTESIAN_POINT('',(2.545421914189,9.731569127548));
#1024 = ( GEOMETRIC_REPRESENTATION_CONTEXT(2) 
PARAMETRIC_REPRESENTATION_CONTEXT() REPRESENTATION_CONTEXT('2D SPACE',''
  ) );
#1025 = PCURVE('',#1026,#1031);
#1026 = PLANE('',#1027);
#1027 = AXIS2_PLACEMENT_3D('',#1028,#1029,#1030);
#1028 = CARTESIAN_POINT('',(1.688772447317,6.171165649765,
    13.288599116816));
#1029 = DIRECTION('',(-0.5,0.866025403784,1.110223024625E-16));
#1030 = DIRECTION('',(-0.621140740896,-0.358615773961,-0.696834920671));
#1031 = DEFINITIONAL_REPRESENTATION('',(#1032),#1035);
#1032 = B_SPLINE_CURVE_WITH_KNOTS('',1,(#1033,#1034),.UNSPECIFIED.,.F.,
  .F.,(2,2),(3.773161021136,9.731569127548),.PIECEWISE_BEZIER_KNOTS.);
#1033 = CARTESIAN_POINT('',(11.455902183665,-2.136779134655));
#1034 = CARTESIAN_POINT('',(7.303875343511,2.136779134655));
#1035 = ( GEOMETRIC_REPRESENTATION_CONTEXT(2) 
PARAMETRIC_REPRESENTATION_CONTEXT() REPRESENTATION_CONTEXT('2D SPACE',''
  ) );
#1036 = FACE_BOUND('',#1037,.T.);
#1037 = EDGE_LOOP('',(#1038,#1107,#1133,#1200));
#1038 = ORIENTED_EDGE('',*,*,#1039,.F.);
#1039 = EDGE_CURVE('',#1040,#1042,#1044,.T.);
#1040 = VERTEX_POINT('',#1041);
#1041 = CARTESIAN_POINT('',(-4.137458608818,-2.807389581145,
    9.364167257795));
#1042 = VERTEX_POINT('',#1043);
#1043 = CARTESIAN_POINT('',(-0.362541391182,-4.986839052915,
    6.224510129004));
#1044 = SURFACE_CURVE('',#1045,(#1060,#1078),.PCURVE_S1.);
#1045 = B_SPLINE_CURVE_WITH_KNOTS('',7,(#1046,#1047,#1048,#1049,#1050,
    #1051,#1052,#1053,#1054,#1055,#1056,#1057,#1058,#1059),
  .UNSPECIFIED.,.F.,.F.,(8,6,8),(0.,0.361709150554,1.),.UNSPECIFIED.);
#1046 = CARTESIAN_POINT('',(-4.137458608818,-2.807389581145,
    9.364167257795));
#1047 = CARTESIAN_POINT('',(-3.996633844441,-3.014933499388,
    9.215942313358));
#1048 = CARTESIAN_POINT('',(-3.845308256613,-3.211811703182,
    9.065158210164));
#1049 = CARTESIAN_POINT('',(-3.6844018525,-3.397765822843,8.912142007852
    ));
#1050 = CARTESIAN_POINT('',(-3.514808512963,-3.572536464024,
    8.757143747664));
#1051 = CARTESIAN_POINT('',(-3.337406381775,-3.735901318264,
    8.600355423049));
#1052 = CARTESIAN_POINT('',(-3.153054909391,-3.887692694898,
    8.441924273819));
#1053 = CARTESIAN_POINT('',(-2.626454026277,-4.275025388098,
    7.999679808217));
#1054 = CARTESIAN_POINT('',(-2.271320567193,-4.485808760222,
    7.712679607719));
#1055 = CARTESIAN_POINT('',(-1.901739721875,-4.659520624515,
    7.421582464988));
#1056 = CARTESIAN_POINT('',(-1.522143017109,-4.795934585426,
    7.126809197989));
#1057 = CARTESIAN_POINT('',(-1.136696620257,-4.89541514744,
    6.828741309618));
#1058 = CARTESIAN_POINT('',(-0.749100392336,-4.958736353677,
    6.527815264378));
#1059 = CARTESIAN_POINT('',(-0.362541391182,-4.986839052915,
    6.224510129004));
#1060 = PCURVE('',#376,#1061);
#1061 = DEFINITIONAL_REPRESENTATION('',(#1062),#1077);
#1062 = B_SPLINE_CURVE_WITH_KNOTS('',7,(#1063,#1064,#1065,#1066,#1067,
    #1068,#1069,#1070,#1071,#1072,#1073,#1074,#1075,#1076),
  .UNSPECIFIED.,.F.,.F.,(8,6,8),(0.,0.361709150554,1.),.UNSPECIFIED.);
#1063 = CARTESIAN_POINT('',(3.73776339299,9.364167257795));
#1064 = CARTESIAN_POINT('',(3.787925566891,9.215942313358));
#1065 = CARTESIAN_POINT('',(3.837501808618,9.065158210164));
#1066 = CARTESIAN_POINT('',(3.886552035749,8.912142007852));
#1067 = CARTESIAN_POINT('',(3.935117858302,8.757143747664));
#1068 = CARTESIAN_POINT('',(3.983231306923,8.600355423049));
#1069 = CARTESIAN_POINT('',(4.030920289381,8.441924273819));
#1070 = CARTESIAN_POINT('',(4.161662035632,7.999679808217));
#1071 = CARTESIAN_POINT('',(4.243856748072,7.712679607719));
#1072 = CARTESIAN_POINT('',(4.324934992944,7.421582464988));
#1073 = CARTESIAN_POINT('',(4.404977765831,7.126809197989));
#1074 = CARTESIAN_POINT('',(4.48406776497,6.828741309618));
#1075 = CARTESIAN_POINT('',(4.562301179987,6.527815264378));
#1076 = CARTESIAN_POINT('',(4.639817016583,6.224510129004));
#1077 = ( GEOMETRIC_REPRESENTATION_CONTEXT(2) 
PARAMETRIC_REPRESENTATION_CONTEXT() REPRESENTATION_CONTEXT('2D SPACE',''
  ) );
#1078 = PCURVE('',#1079,#1090);
#1079 = ( BOUNDED_SURFACE() B_SPLINE_SURFACE(1,4,(
    (#1080,#1081,#1082,#1083,#1084)
    ,(#1085,#1086,#1087,#1088,#1089
)),.UNSPECIFIED.,.F.,.F.,.F.) B_SPLINE_SURFACE_WITH_KNOTS((2,2),(5,5),(
    1.,2.),(0.,1.),.PIECEWISE_BEZIER_KNOTS.) 
GEOMETRIC_REPRESENTATION_ITEM() RATIONAL_B_SPLINE_SURFACE((
    (1.,1.,1.,1.,1.)
,(1.,1.,1.,1.,1.))) REPRESENTATION_ITEM('') SURFACE() );
#1080 = CARTESIAN_POINT('',(-7.099852225008,-1.097050829392,
    11.828035920108));
#1081 = CARTESIAN_POINT('',(-7.622520886571,-3.678566253534,
    11.206168442614));
#1082 = CARTESIAN_POINT('',(-8.077934537221,-6.301469125041,
    10.630513834161));
#1083 = CARTESIAN_POINT('',(-8.474967166787,-8.960226670191,
    10.114966258727));
#1084 = CARTESIAN_POINT('',(-8.825943675319,-11.6474968497,
    9.668886202596));
#1085 = CARTESIAN_POINT('',(1.456721639749,-6.03719105355,4.711400883184
    ));
#1086 = CARTESIAN_POINT('',(0.725564012309,-8.49833531712,5.26314815054)
  );
#1087 = CARTESIAN_POINT('',(-6.856193663424E-02,-10.92568255203,
    5.777270545214));
#1088 = CARTESIAN_POINT('',(-0.917590614455,-13.32348005704,
    6.240755171068));
#1089 = CARTESIAN_POINT('',(-1.810260658419,-15.69800332805,
    6.644780488048));
#1090 = DEFINITIONAL_REPRESENTATION('',(#1091),#1106);
#1091 = B_SPLINE_CURVE_WITH_KNOTS('',7,(#1092,#1093,#1094,#1095,#1096,
    #1097,#1098,#1099,#1100,#1101,#1102,#1103,#1104,#1105),
  .UNSPECIFIED.,.F.,.F.,(8,6,8),(0.,0.361709150554,1.),.UNSPECIFIED.);
#1092 = CARTESIAN_POINT('',(1.346212591981,0.));
#1093 = CARTESIAN_POINT('',(1.365714453157,1.094576110595E-02));
#1094 = CARTESIAN_POINT('',(1.386084286509,2.044068606391E-02));
#1095 = CARTESIAN_POINT('',(1.407217704108,2.850860741094E-02));
#1096 = CARTESIAN_POINT('',(1.429009024157,3.517191908902E-02));
#1097 = CARTESIAN_POINT('',(1.451352028927,4.045540488294E-02));
#1098 = CARTESIAN_POINT('',(1.474141806758,4.438761418296E-02));
#1099 = CARTESIAN_POINT('',(1.538104444434,5.160935818622E-02));
#1100 = CARTESIAN_POINT('',(1.58000117555,5.210753342763E-02));
#1101 = CARTESIAN_POINT('',(1.622411775725,4.866874766603E-02));
#1102 = CARTESIAN_POINT('',(1.664796084802,4.149510385901E-02));
#1103 = CARTESIAN_POINT('',(1.706670528443,3.082641881472E-02));
#1104 = CARTESIAN_POINT('',(1.747638195416,1.691453466466E-02));
#1105 = CARTESIAN_POINT('',(1.787384172721,0.));
#1106 = ( GEOMETRIC_REPRESENTATION_CONTEXT(2) 
PARAMETRIC_REPRESENTATION_CONTEXT() REPRESENTATION_CONTEXT('2D SPACE',''
  ) );
#1107 = ORIENTED_EDGE('',*,*,#1108,.T.);
#1108 = EDGE_CURVE('',#1040,#1109,#1111,.T.);
#1109 = VERTEX_POINT('',#1110);
#1110 = CARTESIAN_POINT('',(-4.137458608818,-2.807389581145,
    11.582489619541));
#1111 = SURFACE_CURVE('',#1112,(#1116,#1122),.PCURVE_S1.);
#1112 = LINE('',#1113,#1114);
#1113 = CARTESIAN_POINT('',(-4.137458608818,-2.807389581145,
    4.996003610813E-16));
#1114 = VECTOR('',#1115,1.);
#1115 = DIRECTION('',(0.,0.,1.));
#1116 = PCURVE('',#376,#1117);
#1117 = DEFINITIONAL_REPRESENTATION('',(#1118),#1121);
#1118 = B_SPLINE_CURVE_WITH_KNOTS('',1,(#1119,#1120),.UNSPECIFIED.,.F.,
  .F.,(2,2),(8.008101617845,13.966509724256),.PIECEWISE_BEZIER_KNOTS.);
#1119 = CARTESIAN_POINT('',(3.73776339299,8.008101617845));
#1120 = CARTESIAN_POINT('',(3.73776339299,13.966509724256));
#1121 = ( GEOMETRIC_REPRESENTATION_CONTEXT(2) 
PARAMETRIC_REPRESENTATION_CONTEXT() REPRESENTATION_CONTEXT('2D SPACE',''
  ) );
#1122 = PCURVE('',#1123,#1128);
#1123 = PLANE('',#1124);
#1124 = AXIS2_PLACEMENT_3D('',#1125,#1126,#1127);
#1125 = CARTESIAN_POINT('',(-6.188772447317,-1.623062984295,
    13.288599116816));
#1126 = DIRECTION('',(-0.5,-0.866025403784,1.110223024625E-16));
#1127 = DIRECTION('',(0.621140740896,-0.358615773961,-0.696834920671));
#1128 = DEFINITIONAL_REPRESENTATION('',(#1129),#1132);
#1129 = B_SPLINE_CURVE_WITH_KNOTS('',1,(#1130,#1131),.UNSPECIFIED.,.F.,
  .F.,(2,2),(8.008101617845,13.966509724256),.PIECEWISE_BEZIER_KNOTS.);
#1130 = CARTESIAN_POINT('',(5.378507852404,-2.136779134655));
#1131 = CARTESIAN_POINT('',(1.22648101225,2.136779134655));
#1132 = ( GEOMETRIC_REPRESENTATION_CONTEXT(2) 
PARAMETRIC_REPRESENTATION_CONTEXT() REPRESENTATION_CONTEXT('2D SPACE',''
  ) );
#1133 = ORIENTED_EDGE('',*,*,#1134,.F.);
#1134 = EDGE_CURVE('',#1135,#1109,#1137,.T.);
#1135 = VERTEX_POINT('',#1136);
#1136 = CARTESIAN_POINT('',(-0.362541391182,-4.986839052915,
    8.44283249075));
#1137 = SURFACE_CURVE('',#1138,(#1153,#1171),.PCURVE_S1.);
#1138 = B_SPLINE_CURVE_WITH_KNOTS('',7,(#1139,#1140,#1141,#1142,#1143,
    #1144,#1145,#1146,#1147,#1148,#1149,#1150,#1151,#1152),
  .UNSPECIFIED.,.F.,.F.,(8,6,8),(0.,0.643867448676,1.),.UNSPECIFIED.);
#1139 = CARTESIAN_POINT('',(-0.362541391182,-4.986839052915,
    8.44283249075));
#1140 = CARTESIAN_POINT('',(-0.757408466345,-4.958132359709,
    8.74529594774));
#1141 = CARTESIAN_POINT('',(-1.152329032846,-4.892751786802,
    9.045935127331));
#1142 = CARTESIAN_POINT('',(-1.543873404636,-4.790041130931,
    9.344266055619));
#1143 = CARTESIAN_POINT('',(-1.928149202253,-4.649557960054,
    9.639894663492));
#1144 = CARTESIAN_POINT('',(-2.300878510752,-4.471325738065,
    9.932511440016));
#1145 = CARTESIAN_POINT('',(-2.657619365136,-4.255978375217,
    10.221773094018));
#1146 = CARTESIAN_POINT('',(-3.179902722283,-3.865508105462,
    10.664981664549));
#1147 = CARTESIAN_POINT('',(-3.359631406248,-3.715426076677,
    10.821619474868));
#1148 = CARTESIAN_POINT('',(-3.532335096002,-3.554499912768,
    10.976965943257));
#1149 = CARTESIAN_POINT('',(-3.69724531492,-3.382953666725,
    11.130904253258));
#1150 = CARTESIAN_POINT('',(-3.853589077351,-3.201055732698,
    11.28328131471));
#1151 = CARTESIAN_POINT('',(-4.000590068295,-3.009102918355,
    11.433896913209));
#1152 = CARTESIAN_POINT('',(-4.137458608818,-2.807389581145,
    11.582489619541));
#1153 = PCURVE('',#376,#1154);
#1154 = DEFINITIONAL_REPRESENTATION('',(#1155),#1170);
#1155 = B_SPLINE_CURVE_WITH_KNOTS('',7,(#1156,#1157,#1158,#1159,#1160,
    #1161,#1162,#1163,#1164,#1165,#1166,#1167,#1168,#1169),
  .UNSPECIFIED.,.F.,.F.,(8,6,8),(0.,0.643867448676,1.),.UNSPECIFIED.);
#1156 = CARTESIAN_POINT('',(4.639817016583,8.44283249075));
#1157 = CARTESIAN_POINT('',(4.560635179958,8.74529594774));
#1158 = CARTESIAN_POINT('',(4.480910878269,9.045935127331));
#1159 = CARTESIAN_POINT('',(4.400507594659,9.344266055619));
#1160 = CARTESIAN_POINT('',(4.319335353534,9.639894663492));
#1161 = CARTESIAN_POINT('',(4.23731915937,9.932511440016));
#1162 = CARTESIAN_POINT('',(4.154386276301,10.221773094018));
#1163 = CARTESIAN_POINT('',(4.023964355334,10.664981664549));
#1164 = CARTESIAN_POINT('',(3.977201678966,10.821619474868));
#1165 = CARTESIAN_POINT('',(3.930102077047,10.976965943257));
#1166 = CARTESIAN_POINT('',(3.882641513183,11.130904253258));
#1167 = CARTESIAN_POINT('',(3.834791806282,11.28328131471));
#1168 = CARTESIAN_POINT('',(3.786516348918,11.433896913209));
#1169 = CARTESIAN_POINT('',(3.73776339299,11.582489619541));
#1170 = ( GEOMETRIC_REPRESENTATION_CONTEXT(2) 
PARAMETRIC_REPRESENTATION_CONTEXT() REPRESENTATION_CONTEXT('2D SPACE',''
  ) );
#1171 = PCURVE('',#1172,#1183);
#1172 = ( BOUNDED_SURFACE() B_SPLINE_SURFACE(1,4,(
    (#1173,#1174,#1175,#1176,#1177)
    ,(#1178,#1179,#1180,#1181,#1182
)),.UNSPECIFIED.,.F.,.F.,.F.) B_SPLINE_SURFACE_WITH_KNOTS((2,2),(5,5),(
    3.,4.),(0.,1.),.PIECEWISE_BEZIER_KNOTS.) 
GEOMETRIC_REPRESENTATION_ITEM() RATIONAL_B_SPLINE_SURFACE((
    (1.,1.,1.,1.,1.)
,(1.,1.,1.,1.,1.))) REPRESENTATION_ITEM('') SURFACE() );
#1173 = CARTESIAN_POINT('',(2.367801417439,-6.563203208453,
    6.171964079892));
#1174 = CARTESIAN_POINT('',(1.55233595538,-8.97567232101,6.793831557386)
  );
#1175 = CARTESIAN_POINT('',(0.6684284271,-11.35118413692,7.369486165839)
  );
#1176 = CARTESIAN_POINT('',(-0.274857186759,-13.69456237454,
    7.885033741273));
#1177 = CARTESIAN_POINT('',(-1.265090980873,-16.01275718814,
    8.331113797404));
#1178 = CARTESIAN_POINT('',(-6.188772447317,-1.623062984295,
    13.288599116816));
#1179 = CARTESIAN_POINT('',(-6.7957489435,-4.155903257424,12.73685184946
    ));
#1180 = CARTESIAN_POINT('',(-7.340944173487,-6.726970709934,
    12.222729454786));
#1181 = CARTESIAN_POINT('',(-7.832233739091,-9.331308987689,
    11.759244828932));
#1182 = CARTESIAN_POINT('',(-8.280773997772,-11.96225070978,
    11.355219511952));
#1183 = DEFINITIONAL_REPRESENTATION('',(#1184),#1199);
#1184 = B_SPLINE_CURVE_WITH_KNOTS('',7,(#1185,#1186,#1187,#1188,#1189,
    #1190,#1191,#1192,#1193,#1194,#1195,#1196,#1197,#1198),
  .UNSPECIFIED.,.F.,.F.,(8,6,8),(0.,0.643867448676,1.),.UNSPECIFIED.);
#1185 = CARTESIAN_POINT('',(3.319092998176,0.));
#1186 = CARTESIAN_POINT('',(3.35919155473,1.727806831776E-02));
#1187 = CARTESIAN_POINT('',(3.40055350127,3.137801072375E-02));
#1188 = CARTESIAN_POINT('',(3.442833976439,4.207185979442E-02));
#1189 = CARTESIAN_POINT('',(3.485608586904,4.912691386292E-02));
#1190 = CARTESIAN_POINT('',(3.52837224081,5.23314017812E-02));
#1191 = CARTESIAN_POINT('',(3.570575003549,5.151801239256E-02));
#1192 = CARTESIAN_POINT('',(3.634389826147,4.380813424398E-02));
#1193 = CARTESIAN_POINT('',(3.656773680506,3.97927227306E-02));
#1194 = CARTESIAN_POINT('',(3.678721662924,3.448547498826E-02));
#1195 = CARTESIAN_POINT('',(3.700138547662,2.786728372818E-02));
#1196 = CARTESIAN_POINT('',(3.720929532481,1.992263004113E-02));
#1197 = CARTESIAN_POINT('',(3.741001713858,1.063825921608E-02));
#1198 = CARTESIAN_POINT('',(3.760264578916,0.));
#1199 = ( GEOMETRIC_REPRESENTATION_CONTEXT(2) 
PARAMETRIC_REPRESENTATION_CONTEXT() REPRESENTATION_CONTEXT('2D SPACE',''
  ) );
#1200 = ORIENTED_EDGE('',*,*,#1201,.F.);
#1201 = EDGE_CURVE('',#1042,#1135,#1202,.T.);
#1202 = SURFACE_CURVE('',#1203,(#1207,#1213),.PCURVE_S1.);
#1203 = LINE('',#1204,#1205);
#1204 = CARTESIAN_POINT('',(-0.362541391182,-4.986839052915,
    4.996003610813E-16));
#1205 = VECTOR('',#1206,1.);
#1206 = DIRECTION('',(0.,0.,1.));
#1207 = PCURVE('',#376,#1208);
#1208 = DEFINITIONAL_REPRESENTATION('',(#1209),#1212);
#1209 = B_SPLINE_CURVE_WITH_KNOTS('',1,(#1210,#1211),.UNSPECIFIED.,.F.,
  .F.,(2,2),(3.773161021136,9.731569127548),.PIECEWISE_BEZIER_KNOTS.);
#1210 = CARTESIAN_POINT('',(4.639817016583,3.773161021136));
#1211 = CARTESIAN_POINT('',(4.639817016583,9.731569127548));
#1212 = ( GEOMETRIC_REPRESENTATION_CONTEXT(2) 
PARAMETRIC_REPRESENTATION_CONTEXT() REPRESENTATION_CONTEXT('2D SPACE',''
  ) );
#1213 = PCURVE('',#1214,#1219);
#1214 = PLANE('',#1215);
#1215 = AXIS2_PLACEMENT_3D('',#1216,#1217,#1218);
#1216 = CARTESIAN_POINT('',(-6.188772447317,-1.623062984295,
    13.288599116816));
#1217 = DIRECTION('',(-0.5,-0.866025403784,1.110223024625E-16));
#1218 = DIRECTION('',(0.621140740896,-0.358615773961,-0.696834920671));
#1219 = DEFINITIONAL_REPRESENTATION('',(#1220),#1223);
#1220 = B_SPLINE_CURVE_WITH_KNOTS('',1,(#1221,#1222),.UNSPECIFIED.,.F.,
  .F.,(2,2),(3.773161021136,9.731569127548),.PIECEWISE_BEZIER_KNOTS.);
#1221 = CARTESIAN_POINT('',(11.455902183665,-2.136779134655));
#1222 = CARTESIAN_POINT('',(7.303875343511,2.136779134655));
#1223 = ( GEOMETRIC_REPRESENTATION_CONTEXT(2) 
PARAMETRIC_REPRESENTATION_CONTEXT() REPRESENTATION_CONTEXT('2D SPACE',''
  ) );
#1224 = FACE_BOUND('',#1225,.T.);
#1225 = EDGE_LOOP('',(#1226));
#1226 = ORIENTED_EDGE('',*,*,#1227,.F.);
#1227 = EDGE_CURVE('',#1228,#1228,#1230,.T.);
#1228 = VERTEX_POINT('',#1229);
#1229 = CARTESIAN_POINT('',(2.5,4.330127018922,7.7));
#1230 = SURFACE_CURVE('',#1231,(#1290,#1352),.PCURVE_S1.);
#1231 = B_SPLINE_CURVE_WITH_KNOTS('',8,(#1232,#1233,#1234,#1235,#1236,
    #1237,#1238,#1239,#1240,#1241,#1242,#1243,#1244,#1245,#1246,#1247,
    #1248,#1249,#1250,#1251,#1252,#1253,#1254,#1255,#1256,#1257,#1258,
    #1259,#1260,#1261,#1262,#1263,#1264,#1265,#1266,#1267,#1268,#1269,
    #1270,#1271,#1272,#1273,#1274,#1275,#1276,#1277,#1278,#1279,#1280,
    #1281,#1282,#1283,#1284,#1285,#1286,#1287,#1288,#1289),
  .UNSPECIFIED.,.T.,.F.,(9,7,7,7,7,7,7,7,9),(0.,0.131552682682,
    0.273299113026,0.436853516213,0.583976809713,0.679692279137,
    0.78496093172,0.896506125754,1.),.UNSPECIFIED.);
#1232 = CARTESIAN_POINT('',(2.5,4.330127018922,7.7));
#1233 = CARTESIAN_POINT('',(2.37684933385,4.401228089175,7.7));
#1234 = CARTESIAN_POINT('',(2.253436661598,4.467143111243,7.717776990349
    ));
#1235 = CARTESIAN_POINT('',(2.132134051976,4.526814829465,7.752296305048
    ));
#1236 = CARTESIAN_POINT('',(2.015323071108,4.579683308817,7.802098439351
    ));
#1237 = CARTESIAN_POINT('',(1.905302118056,4.625643000116,7.865302429797
    ));
#1238 = CARTESIAN_POINT('',(1.80412372183,4.664934591553,7.939600200861)
  );
#1239 = CARTESIAN_POINT('',(1.713384375359,4.69801779717,8.022251464925)
  );
#1240 = CARTESIAN_POINT('',(1.548442440857,4.755051979119,8.204732391743
    ));
#1241 = CARTESIAN_POINT('',(1.474503068496,4.778637410834,8.30712638824)
  );
#1242 = CARTESIAN_POINT('',(1.412571936099,4.797079808332,8.415440253223
    ));
#1243 = CARTESIAN_POINT('',(1.362882637431,4.811098702965,8.528175633064
    ));
#1244 = CARTESIAN_POINT('',(1.32555812443,4.821243780593,8.644064837462)
  );
#1245 = CARTESIAN_POINT('',(1.300652946733,4.827884449463,8.761998187828
    ));
#1246 = CARTESIAN_POINT('',(1.288188515995,4.83120795943,8.880965874297)
  );
#1247 = CARTESIAN_POINT('',(1.288188515995,4.83120795943,9.137347764886)
  );
#1248 = CARTESIAN_POINT('',(1.304783145684,4.82678306962,9.274777435749)
  );
#1249 = CARTESIAN_POINT('',(1.338009011514,4.817924207908,9.410695774462
    ));
#1250 = CARTESIAN_POINT('',(1.387832376904,4.804296760164,9.543456069411
    ));
#1251 = CARTESIAN_POINT('',(1.454118245856,4.785251306097,9.671256989719
    ));
#1252 = CARTESIAN_POINT('',(1.536591688832,4.759819980725,9.792025973678
    ));
#1253 = CARTESIAN_POINT('',(1.634763819974,4.726743243659,9.903243828142
    ));
#1254 = CARTESIAN_POINT('',(1.849470453683,4.64663706552,10.090202728193
    ));
#1255 = CARTESIAN_POINT('',(1.966036208829,4.600273570231,
    10.170881617329));
#1256 = CARTESIAN_POINT('',(2.094889872791,4.544887649908,
    10.237547003921));
#1257 = CARTESIAN_POINT('',(2.232064245855,4.480370027164,
    10.285722697236));
#1258 = CARTESIAN_POINT('',(2.372931567671,4.407390918424,
    10.312527943753));
#1259 = CARTESIAN_POINT('',(2.512950808561,4.327688119653,
    10.316613158372));
#1260 = CARTESIAN_POINT('',(2.648017416633,4.243961963938,
    10.298192132631));
#1261 = CARTESIAN_POINT('',(2.85720260548,4.104414299955,10.233763355437
    ));
#1262 = CARTESIAN_POINT('',(2.936615879721,4.048738476387,
    10.199493234796));
#1263 = CARTESIAN_POINT('',(3.012307439372,3.993051605672,
    10.156590752643));
#1264 = CARTESIAN_POINT('',(3.083677500514,3.938088586506,
    10.105408339951));
#1265 = CARTESIAN_POINT('',(3.150208846844,3.884641635828,
    10.046406682428));
#1266 = CARTESIAN_POINT('',(3.211464655379,3.833532505009,9.98015208015)
  );
#1267 = CARTESIAN_POINT('',(3.267085951079,3.785572756151,9.907312337967
    ));
#1268 = CARTESIAN_POINT('',(3.371452167764,3.693053828496,9.742139012026
    ));
#1269 = CARTESIAN_POINT('',(3.419002269887,3.649272020414,9.648513398404
    ));
#1270 = CARTESIAN_POINT('',(3.4590223969,3.611191342597,9.548794845113)
  );
#1271 = CARTESIAN_POINT('',(3.491249142877,3.579723220906,9.444109592781
    ));
#1272 = CARTESIAN_POINT('',(3.515520435317,3.555602479728,9.335649633359
    ));
#1273 = CARTESIAN_POINT('',(3.531739487802,3.539342366451,9.224643866124
    ));
#1274 = CARTESIAN_POINT('',(3.539854565834,3.53120795943,9.112340399683)
  );
#1275 = CARTESIAN_POINT('',(3.539854565834,3.53120795943,8.880961412795)
  );
#1276 = CARTESIAN_POINT('',(3.530743430565,3.540341393976,8.761993694936
    ));
#1277 = CARTESIAN_POINT('',(3.512539659637,3.558589775049,8.644062353632
    ));
#1278 = CARTESIAN_POINT('',(3.485091931103,3.585840745976,8.528175327554
    ));
#1279 = CARTESIAN_POINT('',(3.44810722739,3.621862838031,8.415441175342)
  );
#1280 = CARTESIAN_POINT('',(3.401170420379,3.666275315997,8.307127347714
    ));
#1281 = CARTESIAN_POINT('',(3.343774845109,3.718516258289,8.204732745049
    ));
#1282 = CARTESIAN_POINT('',(3.211928425708,3.83282781492,8.022276171761)
  );
#1283 = CARTESIAN_POINT('',(3.137909302926,3.894868734068,7.939615772258
    ));
#1284 = CARTESIAN_POINT('',(3.053278986738,3.962858522928,7.865298610479
    ));
#1285 = CARTESIAN_POINT('',(2.95844328563,4.035177593959,7.802079994068)
  );
#1286 = CARTESIAN_POINT('',(2.85422888917,4.109919557715,7.752275096718)
  );
#1287 = CARTESIAN_POINT('',(2.74188767164,4.185139525289,7.717764535959)
  );
#1288 = CARTESIAN_POINT('',(2.623107527134,4.259050854992,7.7));
#1289 = CARTESIAN_POINT('',(2.5,4.330127018922,7.7));
#1290 = PCURVE('',#376,#1291);
#1291 = DEFINITIONAL_REPRESENTATION('',(#1292),#1351);
#1292 = B_SPLINE_CURVE_WITH_KNOTS('',8,(#1293,#1294,#1295,#1296,#1297,
    #1298,#1299,#1300,#1301,#1302,#1303,#1304,#1305,#1306,#1307,#1308,
    #1309,#1310,#1311,#1312,#1313,#1314,#1315,#1316,#1317,#1318,#1319,
    #1320,#1321,#1322,#1323,#1324,#1325,#1326,#1327,#1328,#1329,#1330,
    #1331,#1332,#1333,#1334,#1335,#1336,#1337,#1338,#1339,#1340,#1341,
    #1342,#1343,#1344,#1345,#1346,#1347,#1348,#1349,#1350),
  .UNSPECIFIED.,.T.,.F.,(9,7,7,7,7,7,7,7,9),(0.,0.131552682682,
    0.273299113026,0.436853516213,0.583976809713,0.679692279137,
    0.78496093172,0.896506125754,1.),.UNSPECIFIED.);
#1293 = CARTESIAN_POINT('',(1.047197551197,7.7));
#1294 = CARTESIAN_POINT('',(1.075637979298,7.7));
#1295 = CARTESIAN_POINT('',(1.103605220431,7.717776990349));
#1296 = CARTESIAN_POINT('',(1.130617521084,7.752296305048));
#1297 = CARTESIAN_POINT('',(1.156237156733,7.802098439351));
#1298 = CARTESIAN_POINT('',(1.180067614608,7.865302429797));
#1299 = CARTESIAN_POINT('',(1.201767680864,7.939600200861));
#1300 = CARTESIAN_POINT('',(1.22108140029,8.022251464925));
#1301 = CARTESIAN_POINT('',(1.25598626509,8.204732391743));
#1302 = CARTESIAN_POINT('',(1.271503731042,8.30712638824));
#1303 = CARTESIAN_POINT('',(1.284424324057,8.415440253223));
#1304 = CARTESIAN_POINT('',(1.294749054056,8.528175633064));
#1305 = CARTESIAN_POINT('',(1.302484716599,8.644064837462));
#1306 = CARTESIAN_POINT('',(1.307639769514,8.761998187828));
#1307 = CARTESIAN_POINT('',(1.310219754105,8.880965874297));
#1308 = CARTESIAN_POINT('',(1.310219754105,9.137347764886));
#1309 = CARTESIAN_POINT('',(1.306784857443,9.274777435749));
#1310 = CARTESIAN_POINT('',(1.299907573318,9.410695774462));
#1311 = CARTESIAN_POINT('',(1.289577050722,9.543456069411));
#1312 = CARTESIAN_POINT('',(1.275786077517,9.671256989719));
#1313 = CARTESIAN_POINT('',(1.25853257028,9.792025973678));
#1314 = CARTESIAN_POINT('',(1.237824349389,9.903243828142));
#1315 = CARTESIAN_POINT('',(1.191991636908,10.090202728193));
#1316 = CARTESIAN_POINT('',(1.166907874209,10.170881617329));
#1317 = CARTESIAN_POINT('',(1.13887508723,10.237547003921));
#1318 = CARTESIAN_POINT('',(1.10859361581,10.285722697236));
#1319 = CARTESIAN_POINT('',(1.07691239612,10.312527943753));
#1320 = CARTESIAN_POINT('',(1.044726978983,10.316613158372));
#1321 = CARTESIAN_POINT('',(1.01296229727,10.298192132631));
#1322 = CARTESIAN_POINT('',(0.962670352087,10.233763355437));
#1323 = CARTESIAN_POINT('',(0.943278359821,10.199493234796));
#1324 = CARTESIAN_POINT('',(0.92449252041,10.156590752643));
#1325 = CARTESIAN_POINT('',(0.906484387218,10.105408339951));
#1326 = CARTESIAN_POINT('',(0.889422501649,10.046406682428));
#1327 = CARTESIAN_POINT('',(0.873470642207,9.98015208015));
#1328 = CARTESIAN_POINT('',(0.858783431274,9.907312337967));
#1329 = CARTESIAN_POINT('',(0.830889303462,9.742139012026));
#1330 = CARTESIAN_POINT('',(0.817964401117,9.648513398404));
#1331 = CARTESIAN_POINT('',(0.806917812399,9.548794845113));
#1332 = CARTESIAN_POINT('',(0.797910283258,9.444109592781));
#1333 = CARTESIAN_POINT('',(0.791066711555,9.335649633359));
#1334 = CARTESIAN_POINT('',(0.786473316007,9.224643866124));
#1335 = CARTESIAN_POINT('',(0.784175348288,9.112340399683));
#1336 = CARTESIAN_POINT('',(0.784175348288,8.880961412795));
#1337 = CARTESIAN_POINT('',(0.786755524315,8.761993694936));
#1338 = CARTESIAN_POINT('',(0.791910632149,8.644062353632));
#1339 = CARTESIAN_POINT('',(0.79964616928,8.528175327554));
#1340 = CARTESIAN_POINT('',(0.809970713017,8.415441175342));
#1341 = CARTESIAN_POINT('',(0.822891220322,8.307127347714));
#1342 = CARTESIAN_POINT('',(0.838408769723,8.204732745049));
#1343 = CARTESIAN_POINT('',(0.873308976191,8.022276171761));
#1344 = CARTESIAN_POINT('',(0.892622468839,7.939615772258));
#1345 = CARTESIAN_POINT('',(0.914326227746,7.865298610479));
#1346 = CARTESIAN_POINT('',(0.938162499084,7.802079994068));
#1347 = CARTESIAN_POINT('',(0.963787662943,7.752275096718));
#1348 = CARTESIAN_POINT('',(0.990802590459,7.717764535959));
#1349 = CARTESIAN_POINT('',(1.018767085625,7.7));
#1350 = CARTESIAN_POINT('',(1.047197551197,7.7));
#1351 = ( GEOMETRIC_REPRESENTATION_CONTEXT(2) 
PARAMETRIC_REPRESENTATION_CONTEXT() REPRESENTATION_CONTEXT('2D SPACE',''
  ) );
#1352 = PCURVE('',#1353,#1358);
#1353 = CYLINDRICAL_SURFACE('',#1354,1.3);
#1354 = AXIS2_PLACEMENT_3D('',#1355,#1356,#1357);
#1355 = CARTESIAN_POINT('',(0.,0.,9.));
#1356 = DIRECTION('',(0.5,0.866025403784,1.110223024625E-16));
#1357 = DIRECTION('',(5.551115123126E-17,9.614813431918E-17,-1.));
#1358 = DEFINITIONAL_REPRESENTATION('',(#1359),#1418);
#1359 = B_SPLINE_CURVE_WITH_KNOTS('',8,(#1360,#1361,#1362,#1363,#1364,
    #1365,#1366,#1367,#1368,#1369,#1370,#1371,#1372,#1373,#1374,#1375,
    #1376,#1377,#1378,#1379,#1380,#1381,#1382,#1383,#1384,#1385,#1386,
    #1387,#1388,#1389,#1390,#1391,#1392,#1393,#1394,#1395,#1396,#1397,
    #1398,#1399,#1400,#1401,#1402,#1403,#1404,#1405,#1406,#1407,#1408,
    #1409,#1410,#1411,#1412,#1413,#1414,#1415,#1416,#1417),
  .UNSPECIFIED.,.F.,.F.,(9,7,7,7,7,7,7,7,9),(0.,0.131552682682,
    0.273299113026,0.436853516213,0.583976809713,0.679692279137,
    0.78496093172,0.896506125754,1.),.UNSPECIFIED.);
#1360 = CARTESIAN_POINT('',(0.,5.));
#1361 = CARTESIAN_POINT('',(0.109386261927,5.));
#1362 = CARTESIAN_POINT('',(0.216952376869,4.995377747476));
#1363 = CARTESIAN_POINT('',(0.322706206501,4.986403666532));
#1364 = CARTESIAN_POINT('',(0.426561070681,4.973783622277));
#1365 = CARTESIAN_POINT('',(0.528328729004,4.958575405966));
#1366 = CARTESIAN_POINT('',(0.627689072918,4.942013724193));
#1367 = CARTESIAN_POINT('',(0.724125393493,4.92529494746));
#1368 = CARTESIAN_POINT('',(0.916685043423,4.892217030661));
#1369 = CARTESIAN_POINT('',(1.014030142245,4.875672927504));
#1370 = CARTESIAN_POINT('',(1.1093821052,4.860678946047));
#1371 = CARTESIAN_POINT('',(1.203180789774,4.847975015598));
#1372 = CARTESIAN_POINT('',(1.295830080921,4.838098654047));
#1373 = CARTESIAN_POINT('',(1.387718071576,4.831397053137));
#1374 = CARTESIAN_POINT('',(1.479231614716,4.828043081829));
#1375 = CARTESIAN_POINT('',(1.67644845363,4.828043081829));
#1376 = CARTESIAN_POINT('',(1.78216320926,4.83250832969));
#1377 = CARTESIAN_POINT('',(1.888514211506,4.841449263314));
#1378 = CARTESIAN_POINT('',(1.996036066652,4.854559230074));
#1379 = CARTESIAN_POINT('',(2.105302315173,4.871208317501));
#1380 = CARTESIAN_POINT('',(2.216939816099,4.890420865165));
#1381 = CARTESIAN_POINT('',(2.331666856152,4.910861636162));
#1382 = CARTESIAN_POINT('',(2.557285189967,4.948840967748));
#1383 = CARTESIAN_POINT('',(2.670416854654,4.966971880593));
#1384 = CARTESIAN_POINT('',(2.787515819141,4.983433098562));
#1385 = CARTESIAN_POINT('',(2.907166901388,4.996146384806));
#1386 = CARTESIAN_POINT('',(3.028378940006,5.003378283599));
#1387 = CARTESIAN_POINT('',(3.150316905976,5.004363255557));
#1388 = CARTESIAN_POINT('',(3.272182660723,4.999387581782));
#1389 = CARTESIAN_POINT('',(3.471469404574,4.983128354157));
#1390 = CARTESIAN_POINT('',(3.550007192263,4.974618313691));
#1391 = CARTESIAN_POINT('',(3.628537853327,4.96423784882));
#1392 = CARTESIAN_POINT('',(3.707070059618,4.952323508524));
#1393 = CARTESIAN_POINT('',(3.785610509236,4.939302764648));
#1394 = CARTESIAN_POINT('',(3.86415951064,4.92566886326));
#1395 = CARTESIAN_POINT('',(3.942708372118,4.91194515024));
#1396 = CARTESIAN_POINT('',(4.107606776864,4.884004516903));
#1397 = CARTESIAN_POINT('',(4.194023663489,4.869863409942));
#1398 = CARTESIAN_POINT('',(4.280439687362,4.856894639065));
#1399 = CARTESIAN_POINT('',(4.366835596207,4.84575581926));
#1400 = CARTESIAN_POINT('',(4.453213127746,4.837002290862));
#1401 = CARTESIAN_POINT('',(4.539586295656,4.831030145939));
#1402 = CARTESIAN_POINT('',(4.625973288321,4.828043081829));
#1403 = CARTESIAN_POINT('',(4.803957124389,4.828043081829));
#1404 = CARTESIAN_POINT('',(4.895470685141,4.831397300536));
#1405 = CARTESIAN_POINT('',(4.98735727136,4.838098976659));
#1406 = CARTESIAN_POINT('',(5.080004925201,4.847975145491));
#1407 = CARTESIAN_POINT('',(5.173802492772,4.860678840453));
#1408 = CARTESIAN_POINT('',(5.269154241725,4.875672771111));
#1409 = CARTESIAN_POINT('',(5.366499890936,4.892216966618));
#1410 = CARTESIAN_POINT('',(5.559033842251,4.925290468906));
#1411 = CARTESIAN_POINT('',(5.655474615929,4.942009919572));
#1412 = CARTESIAN_POINT('',(5.754854285,4.958575645828));
#1413 = CARTESIAN_POINT('',(5.856645456218,4.973787947965));
#1414 = CARTESIAN_POINT('',(5.960519803259,4.986409189077));
#1415 = CARTESIAN_POINT('',(6.066281817008,4.995380983102));
#1416 = CARTESIAN_POINT('',(6.173837362672,5.));
#1417 = CARTESIAN_POINT('',(6.28318530718,5.));
#1418 = ( GEOMETRIC_REPRESENTATION_CONTEXT(2) 
PARAMETRIC_REPRESENTATION_CONTEXT() REPRESENTATION_CONTEXT('2D SPACE',''
  ) );
#1419 = ADVANCED_FACE('',(#1420),#443,.F.);
#1420 = FACE_BOUND('',#1421,.F.);
#1421 = EDGE_LOOP('',(#1422,#1423,#1424,#1425));
#1422 = ORIENTED_EDGE('',*,*,#531,.T.);
#1423 = ORIENTED_EDGE('',*,*,#776,.F.);
#1424 = ORIENTED_EDGE('',*,*,#428,.T.);
#1425 = ORIENTED_EDGE('',*,*,#482,.T.);
#1426 = ADVANCED_FACE('',(#1427,#1430),#834,.F.);
#1427 = FACE_BOUND('',#1428,.F.);
#1428 = EDGE_LOOP('',(#1429));
#1429 = ORIENTED_EDGE('',*,*,#819,.T.);
#1430 = FACE_BOUND('',#1431,.F.);
#1431 = EDGE_LOOP('',(#1432));
#1432 = ORIENTED_EDGE('',*,*,#1433,.F.);
#1433 = EDGE_CURVE('',#1434,#1434,#1436,.T.);
#1434 = VERTEX_POINT('',#1435);
#1435 = CARTESIAN_POINT('',(2.025,-4.959819536547E-16,0.));
#1436 = SURFACE_CURVE('',#1437,(#1442,#1449),.PCURVE_S1.);
#1437 = CIRCLE('',#1438,2.025);
#1438 = AXIS2_PLACEMENT_3D('',#1439,#1440,#1441);
#1439 = CARTESIAN_POINT('',(0.,0.,0.));
#1440 = DIRECTION('',(0.,0.,1.));
#1441 = DIRECTION('',(1.,0.,-0.));
#1442 = PCURVE('',#834,#1443);
#1443 = DEFINITIONAL_REPRESENTATION('',(#1444),#1448);
#1444 = CIRCLE('',#1445,2.025);
#1445 = AXIS2_PLACEMENT_2D('',#1446,#1447);
#1446 = CARTESIAN_POINT('',(0.,0.));
#1447 = DIRECTION('',(1.,0.));
#1448 = ( GEOMETRIC_REPRESENTATION_CONTEXT(2) 
PARAMETRIC_REPRESENTATION_CONTEXT() REPRESENTATION_CONTEXT('2D SPACE',''
  ) );
#1449 = PCURVE('',#1450,#1455);
#1450 = CYLINDRICAL_SURFACE('',#1451,2.025);
#1451 = AXIS2_PLACEMENT_3D('',#1452,#1453,#1454);
#1452 = CARTESIAN_POINT('',(0.,0.,-2.));
#1453 = DIRECTION('',(0.,0.,1.));
#1454 = DIRECTION('',(1.,0.,-0.));
#1455 = DEFINITIONAL_REPRESENTATION('',(#1456),#1460);
#1456 = LINE('',#1457,#1458);
#1457 = CARTESIAN_POINT('',(0.,2.));
#1458 = VECTOR('',#1459,1.);
#1459 = DIRECTION('',(1.,0.));
#1460 = ( GEOMETRIC_REPRESENTATION_CONTEXT(2) 
PARAMETRIC_REPRESENTATION_CONTEXT() REPRESENTATION_CONTEXT('2D SPACE',''
  ) );
#1461 = ADVANCED_FACE('',(#1462,#1465),#762,.T.);
#1462 = FACE_BOUND('',#1463,.T.);
#1463 = EDGE_LOOP('',(#1464));
#1464 = ORIENTED_EDGE('',*,*,#747,.T.);
#1465 = FACE_BOUND('',#1466,.T.);
#1466 = EDGE_LOOP('',(#1467));
#1467 = ORIENTED_EDGE('',*,*,#1468,.F.);
#1468 = EDGE_CURVE('',#1469,#1469,#1471,.T.);
#1469 = VERTEX_POINT('',#1470);
#1470 = CARTESIAN_POINT('',(2.025,-4.959819536547E-16,18.));
#1471 = SURFACE_CURVE('',#1472,(#1477,#1484),.PCURVE_S1.);
#1472 = CIRCLE('',#1473,2.025);
#1473 = AXIS2_PLACEMENT_3D('',#1474,#1475,#1476);
#1474 = CARTESIAN_POINT('',(0.,0.,18.));
#1475 = DIRECTION('',(0.,0.,1.));
#1476 = DIRECTION('',(1.,0.,-0.));
#1477 = PCURVE('',#762,#1478);
#1478 = DEFINITIONAL_REPRESENTATION('',(#1479),#1483);
#1479 = CIRCLE('',#1480,2.025);
#1480 = AXIS2_PLACEMENT_2D('',#1481,#1482);
#1481 = CARTESIAN_POINT('',(0.,0.));
#1482 = DIRECTION('',(1.,0.));
#1483 = ( GEOMETRIC_REPRESENTATION_CONTEXT(2) 
PARAMETRIC_REPRESENTATION_CONTEXT() REPRESENTATION_CONTEXT('2D SPACE',''
  ) );
#1484 = PCURVE('',#1450,#1485);
#1485 = DEFINITIONAL_REPRESENTATION('',(#1486),#1490);
#1486 = LINE('',#1487,#1488);
#1487 = CARTESIAN_POINT('',(0.,20.));
#1488 = VECTOR('',#1489,1.);
#1489 = DIRECTION('',(1.,0.));
#1490 = ( GEOMETRIC_REPRESENTATION_CONTEXT(2) 
PARAMETRIC_REPRESENTATION_CONTEXT() REPRESENTATION_CONTEXT('2D SPACE',''
  ) );
#1491 = ADVANCED_FACE('',(#1492),#891,.T.);
#1492 = FACE_BOUND('',#1493,.T.);
#1493 = EDGE_LOOP('',(#1494,#1532,#1551,#1552,#1573,#1609));
#1494 = ORIENTED_EDGE('',*,*,#1495,.F.);
#1495 = EDGE_CURVE('',#1496,#1498,#1500,.T.);
#1496 = VERTEX_POINT('',#1497);
#1497 = CARTESIAN_POINT('',(2.599852225008,6.697177804668,
    11.828035920108));
#1498 = VERTEX_POINT('',#1499);
#1499 = CARTESIAN_POINT('',(-4.646677435152,12.67510902571,
    9.888664183881));
#1500 = SURFACE_CURVE('',#1501,(#1507,#1514),.PCURVE_S1.);
#1501 = ( BOUNDED_CURVE() B_SPLINE_CURVE(4,(#1502,#1503,#1504,#1505,
#1506),.UNSPECIFIED.,.F.,.F.) B_SPLINE_CURVE_WITH_KNOTS((5,5),(0.,1.),
.PIECEWISE_BEZIER_KNOTS.) CURVE() GEOMETRIC_REPRESENTATION_ITEM() 
RATIONAL_B_SPLINE_CURVE((1.,1.,1.,1.,1.)) REPRESENTATION_ITEM('') );
#1502 = CARTESIAN_POINT('',(2.599852225008,6.697177804668,
    11.828035920108));
#1503 = CARTESIAN_POINT('',(0.625528618221,8.440579855415,
    11.206168442614));
#1504 = CARTESIAN_POINT('',(-1.418265074839,10.146431081862,
    10.630513834161));
#1505 = CARTESIAN_POINT('',(-3.522300336659,11.819650197772,
    10.114966258727));
#1506 = CARTESIAN_POINT('',(-5.674056324681,13.467239860047,
    9.668886202596));
#1507 = PCURVE('',#891,#1508);
#1508 = DEFINITIONAL_REPRESENTATION('',(#1509),#1513);
#1509 = LINE('',#1510,#1511);
#1510 = CARTESIAN_POINT('',(1.,0.));
#1511 = VECTOR('',#1512,1.);
#1512 = DIRECTION('',(0.,1.));
#1513 = ( GEOMETRIC_REPRESENTATION_CONTEXT(2) 
PARAMETRIC_REPRESENTATION_CONTEXT() REPRESENTATION_CONTEXT('2D SPACE',''
  ) );
#1514 = PCURVE('',#1515,#1526);
#1515 = ( BOUNDED_SURFACE() B_SPLINE_SURFACE(1,4,(
    (#1516,#1517,#1518,#1519,#1520)
    ,(#1521,#1522,#1523,#1524,#1525
)),.UNSPECIFIED.,.F.,.F.,.F.) B_SPLINE_SURFACE_WITH_KNOTS((2,2),(5,5),(
    0.,1.),(0.,1.),.PIECEWISE_BEZIER_KNOTS.) 
GEOMETRIC_REPRESENTATION_ITEM() RATIONAL_B_SPLINE_SURFACE((
    (1.,1.,1.,1.,1.)
,(1.,1.,1.,1.,1.))) REPRESENTATION_ITEM('') SURFACE() );
#1516 = CARTESIAN_POINT('',(1.688772447317,6.171165649765,
    13.288599116816));
#1517 = CARTESIAN_POINT('',(-0.20124332485,7.963242851525,12.73685184946
    ));
#1518 = CARTESIAN_POINT('',(-2.155255438573,9.72092949697,
    12.222729454786));
#1519 = CARTESIAN_POINT('',(-4.165033764355,11.448567880275,
    11.759244828932));
#1520 = CARTESIAN_POINT('',(-6.219226002228,13.152485999962,
    11.355219511952));
#1521 = CARTESIAN_POINT('',(2.599852225008,6.697177804668,
    11.828035920108));
#1522 = CARTESIAN_POINT('',(0.625528618221,8.440579855415,
    11.206168442614));
#1523 = CARTESIAN_POINT('',(-1.418265074839,10.146431081862,
    10.630513834161));
#1524 = CARTESIAN_POINT('',(-3.522300336659,11.819650197772,
    10.114966258727));
#1525 = CARTESIAN_POINT('',(-5.674056324681,13.467239860047,
    9.668886202596));
#1526 = DEFINITIONAL_REPRESENTATION('',(#1527),#1531);
#1527 = LINE('',#1528,#1529);
#1528 = CARTESIAN_POINT('',(1.,0.));
#1529 = VECTOR('',#1530,1.);
#1530 = DIRECTION('',(0.,1.));
#1531 = ( GEOMETRIC_REPRESENTATION_CONTEXT(2) 
PARAMETRIC_REPRESENTATION_CONTEXT() REPRESENTATION_CONTEXT('2D SPACE',''
  ) );
#1532 = ORIENTED_EDGE('',*,*,#1533,.T.);
#1533 = EDGE_CURVE('',#1496,#852,#1534,.T.);
#1534 = SURFACE_CURVE('',#1535,(#1538,#1545),.PCURVE_S1.);
#1535 = B_SPLINE_CURVE_WITH_KNOTS('',1,(#1536,#1537),.UNSPECIFIED.,.F.,
  .F.,(2,2),(1.,2.),.PIECEWISE_BEZIER_KNOTS.);
#1536 = CARTESIAN_POINT('',(2.599852225008,6.697177804668,
    11.828035920108));
#1537 = CARTESIAN_POINT('',(-5.956721639749,1.75703758051,4.711400883184
    ));
#1538 = PCURVE('',#891,#1539);
#1539 = DEFINITIONAL_REPRESENTATION('',(#1540),#1544);
#1540 = LINE('',#1541,#1542);
#1541 = CARTESIAN_POINT('',(0.,0.));
#1542 = VECTOR('',#1543,1.);
#1543 = DIRECTION('',(1.,0.));
#1544 = ( GEOMETRIC_REPRESENTATION_CONTEXT(2) 
PARAMETRIC_REPRESENTATION_CONTEXT() REPRESENTATION_CONTEXT('2D SPACE',''
  ) );
#1545 = PCURVE('',#935,#1546);
#1546 = DEFINITIONAL_REPRESENTATION('',(#1547),#1550);
#1547 = B_SPLINE_CURVE_WITH_KNOTS('',1,(#1548,#1549),.UNSPECIFIED.,.F.,
  .F.,(2,2),(1.,2.),.PIECEWISE_BEZIER_KNOTS.);
#1548 = CARTESIAN_POINT('',(0.263226415139,-1.780649278879));
#1549 = CARTESIAN_POINT('',(12.308795066381,3.885780586188E-16));
#1550 = ( GEOMETRIC_REPRESENTATION_CONTEXT(2) 
PARAMETRIC_REPRESENTATION_CONTEXT() REPRESENTATION_CONTEXT('2D SPACE',''
  ) );
#1551 = ORIENTED_EDGE('',*,*,#851,.T.);
#1552 = ORIENTED_EDGE('',*,*,#1553,.T.);
#1553 = EDGE_CURVE('',#854,#1554,#1556,.T.);
#1554 = VERTEX_POINT('',#1555);
#1555 = CARTESIAN_POINT('',(-5.956721639749,1.75703758051,4.711400883184
    ));
#1556 = SURFACE_CURVE('',#1557,(#1560,#1567),.PCURVE_S1.);
#1557 = B_SPLINE_CURVE_WITH_KNOTS('',1,(#1558,#1559),.UNSPECIFIED.,.F.,
  .F.,(2,2),(1.,2.),.PIECEWISE_BEZIER_KNOTS.);
#1558 = CARTESIAN_POINT('',(2.599852225008,6.697177804668,
    11.828035920108));
#1559 = CARTESIAN_POINT('',(-5.956721639749,1.75703758051,4.711400883184
    ));
#1560 = PCURVE('',#891,#1561);
#1561 = DEFINITIONAL_REPRESENTATION('',(#1562),#1566);
#1562 = LINE('',#1563,#1564);
#1563 = CARTESIAN_POINT('',(0.,0.));
#1564 = VECTOR('',#1565,1.);
#1565 = DIRECTION('',(1.,0.));
#1566 = ( GEOMETRIC_REPRESENTATION_CONTEXT(2) 
PARAMETRIC_REPRESENTATION_CONTEXT() REPRESENTATION_CONTEXT('2D SPACE',''
  ) );
#1567 = PCURVE('',#1026,#1568);
#1568 = DEFINITIONAL_REPRESENTATION('',(#1569),#1572);
#1569 = B_SPLINE_CURVE_WITH_KNOTS('',1,(#1570,#1571),.UNSPECIFIED.,.F.,
  .F.,(2,2),(1.,2.),.PIECEWISE_BEZIER_KNOTS.);
#1570 = CARTESIAN_POINT('',(0.263226415139,-1.780649278879));
#1571 = CARTESIAN_POINT('',(12.308795066381,3.885780586188E-16));
#1572 = ( GEOMETRIC_REPRESENTATION_CONTEXT(2) 
PARAMETRIC_REPRESENTATION_CONTEXT() REPRESENTATION_CONTEXT('2D SPACE',''
  ) );
#1573 = ORIENTED_EDGE('',*,*,#1574,.T.);
#1574 = EDGE_CURVE('',#1554,#1575,#1577,.T.);
#1575 = VERTEX_POINT('',#1576);
#1576 = CARTESIAN_POINT('',(-11.16582639163,7.587774442604,
    6.246853621705));
#1577 = SURFACE_CURVE('',#1578,(#1584,#1591),.PCURVE_S1.);
#1578 = ( BOUNDED_CURVE() B_SPLINE_CURVE(4,(#1579,#1580,#1581,#1582,
#1583),.UNSPECIFIED.,.F.,.F.) B_SPLINE_CURVE_WITH_KNOTS((5,5),(0.,1.),
.PIECEWISE_BEZIER_KNOTS.) CURVE() GEOMETRIC_REPRESENTATION_ITEM() 
RATIONAL_B_SPLINE_CURVE((1.,1.,1.,1.,1.)) REPRESENTATION_ITEM('') );
#1579 = CARTESIAN_POINT('',(-5.956721639749,1.75703758051,4.711400883184
    ));
#1580 = CARTESIAN_POINT('',(-7.722556280659,3.620810791829,5.26314815054
    ));
#1581 = CARTESIAN_POINT('',(-9.427637675425,5.522217654873,
    5.777270545214));
#1582 = CARTESIAN_POINT('',(-11.07967688899,7.456396810916,
    6.240755171068));
#1583 = CARTESIAN_POINT('',(-12.68973934158,9.416733381691,
    6.644780488048));
#1584 = PCURVE('',#891,#1585);
#1585 = DEFINITIONAL_REPRESENTATION('',(#1586),#1590);
#1586 = LINE('',#1587,#1588);
#1587 = CARTESIAN_POINT('',(2.,0.));
#1588 = VECTOR('',#1589,1.);
#1589 = DIRECTION('',(0.,1.));
#1590 = ( GEOMETRIC_REPRESENTATION_CONTEXT(2) 
PARAMETRIC_REPRESENTATION_CONTEXT() REPRESENTATION_CONTEXT('2D SPACE',''
  ) );
#1591 = PCURVE('',#1592,#1603);
#1592 = ( BOUNDED_SURFACE() B_SPLINE_SURFACE(1,4,(
    (#1593,#1594,#1595,#1596,#1597)
    ,(#1598,#1599,#1600,#1601,#1602
)),.UNSPECIFIED.,.F.,.F.,.F.) B_SPLINE_SURFACE_WITH_KNOTS((2,2),(5,5),(
    2.,3.),(0.,1.),.PIECEWISE_BEZIER_KNOTS.) 
GEOMETRIC_REPRESENTATION_ITEM() RATIONAL_B_SPLINE_SURFACE((
    (1.,1.,1.,1.,1.)
,(1.,1.,1.,1.,1.))) REPRESENTATION_ITEM('') SURFACE() );
#1593 = CARTESIAN_POINT('',(-5.956721639749,1.75703758051,4.711400883184
    ));
#1594 = CARTESIAN_POINT('',(-7.722556280659,3.620810791829,5.26314815054
    ));
#1595 = CARTESIAN_POINT('',(-9.427637675425,5.522217654873,
    5.777270545214));
#1596 = CARTESIAN_POINT('',(-11.07967688899,7.456396810916,
    6.240755171068));
#1597 = CARTESIAN_POINT('',(-12.68973934158,9.416733381691,
    6.644780488048));
#1598 = CARTESIAN_POINT('',(-6.867801417439,1.231025425607,
    6.171964079892));
#1599 = CARTESIAN_POINT('',(-8.54932822373,3.143473787938,6.793831557386
    ));
#1600 = CARTESIAN_POINT('',(-10.16462803916,5.096716069981,
    7.369486165839));
#1601 = CARTESIAN_POINT('',(-11.72241031668,7.085314493418,
    7.885033741273));
#1602 = CARTESIAN_POINT('',(-13.23490901912,9.101979521606,
    8.331113797404));
#1603 = DEFINITIONAL_REPRESENTATION('',(#1604),#1608);
#1604 = LINE('',#1605,#1606);
#1605 = CARTESIAN_POINT('',(2.,0.));
#1606 = VECTOR('',#1607,1.);
#1607 = DIRECTION('',(0.,1.));
#1608 = ( GEOMETRIC_REPRESENTATION_CONTEXT(2) 
PARAMETRIC_REPRESENTATION_CONTEXT() REPRESENTATION_CONTEXT('2D SPACE',''
  ) );
#1609 = ORIENTED_EDGE('',*,*,#1610,.T.);
#1610 = EDGE_CURVE('',#1575,#1498,#1611,.T.);
#1611 = SURFACE_CURVE('',#1612,(#1630,#1651),.PCURVE_S1.);
#1612 = B_SPLINE_CURVE_WITH_KNOTS('',6,(#1613,#1614,#1615,#1616,#1617,
    #1618,#1619,#1620,#1621,#1622,#1623,#1624,#1625,#1626,#1627,#1628,
    #1629),.UNSPECIFIED.,.F.,.F.,(7,5,5,7),(0.,0.376697627213,
    0.729059224543,1.),.UNSPECIFIED.);
#1613 = CARTESIAN_POINT('',(-11.16582639163,7.587774442604,
    6.246853621705));
#1614 = CARTESIAN_POINT('',(-10.88417569943,8.002238888805,
    6.504567514628));
#1615 = CARTESIAN_POINT('',(-10.58048766271,8.409419897323,
    6.755935444867));
#1616 = CARTESIAN_POINT('',(-10.2548769882,8.80725863574,7.00111519677)
  );
#1617 = CARTESIAN_POINT('',(-9.907774152789,9.193629745613,
    7.240502773372));
#1618 = CARTESIAN_POINT('',(-9.539990279151,9.566406203873,
    7.474726657563));
#1619 = CARTESIAN_POINT('',(-8.790494653937,10.257682185648,
    7.919534763606));
#1620 = CARTESIAN_POINT('',(-8.411201134842,10.578147555987,
    8.130678468809));
#1621 = CARTESIAN_POINT('',(-8.015826831864,10.883343727583,
    8.338619654592));
#1622 = CARTESIAN_POINT('',(-7.605588460895,11.171776790495,
    8.54413351244));
#1623 = CARTESIAN_POINT('',(-7.181915548188,11.442154960852,
    8.748058054445));
#1624 = CARTESIAN_POINT('',(-6.411500243665,11.886637255667,
    9.107402070791));
#1625 = CARTESIAN_POINT('',(-6.069597855323,12.068554058761,
    9.26314363748));
#1626 = CARTESIAN_POINT('',(-5.721397500612,12.238699882952,
    9.418793852448));
#1627 = CARTESIAN_POINT('',(-5.367655856476,12.39668861316,
    9.574715107846));
#1628 = CARTESIAN_POINT('',(-5.009153429914,12.542225827449,
    9.731242695114));
#1629 = CARTESIAN_POINT('',(-4.646677435152,12.67510902571,
    9.888664183881));
#1630 = PCURVE('',#891,#1631);
#1631 = DEFINITIONAL_REPRESENTATION('',(#1632),#1650);
#1632 = B_SPLINE_CURVE_WITH_KNOTS('',6,(#1633,#1634,#1635,#1636,#1637,
    #1638,#1639,#1640,#1641,#1642,#1643,#1644,#1645,#1646,#1647,#1648,
    #1649),.UNSPECIFIED.,.F.,.F.,(7,5,5,7),(0.,0.376697627213,
    0.729059224543,1.),.UNSPECIFIED.);
#1633 = CARTESIAN_POINT('',(2.,0.765612120931));
#1634 = CARTESIAN_POINT('',(1.94331042446,0.787409940301));
#1635 = CARTESIAN_POINT('',(1.884489160012,0.80747497937));
#1636 = CARTESIAN_POINT('',(1.823724708005,0.825635148786));
#1637 = CARTESIAN_POINT('',(1.761290385979,0.841728388336));
#1638 = CARTESIAN_POINT('',(1.697558837311,0.855611482873));
#1639 = CARTESIAN_POINT('',(1.572560477167,0.877984536371));
#1640 = CARTESIAN_POINT('',(1.511397683518,0.886765456126));
#1641 = CARTESIAN_POINT('',(1.449845612069,0.893421650377));
#1642 = CARTESIAN_POINT('',(1.388309897248,0.897884790635));
#1643 = CARTESIAN_POINT('',(1.327214872024,0.900114594594));
#1644 = CARTESIAN_POINT('',(1.220638181107,0.900087149706));
#1645 = CARTESIAN_POINT('',(1.174810067336,0.898747681014));
#1646 = CARTESIAN_POINT('',(1.129665405643,0.896075105303));
#1647 = CARTESIAN_POINT('',(1.085379599268,0.892073786089));
#1648 = CARTESIAN_POINT('',(1.042112228219,0.886757184798));
#1649 = CARTESIAN_POINT('',(1.,0.880147026914));
#1650 = ( GEOMETRIC_REPRESENTATION_CONTEXT(2) 
PARAMETRIC_REPRESENTATION_CONTEXT() REPRESENTATION_CONTEXT('2D SPACE',''
  ) );
#1651 = PCURVE('',#1652,#1657);
#1652 = CYLINDRICAL_SURFACE('',#1653,13.5);
#1653 = AXIS2_PLACEMENT_3D('',#1654,#1655,#1656);
#1654 = CARTESIAN_POINT('',(0.,0.,-5.));
#1655 = DIRECTION('',(0.,0.,1.));
#1656 = DIRECTION('',(1.,0.,-0.));
#1657 = DEFINITIONAL_REPRESENTATION('',(#1658),#1676);
#1658 = B_SPLINE_CURVE_WITH_KNOTS('',6,(#1659,#1660,#1661,#1662,#1663,
    #1664,#1665,#1666,#1667,#1668,#1669,#1670,#1671,#1672,#1673,#1674,
    #1675),.UNSPECIFIED.,.F.,.F.,(7,5,5,7),(0.,0.376697627213,
    0.729059224543,1.),.UNSPECIFIED.);
#1659 = CARTESIAN_POINT('',(2.544721499131,11.246853621705));
#1660 = CARTESIAN_POINT('',(2.507602486918,11.504567514628));
#1661 = CARTESIAN_POINT('',(2.470012206206,11.755935444867));
#1662 = CARTESIAN_POINT('',(2.431989507452,12.00111519677));
#1663 = CARTESIAN_POINT('',(2.393578799571,12.240502773372));
#1664 = CARTESIAN_POINT('',(2.354831712682,12.474726657563));
#1665 = CARTESIAN_POINT('',(2.279304987057,12.919534763606));
#1666 = CARTESIAN_POINT('',(2.242558295267,13.130678468809));
#1667 = CARTESIAN_POINT('',(2.205615290023,13.338619654592));
#1668 = CARTESIAN_POINT('',(2.168523809874,13.54413351244));
#1669 = CARTESIAN_POINT('',(2.131331684323,13.748058054445));
#1670 = CARTESIAN_POINT('',(2.065447209137,14.107402070791));
#1671 = CARTESIAN_POINT('',(2.036776200407,14.26314363748));
#1672 = CARTESIAN_POINT('',(2.008094536064,14.418793852448));
#1673 = CARTESIAN_POINT('',(1.979422344721,14.574715107846));
#1674 = CARTESIAN_POINT('',(1.95077859982,14.731242695114));
#1675 = CARTESIAN_POINT('',(1.922181134186,14.888664183881));
#1676 = ( GEOMETRIC_REPRESENTATION_CONTEXT(2) 
PARAMETRIC_REPRESENTATION_CONTEXT() REPRESENTATION_CONTEXT('2D SPACE',''
  ) );
#1677 = ADVANCED_FACE('',(#1678),#935,.F.);
#1678 = FACE_BOUND('',#1679,.F.);
#1679 = EDGE_LOOP('',(#1680,#1701,#1720,#1721));
#1680 = ORIENTED_EDGE('',*,*,#1681,.T.);
#1681 = EDGE_CURVE('',#921,#1682,#1684,.T.);
#1682 = VERTEX_POINT('',#1683);
#1683 = CARTESIAN_POINT('',(1.688772447317,6.171165649765,
    13.288599116816));
#1684 = SURFACE_CURVE('',#1685,(#1688,#1694),.PCURVE_S1.);
#1685 = B_SPLINE_CURVE_WITH_KNOTS('',1,(#1686,#1687),.UNSPECIFIED.,.F.,
  .F.,(2,2),(3.,4.),.PIECEWISE_BEZIER_KNOTS.);
#1686 = CARTESIAN_POINT('',(-6.867801417439,1.231025425607,
    6.171964079892));
#1687 = CARTESIAN_POINT('',(1.688772447317,6.171165649765,
    13.288599116816));
#1688 = PCURVE('',#935,#1689);
#1689 = DEFINITIONAL_REPRESENTATION('',(#1690),#1693);
#1690 = B_SPLINE_CURVE_WITH_KNOTS('',1,(#1691,#1692),.UNSPECIFIED.,.F.,
  .F.,(2,2),(3.,4.),.PIECEWISE_BEZIER_KNOTS.);
#1691 = CARTESIAN_POINT('',(12.045568651242,1.780649278879));
#1692 = CARTESIAN_POINT('',(0.,0.));
#1693 = ( GEOMETRIC_REPRESENTATION_CONTEXT(2) 
PARAMETRIC_REPRESENTATION_CONTEXT() REPRESENTATION_CONTEXT('2D SPACE',''
  ) );
#1694 = PCURVE('',#984,#1695);
#1695 = DEFINITIONAL_REPRESENTATION('',(#1696),#1700);
#1696 = LINE('',#1697,#1698);
#1697 = CARTESIAN_POINT('',(0.,0.));
#1698 = VECTOR('',#1699,1.);
#1699 = DIRECTION('',(1.,0.));
#1700 = ( GEOMETRIC_REPRESENTATION_CONTEXT(2) 
PARAMETRIC_REPRESENTATION_CONTEXT() REPRESENTATION_CONTEXT('2D SPACE',''
  ) );
#1701 = ORIENTED_EDGE('',*,*,#1702,.T.);
#1702 = EDGE_CURVE('',#1682,#1496,#1703,.T.);
#1703 = SURFACE_CURVE('',#1704,(#1707,#1713),.PCURVE_S1.);
#1704 = B_SPLINE_CURVE_WITH_KNOTS('',1,(#1705,#1706),.UNSPECIFIED.,.F.,
  .F.,(2,2),(0.,1.),.PIECEWISE_BEZIER_KNOTS.);
#1705 = CARTESIAN_POINT('',(1.688772447317,6.171165649765,
    13.288599116816));
#1706 = CARTESIAN_POINT('',(2.599852225008,6.697177804668,
    11.828035920108));
#1707 = PCURVE('',#935,#1708);
#1708 = DEFINITIONAL_REPRESENTATION('',(#1709),#1712);
#1709 = B_SPLINE_CURVE_WITH_KNOTS('',1,(#1710,#1711),.UNSPECIFIED.,.F.,
  .F.,(2,2),(0.,1.),.PIECEWISE_BEZIER_KNOTS.);
#1710 = CARTESIAN_POINT('',(0.,0.));
#1711 = CARTESIAN_POINT('',(0.263226415139,-1.780649278879));
#1712 = ( GEOMETRIC_REPRESENTATION_CONTEXT(2) 
PARAMETRIC_REPRESENTATION_CONTEXT() REPRESENTATION_CONTEXT('2D SPACE',''
  ) );
#1713 = PCURVE('',#1515,#1714);
#1714 = DEFINITIONAL_REPRESENTATION('',(#1715),#1719);
#1715 = LINE('',#1716,#1717);
#1716 = CARTESIAN_POINT('',(0.,0.));
#1717 = VECTOR('',#1718,1.);
#1718 = DIRECTION('',(1.,0.));
#1719 = ( GEOMETRIC_REPRESENTATION_CONTEXT(2) 
PARAMETRIC_REPRESENTATION_CONTEXT() REPRESENTATION_CONTEXT('2D SPACE',''
  ) );
#1720 = ORIENTED_EDGE('',*,*,#1533,.T.);
#1721 = ORIENTED_EDGE('',*,*,#920,.T.);
#1722 = ADVANCED_FACE('',(#1723),#1026,.F.);
#1723 = FACE_BOUND('',#1724,.F.);
#1724 = EDGE_LOOP('',(#1725,#1746,#1747,#1748));
#1725 = ORIENTED_EDGE('',*,*,#1726,.T.);
#1726 = EDGE_CURVE('',#1727,#947,#1729,.T.);
#1727 = VERTEX_POINT('',#1728);
#1728 = CARTESIAN_POINT('',(-6.867801417439,1.231025425607,
    6.171964079892));
#1729 = SURFACE_CURVE('',#1730,(#1733,#1739),.PCURVE_S1.);
#1730 = B_SPLINE_CURVE_WITH_KNOTS('',1,(#1731,#1732),.UNSPECIFIED.,.F.,
  .F.,(2,2),(3.,4.),.PIECEWISE_BEZIER_KNOTS.);
#1731 = CARTESIAN_POINT('',(-6.867801417439,1.231025425607,
    6.171964079892));
#1732 = CARTESIAN_POINT('',(1.688772447317,6.171165649765,
    13.288599116816));
#1733 = PCURVE('',#1026,#1734);
#1734 = DEFINITIONAL_REPRESENTATION('',(#1735),#1738);
#1735 = B_SPLINE_CURVE_WITH_KNOTS('',1,(#1736,#1737),.UNSPECIFIED.,.F.,
  .F.,(2,2),(3.,4.),.PIECEWISE_BEZIER_KNOTS.);
#1736 = CARTESIAN_POINT('',(12.045568651242,1.780649278879));
#1737 = CARTESIAN_POINT('',(0.,0.));
#1738 = ( GEOMETRIC_REPRESENTATION_CONTEXT(2) 
PARAMETRIC_REPRESENTATION_CONTEXT() REPRESENTATION_CONTEXT('2D SPACE',''
  ) );
#1739 = PCURVE('',#984,#1740);
#1740 = DEFINITIONAL_REPRESENTATION('',(#1741),#1745);
#1741 = LINE('',#1742,#1743);
#1742 = CARTESIAN_POINT('',(0.,0.));
#1743 = VECTOR('',#1744,1.);
#1744 = DIRECTION('',(1.,0.));
#1745 = ( GEOMETRIC_REPRESENTATION_CONTEXT(2) 
PARAMETRIC_REPRESENTATION_CONTEXT() REPRESENTATION_CONTEXT('2D SPACE',''
  ) );
#1746 = ORIENTED_EDGE('',*,*,#1013,.F.);
#1747 = ORIENTED_EDGE('',*,*,#1553,.T.);
#1748 = ORIENTED_EDGE('',*,*,#1749,.T.);
#1749 = EDGE_CURVE('',#1554,#1727,#1750,.T.);
#1750 = SURFACE_CURVE('',#1751,(#1754,#1760),.PCURVE_S1.);
#1751 = B_SPLINE_CURVE_WITH_KNOTS('',1,(#1752,#1753),.UNSPECIFIED.,.F.,
  .F.,(2,2),(2.,3.),.PIECEWISE_BEZIER_KNOTS.);
#1752 = CARTESIAN_POINT('',(-5.956721639749,1.75703758051,4.711400883184
    ));
#1753 = CARTESIAN_POINT('',(-6.867801417439,1.231025425607,
    6.171964079892));
#1754 = PCURVE('',#1026,#1755);
#1755 = DEFINITIONAL_REPRESENTATION('',(#1756),#1759);
#1756 = B_SPLINE_CURVE_WITH_KNOTS('',1,(#1757,#1758),.UNSPECIFIED.,.F.,
  .F.,(2,2),(2.,3.),.PIECEWISE_BEZIER_KNOTS.);
#1757 = CARTESIAN_POINT('',(12.308795066381,3.885780586188E-16));
#1758 = CARTESIAN_POINT('',(12.045568651242,1.780649278879));
#1759 = ( GEOMETRIC_REPRESENTATION_CONTEXT(2) 
PARAMETRIC_REPRESENTATION_CONTEXT() REPRESENTATION_CONTEXT('2D SPACE',''
  ) );
#1760 = PCURVE('',#1592,#1761);
#1761 = DEFINITIONAL_REPRESENTATION('',(#1762),#1766);
#1762 = LINE('',#1763,#1764);
#1763 = CARTESIAN_POINT('',(0.,0.));
#1764 = VECTOR('',#1765,1.);
#1765 = DIRECTION('',(1.,0.));
#1766 = ( GEOMETRIC_REPRESENTATION_CONTEXT(2) 
PARAMETRIC_REPRESENTATION_CONTEXT() REPRESENTATION_CONTEXT('2D SPACE',''
  ) );
#1767 = ADVANCED_FACE('',(#1768),#984,.T.);
#1768 = FACE_BOUND('',#1769,.T.);
#1769 = EDGE_LOOP('',(#1770,#1795,#1796,#1797,#1798,#1823));
#1770 = ORIENTED_EDGE('',*,*,#1771,.F.);
#1771 = EDGE_CURVE('',#1727,#1772,#1774,.T.);
#1772 = VERTEX_POINT('',#1773);
#1773 = CARTESIAN_POINT('',(-11.58111879377,6.937412160488,
    7.819871547494));
#1774 = SURFACE_CURVE('',#1775,(#1781,#1788),.PCURVE_S1.);
#1775 = ( BOUNDED_CURVE() B_SPLINE_CURVE(4,(#1776,#1777,#1778,#1779,
#1780),.UNSPECIFIED.,.F.,.F.) B_SPLINE_CURVE_WITH_KNOTS((5,5),(0.,1.),
.PIECEWISE_BEZIER_KNOTS.) CURVE() GEOMETRIC_REPRESENTATION_ITEM() 
RATIONAL_B_SPLINE_CURVE((1.,1.,1.,1.,1.)) REPRESENTATION_ITEM('') );
#1776 = CARTESIAN_POINT('',(-6.867801417439,1.231025425607,
    6.171964079892));
#1777 = CARTESIAN_POINT('',(-8.54932822373,3.143473787938,6.793831557386
    ));
#1778 = CARTESIAN_POINT('',(-10.16462803916,5.096716069981,
    7.369486165839));
#1779 = CARTESIAN_POINT('',(-11.72241031668,7.085314493418,
    7.885033741273));
#1780 = CARTESIAN_POINT('',(-13.23490901912,9.101979521606,
    8.331113797404));
#1781 = PCURVE('',#984,#1782);
#1782 = DEFINITIONAL_REPRESENTATION('',(#1783),#1787);
#1783 = LINE('',#1784,#1785);
#1784 = CARTESIAN_POINT('',(3.,0.));
#1785 = VECTOR('',#1786,1.);
#1786 = DIRECTION('',(0.,1.));
#1787 = ( GEOMETRIC_REPRESENTATION_CONTEXT(2) 
PARAMETRIC_REPRESENTATION_CONTEXT() REPRESENTATION_CONTEXT('2D SPACE',''
  ) );
#1788 = PCURVE('',#1592,#1789);
#1789 = DEFINITIONAL_REPRESENTATION('',(#1790),#1794);
#1790 = LINE('',#1791,#1792);
#1791 = CARTESIAN_POINT('',(3.,0.));
#1792 = VECTOR('',#1793,1.);
#1793 = DIRECTION('',(0.,1.));
#1794 = ( GEOMETRIC_REPRESENTATION_CONTEXT(2) 
PARAMETRIC_REPRESENTATION_CONTEXT() REPRESENTATION_CONTEXT('2D SPACE',''
  ) );
#1795 = ORIENTED_EDGE('',*,*,#1726,.T.);
#1796 = ORIENTED_EDGE('',*,*,#946,.T.);
#1797 = ORIENTED_EDGE('',*,*,#1681,.T.);
#1798 = ORIENTED_EDGE('',*,*,#1799,.T.);
#1799 = EDGE_CURVE('',#1682,#1800,#1802,.T.);
#1800 = VERTEX_POINT('',#1801);
#1801 = CARTESIAN_POINT('',(-5.324285060701,12.40572402532,
    11.536093465984));
#1802 = SURFACE_CURVE('',#1803,(#1809,#1816),.PCURVE_S1.);
#1803 = ( BOUNDED_CURVE() B_SPLINE_CURVE(4,(#1804,#1805,#1806,#1807,
#1808),.UNSPECIFIED.,.F.,.F.) B_SPLINE_CURVE_WITH_KNOTS((5,5),(0.,1.),
.PIECEWISE_BEZIER_KNOTS.) CURVE() GEOMETRIC_REPRESENTATION_ITEM() 
RATIONAL_B_SPLINE_CURVE((1.,1.,1.,1.,1.)) REPRESENTATION_ITEM('') );
#1804 = CARTESIAN_POINT('',(1.688772447317,6.171165649765,
    13.288599116816));
#1805 = CARTESIAN_POINT('',(-0.20124332485,7.963242851525,12.73685184946
    ));
#1806 = CARTESIAN_POINT('',(-2.155255438573,9.72092949697,
    12.222729454786));
#1807 = CARTESIAN_POINT('',(-4.165033764355,11.448567880275,
    11.759244828932));
#1808 = CARTESIAN_POINT('',(-6.219226002228,13.152485999962,
    11.355219511952));
#1809 = PCURVE('',#984,#1810);
#1810 = DEFINITIONAL_REPRESENTATION('',(#1811),#1815);
#1811 = LINE('',#1812,#1813);
#1812 = CARTESIAN_POINT('',(4.,0.));
#1813 = VECTOR('',#1814,1.);
#1814 = DIRECTION('',(0.,1.));
#1815 = ( GEOMETRIC_REPRESENTATION_CONTEXT(2) 
PARAMETRIC_REPRESENTATION_CONTEXT() REPRESENTATION_CONTEXT('2D SPACE',''
  ) );
#1816 = PCURVE('',#1515,#1817);
#1817 = DEFINITIONAL_REPRESENTATION('',(#1818),#1822);
#1818 = LINE('',#1819,#1820);
#1819 = CARTESIAN_POINT('',(0.,0.));
#1820 = VECTOR('',#1821,1.);
#1821 = DIRECTION('',(0.,1.));
#1822 = ( GEOMETRIC_REPRESENTATION_CONTEXT(2) 
PARAMETRIC_REPRESENTATION_CONTEXT() REPRESENTATION_CONTEXT('2D SPACE',''
  ) );
#1823 = ORIENTED_EDGE('',*,*,#1824,.T.);
#1824 = EDGE_CURVE('',#1800,#1772,#1825,.T.);
#1825 = SURFACE_CURVE('',#1826,(#1844,#1865),.PCURVE_S1.);
#1826 = B_SPLINE_CURVE_WITH_KNOTS('',6,(#1827,#1828,#1829,#1830,#1831,
    #1832,#1833,#1834,#1835,#1836,#1837,#1838,#1839,#1840,#1841,#1842,
    #1843),.UNSPECIFIED.,.F.,.F.,(7,5,5,7),(0.,0.327596629605,
    0.64712913574,1.),.UNSPECIFIED.);
#1827 = CARTESIAN_POINT('',(-5.324285060701,12.40572402532,
    11.536093465984));
#1828 = CARTESIAN_POINT('',(-5.757431974546,12.219826157709,
    11.344438684815));
#1829 = CARTESIAN_POINT('',(-6.183461303622,12.01549258779,
    11.153847122368));
#1830 = CARTESIAN_POINT('',(-6.600937937573,11.793212516092,
    10.963735140048));
#1831 = CARTESIAN_POINT('',(-7.008473105604,11.553684181084,
    10.773429582727));
#1832 = CARTESIAN_POINT('',(-7.404769541405,11.297800491119,
    10.582229780924));
#1833 = CARTESIAN_POINT('',(-8.163113737901,10.762143843821,
    10.201454313664));
#1834 = CARTESIAN_POINT('',(-8.525772526993,10.483108186408,
    10.011951104766));
#1835 = CARTESIAN_POINT('',(-8.875559922369,10.190522711824,
    9.820342626234));
#1836 = CARTESIAN_POINT('',(-9.211546476507,9.885524893464,
    9.626036017471));
#1837 = CARTESIAN_POINT('',(-9.532972545758,9.569354785483,
    9.428511403812));
#1838 = CARTESIAN_POINT('',(-10.17751325429,8.883258252912,
    9.005243481516));
#1839 = CARTESIAN_POINT('',(-10.49731910677,8.511149571178,
    8.778696341419));
#1840 = CARTESIAN_POINT('',(-10.79789632413,8.128749638973,
    8.547194268419));
#1841 = CARTESIAN_POINT('',(-11.07879190078,7.737851030224,8.31033762912
    ));
#1842 = CARTESIAN_POINT('',(-11.33984357437,7.340190157991,
    8.067910897741));
#1843 = CARTESIAN_POINT('',(-11.58111879377,6.937412160488,
    7.819871547494));
#1844 = PCURVE('',#984,#1845);
#1845 = DEFINITIONAL_REPRESENTATION('',(#1846),#1864);
#1846 = B_SPLINE_CURVE_WITH_KNOTS('',6,(#1847,#1848,#1849,#1850,#1851,
    #1852,#1853,#1854,#1855,#1856,#1857,#1858,#1859,#1860,#1861,#1862,
    #1863),.UNSPECIFIED.,.F.,.F.,(7,5,5,7),(0.,0.327596629605,
    0.64712913574,1.),.UNSPECIFIED.);
#1847 = CARTESIAN_POINT('',(4.,0.890688906964));
#1848 = CARTESIAN_POINT('',(3.946473870155,0.896242183976));
#1849 = CARTESIAN_POINT('',(3.891535499231,0.899844627577));
#1850 = CARTESIAN_POINT('',(3.835467006609,0.901466975158));
#1851 = CARTESIAN_POINT('',(3.778592731117,0.901100306512));
#1852 = CARTESIAN_POINT('',(3.721256121312,0.898757057037));
#1853 = CARTESIAN_POINT('',(3.607751554036,0.890292485117));
#1854 = CARTESIAN_POINT('',(3.551588121266,0.884265485476));
#1855 = CARTESIAN_POINT('',(3.495622323701,0.876422950742));
#1856 = CARTESIAN_POINT('',(3.440159323188,0.866816747538));
#1857 = CARTESIAN_POINT('',(3.385476969803,0.855516062008));
#1858 = CARTESIAN_POINT('',(3.272542276432,0.828346384031));
#1859 = CARTESIAN_POINT('',(3.214510438821,0.812123145838));
#1860 = CARTESIAN_POINT('',(3.158032121304,0.794047887228));
#1861 = CARTESIAN_POINT('',(3.103354003021,0.774252795095));
#1862 = CARTESIAN_POINT('',(3.050642354306,0.752879715484));
#1863 = CARTESIAN_POINT('',(3.,0.7300740896));
#1864 = ( GEOMETRIC_REPRESENTATION_CONTEXT(2) 
PARAMETRIC_REPRESENTATION_CONTEXT() REPRESENTATION_CONTEXT('2D SPACE',''
  ) );
#1865 = PCURVE('',#1652,#1866);
#1866 = DEFINITIONAL_REPRESENTATION('',(#1867),#1885);
#1867 = B_SPLINE_CURVE_WITH_KNOTS('',6,(#1868,#1869,#1870,#1871,#1872,
    #1873,#1874,#1875,#1876,#1877,#1878,#1879,#1880,#1881,#1882,#1883,
    #1884),.UNSPECIFIED.,.F.,.F.,(7,5,5,7),(0.,0.327596629605,
    0.64712913574,1.),.UNSPECIFIED.);
#1868 = CARTESIAN_POINT('',(1.976201894252,16.536093465984));
#1869 = CARTESIAN_POINT('',(2.011116979657,16.344438684815));
#1870 = CARTESIAN_POINT('',(2.046086161289,16.153847122368));
#1871 = CARTESIAN_POINT('',(2.081074049051,15.963735140048));
#1872 = CARTESIAN_POINT('',(2.116043572073,15.773429582727));
#1873 = CARTESIAN_POINT('',(2.150956094592,15.582229780924));
#1874 = CARTESIAN_POINT('',(2.219729951723,15.201454313664));
#1875 = CARTESIAN_POINT('',(2.25359672282,15.011951104766));
#1876 = CARTESIAN_POINT('',(2.287334348094,14.820342626234));
#1877 = CARTESIAN_POINT('',(2.320906439138,14.626036017471));
#1878 = CARTESIAN_POINT('',(2.354277774891,14.428511403812));
#1879 = CARTESIAN_POINT('',(2.424008244699,14.005243481516));
#1880 = CARTESIAN_POINT('',(2.460317389839,13.778696341419));
#1881 = CARTESIAN_POINT('',(2.496295118352,13.547194268419));
#1882 = CARTESIAN_POINT('',(2.531902981516,13.31033762912));
#1883 = CARTESIAN_POINT('',(2.567109459476,13.067910897741));
#1884 = CARTESIAN_POINT('',(2.601888309834,12.819871547494));
#1885 = ( GEOMETRIC_REPRESENTATION_CONTEXT(2) 
PARAMETRIC_REPRESENTATION_CONTEXT() REPRESENTATION_CONTEXT('2D SPACE',''
  ) );
#1886 = ADVANCED_FACE('',(#1887),#1079,.T.);
#1887 = FACE_BOUND('',#1888,.T.);
#1888 = EDGE_LOOP('',(#1889,#1927,#1946,#1947,#1968,#2004));
#1889 = ORIENTED_EDGE('',*,*,#1890,.F.);
#1890 = EDGE_CURVE('',#1891,#1893,#1895,.T.);
#1891 = VERTEX_POINT('',#1892);
#1892 = CARTESIAN_POINT('',(-7.099852225008,-1.097050829392,
    11.828035920108));
#1893 = VERTEX_POINT('',#1894);
#1894 = CARTESIAN_POINT('',(-8.653627694426,-10.36169521488,
    9.888664183881));
#1895 = SURFACE_CURVE('',#1896,(#1902,#1909),.PCURVE_S1.);
#1896 = ( BOUNDED_CURVE() B_SPLINE_CURVE(4,(#1897,#1898,#1899,#1900,
#1901),.UNSPECIFIED.,.F.,.F.) B_SPLINE_CURVE_WITH_KNOTS((5,5),(0.,1.),
.PIECEWISE_BEZIER_KNOTS.) CURVE() GEOMETRIC_REPRESENTATION_ITEM() 
RATIONAL_B_SPLINE_CURVE((1.,1.,1.,1.,1.)) REPRESENTATION_ITEM('') );
#1897 = CARTESIAN_POINT('',(-7.099852225008,-1.097050829392,
    11.828035920108));
#1898 = CARTESIAN_POINT('',(-7.622520886571,-3.678566253534,
    11.206168442614));
#1899 = CARTESIAN_POINT('',(-8.077934537221,-6.301469125041,
    10.630513834161));
#1900 = CARTESIAN_POINT('',(-8.474967166787,-8.960226670191,
    10.114966258727));
#1901 = CARTESIAN_POINT('',(-8.825943675319,-11.6474968497,
    9.668886202596));
#1902 = PCURVE('',#1079,#1903);
#1903 = DEFINITIONAL_REPRESENTATION('',(#1904),#1908);
#1904 = LINE('',#1905,#1906);
#1905 = CARTESIAN_POINT('',(1.,0.));
#1906 = VECTOR('',#1907,1.);
#1907 = DIRECTION('',(0.,1.));
#1908 = ( GEOMETRIC_REPRESENTATION_CONTEXT(2) 
PARAMETRIC_REPRESENTATION_CONTEXT() REPRESENTATION_CONTEXT('2D SPACE',''
  ) );
#1909 = PCURVE('',#1910,#1921);
#1910 = ( BOUNDED_SURFACE() B_SPLINE_SURFACE(1,4,(
    (#1911,#1912,#1913,#1914,#1915)
    ,(#1916,#1917,#1918,#1919,#1920
)),.UNSPECIFIED.,.F.,.F.,.F.) B_SPLINE_SURFACE_WITH_KNOTS((2,2),(5,5),(
    0.,1.),(0.,1.),.PIECEWISE_BEZIER_KNOTS.) 
GEOMETRIC_REPRESENTATION_ITEM() RATIONAL_B_SPLINE_SURFACE((
    (1.,1.,1.,1.,1.)
,(1.,1.,1.,1.,1.))) REPRESENTATION_ITEM('') SURFACE() );
#1911 = CARTESIAN_POINT('',(-6.188772447317,-1.623062984295,
    13.288599116816));
#1912 = CARTESIAN_POINT('',(-6.7957489435,-4.155903257424,12.73685184946
    ));
#1913 = CARTESIAN_POINT('',(-7.340944173487,-6.726970709934,
    12.222729454786));
#1914 = CARTESIAN_POINT('',(-7.832233739091,-9.331308987689,
    11.759244828932));
#1915 = CARTESIAN_POINT('',(-8.280773997772,-11.96225070978,
    11.355219511952));
#1916 = CARTESIAN_POINT('',(-7.099852225008,-1.097050829392,
    11.828035920108));
#1917 = CARTESIAN_POINT('',(-7.622520886571,-3.678566253534,
    11.206168442614));
#1918 = CARTESIAN_POINT('',(-8.077934537221,-6.301469125041,
    10.630513834161));
#1919 = CARTESIAN_POINT('',(-8.474967166787,-8.960226670191,
    10.114966258727));
#1920 = CARTESIAN_POINT('',(-8.825943675319,-11.6474968497,
    9.668886202596));
#1921 = DEFINITIONAL_REPRESENTATION('',(#1922),#1926);
#1922 = LINE('',#1923,#1924);
#1923 = CARTESIAN_POINT('',(1.,0.));
#1924 = VECTOR('',#1925,1.);
#1925 = DIRECTION('',(0.,1.));
#1926 = ( GEOMETRIC_REPRESENTATION_CONTEXT(2) 
PARAMETRIC_REPRESENTATION_CONTEXT() REPRESENTATION_CONTEXT('2D SPACE',''
  ) );
#1927 = ORIENTED_EDGE('',*,*,#1928,.T.);
#1928 = EDGE_CURVE('',#1891,#1040,#1929,.T.);
#1929 = SURFACE_CURVE('',#1930,(#1933,#1940),.PCURVE_S1.);
#1930 = B_SPLINE_CURVE_WITH_KNOTS('',1,(#1931,#1932),.UNSPECIFIED.,.F.,
  .F.,(2,2),(1.,2.),.PIECEWISE_BEZIER_KNOTS.);
#1931 = CARTESIAN_POINT('',(-7.099852225008,-1.097050829392,
    11.828035920108));
#1932 = CARTESIAN_POINT('',(1.456721639749,-6.03719105355,4.711400883184
    ));
#1933 = PCURVE('',#1079,#1934);
#1934 = DEFINITIONAL_REPRESENTATION('',(#1935),#1939);
#1935 = LINE('',#1936,#1937);
#1936 = CARTESIAN_POINT('',(0.,0.));
#1937 = VECTOR('',#1938,1.);
#1938 = DIRECTION('',(1.,0.));
#1939 = ( GEOMETRIC_REPRESENTATION_CONTEXT(2) 
PARAMETRIC_REPRESENTATION_CONTEXT() REPRESENTATION_CONTEXT('2D SPACE',''
  ) );
#1940 = PCURVE('',#1123,#1941);
#1941 = DEFINITIONAL_REPRESENTATION('',(#1942),#1945);
#1942 = B_SPLINE_CURVE_WITH_KNOTS('',1,(#1943,#1944),.UNSPECIFIED.,.F.,
  .F.,(2,2),(1.,2.),.PIECEWISE_BEZIER_KNOTS.);
#1943 = CARTESIAN_POINT('',(0.263226415139,-1.780649278879));
#1944 = CARTESIAN_POINT('',(12.308795066381,3.885780586188E-16));
#1945 = ( GEOMETRIC_REPRESENTATION_CONTEXT(2) 
PARAMETRIC_REPRESENTATION_CONTEXT() REPRESENTATION_CONTEXT('2D SPACE',''
  ) );
#1946 = ORIENTED_EDGE('',*,*,#1039,.T.);
#1947 = ORIENTED_EDGE('',*,*,#1948,.T.);
#1948 = EDGE_CURVE('',#1042,#1949,#1951,.T.);
#1949 = VERTEX_POINT('',#1950);
#1950 = CARTESIAN_POINT('',(1.456721639749,-6.03719105355,4.711400883184
    ));
#1951 = SURFACE_CURVE('',#1952,(#1955,#1962),.PCURVE_S1.);
#1952 = B_SPLINE_CURVE_WITH_KNOTS('',1,(#1953,#1954),.UNSPECIFIED.,.F.,
  .F.,(2,2),(1.,2.),.PIECEWISE_BEZIER_KNOTS.);
#1953 = CARTESIAN_POINT('',(-7.099852225008,-1.097050829392,
    11.828035920108));
#1954 = CARTESIAN_POINT('',(1.456721639749,-6.03719105355,4.711400883184
    ));
#1955 = PCURVE('',#1079,#1956);
#1956 = DEFINITIONAL_REPRESENTATION('',(#1957),#1961);
#1957 = LINE('',#1958,#1959);
#1958 = CARTESIAN_POINT('',(0.,0.));
#1959 = VECTOR('',#1960,1.);
#1960 = DIRECTION('',(1.,0.));
#1961 = ( GEOMETRIC_REPRESENTATION_CONTEXT(2) 
PARAMETRIC_REPRESENTATION_CONTEXT() REPRESENTATION_CONTEXT('2D SPACE',''
  ) );
#1962 = PCURVE('',#1214,#1963);
#1963 = DEFINITIONAL_REPRESENTATION('',(#1964),#1967);
#1964 = B_SPLINE_CURVE_WITH_KNOTS('',1,(#1965,#1966),.UNSPECIFIED.,.F.,
  .F.,(2,2),(1.,2.),.PIECEWISE_BEZIER_KNOTS.);
#1965 = CARTESIAN_POINT('',(0.263226415139,-1.780649278879));
#1966 = CARTESIAN_POINT('',(12.308795066381,3.885780586188E-16));
#1967 = ( GEOMETRIC_REPRESENTATION_CONTEXT(2) 
PARAMETRIC_REPRESENTATION_CONTEXT() REPRESENTATION_CONTEXT('2D SPACE',''
  ) );
#1968 = ORIENTED_EDGE('',*,*,#1969,.T.);
#1969 = EDGE_CURVE('',#1949,#1970,#1972,.T.);
#1970 = VERTEX_POINT('',#1971);
#1971 = CARTESIAN_POINT('',(-0.988292229663,-13.4637765307,
    6.246853621705));
#1972 = SURFACE_CURVE('',#1973,(#1979,#1986),.PCURVE_S1.);
#1973 = ( BOUNDED_CURVE() B_SPLINE_CURVE(4,(#1974,#1975,#1976,#1977,
#1978),.UNSPECIFIED.,.F.,.F.) B_SPLINE_CURVE_WITH_KNOTS((5,5),(0.,1.),
.PIECEWISE_BEZIER_KNOTS.) CURVE() GEOMETRIC_REPRESENTATION_ITEM() 
RATIONAL_B_SPLINE_CURVE((1.,1.,1.,1.,1.)) REPRESENTATION_ITEM('') );
#1974 = CARTESIAN_POINT('',(1.456721639749,-6.03719105355,4.711400883184
    ));
#1975 = CARTESIAN_POINT('',(0.725564012309,-8.49833531712,5.26314815054)
  );
#1976 = CARTESIAN_POINT('',(-6.856193663424E-02,-10.92568255203,
    5.777270545214));
#1977 = CARTESIAN_POINT('',(-0.917590614455,-13.32348005704,
    6.240755171068));
#1978 = CARTESIAN_POINT('',(-1.810260658419,-15.69800332805,
    6.644780488048));
#1979 = PCURVE('',#1079,#1980);
#1980 = DEFINITIONAL_REPRESENTATION('',(#1981),#1985);
#1981 = LINE('',#1982,#1983);
#1982 = CARTESIAN_POINT('',(2.,0.));
#1983 = VECTOR('',#1984,1.);
#1984 = DIRECTION('',(0.,1.));
#1985 = ( GEOMETRIC_REPRESENTATION_CONTEXT(2) 
PARAMETRIC_REPRESENTATION_CONTEXT() REPRESENTATION_CONTEXT('2D SPACE',''
  ) );
#1986 = PCURVE('',#1987,#1998);
#1987 = ( BOUNDED_SURFACE() B_SPLINE_SURFACE(1,4,(
    (#1988,#1989,#1990,#1991,#1992)
    ,(#1993,#1994,#1995,#1996,#1997
)),.UNSPECIFIED.,.F.,.F.,.F.) B_SPLINE_SURFACE_WITH_KNOTS((2,2),(5,5),(
    2.,3.),(0.,1.),.PIECEWISE_BEZIER_KNOTS.) 
GEOMETRIC_REPRESENTATION_ITEM() RATIONAL_B_SPLINE_SURFACE((
    (1.,1.,1.,1.,1.)
,(1.,1.,1.,1.,1.))) REPRESENTATION_ITEM('') SURFACE() );
#1988 = CARTESIAN_POINT('',(1.456721639749,-6.03719105355,4.711400883184
    ));
#1989 = CARTESIAN_POINT('',(0.725564012309,-8.49833531712,5.26314815054)
  );
#1990 = CARTESIAN_POINT('',(-6.856193663424E-02,-10.92568255203,
    5.777270545214));
#1991 = CARTESIAN_POINT('',(-0.917590614455,-13.32348005704,
    6.240755171068));
#1992 = CARTESIAN_POINT('',(-1.810260658419,-15.69800332805,
    6.644780488048));
#1993 = CARTESIAN_POINT('',(2.367801417439,-6.563203208453,
    6.171964079892));
#1994 = CARTESIAN_POINT('',(1.55233595538,-8.97567232101,6.793831557386)
  );
#1995 = CARTESIAN_POINT('',(0.6684284271,-11.35118413692,7.369486165839)
  );
#1996 = CARTESIAN_POINT('',(-0.274857186759,-13.69456237454,
    7.885033741273));
#1997 = CARTESIAN_POINT('',(-1.265090980873,-16.01275718814,
    8.331113797404));
#1998 = DEFINITIONAL_REPRESENTATION('',(#1999),#2003);
#1999 = LINE('',#2000,#2001);
#2000 = CARTESIAN_POINT('',(2.,0.));
#2001 = VECTOR('',#2002,1.);
#2002 = DIRECTION('',(0.,1.));
#2003 = ( GEOMETRIC_REPRESENTATION_CONTEXT(2) 
PARAMETRIC_REPRESENTATION_CONTEXT() REPRESENTATION_CONTEXT('2D SPACE',''
  ) );
#2004 = ORIENTED_EDGE('',*,*,#2005,.T.);
#2005 = EDGE_CURVE('',#1970,#1893,#2006,.T.);
#2006 = SURFACE_CURVE('',#2007,(#2025,#2046),.PCURVE_S1.);
#2007 = B_SPLINE_CURVE_WITH_KNOTS('',6,(#2008,#2009,#2010,#2011,#2012,
    #2013,#2014,#2015,#2016,#2017,#2018,#2019,#2020,#2021,#2022,#2023,
    #2024),.UNSPECIFIED.,.F.,.F.,(7,5,5,7),(0.,0.376697627213,
    0.729059224543,1.),.UNSPECIFIED.);
#2008 = CARTESIAN_POINT('',(-0.988292229663,-13.4637765307,
    6.246853621705));
#2009 = CARTESIAN_POINT('',(-1.488054315141,-13.42709209936,
    6.504567514627));
#2010 = CARTESIAN_POINT('',(-1.992527430814,-13.367681049,6.755935444867
    ));
#2011 = CARTESIAN_POINT('',(-2.499871222148,-13.28461330234,
    7.00111519677));
#2012 = CARTESIAN_POINT('',(-3.008029836295,-13.17719898408,
    7.240502773372));
#2013 = CARTESIAN_POINT('',(-3.514755655899,-13.04507703553,
    7.474726657563));
#2014 = CARTESIAN_POINT('',(-4.48816602975,-12.74163277496,
    7.919534763606));
#2015 = CARTESIAN_POINT('',(-4.955343941044,-12.5733876371,
    8.130678468809));
#2016 = CARTESIAN_POINT('',(-5.417338730273,-12.38358153252,
    8.338619654593));
#2017 = CARTESIAN_POINT('',(-5.87224827553,-12.17252121311,8.54413351244
    ));
#2018 = CARTESIAN_POINT('',(-6.318239096042,-11.94079879299,
    8.748058054445));
#2019 = CARTESIAN_POINT('',(-7.088379707146,-11.49584071521,
    9.107402070791));
#2020 = CARTESIAN_POINT('',(-7.416875474172,-11.29070296284,
    9.26314363748));
#2021 = CARTESIAN_POINT('',(-7.738326257624,-11.07422552215,
    9.418793852448));
#2022 = CARTESIAN_POINT('',(-8.052019333564,-10.84687063706,
    9.574715107846));
#2023 = CARTESIAN_POINT('',(-8.357309471616,-10.60916703548,
    9.731242695114));
#2024 = CARTESIAN_POINT('',(-8.653627694426,-10.36169521488,
    9.888664183881));
#2025 = PCURVE('',#1079,#2026);
#2026 = DEFINITIONAL_REPRESENTATION('',(#2027),#2045);
#2027 = B_SPLINE_CURVE_WITH_KNOTS('',6,(#2028,#2029,#2030,#2031,#2032,
    #2033,#2034,#2035,#2036,#2037,#2038,#2039,#2040,#2041,#2042,#2043,
    #2044),.UNSPECIFIED.,.F.,.F.,(7,5,5,7),(0.,0.376697627213,
    0.729059224543,1.),.UNSPECIFIED.);
#2028 = CARTESIAN_POINT('',(2.,0.765612120931));
#2029 = CARTESIAN_POINT('',(1.94331042446,0.787409940301));
#2030 = CARTESIAN_POINT('',(1.884489160012,0.80747497937));
#2031 = CARTESIAN_POINT('',(1.823724708005,0.825635148786));
#2032 = CARTESIAN_POINT('',(1.761290385979,0.841728388336));
#2033 = CARTESIAN_POINT('',(1.697558837311,0.855611482873));
#2034 = CARTESIAN_POINT('',(1.572560477167,0.877984536371));
#2035 = CARTESIAN_POINT('',(1.511397683518,0.886765456126));
#2036 = CARTESIAN_POINT('',(1.449845612069,0.893421650377));
#2037 = CARTESIAN_POINT('',(1.388309897248,0.897884790635));
#2038 = CARTESIAN_POINT('',(1.327214872024,0.900114594594));
#2039 = CARTESIAN_POINT('',(1.220638181107,0.900087149706));
#2040 = CARTESIAN_POINT('',(1.174810067336,0.898747681014));
#2041 = CARTESIAN_POINT('',(1.129665405643,0.896075105303));
#2042 = CARTESIAN_POINT('',(1.085379599268,0.892073786089));
#2043 = CARTESIAN_POINT('',(1.042112228219,0.886757184798));
#2044 = CARTESIAN_POINT('',(1.,0.880147026914));
#2045 = ( GEOMETRIC_REPRESENTATION_CONTEXT(2) 
PARAMETRIC_REPRESENTATION_CONTEXT() REPRESENTATION_CONTEXT('2D SPACE',''
  ) );
#2046 = PCURVE('',#2047,#2052);
#2047 = CYLINDRICAL_SURFACE('',#2048,13.5);
#2048 = AXIS2_PLACEMENT_3D('',#2049,#2050,#2051);
#2049 = CARTESIAN_POINT('',(0.,0.,-5.));
#2050 = DIRECTION('',(0.,0.,1.));
#2051 = DIRECTION('',(1.,0.,-0.));
#2052 = DEFINITIONAL_REPRESENTATION('',(#2053),#2071);
#2053 = B_SPLINE_CURVE_WITH_KNOTS('',6,(#2054,#2055,#2056,#2057,#2058,
    #2059,#2060,#2061,#2062,#2063,#2064,#2065,#2066,#2067,#2068,#2069,
    #2070),.UNSPECIFIED.,.F.,.F.,(7,5,5,7),(0.,0.376697627213,
    0.729059224543,1.),.UNSPECIFIED.);
#2054 = CARTESIAN_POINT('',(4.639116601524,11.246853621705));
#2055 = CARTESIAN_POINT('',(4.601997589311,11.504567514627));
#2056 = CARTESIAN_POINT('',(4.564407308599,11.755935444867));
#2057 = CARTESIAN_POINT('',(4.526384609845,12.00111519677));
#2058 = CARTESIAN_POINT('',(4.487973901964,12.240502773372));
#2059 = CARTESIAN_POINT('',(4.449226815075,12.474726657563));
#2060 = CARTESIAN_POINT('',(4.37370008945,12.919534763606));
#2061 = CARTESIAN_POINT('',(4.33695339766,13.130678468809));
#2062 = CARTESIAN_POINT('',(4.300010392416,13.338619654593));
#2063 = CARTESIAN_POINT('',(4.262918912267,13.54413351244));
#2064 = CARTESIAN_POINT('',(4.225726786716,13.748058054445));
#2065 = CARTESIAN_POINT('',(4.159842311531,14.107402070791));
#2066 = CARTESIAN_POINT('',(4.1311713028,14.26314363748));
#2067 = CARTESIAN_POINT('',(4.102489638457,14.418793852448));
#2068 = CARTESIAN_POINT('',(4.073817447114,14.574715107846));
#2069 = CARTESIAN_POINT('',(4.045173702213,14.731242695114));
#2070 = CARTESIAN_POINT('',(4.01657623658,14.888664183881));
#2071 = ( GEOMETRIC_REPRESENTATION_CONTEXT(2) 
PARAMETRIC_REPRESENTATION_CONTEXT() REPRESENTATION_CONTEXT('2D SPACE',''
  ) );
#2072 = ADVANCED_FACE('',(#2073),#1123,.F.);
#2073 = FACE_BOUND('',#2074,.F.);
#2074 = EDGE_LOOP('',(#2075,#2096,#2115,#2116));
#2075 = ORIENTED_EDGE('',*,*,#2076,.T.);
#2076 = EDGE_CURVE('',#1109,#2077,#2079,.T.);
#2077 = VERTEX_POINT('',#2078);
#2078 = CARTESIAN_POINT('',(-6.188772447317,-1.623062984295,
    13.288599116816));
#2079 = SURFACE_CURVE('',#2080,(#2083,#2089),.PCURVE_S1.);
#2080 = B_SPLINE_CURVE_WITH_KNOTS('',1,(#2081,#2082),.UNSPECIFIED.,.F.,
  .F.,(2,2),(3.,4.),.PIECEWISE_BEZIER_KNOTS.);
#2081 = CARTESIAN_POINT('',(2.367801417439,-6.563203208453,
    6.171964079892));
#2082 = CARTESIAN_POINT('',(-6.188772447317,-1.623062984295,
    13.288599116816));
#2083 = PCURVE('',#1123,#2084);
#2084 = DEFINITIONAL_REPRESENTATION('',(#2085),#2088);
#2085 = B_SPLINE_CURVE_WITH_KNOTS('',1,(#2086,#2087),.UNSPECIFIED.,.F.,
  .F.,(2,2),(3.,4.),.PIECEWISE_BEZIER_KNOTS.);
#2086 = CARTESIAN_POINT('',(12.045568651242,1.780649278879));
#2087 = CARTESIAN_POINT('',(0.,0.));
#2088 = ( GEOMETRIC_REPRESENTATION_CONTEXT(2) 
PARAMETRIC_REPRESENTATION_CONTEXT() REPRESENTATION_CONTEXT('2D SPACE',''
  ) );
#2089 = PCURVE('',#1172,#2090);
#2090 = DEFINITIONAL_REPRESENTATION('',(#2091),#2095);
#2091 = LINE('',#2092,#2093);
#2092 = CARTESIAN_POINT('',(0.,0.));
#2093 = VECTOR('',#2094,1.);
#2094 = DIRECTION('',(1.,0.));
#2095 = ( GEOMETRIC_REPRESENTATION_CONTEXT(2) 
PARAMETRIC_REPRESENTATION_CONTEXT() REPRESENTATION_CONTEXT('2D SPACE',''
  ) );
#2096 = ORIENTED_EDGE('',*,*,#2097,.T.);
#2097 = EDGE_CURVE('',#2077,#1891,#2098,.T.);
#2098 = SURFACE_CURVE('',#2099,(#2102,#2108),.PCURVE_S1.);
#2099 = B_SPLINE_CURVE_WITH_KNOTS('',1,(#2100,#2101),.UNSPECIFIED.,.F.,
  .F.,(2,2),(0.,1.),.PIECEWISE_BEZIER_KNOTS.);
#2100 = CARTESIAN_POINT('',(-6.188772447317,-1.623062984295,
    13.288599116816));
#2101 = CARTESIAN_POINT('',(-7.099852225008,-1.097050829392,
    11.828035920108));
#2102 = PCURVE('',#1123,#2103);
#2103 = DEFINITIONAL_REPRESENTATION('',(#2104),#2107);
#2104 = B_SPLINE_CURVE_WITH_KNOTS('',1,(#2105,#2106),.UNSPECIFIED.,.F.,
  .F.,(2,2),(0.,1.),.PIECEWISE_BEZIER_KNOTS.);
#2105 = CARTESIAN_POINT('',(0.,0.));
#2106 = CARTESIAN_POINT('',(0.263226415139,-1.780649278879));
#2107 = ( GEOMETRIC_REPRESENTATION_CONTEXT(2) 
PARAMETRIC_REPRESENTATION_CONTEXT() REPRESENTATION_CONTEXT('2D SPACE',''
  ) );
#2108 = PCURVE('',#1910,#2109);
#2109 = DEFINITIONAL_REPRESENTATION('',(#2110),#2114);
#2110 = LINE('',#2111,#2112);
#2111 = CARTESIAN_POINT('',(0.,0.));
#2112 = VECTOR('',#2113,1.);
#2113 = DIRECTION('',(1.,0.));
#2114 = ( GEOMETRIC_REPRESENTATION_CONTEXT(2) 
PARAMETRIC_REPRESENTATION_CONTEXT() REPRESENTATION_CONTEXT('2D SPACE',''
  ) );
#2115 = ORIENTED_EDGE('',*,*,#1928,.T.);
#2116 = ORIENTED_EDGE('',*,*,#1108,.T.);
#2117 = ADVANCED_FACE('',(#2118),#1214,.F.);
#2118 = FACE_BOUND('',#2119,.F.);
#2119 = EDGE_LOOP('',(#2120,#2141,#2142,#2143));
#2120 = ORIENTED_EDGE('',*,*,#2121,.T.);
#2121 = EDGE_CURVE('',#2122,#1135,#2124,.T.);
#2122 = VERTEX_POINT('',#2123);
#2123 = CARTESIAN_POINT('',(2.367801417439,-6.563203208453,
    6.171964079892));
#2124 = SURFACE_CURVE('',#2125,(#2128,#2134),.PCURVE_S1.);
#2125 = B_SPLINE_CURVE_WITH_KNOTS('',1,(#2126,#2127),.UNSPECIFIED.,.F.,
  .F.,(2,2),(3.,4.),.PIECEWISE_BEZIER_KNOTS.);
#2126 = CARTESIAN_POINT('',(2.367801417439,-6.563203208453,
    6.171964079892));
#2127 = CARTESIAN_POINT('',(-6.188772447317,-1.623062984295,
    13.288599116816));
#2128 = PCURVE('',#1214,#2129);
#2129 = DEFINITIONAL_REPRESENTATION('',(#2130),#2133);
#2130 = B_SPLINE_CURVE_WITH_KNOTS('',1,(#2131,#2132),.UNSPECIFIED.,.F.,
  .F.,(2,2),(3.,4.),.PIECEWISE_BEZIER_KNOTS.);
#2131 = CARTESIAN_POINT('',(12.045568651242,1.780649278879));
#2132 = CARTESIAN_POINT('',(0.,0.));
#2133 = ( GEOMETRIC_REPRESENTATION_CONTEXT(2) 
PARAMETRIC_REPRESENTATION_CONTEXT() REPRESENTATION_CONTEXT('2D SPACE',''
  ) );
#2134 = PCURVE('',#1172,#2135);
#2135 = DEFINITIONAL_REPRESENTATION('',(#2136),#2140);
#2136 = LINE('',#2137,#2138);
#2137 = CARTESIAN_POINT('',(0.,0.));
#2138 = VECTOR('',#2139,1.);
#2139 = DIRECTION('',(1.,0.));
#2140 = ( GEOMETRIC_REPRESENTATION_CONTEXT(2) 
PARAMETRIC_REPRESENTATION_CONTEXT() REPRESENTATION_CONTEXT('2D SPACE',''
  ) );
#2141 = ORIENTED_EDGE('',*,*,#1201,.F.);
#2142 = ORIENTED_EDGE('',*,*,#1948,.T.);
#2143 = ORIENTED_EDGE('',*,*,#2144,.T.);
#2144 = EDGE_CURVE('',#1949,#2122,#2145,.T.);
#2145 = SURFACE_CURVE('',#2146,(#2149,#2155),.PCURVE_S1.);
#2146 = B_SPLINE_CURVE_WITH_KNOTS('',1,(#2147,#2148),.UNSPECIFIED.,.F.,
  .F.,(2,2),(2.,3.),.PIECEWISE_BEZIER_KNOTS.);
#2147 = CARTESIAN_POINT('',(1.456721639749,-6.03719105355,4.711400883184
    ));
#2148 = CARTESIAN_POINT('',(2.367801417439,-6.563203208453,
    6.171964079892));
#2149 = PCURVE('',#1214,#2150);
#2150 = DEFINITIONAL_REPRESENTATION('',(#2151),#2154);
#2151 = B_SPLINE_CURVE_WITH_KNOTS('',1,(#2152,#2153),.UNSPECIFIED.,.F.,
  .F.,(2,2),(2.,3.),.PIECEWISE_BEZIER_KNOTS.);
#2152 = CARTESIAN_POINT('',(12.308795066381,3.885780586188E-16));
#2153 = CARTESIAN_POINT('',(12.045568651242,1.780649278879));
#2154 = ( GEOMETRIC_REPRESENTATION_CONTEXT(2) 
PARAMETRIC_REPRESENTATION_CONTEXT() REPRESENTATION_CONTEXT('2D SPACE',''
  ) );
#2155 = PCURVE('',#1987,#2156);
#2156 = DEFINITIONAL_REPRESENTATION('',(#2157),#2161);
#2157 = LINE('',#2158,#2159);
#2158 = CARTESIAN_POINT('',(0.,0.));
#2159 = VECTOR('',#2160,1.);
#2160 = DIRECTION('',(1.,0.));
#2161 = ( GEOMETRIC_REPRESENTATION_CONTEXT(2) 
PARAMETRIC_REPRESENTATION_CONTEXT() REPRESENTATION_CONTEXT('2D SPACE',''
  ) );
#2162 = ADVANCED_FACE('',(#2163),#1172,.T.);
#2163 = FACE_BOUND('',#2164,.T.);
#2164 = EDGE_LOOP('',(#2165,#2190,#2191,#2192,#2193,#2218));
#2165 = ORIENTED_EDGE('',*,*,#2166,.F.);
#2166 = EDGE_CURVE('',#2122,#2167,#2169,.T.);
#2167 = VERTEX_POINT('',#2168);
#2168 = CARTESIAN_POINT('',(-0.217415770618,-13.49824915989,
    7.819871547494));
#2169 = SURFACE_CURVE('',#2170,(#2176,#2183),.PCURVE_S1.);
#2170 = ( BOUNDED_CURVE() B_SPLINE_CURVE(4,(#2171,#2172,#2173,#2174,
#2175),.UNSPECIFIED.,.F.,.F.) B_SPLINE_CURVE_WITH_KNOTS((5,5),(0.,1.),
.PIECEWISE_BEZIER_KNOTS.) CURVE() GEOMETRIC_REPRESENTATION_ITEM() 
RATIONAL_B_SPLINE_CURVE((1.,1.,1.,1.,1.)) REPRESENTATION_ITEM('') );
#2171 = CARTESIAN_POINT('',(2.367801417439,-6.563203208453,
    6.171964079892));
#2172 = CARTESIAN_POINT('',(1.55233595538,-8.97567232101,6.793831557386)
  );
#2173 = CARTESIAN_POINT('',(0.6684284271,-11.35118413692,7.369486165839)
  );
#2174 = CARTESIAN_POINT('',(-0.274857186759,-13.69456237454,
    7.885033741273));
#2175 = CARTESIAN_POINT('',(-1.265090980873,-16.01275718814,
    8.331113797404));
#2176 = PCURVE('',#1172,#2177);
#2177 = DEFINITIONAL_REPRESENTATION('',(#2178),#2182);
#2178 = LINE('',#2179,#2180);
#2179 = CARTESIAN_POINT('',(3.,0.));
#2180 = VECTOR('',#2181,1.);
#2181 = DIRECTION('',(0.,1.));
#2182 = ( GEOMETRIC_REPRESENTATION_CONTEXT(2) 
PARAMETRIC_REPRESENTATION_CONTEXT() REPRESENTATION_CONTEXT('2D SPACE',''
  ) );
#2183 = PCURVE('',#1987,#2184);
#2184 = DEFINITIONAL_REPRESENTATION('',(#2185),#2189);
#2185 = LINE('',#2186,#2187);
#2186 = CARTESIAN_POINT('',(3.,0.));
#2187 = VECTOR('',#2188,1.);
#2188 = DIRECTION('',(0.,1.));
#2189 = ( GEOMETRIC_REPRESENTATION_CONTEXT(2) 
PARAMETRIC_REPRESENTATION_CONTEXT() REPRESENTATION_CONTEXT('2D SPACE',''
  ) );
#2190 = ORIENTED_EDGE('',*,*,#2121,.T.);
#2191 = ORIENTED_EDGE('',*,*,#1134,.T.);
#2192 = ORIENTED_EDGE('',*,*,#2076,.T.);
#2193 = ORIENTED_EDGE('',*,*,#2194,.T.);
#2194 = EDGE_CURVE('',#2077,#2195,#2197,.T.);
#2195 = VERTEX_POINT('',#2196);
#2196 = CARTESIAN_POINT('',(-8.081529627916,-10.81382813221,
    11.536093465984));
#2197 = SURFACE_CURVE('',#2198,(#2204,#2211),.PCURVE_S1.);
#2198 = ( BOUNDED_CURVE() B_SPLINE_CURVE(4,(#2199,#2200,#2201,#2202,
#2203),.UNSPECIFIED.,.F.,.F.) B_SPLINE_CURVE_WITH_KNOTS((5,5),(0.,1.),
.PIECEWISE_BEZIER_KNOTS.) CURVE() GEOMETRIC_REPRESENTATION_ITEM() 
RATIONAL_B_SPLINE_CURVE((1.,1.,1.,1.,1.)) REPRESENTATION_ITEM('') );
#2199 = CARTESIAN_POINT('',(-6.188772447317,-1.623062984295,
    13.288599116816));
#2200 = CARTESIAN_POINT('',(-6.7957489435,-4.155903257424,12.73685184946
    ));
#2201 = CARTESIAN_POINT('',(-7.340944173487,-6.726970709934,
    12.222729454786));
#2202 = CARTESIAN_POINT('',(-7.832233739091,-9.331308987689,
    11.759244828932));
#2203 = CARTESIAN_POINT('',(-8.280773997772,-11.96225070978,
    11.355219511952));
#2204 = PCURVE('',#1172,#2205);
#2205 = DEFINITIONAL_REPRESENTATION('',(#2206),#2210);
#2206 = LINE('',#2207,#2208);
#2207 = CARTESIAN_POINT('',(4.,0.));
#2208 = VECTOR('',#2209,1.);
#2209 = DIRECTION('',(0.,1.));
#2210 = ( GEOMETRIC_REPRESENTATION_CONTEXT(2) 
PARAMETRIC_REPRESENTATION_CONTEXT() REPRESENTATION_CONTEXT('2D SPACE',''
  ) );
#2211 = PCURVE('',#1910,#2212);
#2212 = DEFINITIONAL_REPRESENTATION('',(#2213),#2217);
#2213 = LINE('',#2214,#2215);
#2214 = CARTESIAN_POINT('',(0.,0.));
#2215 = VECTOR('',#2216,1.);
#2216 = DIRECTION('',(0.,1.));
#2217 = ( GEOMETRIC_REPRESENTATION_CONTEXT(2) 
PARAMETRIC_REPRESENTATION_CONTEXT() REPRESENTATION_CONTEXT('2D SPACE',''
  ) );
#2218 = ORIENTED_EDGE('',*,*,#2219,.T.);
#2219 = EDGE_CURVE('',#2195,#2167,#2220,.T.);
#2220 = SURFACE_CURVE('',#2221,(#2239,#2260),.PCURVE_S1.);
#2221 = B_SPLINE_CURVE_WITH_KNOTS('',6,(#2222,#2223,#2224,#2225,#2226,
    #2227,#2228,#2229,#2230,#2231,#2232,#2233,#2234,#2235,#2236,#2237,
    #2238),.UNSPECIFIED.,.F.,.F.,(7,5,5,7),(0.,0.327596629607,
    0.647129135742,1.),.UNSPECIFIED.);
#2222 = CARTESIAN_POINT('',(-8.081529627916,-10.81382813221,
    11.536093465984));
#2223 = CARTESIAN_POINT('',(-7.70396389513,-11.09599542937,
    11.344438684814));
#2224 = CARTESIAN_POINT('',(-7.313991168194,-11.36278086615,
    11.153847122366));
#2225 = CARTESIAN_POINT('',(-6.91275266237,-11.61318620079,
    10.963735140044));
#2226 = CARTESIAN_POINT('',(-6.501547455308,-11.84635784174,
    10.773429582722));
#2227 = CARTESIAN_POINT('',(-6.081797461481,-12.06161877759,
    10.582229780918));
#2228 = CARTESIAN_POINT('',(-5.238733098963,-12.45053579292,
    10.201454313656));
#2229 = CARTESIAN_POINT('',(-4.815751736535,-12.62508968847,
    10.011951104758));
#2230 = CARTESIAN_POINT('',(-4.387471585079,-12.7817217215,
    9.820342626226));
#2231 = CARTESIAN_POINT('',(-3.955342449211,-12.92019570353,
    9.626036017463));
#2232 = CARTESIAN_POINT('',(-3.520818069157,-13.04047379095,
    9.428511403803));
#2233 = CARTESIAN_POINT('',(-2.604370688237,-13.25561415203,
    9.005243481508));
#2234 = CARTESIAN_POINT('',(-2.122212190654,-13.34651980368,
    8.778696341414));
#2235 = CARTESIAN_POINT('',(-1.640755526275,-13.41562734361,
    8.547194268413));
#2236 = CARTESIAN_POINT('',(-1.161779612475,-13.46344074443,
    8.310337629118));
#2237 = CARTESIAN_POINT('',(-0.686869358238,-13.49068768934,
    8.067910897739));
#2238 = CARTESIAN_POINT('',(-0.217415770618,-13.49824915989,
    7.819871547494));
#2239 = PCURVE('',#1172,#2240);
#2240 = DEFINITIONAL_REPRESENTATION('',(#2241),#2259);
#2241 = B_SPLINE_CURVE_WITH_KNOTS('',6,(#2242,#2243,#2244,#2245,#2246,
    #2247,#2248,#2249,#2250,#2251,#2252,#2253,#2254,#2255,#2256,#2257,
    #2258),.UNSPECIFIED.,.F.,.F.,(7,5,5,7),(0.,0.327596629607,
    0.647129135742,1.),.UNSPECIFIED.);
#2242 = CARTESIAN_POINT('',(4.,0.890688906964));
#2243 = CARTESIAN_POINT('',(3.946473870154,0.896242183976));
#2244 = CARTESIAN_POINT('',(3.89153549923,0.899844627577));
#2245 = CARTESIAN_POINT('',(3.835467006608,0.901466975158));
#2246 = CARTESIAN_POINT('',(3.778592731115,0.901100306512));
#2247 = CARTESIAN_POINT('',(3.721256121311,0.898757057037));
#2248 = CARTESIAN_POINT('',(3.607751554034,0.890292485117));
#2249 = CARTESIAN_POINT('',(3.551588121264,0.884265485475));
#2250 = CARTESIAN_POINT('',(3.495622323699,0.876422950741));
#2251 = CARTESIAN_POINT('',(3.440159323185,0.866816747537));
#2252 = CARTESIAN_POINT('',(3.385476969801,0.855516062008));
#2253 = CARTESIAN_POINT('',(3.27254227643,0.82834638403));
#2254 = CARTESIAN_POINT('',(3.21451043882,0.812123145837));
#2255 = CARTESIAN_POINT('',(3.158032121302,0.794047887228));
#2256 = CARTESIAN_POINT('',(3.10335400302,0.774252795095));
#2257 = CARTESIAN_POINT('',(3.050642354306,0.752879715483));
#2258 = CARTESIAN_POINT('',(3.,0.7300740896));
#2259 = ( GEOMETRIC_REPRESENTATION_CONTEXT(2) 
PARAMETRIC_REPRESENTATION_CONTEXT() REPRESENTATION_CONTEXT('2D SPACE',''
  ) );
#2260 = PCURVE('',#2047,#2261);
#2261 = DEFINITIONAL_REPRESENTATION('',(#2262),#2280);
#2262 = B_SPLINE_CURVE_WITH_KNOTS('',6,(#2263,#2264,#2265,#2266,#2267,
    #2268,#2269,#2270,#2271,#2272,#2273,#2274,#2275,#2276,#2277,#2278,
    #2279),.UNSPECIFIED.,.F.,.F.,(7,5,5,7),(0.,0.327596629607,
    0.647129135742,1.),.UNSPECIFIED.);
#2263 = CARTESIAN_POINT('',(4.070596996646,16.536093465984));
#2264 = CARTESIAN_POINT('',(4.10551208205,16.344438684814));
#2265 = CARTESIAN_POINT('',(4.140481263683,16.153847122366));
#2266 = CARTESIAN_POINT('',(4.175469151445,15.963735140044));
#2267 = CARTESIAN_POINT('',(4.210438674467,15.773429582722));
#2268 = CARTESIAN_POINT('',(4.245351196987,15.582229780918));
#2269 = CARTESIAN_POINT('',(4.314125054118,15.201454313656));
#2270 = CARTESIAN_POINT('',(4.347991825214,15.011951104758));
#2271 = CARTESIAN_POINT('',(4.381729450489,14.820342626226));
#2272 = CARTESIAN_POINT('',(4.415301541533,14.626036017463));
#2273 = CARTESIAN_POINT('',(4.448672877286,14.428511403803));
#2274 = CARTESIAN_POINT('',(4.518403347093,14.005243481508));
#2275 = CARTESIAN_POINT('',(4.554712492233,13.778696341414));
#2276 = CARTESIAN_POINT('',(4.590690220746,13.547194268413));
#2277 = CARTESIAN_POINT('',(4.62629808391,13.310337629118));
#2278 = CARTESIAN_POINT('',(4.66150456187,13.067910897739));
#2279 = CARTESIAN_POINT('',(4.696283412227,12.819871547494));
#2280 = ( GEOMETRIC_REPRESENTATION_CONTEXT(2) 
PARAMETRIC_REPRESENTATION_CONTEXT() REPRESENTATION_CONTEXT('2D SPACE',''
  ) );
#2281 = ADVANCED_FACE('',(#2282),#1353,.F.);
#2282 = FACE_BOUND('',#2283,.F.);
#2283 = EDGE_LOOP('',(#2284,#2285,#2308,#2626));
#2284 = ORIENTED_EDGE('',*,*,#1227,.F.);
#2285 = ORIENTED_EDGE('',*,*,#2286,.F.);
#2286 = EDGE_CURVE('',#2287,#1228,#2289,.T.);
#2287 = VERTEX_POINT('',#2288);
#2288 = CARTESIAN_POINT('',(1.0125,1.753701442663,7.7));
#2289 = SEAM_CURVE('',#2290,(#2294,#2301),.PCURVE_S1.);
#2290 = LINE('',#2291,#2292);
#2291 = CARTESIAN_POINT('',(3.479140586691E-16,-3.421150927422E-17,7.7)
  );
#2292 = VECTOR('',#2293,1.);
#2293 = DIRECTION('',(0.5,0.866025403784,1.110223024625E-16));
#2294 = PCURVE('',#1353,#2295);
#2295 = DEFINITIONAL_REPRESENTATION('',(#2296),#2300);
#2296 = LINE('',#2297,#2298);
#2297 = CARTESIAN_POINT('',(6.28318530718,-0.));
#2298 = VECTOR('',#2299,1.);
#2299 = DIRECTION('',(0.,1.));
#2300 = ( GEOMETRIC_REPRESENTATION_CONTEXT(2) 
PARAMETRIC_REPRESENTATION_CONTEXT() REPRESENTATION_CONTEXT('2D SPACE',''
  ) );
#2301 = PCURVE('',#1353,#2302);
#2302 = DEFINITIONAL_REPRESENTATION('',(#2303),#2307);
#2303 = LINE('',#2304,#2305);
#2304 = CARTESIAN_POINT('',(0.,-0.));
#2305 = VECTOR('',#2306,1.);
#2306 = DIRECTION('',(0.,1.));
#2307 = ( GEOMETRIC_REPRESENTATION_CONTEXT(2) 
PARAMETRIC_REPRESENTATION_CONTEXT() REPRESENTATION_CONTEXT('2D SPACE',''
  ) );
#2308 = ORIENTED_EDGE('',*,*,#2309,.T.);
#2309 = EDGE_CURVE('',#2287,#2287,#2310,.T.);
#2310 = SURFACE_CURVE('',#2311,(#2414,#2520),.PCURVE_S1.);
#2311 = B_SPLINE_CURVE_WITH_KNOTS('',6,(#2312,#2313,#2314,#2315,#2316,
    #2317,#2318,#2319,#2320,#2321,#2322,#2323,#2324,#2325,#2326,#2327,
    #2328,#2329,#2330,#2331,#2332,#2333,#2334,#2335,#2336,#2337,#2338,
    #2339,#2340,#2341,#2342,#2343,#2344,#2345,#2346,#2347,#2348,#2349,
    #2350,#2351,#2352,#2353,#2354,#2355,#2356,#2357,#2358,#2359,#2360,
    #2361,#2362,#2363,#2364,#2365,#2366,#2367,#2368,#2369,#2370,#2371,
    #2372,#2373,#2374,#2375,#2376,#2377,#2378,#2379,#2380,#2381,#2382,
    #2383,#2384,#2385,#2386,#2387,#2388,#2389,#2390,#2391,#2392,#2393,
    #2394,#2395,#2396,#2397,#2398,#2399,#2400,#2401,#2402,#2403,#2404,
    #2405,#2406,#2407,#2408,#2409,#2410,#2411,#2412,#2413),
  .UNSPECIFIED.,.T.,.F.,(7,5,5,5,5,5,5,5,5,5,5,5,5,5,5,5,5,5,5,5,7),(0.,
    6.327872174093E-02,8.802798422644E-02,0.14366791981,0.198910852212,
    0.249646185251,0.300609740506,0.355547978224,0.410977759238,
    0.458972063809,0.499358513559,0.562809117079,0.587625602054,
    0.643415440969,0.698808123705,0.749680958977,0.800782615894,
    0.855869691572,0.911450532934,0.936554883564,1.),.UNSPECIFIED.);
#2312 = CARTESIAN_POINT('',(1.0125,1.753701442663,7.7));
#2313 = CARTESIAN_POINT('',(0.927550914971,1.802746819772,7.7));
#2314 = CARTESIAN_POINT('',(0.840198691143,1.846595572825,7.708881644367
    ));
#2315 = CARTESIAN_POINT('',(0.751722897839,1.884640445072,7.726469431628
    ));
#2316 = CARTESIAN_POINT('',(0.663586240601,1.916654222967,7.75219196209)
  );
#2317 = CARTESIAN_POINT('',(0.577361362449,1.942824085819,7.785086496011
    ));
#2318 = CARTESIAN_POINT('',(0.462210088287,1.971826936737,7.838836867688
    ));
#2319 = CARTESIAN_POINT('',(0.430278984775,1.979188131625,7.854866527429
    ));
#2320 = CARTESIAN_POINT('',(0.398831963321,1.985794111848,7.871763506649
    ));
#2321 = CARTESIAN_POINT('',(0.367907265907,1.991683787065,7.889479026388
    ));
#2322 = CARTESIAN_POINT('',(0.337541226379,1.99689717046,7.907965833096)
  );
#2323 = CARTESIAN_POINT('',(0.240834342551,2.011767855701,7.970370385923
    ));
#2324 = CARTESIAN_POINT('',(0.176904021945,2.018848790051,8.017225599067
    ));
#2325 = CARTESIAN_POINT('',(0.116237171336,2.023204843456,8.067306296667
    ));
#2326 = CARTESIAN_POINT('',(5.906093300377E-02,2.025303723377,
    8.120272732494));
#2327 = CARTESIAN_POINT('',(5.600445269512E-03,2.025597228973,
    8.175865452398));
#2328 = CARTESIAN_POINT('',(-9.302819894675E-02,2.023459020655,
    8.29149612789));
#2329 = CARTESIAN_POINT('',(-0.138311208377,2.021045878064,8.3515681851)
  );
#2330 = CARTESIAN_POINT('',(-0.179411673158,2.017707922062,
    8.413848263528));
#2331 = CARTESIAN_POINT('',(-0.216005073595,2.013877164539,
    8.478122170489));
#2332 = CARTESIAN_POINT('',(-0.247760062753,2.009964930666,
    8.544213264442));
#2333 = CARTESIAN_POINT('',(-0.298728797144,2.002995910598,
    8.674214366075));
#2334 = CARTESIAN_POINT('',(-0.31877364972,1.999892405959,8.737911188484
    ));
#2335 = CARTESIAN_POINT('',(-0.334066831499,1.997315882726,
    8.802670893627));
#2336 = CARTESIAN_POINT('',(-0.34436164333,1.995511835508,8.868145499592
    ));
#2337 = CARTESIAN_POINT('',(-0.349523647159,1.994607284675,
    8.934022525353));
#2338 = CARTESIAN_POINT('',(-0.349523647159,1.994607284675,
    9.066274260429));
#2339 = CARTESIAN_POINT('',(-0.344315099516,1.995519991281,
    9.132445965614));
#2340 = CARTESIAN_POINT('',(-0.333927944274,1.997340221632,
    9.198209793679));
#2341 = CARTESIAN_POINT('',(-0.318498896422,1.999938679257,
    9.263249711319));
#2342 = CARTESIAN_POINT('',(-0.298278605634,2.003065585117,
    9.327213446025));
#2343 = CARTESIAN_POINT('',(-0.247141528568,2.010040522291,
    9.457055121396));
#2344 = CARTESIAN_POINT('',(-0.21548969763,2.013929410561,9.522753599101
    ));
#2345 = CARTESIAN_POINT('',(-0.179056705818,2.017733110881,
    9.586652362699));
#2346 = CARTESIAN_POINT('',(-0.138168376131,2.021047043414,
    9.648577790361));
#2347 = CARTESIAN_POINT('',(-9.314365823294E-02,2.023446483448,
    9.708319532621));
#2348 = CARTESIAN_POINT('',(4.971770549144E-03,2.025593638515,
    9.823446499127));
#2349 = CARTESIAN_POINT('',(5.819030742264E-02,2.025318331422,
    9.878857661676));
#2350 = CARTESIAN_POINT('',(0.115099569223,2.023255273466,9.931664691532
    ));
#2351 = CARTESIAN_POINT('',(0.175476069968,2.01895780927,9.981610849493)
  );
#2352 = CARTESIAN_POINT('',(0.23909453994,2.011963786122,10.028360855019
    ));
#2353 = CARTESIAN_POINT('',(0.363367153625,1.992985850488,
    10.108821839031));
#2354 = CARTESIAN_POINT('',(0.423354365254,1.981785010714,
    10.143492517514));
#2355 = CARTESIAN_POINT('',(0.485343931435,1.967890004632,
    10.175098036937));
#2356 = CARTESIAN_POINT('',(0.548991186478,1.9510270405,10.203252858346)
  );
#2357 = CARTESIAN_POINT('',(0.613927739227,1.930959088079,
    10.227577486081));
#2358 = CARTESIAN_POINT('',(0.735169132208,1.887752787,10.264618801676)
  );
#2359 = CARTESIAN_POINT('',(0.791195030923,1.865611053977,
    10.278559439185));
#2360 = CARTESIAN_POINT('',(0.847376469307,1.841043796028,
    10.289219763033));
#2361 = CARTESIAN_POINT('',(0.903262022529,1.814102844322,
    10.296401604838));
#2362 = CARTESIAN_POINT('',(0.958429719128,1.78491893388,10.3));
#2363 = CARTESIAN_POINT('',(1.097449085029,1.704656065555,10.3));
#2364 = CARTESIAN_POINT('',(1.179099331011,1.650931197169,
    10.291118355633));
#2365 = CARTESIAN_POINT('',(1.256285053512,1.593331348671,
    10.273530568372));
#2366 = CARTESIAN_POINT('',(1.32807812706,1.533009653445,10.24780803791)
  );
#2367 = CARTESIAN_POINT('',(1.393854332179,1.471421649954,
    10.214913503989));
#2368 = CARTESIAN_POINT('',(1.476547172063,1.386199149672,
    10.161163134179));
#2369 = CARTESIAN_POINT('',(1.498887708891,1.362226596639,10.14513347184
    ));
#2370 = CARTESIAN_POINT('',(1.520332168453,1.338295665094,
    10.128236491239));
#2371 = CARTESIAN_POINT('',(1.540895123933,1.31445893114,10.110520973159
    ));
#2372 = CARTESIAN_POINT('',(1.560593063001,1.290767864807,
    10.092034169118));
#2373 = CARTESIAN_POINT('',(1.621823974454,1.214453737997,
    10.029630555595));
#2374 = CARTESIAN_POINT('',(1.65992151872,1.162628980837,9.98277558097)
  );
#2375 = CARTESIAN_POINT('',(1.694027960809,1.112267248273,9.932694349242
    ));
#2376 = CARTESIAN_POINT('',(1.724434277635,1.063799740808,9.879726943677
    ));
#2377 = CARTESIAN_POINT('',(1.751418827088,1.017648028813,9.824133593574
    ));
#2378 = CARTESIAN_POINT('',(1.798881017355,0.931164722256,9.708503866074
    ));
#2379 = CARTESIAN_POINT('',(1.819432676789,0.890741918398,9.64843181292)
  );
#2380 = CARTESIAN_POINT('',(1.837092151946,0.853478899376,9.586151743405
    ));
#2381 = CARTESIAN_POINT('',(1.852071318125,0.819872708763,9.521877844098
    ));
#2382 = CARTESIAN_POINT('',(1.864560719888,0.790415962236,9.455786749998
    ));
#2383 = CARTESIAN_POINT('',(1.884009737487,0.742791236305,9.32578565624)
  );
#2384 = CARTESIAN_POINT('',(1.891344450244,0.723880132325,9.262088842191
    ));
#2385 = CARTESIAN_POINT('',(1.896759707924,0.709347583253,9.197329134759
    ));
#2386 = CARTESIAN_POINT('',(1.900344764305,0.699529987804,9.131854520048
    ));
#2387 = CARTESIAN_POINT('',(1.902142402681,0.694607284675,9.065977483086
    ));
#2388 = CARTESIAN_POINT('',(1.902142402681,0.694607284675,8.93372575586)
  );
#2389 = CARTESIAN_POINT('',(1.90032855686,0.699574370108,8.867554063752)
  );
#2390 = CARTESIAN_POINT('',(1.896711346407,0.70948002164,8.801790243162)
  );
#2391 = CARTESIAN_POINT('',(1.891247154155,0.724141194431,8.73675032512)
  );
#2392 = CARTESIAN_POINT('',(1.883844988752,0.743215933435,8.672786579085
    ));
#2393 = CARTESIAN_POINT('',(1.864316921469,0.790989413583,8.542944893532
    ));
#2394 = CARTESIAN_POINT('',(1.851858883255,0.820345144841,8.477246416516
    ));
#2395 = CARTESIAN_POINT('',(1.836936487885,0.853798893688,8.413347645665
    ));
#2396 = CARTESIAN_POINT('',(1.819362270382,0.89086619758,8.351422209151)
  );
#2397 = CARTESIAN_POINT('',(1.798927884938,0.931058471217,8.291680462396
    ));
#2398 = CARTESIAN_POINT('',(1.751729285609,1.017103187624,8.176552579299
    ));
#2399 = CARTESIAN_POINT('',(1.724881710959,1.063053829812,8.121142016664
    ));
#2400 = CARTESIAN_POINT('',(1.694640892192,1.111306362939,8.068335884887
    ));
#2401 = CARTESIAN_POINT('',(1.660731445332,1.161444548735,8.018390216344
    ));
#2402 = CARTESIAN_POINT('',(1.62286532072,1.213042788897,7.971640005603)
  );
#2403 = CARTESIAN_POINT('',(1.561733841265,1.289394639569,7.909038583372
    ));
#2404 = CARTESIAN_POINT('',(1.541848049824,1.313353546233,7.890301268736
    ));
#2405 = CARTESIAN_POINT('',(1.521077728591,1.337463264815,7.872351609744
    ));
#2406 = CARTESIAN_POINT('',(1.499405712925,1.361670612715,7.855238422343
    ));
#2407 = CARTESIAN_POINT('',(1.476816830093,1.385921242521,7.839012143618
    ));
#2408 = CARTESIAN_POINT('',(1.393859544305,1.471416278384,7.785089883894
    ));
#2409 = CARTESIAN_POINT('',(1.328083455222,1.533005265255,7.752193691245
    ));
#2410 = CARTESIAN_POINT('',(1.256286953286,1.593330529739,7.726469035728
    ));
#2411 = CARTESIAN_POINT('',(1.179096839603,1.650933329055,7.708880718066
    ));
#2412 = CARTESIAN_POINT('',(1.097444645789,1.704658628551,7.7));
#2413 = CARTESIAN_POINT('',(1.0125,1.753701442663,7.7));
#2414 = PCURVE('',#1353,#2415);
#2415 = DEFINITIONAL_REPRESENTATION('',(#2416),#2519);
#2416 = B_SPLINE_CURVE_WITH_KNOTS('',6,(#2417,#2418,#2419,#2420,#2421,
    #2422,#2423,#2424,#2425,#2426,#2427,#2428,#2429,#2430,#2431,#2432,
    #2433,#2434,#2435,#2436,#2437,#2438,#2439,#2440,#2441,#2442,#2443,
    #2444,#2445,#2446,#2447,#2448,#2449,#2450,#2451,#2452,#2453,#2454,
    #2455,#2456,#2457,#2458,#2459,#2460,#2461,#2462,#2463,#2464,#2465,
    #2466,#2467,#2468,#2469,#2470,#2471,#2472,#2473,#2474,#2475,#2476,
    #2477,#2478,#2479,#2480,#2481,#2482,#2483,#2484,#2485,#2486,#2487,
    #2488,#2489,#2490,#2491,#2492,#2493,#2494,#2495,#2496,#2497,#2498,
    #2499,#2500,#2501,#2502,#2503,#2504,#2505,#2506,#2507,#2508,#2509,
    #2510,#2511,#2512,#2513,#2514,#2515,#2516,#2517,#2518),
  .UNSPECIFIED.,.F.,.F.,(7,5,5,5,5,5,5,5,5,5,5,5,5,5,5,5,5,5,5,5,7),(0.,
    6.327872174093E-02,8.802798422644E-02,0.14366791981,0.198910852212,
    0.249646185251,0.300609740506,0.355547978224,0.410977759238,
    0.458972063809,0.499358513559,0.562809117079,0.587625602054,
    0.643415440969,0.698808123705,0.749680958977,0.800782615894,
    0.855869691572,0.911450532934,0.936554883564,1.),.UNSPECIFIED.);
#2417 = CARTESIAN_POINT('',(0.,2.025));
#2418 = CARTESIAN_POINT('',(7.545442632109E-02,2.025));
#2419 = CARTESIAN_POINT('',(0.150510952237,2.019298022154));
#2420 = CARTESIAN_POINT('',(0.224857606839,2.008007951352));
#2421 = CARTESIAN_POINT('',(0.298162416175,1.99166436766));
#2422 = CARTESIAN_POINT('',(0.370017329601,1.971215694628));
#2423 = CARTESIAN_POINT('',(0.467125010906,1.938757263224));
#2424 = CARTESIAN_POINT('',(0.494184093393,1.929166693244));
#2425 = CARTESIAN_POINT('',(0.521009118718,1.919164129206));
#2426 = CARTESIAN_POINT('',(0.547608127792,1.908802388857));
#2427 = CARTESIAN_POINT('',(0.573988302675,1.898134291553));
#2428 = CARTESIAN_POINT('',(0.658984674505,1.86265924083));
#2429 = CARTESIAN_POINT('',(0.716734300993,1.836826349556));
#2430 = CARTESIAN_POINT('',(0.77359201468,1.810265377161));
#2431 = CARTESIAN_POINT('',(0.829734856053,1.783494941325));
#2432 = CARTESIAN_POINT('',(0.885338004113,1.75701888076));
#2433 = CARTESIAN_POINT('',(0.995433896472,1.70585281593));
#2434 = CARTESIAN_POINT('',(1.049996820744,1.681121468429));
#2435 = CARTESIAN_POINT('',(1.104378115976,1.657680481344));
#2436 = CARTESIAN_POINT('',(1.158694893202,1.636066247794));
#2437 = CARTESIAN_POINT('',(1.213081955967,1.616800659296));
#2438 = CARTESIAN_POINT('',(1.3178589044,1.585280943682));
#2439 = CARTESIAN_POINT('',(1.368252336772,1.572570803536));
#2440 = CARTESIAN_POINT('',(1.418769219849,1.562692878073));
#2441 = CARTESIAN_POINT('',(1.469369835762,1.555983121437));
#2442 = CARTESIAN_POINT('',(1.52004442322,1.552618755522));
#2443 = CARTESIAN_POINT('',(1.621776527125,1.552618755522));
#2444 = CARTESIAN_POINT('',(1.672677789648,1.556013456451));
#2445 = CARTESIAN_POINT('',(1.723504080558,1.562783399797));
#2446 = CARTESIAN_POINT('',(1.774245955259,1.572748254037));
#2447 = CARTESIAN_POINT('',(1.824863472127,1.585566379341));
#2448 = CARTESIAN_POINT('',(1.929556264378,1.617175390656));
#2449 = CARTESIAN_POINT('',(1.983642073858,1.636369182159));
#2450 = CARTESIAN_POINT('',(2.037659312293,1.657879779171));
#2451 = CARTESIAN_POINT('',(2.091740691367,1.681193893775));
#2452 = CARTESIAN_POINT('',(2.146001704943,1.705784228747));
#2453 = CARTESIAN_POINT('',(2.255581062772,1.756701433972));
#2454 = CARTESIAN_POINT('',(2.310970583961,1.783072279473));
#2455 = CARTESIAN_POINT('',(2.366894575917,1.809740249774));
#2456 = CARTESIAN_POINT('',(2.423525560126,1.83620678698));
#2457 = CARTESIAN_POINT('',(2.481038022948,1.861959020246));
#2458 = CARTESIAN_POINT('',(2.59033713286,1.907659952718));
#2459 = CARTESIAN_POINT('',(2.641927396951,1.927953346745));
#2460 = CARTESIAN_POINT('',(2.694371399908,1.946914701583));
#2461 = CARTESIAN_POINT('',(2.747672579491,1.964134573782));
#2462 = CARTESIAN_POINT('',(2.801853348782,1.979223493558));
#2463 = CARTESIAN_POINT('',(2.903321688093,2.002426435711));
#2464 = CARTESIAN_POINT('',(2.95032754943,2.011264081787));
#2465 = CARTESIAN_POINT('',(2.997799202917,2.018078931493));
#2466 = CARTESIAN_POINT('',(3.045589867839,2.022690159525));
#2467 = CARTESIAN_POINT('',(3.093565744026,2.025));
#2468 = CARTESIAN_POINT('',(3.217047079911,2.025));
#2469 = CARTESIAN_POINT('',(3.292103605827,2.019298022154));
#2470 = CARTESIAN_POINT('',(3.366450260429,2.008007951352));
#2471 = CARTESIAN_POINT('',(3.439755069765,1.99166436766));
#2472 = CARTESIAN_POINT('',(3.511609983191,1.971215694628));
#2473 = CARTESIAN_POINT('',(3.608717661122,1.938757264352));
#2474 = CARTESIAN_POINT('',(3.635776747742,1.929166692846));
#2475 = CARTESIAN_POINT('',(3.662601775579,1.919164127973));
#2476 = CARTESIAN_POINT('',(3.689200782427,1.908802388565));
#2477 = CARTESIAN_POINT('',(3.715580953248,1.898134292812));
#2478 = CARTESIAN_POINT('',(3.800576045726,1.862659776053));
#2479 = CARTESIAN_POINT('',(3.858325602618,1.836826991941));
#2480 = CARTESIAN_POINT('',(3.915184070637,1.810265673207));
#2481 = CARTESIAN_POINT('',(3.97132791516,1.783494738896));
#2482 = CARTESIAN_POINT('',(4.026931566066,1.757018458607));
#2483 = CARTESIAN_POINT('',(4.13702655581,1.705852813259));
#2484 = CARTESIAN_POINT('',(4.191589475691,1.681121467943));
#2485 = CARTESIAN_POINT('',(4.245970763187,1.657680484426));
#2486 = CARTESIAN_POINT('',(4.300287534574,1.636066252721));
#2487 = CARTESIAN_POINT('',(4.354674597919,1.616800662797));
#2488 = CARTESIAN_POINT('',(4.459451540005,1.585280949092));
#2489 = CARTESIAN_POINT('',(4.509844966316,1.57257080901));
#2490 = CARTESIAN_POINT('',(4.560361851509,1.562692881172));
#2491 = CARTESIAN_POINT('',(4.610962474246,1.555983122299));
#2492 = CARTESIAN_POINT('',(4.661637070319,1.552618755522));
#2493 = CARTESIAN_POINT('',(4.763369168185,1.552618755522));
#2494 = CARTESIAN_POINT('',(4.814270420649,1.55601345478));
#2495 = CARTESIAN_POINT('',(4.865096705632,1.562783395422));
#2496 = CARTESIAN_POINT('',(4.915838580237,1.572748247381));
#2497 = CARTESIAN_POINT('',(4.966456105471,1.585566373228));
#2498 = CARTESIAN_POINT('',(5.071148905931,1.617175387022));
#2499 = CARTESIAN_POINT('',(5.125234714377,1.636369176931));
#2500 = CARTESIAN_POINT('',(5.179251958294,1.657879775599));
#2501 = CARTESIAN_POINT('',(5.23333334499,1.681193893668));
#2502 = CARTESIAN_POINT('',(5.287594363276,1.705784230951));
#2503 = CARTESIAN_POINT('',(5.397174593528,1.756701841557));
#2504 = CARTESIAN_POINT('',(5.45256363518,1.783072477687));
#2505 = CARTESIAN_POINT('',(5.508486701159,1.809739987788));
#2506 = CARTESIAN_POINT('',(5.565116994858,1.836206206958));
#2507 = CARTESIAN_POINT('',(5.62262950746,1.861958531423));
#2508 = CARTESIAN_POINT('',(5.70766798683,1.897515434002));
#2509 = CARTESIAN_POINT('',(5.734343796018,1.9083215601));
#2510 = CARTESIAN_POINT('',(5.76124319424,1.918816028254));
#2511 = CARTESIAN_POINT('',(5.788373679051,1.92894419866));
#2512 = CARTESIAN_POINT('',(5.81574363541,1.938651418714));
#2513 = CARTESIAN_POINT('',(5.913161856886,1.971213648774));
#2514 = CARTESIAN_POINT('',(5.985017580457,1.991663231457));
#2515 = CARTESIAN_POINT('',(6.058326246659,2.008008192022));
#2516 = CARTESIAN_POINT('',(6.132676831807,2.019298622717));
#2517 = CARTESIAN_POINT('',(6.207734823929,2.025));
#2518 = CARTESIAN_POINT('',(6.28318530718,2.025));
#2519 = ( GEOMETRIC_REPRESENTATION_CONTEXT(2) 
PARAMETRIC_REPRESENTATION_CONTEXT() REPRESENTATION_CONTEXT('2D SPACE',''
  ) );
#2520 = PCURVE('',#1450,#2521);
#2521 = DEFINITIONAL_REPRESENTATION('',(#2522),#2625);
#2522 = B_SPLINE_CURVE_WITH_KNOTS('',6,(#2523,#2524,#2525,#2526,#2527,
    #2528,#2529,#2530,#2531,#2532,#2533,#2534,#2535,#2536,#2537,#2538,
    #2539,#2540,#2541,#2542,#2543,#2544,#2545,#2546,#2547,#2548,#2549,
    #2550,#2551,#2552,#2553,#2554,#2555,#2556,#2557,#2558,#2559,#2560,
    #2561,#2562,#2563,#2564,#2565,#2566,#2567,#2568,#2569,#2570,#2571,
    #2572,#2573,#2574,#2575,#2576,#2577,#2578,#2579,#2580,#2581,#2582,
    #2583,#2584,#2585,#2586,#2587,#2588,#2589,#2590,#2591,#2592,#2593,
    #2594,#2595,#2596,#2597,#2598,#2599,#2600,#2601,#2602,#2603,#2604,
    #2605,#2606,#2607,#2608,#2609,#2610,#2611,#2612,#2613,#2614,#2615,
    #2616,#2617,#2618,#2619,#2620,#2621,#2622,#2623,#2624),
  .UNSPECIFIED.,.T.,.F.,(7,5,5,5,5,5,5,5,5,5,5,5,5,5,5,5,5,5,5,5,7),(0.,
    6.327872174093E-02,8.802798422644E-02,0.14366791981,0.198910852212,
    0.249646185251,0.300609740506,0.355547978224,0.410977759238,
    0.458972063809,0.499358513559,0.562809117079,0.587625602054,
    0.643415440969,0.698808123705,0.749680958977,0.800782615894,
    0.855869691572,0.911450532934,0.936554883564,1.),.UNSPECIFIED.);
#2523 = CARTESIAN_POINT('',(1.047197551197,9.7));
#2524 = CARTESIAN_POINT('',(1.095637429822,9.7));
#2525 = CARTESIAN_POINT('',(1.143822024444,9.708881644367));
#2526 = CARTESIAN_POINT('',(1.191258144199,9.726469431628));
#2527 = CARTESIAN_POINT('',(1.237459988534,9.75219196209));
#2528 = CARTESIAN_POINT('',(1.281907108006,9.785086496011));
#2529 = CARTESIAN_POINT('',(1.340547874834,9.838836867688));
#2530 = CARTESIAN_POINT('',(1.35672663607,9.854866527429));
#2531 = CARTESIAN_POINT('',(1.372590535775,9.871763506649));
#2532 = CARTESIAN_POINT('',(1.388132536302,9.889479026388));
#2533 = CARTESIAN_POINT('',(1.403345203812,9.907965833096));
#2534 = CARTESIAN_POINT('',(1.4516630022,9.970370385923));
#2535 = CARTESIAN_POINT('',(1.483398276358,10.017225599067));
#2536 = CARTESIAN_POINT('',(1.513403294822,10.067306296667));
#2537 = CARTESIAN_POINT('',(1.541635767805,10.120272732494));
#2538 = CARTESIAN_POINT('',(1.568026629515,10.175865452398));
#2539 = CARTESIAN_POINT('',(1.616743577177,10.29149612789));
#2540 = CARTESIAN_POINT('',(1.639126039806,10.3515681851));
#2541 = CARTESIAN_POINT('',(1.659479519136,10.413848263528));
#2542 = CARTESIAN_POINT('',(1.677644022949,10.478122170489));
#2543 = CARTESIAN_POINT('',(1.693442727051,10.544213264442));
#2544 = CARTESIAN_POINT('',(1.718846662679,10.674214366075));
#2545 = CARTESIAN_POINT('',(1.728861705286,10.737911188484));
#2546 = CARTESIAN_POINT('',(1.736519974514,10.802670893627));
#2547 = CARTESIAN_POINT('',(1.741681376258,10.868145499592));
#2548 = CARTESIAN_POINT('',(1.74426933942,10.934022525353));
#2549 = CARTESIAN_POINT('',(1.74426933942,11.066274260429));
#2550 = CARTESIAN_POINT('',(1.741658042,11.132445965614));
#2551 = CARTESIAN_POINT('',(1.736450341057,11.198209793679));
#2552 = CARTESIAN_POINT('',(1.728724121104,11.263249711319));
#2553 = CARTESIAN_POINT('',(1.718621734835,11.327213446025));
#2554 = CARTESIAN_POINT('',(1.693135036166,11.457055121396));
#2555 = CARTESIAN_POINT('',(1.677388299102,11.522753599101));
#2556 = CARTESIAN_POINT('',(1.65930391475,11.586652362699));
#2557 = CARTESIAN_POINT('',(1.639055656526,11.648577790361));
#2558 = CARTESIAN_POINT('',(1.61680071541,11.708319532621));
#2559 = CARTESIAN_POINT('',(1.568337051159,11.823446499127));
#2560 = CARTESIAN_POINT('',(1.542065595433,11.878857661676));
#2561 = CARTESIAN_POINT('',(1.513965221526,11.931664691532));
#2562 = CARTESIAN_POINT('',(1.484104830032,11.981610849493));
#2563 = CARTESIAN_POINT('',(1.452526906358,12.028360855019));
#2564 = CARTESIAN_POINT('',(1.390446243256,12.108821839031));
#2565 = CARTESIAN_POINT('',(1.360327356594,12.143492517514));
#2566 = CARTESIAN_POINT('',(1.328987321102,12.175098036937));
#2567 = CARTESIAN_POINT('',(1.296510796441,12.203252858346));
#2568 = CARTESIAN_POINT('',(1.262977500659,12.227577486081));
#2569 = CARTESIAN_POINT('',(1.199417015032,12.264618801676));
#2570 = CARTESIAN_POINT('',(1.169684823406,12.278559439185));
#2571 = CARTESIAN_POINT('',(1.13943425156,12.289219763033));
#2572 = CARTESIAN_POINT('',(1.108828897766,12.296401604838));
#2573 = CARTESIAN_POINT('',(1.078029641287,12.3));
#2574 = CARTESIAN_POINT('',(0.998757672571,12.3));
#2575 = CARTESIAN_POINT('',(0.950573077949,12.291118355633));
#2576 = CARTESIAN_POINT('',(0.903136958194,12.273530568372));
#2577 = CARTESIAN_POINT('',(0.856935113859,12.24780803791));
#2578 = CARTESIAN_POINT('',(0.812487994388,12.214913503989));
#2579 = CARTESIAN_POINT('',(0.753847229597,12.161163134179));
#2580 = CARTESIAN_POINT('',(0.737668465925,12.14513347184));
#2581 = CARTESIAN_POINT('',(0.721804564701,12.128236491239));
#2582 = CARTESIAN_POINT('',(0.706262565435,12.110520973159));
#2583 = CARTESIAN_POINT('',(0.691049900296,12.092034169118));
#2584 = CARTESIAN_POINT('',(0.64273282918,12.029630555595));
#2585 = CARTESIAN_POINT('',(0.610997546152,11.98277558097));
#2586 = CARTESIAN_POINT('',(0.580992073546,11.932694349242));
#2587 = CARTESIAN_POINT('',(0.552759099921,11.879726943677));
#2588 = CARTESIAN_POINT('',(0.526368070931,11.824133593574));
#2589 = CARTESIAN_POINT('',(0.477651522673,11.708503866074));
#2590 = CARTESIAN_POINT('',(0.455269062349,11.64843181292));
#2591 = CARTESIAN_POINT('',(0.434915586045,11.586151743405));
#2592 = CARTESIAN_POINT('',(0.416751083513,11.521877844098));
#2593 = CARTESIAN_POINT('',(0.400952378164,11.455786749998));
#2594 = CARTESIAN_POINT('',(0.375548444074,11.32578565624));
#2595 = CARTESIAN_POINT('',(0.365533401354,11.262088842191));
#2596 = CARTESIAN_POINT('',(0.357875130261,11.197329134759));
#2597 = CARTESIAN_POINT('',(0.352713726799,11.131854520048));
#2598 = CARTESIAN_POINT('',(0.350125762974,11.065977483086));
#2599 = CARTESIAN_POINT('',(0.350125762974,10.93372575586));
#2600 = CARTESIAN_POINT('',(0.352737059108,10.867554063752));
#2601 = CARTESIAN_POINT('',(0.357944757971,10.801790243162));
#2602 = CARTESIAN_POINT('',(0.36567097611,10.73675032512));
#2603 = CARTESIAN_POINT('',(0.375773362629,10.672786579085));
#2604 = CARTESIAN_POINT('',(0.401260063297,10.542944893532));
#2605 = CARTESIAN_POINT('',(0.417006798973,10.477246416516));
#2606 = CARTESIAN_POINT('',(0.435091184443,10.413347645665));
#2607 = CARTESIAN_POINT('',(0.455339445586,10.351422209151));
#2608 = CARTESIAN_POINT('',(0.477594389081,10.291680462396));
#2609 = CARTESIAN_POINT('',(0.526058439179,10.176552579299));
#2610 = CARTESIAN_POINT('',(0.55232973523,10.121142016664));
#2611 = CARTESIAN_POINT('',(0.58042964816,10.068335884887));
#2612 = CARTESIAN_POINT('',(0.610289623384,10.018390216344));
#2613 = CARTESIAN_POINT('',(0.641867532012,9.971640005603));
#2614 = CARTESIAN_POINT('',(0.690168430279,9.909038583372));
#2615 = CARTESIAN_POINT('',(0.705542043502,9.890301268736));
#2616 = CARTESIAN_POINT('',(0.72125288099,9.872351609744));
#2617 = CARTESIAN_POINT('',(0.737293283589,9.855238422343));
#2618 = CARTESIAN_POINT('',(0.753656004418,9.839012143618));
#2619 = CARTESIAN_POINT('',(0.812484298263,9.785089883894));
#2620 = CARTESIAN_POINT('',(0.856931730778,9.752193691245));
#2621 = CARTESIAN_POINT('',(0.903135971561,9.726469035728));
#2622 = CARTESIAN_POINT('',(0.950574672065,9.708880718066));
#2623 = CARTESIAN_POINT('',(0.998760203925,9.7));
#2624 = CARTESIAN_POINT('',(1.047197551197,9.7));
#2625 = ( GEOMETRIC_REPRESENTATION_CONTEXT(2) 
PARAMETRIC_REPRESENTATION_CONTEXT() REPRESENTATION_CONTEXT('2D SPACE',''
  ) );
#2626 = ORIENTED_EDGE('',*,*,#2286,.T.);
#2627 = ADVANCED_FACE('',(#2628,#2654),#1450,.F.);
#2628 = FACE_BOUND('',#2629,.F.);
#2629 = EDGE_LOOP('',(#2630,#2651,#2652,#2653));
#2630 = ORIENTED_EDGE('',*,*,#2631,.T.);
#2631 = EDGE_CURVE('',#1434,#1469,#2632,.T.);
#2632 = SEAM_CURVE('',#2633,(#2637,#2644),.PCURVE_S1.);
#2633 = LINE('',#2634,#2635);
#2634 = CARTESIAN_POINT('',(2.025,-4.959819536547E-16,-2.));
#2635 = VECTOR('',#2636,1.);
#2636 = DIRECTION('',(0.,0.,1.));
#2637 = PCURVE('',#1450,#2638);
#2638 = DEFINITIONAL_REPRESENTATION('',(#2639),#2643);
#2639 = LINE('',#2640,#2641);
#2640 = CARTESIAN_POINT('',(6.28318530718,-0.));
#2641 = VECTOR('',#2642,1.);
#2642 = DIRECTION('',(0.,1.));
#2643 = ( GEOMETRIC_REPRESENTATION_CONTEXT(2) 
PARAMETRIC_REPRESENTATION_CONTEXT() REPRESENTATION_CONTEXT('2D SPACE',''
  ) );
#2644 = PCURVE('',#1450,#2645);
#2645 = DEFINITIONAL_REPRESENTATION('',(#2646),#2650);
#2646 = LINE('',#2647,#2648);
#2647 = CARTESIAN_POINT('',(0.,-0.));
#2648 = VECTOR('',#2649,1.);
#2649 = DIRECTION('',(0.,1.));
#2650 = ( GEOMETRIC_REPRESENTATION_CONTEXT(2) 
PARAMETRIC_REPRESENTATION_CONTEXT() REPRESENTATION_CONTEXT('2D SPACE',''
  ) );
#2651 = ORIENTED_EDGE('',*,*,#1468,.F.);
#2652 = ORIENTED_EDGE('',*,*,#2631,.F.);
#2653 = ORIENTED_EDGE('',*,*,#1433,.T.);
#2654 = FACE_BOUND('',#2655,.F.);
#2655 = EDGE_LOOP('',(#2656));
#2656 = ORIENTED_EDGE('',*,*,#2309,.F.);
#2657 = ADVANCED_FACE('',(#2658),#1515,.T.);
#2658 = FACE_BOUND('',#2659,.T.);
#2659 = EDGE_LOOP('',(#2660,#2661,#2662,#2663));
#2660 = ORIENTED_EDGE('',*,*,#1799,.F.);
#2661 = ORIENTED_EDGE('',*,*,#1702,.T.);
#2662 = ORIENTED_EDGE('',*,*,#1495,.T.);
#2663 = ORIENTED_EDGE('',*,*,#2664,.T.);
#2664 = EDGE_CURVE('',#1498,#1800,#2665,.T.);
#2665 = SURFACE_CURVE('',#2666,(#2673,#2683),.PCURVE_S1.);
#2666 = B_SPLINE_CURVE_WITH_KNOTS('',5,(#2667,#2668,#2669,#2670,#2671,
    #2672),.UNSPECIFIED.,.F.,.F.,(6,6),(0.,1.),
  .PIECEWISE_BEZIER_KNOTS.);
#2667 = CARTESIAN_POINT('',(-4.646677435152,12.67510902571,
    9.888664183881));
#2668 = CARTESIAN_POINT('',(-4.786978544204,12.623674833213,
    10.217277996124));
#2669 = CARTESIAN_POINT('',(-4.92469251346,12.570986970396,
    10.54638481327));
#2670 = CARTESIAN_POINT('',(-5.060033635075,12.517084456603,
    10.875922349414));
#2671 = CARTESIAN_POINT('',(-5.193179393285,12.461991917865,
    11.205839533722));
#2672 = CARTESIAN_POINT('',(-5.324285060701,12.40572402532,
    11.536093465984));
#2673 = PCURVE('',#1515,#2674);
#2674 = DEFINITIONAL_REPRESENTATION('',(#2675),#2682);
#2675 = B_SPLINE_CURVE_WITH_KNOTS('',5,(#2676,#2677,#2678,#2679,#2680,
    #2681),.UNSPECIFIED.,.F.,.F.,(6,6),(0.,1.),
  .PIECEWISE_BEZIER_KNOTS.);
#2676 = CARTESIAN_POINT('',(1.,0.880147026914));
#2677 = CARTESIAN_POINT('',(0.799779075157,0.882705575606));
#2678 = CARTESIAN_POINT('',(0.599675186893,0.885026381553));
#2679 = CARTESIAN_POINT('',(0.399681537374,0.887123532818));
#2680 = CARTESIAN_POINT('',(0.199792016471,0.88900803134));
#2681 = CARTESIAN_POINT('',(0.,0.890688906964));
#2682 = ( GEOMETRIC_REPRESENTATION_CONTEXT(2) 
PARAMETRIC_REPRESENTATION_CONTEXT() REPRESENTATION_CONTEXT('2D SPACE',''
  ) );
#2683 = PCURVE('',#1652,#2684);
#2684 = DEFINITIONAL_REPRESENTATION('',(#2685),#2692);
#2685 = B_SPLINE_CURVE_WITH_KNOTS('',5,(#2686,#2687,#2688,#2689,#2690,
    #2691),.UNSPECIFIED.,.F.,.F.,(6,6),(0.,1.),
  .PIECEWISE_BEZIER_KNOTS.);
#2686 = CARTESIAN_POINT('',(1.922181134186,14.888664183881));
#2687 = CARTESIAN_POINT('',(1.933250160004,15.217277996124));
#2688 = CARTESIAN_POINT('',(1.944171219957,15.54638481327));
#2689 = CARTESIAN_POINT('',(1.954961044682,15.875922349414));
#2690 = CARTESIAN_POINT('',(1.965633734978,16.205839533722));
#2691 = CARTESIAN_POINT('',(1.976201894252,16.536093465984));
#2692 = ( GEOMETRIC_REPRESENTATION_CONTEXT(2) 
PARAMETRIC_REPRESENTATION_CONTEXT() REPRESENTATION_CONTEXT('2D SPACE',''
  ) );
#2693 = ADVANCED_FACE('',(#2694),#1652,.T.);
#2694 = FACE_BOUND('',#2695,.T.);
#2695 = EDGE_LOOP('',(#2696,#2697,#2727,#2728));
#2696 = ORIENTED_EDGE('',*,*,#1610,.F.);
#2697 = ORIENTED_EDGE('',*,*,#2698,.F.);
#2698 = EDGE_CURVE('',#1772,#1575,#2699,.T.);
#2699 = SURFACE_CURVE('',#2700,(#2707,#2717),.PCURVE_S1.);
#2700 = B_SPLINE_CURVE_WITH_KNOTS('',5,(#2701,#2702,#2703,#2704,#2705,
    #2706),.UNSPECIFIED.,.F.,.F.,(6,6),(0.,1.),
  .PIECEWISE_BEZIER_KNOTS.);
#2701 = CARTESIAN_POINT('',(-11.58111879377,6.937412160488,
    7.819871547494));
#2702 = CARTESIAN_POINT('',(-11.49901441003,7.074474886406,
    7.506867824002));
#2703 = CARTESIAN_POINT('',(-11.41641305059,7.207767752482,
    7.192969385703));
#2704 = CARTESIAN_POINT('',(-11.33334022854,7.337590656885,
    6.878280916047));
#2705 = CARTESIAN_POINT('',(-11.24980948183,7.464188717693,6.56288624237
    ));
#2706 = CARTESIAN_POINT('',(-11.16582639163,7.587774442604,
    6.246853621705));
#2707 = PCURVE('',#1652,#2708);
#2708 = DEFINITIONAL_REPRESENTATION('',(#2709),#2716);
#2709 = B_SPLINE_CURVE_WITH_KNOTS('',5,(#2710,#2711,#2712,#2713,#2714,
    #2715),.UNSPECIFIED.,.F.,.F.,(6,6),(0.,1.),
  .PIECEWISE_BEZIER_KNOTS.);
#2710 = CARTESIAN_POINT('',(2.601888309834,12.819871547494));
#2711 = CARTESIAN_POINT('',(2.59005329386,12.506867824002));
#2712 = CARTESIAN_POINT('',(2.578438915973,12.192969385703));
#2713 = CARTESIAN_POINT('',(2.567023643098,11.878280916047));
#2714 = CARTESIAN_POINT('',(2.555789710348,11.56288624237));
#2715 = CARTESIAN_POINT('',(2.544721499131,11.246853621705));
#2716 = ( GEOMETRIC_REPRESENTATION_CONTEXT(2) 
PARAMETRIC_REPRESENTATION_CONTEXT() REPRESENTATION_CONTEXT('2D SPACE',''
  ) );
#2717 = PCURVE('',#1592,#2718);
#2718 = DEFINITIONAL_REPRESENTATION('',(#2719),#2726);
#2719 = B_SPLINE_CURVE_WITH_KNOTS('',5,(#2720,#2721,#2722,#2723,#2724,
    #2725),.UNSPECIFIED.,.F.,.F.,(6,6),(0.,1.),
  .PIECEWISE_BEZIER_KNOTS.);
#2720 = CARTESIAN_POINT('',(3.,0.7300740896));
#2721 = CARTESIAN_POINT('',(2.799259469247,0.737834695366));
#2722 = CARTESIAN_POINT('',(2.59891336427,0.745244000034));
#2723 = CARTESIAN_POINT('',(2.398935773893,0.752329266254));
#2724 = CARTESIAN_POINT('',(2.199305004569,0.759112409476));
#2725 = CARTESIAN_POINT('',(2.,0.765612120931));
#2726 = ( GEOMETRIC_REPRESENTATION_CONTEXT(2) 
PARAMETRIC_REPRESENTATION_CONTEXT() REPRESENTATION_CONTEXT('2D SPACE',''
  ) );
#2727 = ORIENTED_EDGE('',*,*,#1824,.F.);
#2728 = ORIENTED_EDGE('',*,*,#2664,.F.);
#2729 = ADVANCED_FACE('',(#2730),#1592,.T.);
#2730 = FACE_BOUND('',#2731,.T.);
#2731 = EDGE_LOOP('',(#2732,#2733,#2734,#2735));
#2732 = ORIENTED_EDGE('',*,*,#1574,.F.);
#2733 = ORIENTED_EDGE('',*,*,#1749,.T.);
#2734 = ORIENTED_EDGE('',*,*,#1771,.T.);
#2735 = ORIENTED_EDGE('',*,*,#2698,.T.);
#2736 = ADVANCED_FACE('',(#2737),#1910,.T.);
#2737 = FACE_BOUND('',#2738,.T.);
#2738 = EDGE_LOOP('',(#2739,#2740,#2741,#2742));
#2739 = ORIENTED_EDGE('',*,*,#2194,.F.);
#2740 = ORIENTED_EDGE('',*,*,#2097,.T.);
#2741 = ORIENTED_EDGE('',*,*,#1890,.T.);
#2742 = ORIENTED_EDGE('',*,*,#2743,.T.);
#2743 = EDGE_CURVE('',#1893,#2195,#2744,.T.);
#2744 = SURFACE_CURVE('',#2745,(#2752,#2762),.PCURVE_S1.);
#2745 = B_SPLINE_CURVE_WITH_KNOTS('',5,(#2746,#2747,#2748,#2749,#2750,
    #2751),.UNSPECIFIED.,.F.,.F.,(6,6),(0.,1.),
  .PIECEWISE_BEZIER_KNOTS.);
#2746 = CARTESIAN_POINT('',(-8.653627694426,-10.36169521488,
    9.888664183881));
#2747 = CARTESIAN_POINT('',(-8.538933822567,-10.45748244326,
    10.217277996145));
#2748 = CARTESIAN_POINT('',(-8.424447810274,-10.55040230768,
    10.546384813276));
#2749 = CARTESIAN_POINT('',(-8.310096303192,-10.64065990028,
    10.875922349427));
#2750 = CARTESIAN_POINT('',(-8.195811885976,-10.72842123993,
    11.205839533747));
#2751 = CARTESIAN_POINT('',(-8.081529627916,-10.81382813221,
    11.536093465984));
#2752 = PCURVE('',#1910,#2753);
#2753 = DEFINITIONAL_REPRESENTATION('',(#2754),#2761);
#2754 = B_SPLINE_CURVE_WITH_KNOTS('',5,(#2755,#2756,#2757,#2758,#2759,
    #2760),.UNSPECIFIED.,.F.,.F.,(6,6),(0.,1.),
  .PIECEWISE_BEZIER_KNOTS.);
#2755 = CARTESIAN_POINT('',(1.,0.880147026914));
#2756 = CARTESIAN_POINT('',(0.799779075145,0.882705575606));
#2757 = CARTESIAN_POINT('',(0.599675186889,0.885026381553));
#2758 = CARTESIAN_POINT('',(0.399681537366,0.887123532818));
#2759 = CARTESIAN_POINT('',(0.199792016455,0.88900803134));
#2760 = CARTESIAN_POINT('',(0.,0.890688906964));
#2761 = ( GEOMETRIC_REPRESENTATION_CONTEXT(2) 
PARAMETRIC_REPRESENTATION_CONTEXT() REPRESENTATION_CONTEXT('2D SPACE',''
  ) );
#2762 = PCURVE('',#2047,#2763);
#2763 = DEFINITIONAL_REPRESENTATION('',(#2764),#2771);
#2764 = B_SPLINE_CURVE_WITH_KNOTS('',5,(#2765,#2766,#2767,#2768,#2769,
    #2770),.UNSPECIFIED.,.F.,.F.,(6,6),(0.,1.),
  .PIECEWISE_BEZIER_KNOTS.);
#2765 = CARTESIAN_POINT('',(4.01657623658,14.888664183881));
#2766 = CARTESIAN_POINT('',(4.027645262398,15.217277996145));
#2767 = CARTESIAN_POINT('',(4.038566322351,15.546384813276));
#2768 = CARTESIAN_POINT('',(4.049356147075,15.875922349427));
#2769 = CARTESIAN_POINT('',(4.060028837372,16.205839533747));
#2770 = CARTESIAN_POINT('',(4.070596996646,16.536093465984));
#2771 = ( GEOMETRIC_REPRESENTATION_CONTEXT(2) 
PARAMETRIC_REPRESENTATION_CONTEXT() REPRESENTATION_CONTEXT('2D SPACE',''
  ) );
#2772 = ADVANCED_FACE('',(#2773),#2047,.T.);
#2773 = FACE_BOUND('',#2774,.T.);
#2774 = EDGE_LOOP('',(#2775,#2776,#2806,#2807));
#2775 = ORIENTED_EDGE('',*,*,#2005,.F.);
#2776 = ORIENTED_EDGE('',*,*,#2777,.F.);
#2777 = EDGE_CURVE('',#2167,#1970,#2778,.T.);
#2778 = SURFACE_CURVE('',#2779,(#2786,#2796),.PCURVE_S1.);
#2779 = B_SPLINE_CURVE_WITH_KNOTS('',5,(#2780,#2781,#2782,#2783,#2784,
    #2785),.UNSPECIFIED.,.F.,.F.,(6,6),(0.,1.),
  .PIECEWISE_BEZIER_KNOTS.);
#2780 = CARTESIAN_POINT('',(-0.217415770618,-13.49824915989,
    7.819871547494));
#2781 = CARTESIAN_POINT('',(-0.377167765043,-13.49567604078,
    7.506867824002));
#2782 = CARTESIAN_POINT('',(-0.53390345293,-13.49078759815,
    7.192969385703));
#2783 = CARTESIAN_POINT('',(-0.687869797159,-13.48375587609,
    6.878280916047));
#2784 = CARTESIAN_POINT('',(-0.839272307247,-13.47471515784,
    6.56288624237));
#2785 = CARTESIAN_POINT('',(-0.988292229663,-13.4637765307,
    6.246853621705));
#2786 = PCURVE('',#2047,#2787);
#2787 = DEFINITIONAL_REPRESENTATION('',(#2788),#2795);
#2788 = B_SPLINE_CURVE_WITH_KNOTS('',5,(#2789,#2790,#2791,#2792,#2793,
    #2794),.UNSPECIFIED.,.F.,.F.,(6,6),(0.,1.),
  .PIECEWISE_BEZIER_KNOTS.);
#2789 = CARTESIAN_POINT('',(4.696283412227,12.819871547494));
#2790 = CARTESIAN_POINT('',(4.684448396254,12.506867824002));
#2791 = CARTESIAN_POINT('',(4.672834018366,12.192969385703));
#2792 = CARTESIAN_POINT('',(4.661418745491,11.878280916047));
#2793 = CARTESIAN_POINT('',(4.650184812741,11.56288624237));
#2794 = CARTESIAN_POINT('',(4.639116601524,11.246853621705));
#2795 = ( GEOMETRIC_REPRESENTATION_CONTEXT(2) 
PARAMETRIC_REPRESENTATION_CONTEXT() REPRESENTATION_CONTEXT('2D SPACE',''
  ) );
#2796 = PCURVE('',#1987,#2797);
#2797 = DEFINITIONAL_REPRESENTATION('',(#2798),#2805);
#2798 = B_SPLINE_CURVE_WITH_KNOTS('',5,(#2799,#2800,#2801,#2802,#2803,
    #2804),.UNSPECIFIED.,.F.,.F.,(6,6),(0.,1.),
  .PIECEWISE_BEZIER_KNOTS.);
#2799 = CARTESIAN_POINT('',(3.,0.7300740896));
#2800 = CARTESIAN_POINT('',(2.799259469247,0.737834695366));
#2801 = CARTESIAN_POINT('',(2.59891336427,0.745244000034));
#2802 = CARTESIAN_POINT('',(2.398935773893,0.752329266254));
#2803 = CARTESIAN_POINT('',(2.199305004569,0.759112409476));
#2804 = CARTESIAN_POINT('',(2.,0.765612120931));
#2805 = ( GEOMETRIC_REPRESENTATION_CONTEXT(2) 
PARAMETRIC_REPRESENTATION_CONTEXT() REPRESENTATION_CONTEXT('2D SPACE',''
  ) );
#2806 = ORIENTED_EDGE('',*,*,#2219,.F.);
#2807 = ORIENTED_EDGE('',*,*,#2743,.F.);
#2808 = ADVANCED_FACE('',(#2809),#1987,.T.);
#2809 = FACE_BOUND('',#2810,.T.);
#2810 = EDGE_LOOP('',(#2811,#2812,#2813,#2814));
#2811 = ORIENTED_EDGE('',*,*,#1969,.F.);
#2812 = ORIENTED_EDGE('',*,*,#2144,.T.);
#2813 = ORIENTED_EDGE('',*,*,#2166,.T.);
#2814 = ORIENTED_EDGE('',*,*,#2777,.T.);
#2815 = ( GEOMETRIC_REPRESENTATION_CONTEXT(3) 
GLOBAL_UNCERTAINTY_ASSIGNED_CONTEXT((#2819)) 
GLOBAL_UNIT_ASSIGNED_CONTEXT((#2816,#2817,#2818)) REPRESENTATION_CONTEXT
('Context #1','3D Context with UNIT and UNCERTAINTY') );
#2816 = ( LENGTH_UNIT() NAMED_UNIT(*) SI_UNIT(.MILLI.,.METRE.) );
#2817 = ( NAMED_UNIT(*) PLANE_ANGLE_UNIT() SI_UNIT($,.RADIAN.) );
#2818 = ( NAMED_UNIT(*) SI_UNIT($,.STERADIAN.) SOLID_ANGLE_UNIT() );
#2819 = UNCERTAINTY_MEASURE_WITH_UNIT(LENGTH_MEASURE(2.E-06),#2816,
  'distance_accuracy_value','confusion accuracy');
#2820 = PRODUCT_RELATED_PRODUCT_CATEGORY('part',$,(#7));

#2821=DESCRIPTIVE_REPRESENTATION_ITEM('cadpy:generator','cadpy');
#2822=REPRESENTATION('cadpy:generator',(#2821),#2815);
#2823=PROPERTY_DEFINITION('cadpy metadata','cadpy:generator',#5);
#2824=PROPERTY_DEFINITION_REPRESENTATION(#2823,#2822);
#2825=DESCRIPTIVE_REPRESENTATION_ITEM('cadpy:entryKind','part');
#2826=REPRESENTATION('cadpy:entryKind',(#2825),#2815);
#2827=PROPERTY_DEFINITION('cadpy metadata','cadpy:entryKind',#5);
#2828=PROPERTY_DEFINITION_REPRESENTATION(#2827,#2826);
#2829=DESCRIPTIVE_REPRESENTATION_ITEM('cadpy:sourcePath','impeller.py');
#2830=REPRESENTATION('cadpy:sourcePath',(#2829),#2815);
#2831=PROPERTY_DEFINITION('cadpy metadata','cadpy:sourcePath',#5);
#2832=PROPERTY_DEFINITION_REPRESENTATION(#2831,#2830);
#2833=DESCRIPTIVE_REPRESENTATION_ITEM('cadpy:sourceHash','03a8314fc623ecb42dcd80f6484d2da7bc0be7d7f862818eddbad72cd8a402d1');
#2834=REPRESENTATION('cadpy:sourceHash',(#2833),#2815);
#2835=PROPERTY_DEFINITION('cadpy metadata','cadpy:sourceHash',#5);
#2836=PROPERTY_DEFINITION_REPRESENTATION(#2835,#2834);
ENDSEC;
END-ISO-10303-21;
